trans_date_trans_time,session_time,cc_num,merchant,category,amt,city,lat,long,merch_lat,merch_long,unix_time,is_fraud
2021-01-01 00:00:00,00:00:00,4532117045436,MakeMyTrip,travel,200.2,"Hyderabad, Telangana, IN",17.37206447854257,78.49331699931237,17.47907849733496,79.18110429718912,1609459200,0
2021-01-01 03:00:00,03:00:00,4532117045436,Netflix,gas_transport,406.27,"Hyderabad, Telangana, IN",17.37249904523427,78.5046643133379,17.6925234330714,79.00202046610751,1609470000,0
2021-01-01 06:00:00,06:00:00,4532117045436,Zomato,shopping_net,417.54,"Hyderabad, Telangana, IN",17.376692140369,78.5016016375716,18.279193293118958,78.53365358895545,1609480800,0
2021-01-01 09:00:00,09:00:00,4532117045436,MakeMyTrip,health_fitness,490.53,"Hyderabad, Telangana, IN",17.381736124820403,78.47457308752469,16.46333079691774,78.33003647618621,1609491600,0
2021-01-01 12:00:00,12:00:00,4532117045436,Shell,grocery_pos,251.22,"Hyderabad, Telangana, IN",17.40300746069236,78.48873293502989,17.13186510770654,78.44033173322218,1609502400,0
2021-01-01 15:00:00,15:00:00,4532117045436,Zomato,shopping_net,531.61,"Hyderabad, Telangana, IN",17.378377648995997,78.49797020259021,17.864707690227423,77.97704677584545,1609513200,0
2021-01-01 18:00:00,18:00:00,4532117045436,Zomato,food_dining,736.75,"Hyderabad, Telangana, IN",17.392712514142513,78.47328840287793,17.36289424314189,78.95715700378128,1609524000,0
2021-01-01 21:00:00,21:00:00,4532117045436,MakeMyTrip,entertainment,521.18,"Hyderabad, Telangana, IN",17.380352367618848,78.49707367239765,17.681385773651524,79.01090534921715,1609534800,0
2021-01-02 00:00:00,00:00:00,4532117045436,Amazon,food_dining,463.93,"Hyderabad, Telangana, IN",17.389727073128697,78.47967212054117,17.290099470577744,77.95546731700063,1609545600,0
2021-01-02 03:00:00,03:00:00,4532117045436,Shell,entertainment,243.38,"Hyderabad, Telangana, IN",17.384370188342125,78.48454527064237,18.165084298082796,78.0195433509987,1609556400,0
2021-01-02 06:00:00,06:00:00,4532117045436,MakeMyTrip,food_dining,333.86,"Hyderabad, Telangana, IN",17.38677023128994,78.48946632404366,17.965637578568938,77.8237913683412,1609567200,0
2021-01-02 09:00:00,09:00:00,4532117045436,Shell,gas_transport,441.62,"Hyderabad, Telangana, IN",17.388696147959003,78.49738315536686,17.534346820770676,78.35942671238563,1609578000,0
2021-01-02 12:00:00,12:00:00,4532117045436,Shell,shopping_net,370.53,"Hyderabad, Telangana, IN",17.3825054269463,78.50201906829516,18.222107485604234,78.47584532214704,1609588800,0
2021-01-02 15:00:00,15:00:00,4532117045436,Zomato,entertainment,603.94,"Hyderabad, Telangana, IN",17.388744640406973,78.48347066725435,17.5398323065232,78.5199254807394,1609599600,0
2021-01-02 18:00:00,18:00:00,4532117045436,Netflix,grocery_pos,2684.54,"Chennai, Tamil Nadu, IN",17.397339158285867,78.481903602542,22.341356484487346,72.69370002994131,1609610400,1
2021-01-02 21:00:00,21:00:00,4532117045436,Shell,shopping_net,853.86,"Hyderabad, Telangana, IN",17.37745884584643,78.48123771631282,18.12008262577494,78.12063774351299,1609621200,0
2021-01-03 00:00:00,00:00:00,4532117045436,Apollo,grocery_pos,302.87,"Hyderabad, Telangana, IN",17.396858658229327,78.49449584246163,16.685395213502765,78.12152468079806,1609632000,0
2021-01-03 03:00:00,03:00:00,4532117045436,Zomato,shopping_net,454.97,"Hyderabad, Telangana, IN",17.3823479699436,78.49665555796635,17.468924060056544,78.8521633901881,1609642800,0
2021-01-03 06:00:00,06:00:00,4532117045436,Amazon,shopping_net,242.48,"Hyderabad, Telangana, IN",17.381290076993956,78.49564413835934,17.561580010424187,77.98869906388101,1609653600,0
2021-01-03 09:00:00,09:00:00,4532117045436,Netflix,food_dining,116.63,"Hyderabad, Telangana, IN",17.39199559361361,78.48939789319894,17.273690659499877,78.51387809737327,1609664400,0
2021-01-03 12:00:00,12:00:00,4532117045436,Apollo,entertainment,558.41,"Hyderabad, Telangana, IN",17.38158840816892,78.49038447028896,17.01224232268079,78.13242728832365,1609675200,0
2021-01-03 15:00:00,15:00:00,4532117045436,Apollo,entertainment,524.49,"Hyderabad, Telangana, IN",17.38819169250565,78.4843963118272,17.349048828848996,78.39090387201624,1609686000,0
2021-01-03 18:00:00,18:00:00,4532117045436,Amazon,travel,321.81,"Hyderabad, Telangana, IN",17.387257479076116,78.4853289525791,16.629841499750125,78.95948576199127,1609696800,0
2021-01-03 21:00:00,21:00:00,4532117045436,Netflix,shopping_net,463.95,"Hyderabad, Telangana, IN",17.36416512814718,78.49523973540478,18.161706387057574,77.86727739930211,1609707600,0
2021-01-04 00:00:00,00:00:00,4532117045436,Zomato,gas_transport,355.61,"Hyderabad, Telangana, IN",17.389175850821037,78.48934291945315,18.186706957524688,77.18317494557431,1609718400,0
2021-01-04 03:00:00,03:00:00,4532117045436,Walmart,gas_transport,375.87,"Hyderabad, Telangana, IN",17.37058898298668,78.48196833935474,17.421655341894084,77.81733011616511,1609729200,0
2021-01-04 06:00:00,06:00:00,4532117045436,Netflix,grocery_pos,401.96,"Hyderabad, Telangana, IN",17.371351184252344,78.49769326611461,17.22951380698919,78.69535882918355,1609740000,0
2021-01-04 09:00:00,09:00:00,4532117045436,Amazon,grocery_pos,315.52,"Hyderabad, Telangana, IN",17.388664637455626,78.48062164435478,16.646470268883526,77.88794729747,1609750800,0
2021-01-04 12:00:00,12:00:00,4532117045436,Apollo,food_dining,342.5,"Hyderabad, Telangana, IN",17.390365897673163,78.48815697782067,17.058108950500632,78.13036393501837,1609761600,0
2021-01-04 15:00:00,15:00:00,4532117045436,Zomato,shopping_net,346.73,"Hyderabad, Telangana, IN",17.39705049456839,78.47429978770384,18.126447742633747,78.71366966746469,1609772400,0
2021-01-04 18:00:00,18:00:00,4532117045436,Netflix,grocery_pos,513.43,"Hyderabad, Telangana, IN",17.37410632412436,78.477241990684,17.389058799917766,78.88865174021477,1609783200,0
2021-01-04 21:00:00,21:00:00,4532117045436,Walmart,grocery_pos,33.87,"Hyderabad, Telangana, IN",17.377587209957245,78.48689105375291,17.128112682215498,79.00304105102154,1609794000,0
2021-01-05 00:00:00,00:00:00,4532117045436,Walmart,health_fitness,415.86,"Hyderabad, Telangana, IN",17.389643657938446,78.4797375677956,17.408255922437764,78.76371124903409,1609804800,0
2021-01-05 03:00:00,03:00:00,4532117045436,Shell,shopping_net,286.85,"Hyderabad, Telangana, IN",17.397242774593558,78.4844084934097,17.11530419950111,77.92382142745053,1609815600,0
2021-01-05 06:00:00,06:00:00,4532117045436,Shell,food_dining,292.27,"Hyderabad, Telangana, IN",17.386921747920635,78.49883269980987,16.596729287926927,79.28984832148078,1609826400,0
2021-01-05 09:00:00,09:00:00,4532117045436,MakeMyTrip,grocery_pos,371.15,"Hyderabad, Telangana, IN",17.376220010507623,78.48545243641611,17.23178042733943,78.01524989603736,1609837200,0
2021-01-05 12:00:00,12:00:00,4532117045436,Amazon,food_dining,447.85,"Hyderabad, Telangana, IN",17.40006417023581,78.49569849234157,16.862462360273074,78.16860300063722,1609848000,0
2021-01-05 15:00:00,15:00:00,4532117045436,Netflix,entertainment,417.84,"Hyderabad, Telangana, IN",17.382376334697692,78.47889287486477,17.59900422158721,78.4839523055723,1609858800,0
2021-01-05 18:00:00,18:00:00,4532117045436,Netflix,food_dining,290.39,"Hyderabad, Telangana, IN",17.382687993747364,78.49218904333979,17.849136978231556,78.62606456369777,1609869600,0
2021-01-05 21:00:00,21:00:00,4532117045436,MakeMyTrip,gas_transport,558.25,"Hyderabad, Telangana, IN",17.370641526107917,78.47669809272095,17.02896194284201,79.20600005840028,1609880400,0
2021-01-06 00:00:00,00:00:00,4532117045436,Apollo,gas_transport,314.61,"Hyderabad, Telangana, IN",17.39224087674947,78.48420219014817,17.482332077884884,78.17030428997349,1609891200,0
2021-01-06 03:00:00,03:00:00,4532117045436,Apollo,food_dining,339.79,"Hyderabad, Telangana, IN",17.39352605589381,78.49259494009368,17.377194780817536,78.67690777125544,1609902000,0
2021-01-06 06:00:00,06:00:00,4532117045436,MakeMyTrip,gas_transport,492.67,"Hyderabad, Telangana, IN",17.377941689866102,78.48682757229055,17.016505607575784,78.17310020955914,1609912800,0
2021-01-06 09:00:00,09:00:00,4532117045436,Apollo,entertainment,5920.82,"Delhi, Delhi, IN",17.402512070590557,78.49612300722703,22.266139793228056,77.75983733927498,1609923600,1
2021-01-06 12:00:00,12:00:00,4532117045436,Shell,shopping_net,358.25,"Hyderabad, Telangana, IN",17.379128716127777,78.49337514235397,16.872683297343247,78.70030758369184,1609934400,0
2021-01-06 15:00:00,15:00:00,4532117045436,Netflix,gas_transport,10.0,"Hyderabad, Telangana, IN",17.391252544787964,78.48361594850661,16.996949929502968,79.131334154085,1609945200,0
2021-01-06 18:00:00,18:00:00,4532117045436,MakeMyTrip,gas_transport,317.18,"Hyderabad, Telangana, IN",17.387236492052924,78.49966948372811,17.456649153139747,77.91033169457417,1609956000,0
2021-01-06 21:00:00,21:00:00,4532117045436,Netflix,food_dining,474.28,"Hyderabad, Telangana, IN",17.364744438050398,78.49106305070796,17.506595121338748,78.2061412201243,1609966800,0
2021-01-07 00:00:00,00:00:00,4532117045436,Walmart,entertainment,553.29,"Hyderabad, Telangana, IN",17.39043903483545,78.48426310777059,18.00576927491091,78.61102925291112,1609977600,0
2021-01-07 03:00:00,03:00:00,4532117045436,Shell,travel,438.11,"Hyderabad, Telangana, IN",17.389541246461704,78.48815766180293,16.868310044978557,79.13924822647198,1609988400,0
2021-01-07 06:00:00,06:00:00,4532117045436,Zomato,travel,378.15,"Hyderabad, Telangana, IN",17.367336173360552,78.48760918250856,16.975078790773594,78.98283550580649,1609999200,0
2021-01-07 09:00:00,09:00:00,4532117045436,Shell,travel,793.98,"Hyderabad, Telangana, IN",17.400253332736998,78.48871592326414,17.062596113878097,79.23691369419315,1610010000,0
2021-01-07 12:00:00,12:00:00,4532117045436,MakeMyTrip,travel,7721.36,"Kolkata, West Bengal, IN",17.389581884298615,78.48528240675056,23.760908328587757,73.00697928538315,1610020800,1
2021-01-07 15:00:00,15:00:00,4532117045436,Zomato,shopping_net,541.83,"Hyderabad, Telangana, IN",17.397394011334214,78.49042527716306,17.49478161858354,78.87606414181946,1610031600,0
2021-01-07 18:00:00,18:00:00,4532117045436,Walmart,food_dining,249.74,"Hyderabad, Telangana, IN",17.367838927872292,78.49459819703512,17.600086369989324,78.56338569363294,1610042400,0
2021-01-07 21:00:00,21:00:00,4532117045436,MakeMyTrip,food_dining,286.47,"Hyderabad, Telangana, IN",17.380895677037177,78.49095563921509,16.443834712525355,77.92922664273574,1610053200,0
2021-01-08 00:00:00,00:00:00,4532117045436,Amazon,health_fitness,547.1,"Hyderabad, Telangana, IN",17.396806025060016,78.49061528466194,17.982499144618753,77.4143992187635,1610064000,0
2021-01-08 03:00:00,03:00:00,4532117045436,Netflix,entertainment,606.68,"Hyderabad, Telangana, IN",17.36931708644036,78.48569320940622,17.6197747762139,78.54886891842483,1610074800,0
2021-01-08 06:00:00,06:00:00,4532117045436,Walmart,travel,391.54,"Hyderabad, Telangana, IN",17.381188898451462,78.4778391771177,17.82635653058042,78.88802437113135,1610085600,0
2021-01-08 09:00:00,09:00:00,4532117045436,Netflix,shopping_net,172.7,"Hyderabad, Telangana, IN",17.389065015725606,78.47540655565201,16.190553463526847,77.12457211740848,1610096400,0
2021-01-08 12:00:00,12:00:00,4532117045436,Apollo,entertainment,424.87,"Hyderabad, Telangana, IN",17.366054196702414,78.47962423663358,17.800948874301724,77.89963778472142,1610107200,0
2021-01-08 15:00:00,15:00:00,4532117045436,Amazon,travel,478.41,"Hyderabad, Telangana, IN",17.37178610243336,78.48251996033993,16.8874675611131,77.97843685534002,1610118000,0
2021-01-08 18:00:00,18:00:00,4532117045436,Amazon,shopping_net,464.82,"Hyderabad, Telangana, IN",17.398820842349977,78.50341791389714,17.15963813843686,78.39289480384683,1610128800,0
2021-01-08 21:00:00,21:00:00,4532117045436,Walmart,entertainment,365.49,"Hyderabad, Telangana, IN",17.3855979460629,78.49921661545473,18.102002914716156,78.53830965583938,1610139600,0
2021-01-09 00:00:00,00:00:00,4532117045436,Amazon,food_dining,5126.16,"Mumbai, Maharashtra, IN",17.396767000936595,78.48076683765423,18.830130980066105,88.31655796925274,1610150400,1
2021-01-09 03:00:00,03:00:00,4532117045436,Zomato,food_dining,337.53,"Hyderabad, Telangana, IN",17.38682095595895,78.49119702282896,17.04665584412808,77.82874811477181,1610161200,0
2021-01-09 06:00:00,06:00:00,4532117045436,Amazon,grocery_pos,283.22,"Hyderabad, Telangana, IN",17.40955896436995,78.4860237779193,17.783095530756782,78.65881338342984,1610172000,0
2021-01-09 09:00:00,09:00:00,4532117045436,Netflix,gas_transport,563.35,"Hyderabad, Telangana, IN",17.389387322831954,78.48905990764615,17.56540256303604,77.79315852930763,1610182800,0
2021-01-09 12:00:00,12:00:00,4532117045436,Netflix,travel,464.67,"Hyderabad, Telangana, IN",17.39769778940435,78.48121379359931,17.181320302097863,78.90458827675447,1610193600,0
2021-01-09 15:00:00,15:00:00,4532117045436,MakeMyTrip,health_fitness,427.4,"Hyderabad, Telangana, IN",17.3825391356351,78.50911759830464,17.622894045644813,78.24588153428347,1610204400,0
2021-01-09 18:00:00,18:00:00,4532117045436,Netflix,entertainment,373.93,"Hyderabad, Telangana, IN",17.387107296084185,78.50534499723388,17.195913352720797,77.88062733883002,1610215200,0
2021-01-09 21:00:00,21:00:00,4532117045436,MakeMyTrip,health_fitness,3084.47,"Kolkata, West Bengal, IN",17.391418707774292,78.4837738248462,29.433505466305867,80.29998348384096,1610226000,1
2021-01-10 00:00:00,00:00:00,4532117045436,Netflix,grocery_pos,474.05,"Hyderabad, Telangana, IN",17.393078064585456,78.48073670984277,17.57208714229113,77.92902900632912,1610236800,0
2021-01-10 03:00:00,03:00:00,4532117045436,Zomato,gas_transport,709.3,"Hyderabad, Telangana, IN",17.38461009063614,78.49595472633422,17.636716812985377,78.53277791327034,1610247600,0
2021-01-10 06:00:00,06:00:00,4532117045436,MakeMyTrip,entertainment,548.18,"Hyderabad, Telangana, IN",17.38502744389692,78.47460330814586,18.347168093609696,78.79873269356138,1610258400,0
2021-01-10 09:00:00,09:00:00,4532117045436,Shell,shopping_net,2549.6,"Chennai, Tamil Nadu, IN",17.390019197580408,78.49515947924769,13.386676166195672,89.51705665748824,1610269200,1
2021-01-10 12:00:00,12:00:00,4532117045436,Apollo,travel,351.64,"Hyderabad, Telangana, IN",17.390012631221502,78.48795465978458,17.884989999745443,78.22727760561163,1610280000,0
2021-01-10 15:00:00,15:00:00,4532117045436,Walmart,gas_transport,328.25,"Hyderabad, Telangana, IN",17.374749416024112,78.47235902674004,17.12154821241722,79.18067565726224,1610290800,0
2021-01-10 18:00:00,18:00:00,4532117045436,Netflix,food_dining,419.92,"Hyderabad, Telangana, IN",17.38724961151683,78.48518229487054,16.626307065678766,78.47451743314836,1610301600,0
2021-01-10 21:00:00,21:00:00,4532117045436,Amazon,grocery_pos,328.13,"Hyderabad, Telangana, IN",17.388207739266985,78.48014246003339,17.29115443374126,79.11926109486213,1610312400,0
2021-01-11 00:00:00,00:00:00,4532117045436,Netflix,gas_transport,521.22,"Hyderabad, Telangana, IN",17.37523681842697,78.48831780244687,17.14180976253715,78.40806890297826,1610323200,0
2021-01-11 03:00:00,03:00:00,4532117045436,Amazon,travel,53.47,"Hyderabad, Telangana, IN",17.394059268329087,78.48727506292119,17.684805448432936,78.37121943044048,1610334000,0
2021-01-11 06:00:00,06:00:00,4532117045436,Apollo,gas_transport,530.28,"Hyderabad, Telangana, IN",17.38912744623222,78.47322685058451,17.286171280282023,78.77591605550201,1610344800,0
2021-01-11 09:00:00,09:00:00,4532117045436,Apollo,travel,491.31,"Hyderabad, Telangana, IN",17.408306493134692,78.48335856503863,18.048112073439427,78.6406768548442,1610355600,0
2021-01-11 12:00:00,12:00:00,4532117045436,Apollo,food_dining,639.41,"Hyderabad, Telangana, IN",17.384739864875957,78.49244720315849,16.515413622311083,78.2096580265127,1610366400,0
2021-01-11 15:00:00,15:00:00,4532117045436,Amazon,entertainment,581.52,"Hyderabad, Telangana, IN",17.396361110840328,78.49416908171952,17.245329574722348,79.06433181795337,1610377200,0
2021-01-11 18:00:00,18:00:00,4532117045436,Netflix,shopping_net,347.45,"Hyderabad, Telangana, IN",17.39039125571531,78.4830694195204,17.571396138389158,78.0083536383351,1610388000,0
2021-01-11 21:00:00,21:00:00,4532117045436,Apollo,food_dining,564.64,"Hyderabad, Telangana, IN",17.404214395265534,78.49127770642883,16.897224268194314,78.77591980317749,1610398800,0
2021-01-12 00:00:00,00:00:00,4532117045436,Zomato,shopping_net,424.79,"Hyderabad, Telangana, IN",17.375300192425644,78.48936380200945,17.83752995723066,78.75393933633671,1610409600,0
2021-01-12 03:00:00,03:00:00,4532117045436,MakeMyTrip,entertainment,159.85,"Hyderabad, Telangana, IN",17.380046859952,78.48617356276245,17.821185009684577,79.0189965434925,1610420400,0
2021-01-12 06:00:00,06:00:00,4532117045436,Amazon,gas_transport,473.82,"Hyderabad, Telangana, IN",17.37564292548531,78.49133879206045,17.16937951836045,79.02879994437475,1610431200,0
2021-01-12 09:00:00,09:00:00,4532117045436,Amazon,shopping_net,356.36,"Hyderabad, Telangana, IN",17.384220823947604,78.47744795571204,18.709445007595136,78.39572876605864,1610442000,0
2021-01-12 12:00:00,12:00:00,4532117045436,Netflix,grocery_pos,6688.3,"Delhi, Delhi, IN",17.373752756917927,78.48670970400825,28.158805594132986,80.11091169570192,1610452800,1
2021-01-12 15:00:00,15:00:00,4532117045436,Amazon,grocery_pos,697.72,"Hyderabad, Telangana, IN",17.36973916092745,78.4706606076351,16.711807876558623,78.46959425902419,1610463600,0
2021-01-12 18:00:00,18:00:00,4532117045436,Amazon,travel,483.72,"Hyderabad, Telangana, IN",17.363665764967813,78.4861587469415,17.147882983662644,79.35948741670478,1610474400,0
2021-01-12 21:00:00,21:00:00,4532117045436,Apollo,food_dining,297.4,"Hyderabad, Telangana, IN",17.363025303910035,78.50095026404685,17.480145929006817,78.81218890618405,1610485200,0
2021-01-13 00:00:00,00:00:00,4532117045436,Netflix,entertainment,594.66,"Hyderabad, Telangana, IN",17.39156391690562,78.48350474449109,16.578377421921118,79.00858826269362,1610496000,0
2021-01-13 03:00:00,03:00:00,4532117045436,Apollo,travel,504.38,"Hyderabad, Telangana, IN",17.380445617503273,78.4999504012825,17.69462696011594,78.3611752994882,1610506800,0
2021-01-13 06:00:00,06:00:00,4532117045436,MakeMyTrip,food_dining,279.73,"Hyderabad, Telangana, IN",17.37266247939105,78.4836641193118,18.615146758925437,77.92335707611201,1610517600,0
2021-01-13 09:00:00,09:00:00,4532117045436,MakeMyTrip,food_dining,209.06,"Hyderabad, Telangana, IN",17.378409203682878,78.47585278899584,16.688494490658385,78.01896550925554,1610528400,0
2021-01-13 12:00:00,12:00:00,4532117045436,Apollo,travel,303.4,"Hyderabad, Telangana, IN",17.37972097052961,78.49335394498016,17.48320842237504,78.99294908358621,1610539200,0
2021-01-13 15:00:00,15:00:00,4532117045436,MakeMyTrip,health_fitness,575.45,"Hyderabad, Telangana, IN",17.37535399789843,78.49133934041987,17.8639762782001,78.12089540682955,1610550000,0
2021-01-13 18:00:00,18:00:00,4532117045436,Netflix,food_dining,404.76,"Hyderabad, Telangana, IN",17.401055504942374,78.50989007934237,17.767840957094013,80.08427752884454,1610560800,0
2021-01-13 21:00:00,21:00:00,4532117045436,Walmart,health_fitness,462.17,"Hyderabad, Telangana, IN",17.399168289028143,78.47690704283467,18.464202910139004,78.28387518936067,1610571600,0
2021-01-14 00:00:00,00:00:00,4532117045436,Apollo,grocery_pos,249.22,"Hyderabad, Telangana, IN",17.400884898486122,78.49026414044025,17.1503121062467,78.66230664080942,1610582400,0
2021-01-14 03:00:00,03:00:00,4532117045436,Zomato,grocery_pos,579.48,"Hyderabad, Telangana, IN",17.38679196387688,78.49062043251233,18.377992354882064,78.66140579526979,1610593200,0
2021-01-14 06:00:00,06:00:00,4532117045436,Zomato,food_dining,147.72,"Hyderabad, Telangana, IN",17.387804644869394,78.49728184701858,17.35486835970807,78.57643902727047,1610604000,0
2021-01-14 09:00:00,09:00:00,4532117045436,Amazon,grocery_pos,351.69,"Hyderabad, Telangana, IN",17.37847385942615,78.49199798933229,17.12989016306412,77.8767600189442,1610614800,0
2021-01-14 12:00:00,12:00:00,4532117045436,MakeMyTrip,entertainment,512.77,"Hyderabad, Telangana, IN",17.376529288937714,78.4838192245577,18.324567615715704,78.61057669958322,1610625600,0
2021-01-14 15:00:00,15:00:00,4532117045436,Zomato,health_fitness,2325.54,"Delhi, Delhi, IN",17.385217255817544,78.47598927793129,22.735747854673722,88.05999351899008,1610636400,1
2021-01-14 18:00:00,18:00:00,4532117045436,Amazon,health_fitness,542.12,"Hyderabad, Telangana, IN",17.391523560251468,78.49016622892475,17.920577586055835,78.33702216309163,1610647200,0
2021-01-14 21:00:00,21:00:00,4532117045436,Walmart,food_dining,319.62,"Hyderabad, Telangana, IN",17.396957681518597,78.49044420651516,17.138664208215452,79.41243319212711,1610658000,0
2021-01-15 00:00:00,00:00:00,4532117045436,Netflix,grocery_pos,266.09,"Hyderabad, Telangana, IN",17.37954010856933,78.49301416022297,16.747974185855664,77.65574769647077,1610668800,0
2021-01-15 03:00:00,03:00:00,4532117045436,Netflix,shopping_net,642.97,"Hyderabad, Telangana, IN",17.372472661512298,78.48380566153479,16.749374465365108,77.73106376116671,1610679600,0
2021-01-15 06:00:00,06:00:00,4532117045436,Netflix,travel,473.09,"Hyderabad, Telangana, IN",17.392339849865664,78.4894815156036,17.73780542653584,78.86355459681357,1610690400,0
2021-01-15 09:00:00,09:00:00,4532117045436,Zomato,travel,527.86,"Hyderabad, Telangana, IN",17.36681856448471,78.47125848708087,16.85303679766975,78.44313292671625,1610701200,0
2021-01-15 12:00:00,12:00:00,4532117045436,Walmart,health_fitness,602.73,"Hyderabad, Telangana, IN",17.384607894310115,78.47640753752697,17.279956396212754,78.04674963667802,1610712000,0
2021-01-15 15:00:00,15:00:00,4532117045436,Zomato,food_dining,57.11,"Hyderabad, Telangana, IN",17.385893046258136,78.49605529513912,17.06022120986372,78.58420809359696,1610722800,0
2021-01-15 18:00:00,18:00:00,4532117045436,MakeMyTrip,food_dining,545.22,"Hyderabad, Telangana, IN",17.381212121987662,78.48849835528073,16.945599898405593,78.96638861666212,1610733600,0
2021-01-15 21:00:00,21:00:00,4532117045436,Zomato,entertainment,335.85,"Hyderabad, Telangana, IN",17.369547548914905,78.4914582009797,17.00656736124884,77.67126642291652,1610744400,0
2021-01-16 00:00:00,00:00:00,4532117045436,Walmart,gas_transport,355.61,"Hyderabad, Telangana, IN",17.38134388990979,78.48071648258905,17.48863350477195,78.84813605888365,1610755200,0
2021-01-16 03:00:00,03:00:00,4532117045436,Walmart,gas_transport,515.62,"Hyderabad, Telangana, IN",17.401425424510016,78.47944547233311,15.896039214928846,78.65211339771743,1610766000,0
2021-01-16 06:00:00,06:00:00,4532117045436,MakeMyTrip,health_fitness,395.54,"Hyderabad, Telangana, IN",17.390917216013666,78.48246448737802,17.80703912624045,78.37195721976573,1610776800,0
2021-01-16 09:00:00,09:00:00,4532117045436,Walmart,travel,539.18,"Hyderabad, Telangana, IN",17.396617146020297,78.48907684428038,16.737530787725117,78.60950194315954,1610787600,0
2021-01-16 12:00:00,12:00:00,4532117045436,Walmart,entertainment,443.87,"Hyderabad, Telangana, IN",17.37282798172818,78.49355917455642,16.801291282085888,78.61793750737081,1610798400,0
2021-01-16 15:00:00,15:00:00,4532117045436,Netflix,entertainment,475.23,"Hyderabad, Telangana, IN",17.387557079322775,78.48420889945118,16.662997321624992,78.76162943577127,1610809200,0
2021-01-16 18:00:00,18:00:00,4532117045436,MakeMyTrip,entertainment,376.47,"Hyderabad, Telangana, IN",17.385883403516996,78.47010417569852,17.519585230571124,77.99415637667926,1610820000,0
2021-01-16 21:00:00,21:00:00,4532117045436,Shell,health_fitness,290.26,"Hyderabad, Telangana, IN",17.386077054513034,78.4907103760585,18.116950373811203,79.03043659035905,1610830800,0
2021-01-17 00:00:00,00:00:00,4532117045436,Shell,gas_transport,338.95,"Hyderabad, Telangana, IN",17.390558459327455,78.48937052155121,17.317179334092422,78.98286108333527,1610841600,0
2021-01-17 03:00:00,03:00:00,4532117045436,Walmart,travel,434.58,"Hyderabad, Telangana, IN",17.386473225009567,78.49149172978223,17.60344266231771,78.99758349449488,1610852400,0
2021-01-17 06:00:00,06:00:00,4532117045436,Shell,entertainment,725.59,"Hyderabad, Telangana, IN",17.37310540926501,78.49526498122249,17.654422281408838,77.624110656793,1610863200,0
2021-01-17 09:00:00,09:00:00,4532117045436,Shell,travel,670.79,"Hyderabad, Telangana, IN",17.391132540489856,78.494475584906,17.75559850463613,79.05888527034763,1610874000,0
2021-01-17 12:00:00,12:00:00,4532117045436,Walmart,grocery_pos,352.01,"Hyderabad, Telangana, IN",17.393408842797307,78.50030814227806,16.883213392338057,78.30229838918709,1610884800,0
2021-01-17 15:00:00,15:00:00,4532117045436,Shell,food_dining,459.04,"Hyderabad, Telangana, IN",17.398194789706267,78.48698417730047,18.181728359779974,78.75207937731226,1610895600,0
2021-01-17 18:00:00,18:00:00,4532117045436,Zomato,food_dining,4262.11,"Chennai, Tamil Nadu, IN",17.398636528439177,78.4823807228084,12.887025153116513,77.96518756874785,1610906400,1
2021-01-17 21:00:00,21:00:00,4532117045436,Amazon,travel,469.54,"Hyderabad, Telangana, IN",17.389764330668577,78.49710840840773,17.52552992043057,78.14510985914853,1610917200,0
2021-01-18 00:00:00,00:00:00,4532117045436,MakeMyTrip,shopping_net,488.84,"Hyderabad, Telangana, IN",17.37357162891903,78.49578356055342,17.31001255187592,78.90689142364783,1610928000,0
2021-01-18 03:00:00,03:00:00,4532117045436,Amazon,shopping_net,529.13,"Hyderabad, Telangana, IN",17.369706161657856,78.48437148306358,17.162261197562128,78.74969749245456,1610938800,0
2021-01-18 06:00:00,06:00:00,4532117045436,Walmart,health_fitness,14.83,"Hyderabad, Telangana, IN",17.382729063935603,78.49775885823877,17.854784143847333,77.94672103641344,1610949600,0
2021-01-18 09:00:00,09:00:00,4532117045436,Netflix,health_fitness,504.97,"Hyderabad, Telangana, IN",17.39419470974527,78.48744528473311,17.702555386650577,78.82679333244641,1610960400,0
2021-01-18 12:00:00,12:00:00,4532117045436,MakeMyTrip,food_dining,390.16,"Hyderabad, Telangana, IN",17.393550350681977,78.4994632301699,16.291913817921742,78.07862764057435,1610971200,0
2021-01-18 15:00:00,15:00:00,4532117045436,Walmart,grocery_pos,344.26,"Hyderabad, Telangana, IN",17.387739992622635,78.50399215143275,17.59457872844796,78.35366095474012,1610982000,0
2021-01-18 18:00:00,18:00:00,4532117045436,Netflix,gas_transport,569.14,"Hyderabad, Telangana, IN",17.38463440761209,78.51311071749694,18.433812308188244,77.90163660631724,1610992800,0
2021-01-18 21:00:00,21:00:00,4532117045436,Amazon,gas_transport,670.02,"Hyderabad, Telangana, IN",17.404037352242,78.4873223739239,17.4778677893226,78.65837489262121,1611003600,0
2021-01-19 00:00:00,00:00:00,4532117045436,Walmart,health_fitness,553.35,"Hyderabad, Telangana, IN",17.390740318758812,78.50085430855054,17.12958730948683,79.03037570545824,1611014400,0
2021-01-19 03:00:00,03:00:00,4532117045436,MakeMyTrip,grocery_pos,3765.88,"Chennai, Tamil Nadu, IN",17.384127269231072,78.49523846289827,18.682583644466693,73.19562577235644,1611025200,1
2021-01-19 06:00:00,06:00:00,4532117045436,MakeMyTrip,health_fitness,288.6,"Hyderabad, Telangana, IN",17.378545589763338,78.4961696161482,17.104037454373675,78.03285195984412,1611036000,0
2021-01-19 09:00:00,09:00:00,4532117045436,Apollo,gas_transport,10.0,"Hyderabad, Telangana, IN",17.374913946822907,78.49094431868781,16.810488078463344,78.46360979947696,1611046800,0
2021-01-19 12:00:00,12:00:00,4532117045436,Zomato,travel,477.38,"Hyderabad, Telangana, IN",17.3739293598541,78.49621104559834,17.292660676286715,77.70041521369602,1611057600,0
2021-01-19 15:00:00,15:00:00,4532117045436,Shell,health_fitness,536.85,"Hyderabad, Telangana, IN",17.374915065771827,78.47295915736403,17.290390003488096,79.16887124672513,1611068400,0
2021-01-19 18:00:00,18:00:00,4532117045436,Netflix,entertainment,434.72,"Hyderabad, Telangana, IN",17.38780952113259,78.48641158084648,17.685081492312573,78.49624479825297,1611079200,0
2021-01-19 21:00:00,21:00:00,4532117045436,Apollo,travel,590.06,"Hyderabad, Telangana, IN",17.384819303394693,78.48016518433774,17.12375547341358,78.81169543527177,1611090000,0
2021-01-20 00:00:00,00:00:00,4532117045436,Shell,health_fitness,251.97,"Hyderabad, Telangana, IN",17.381740852377096,78.479328834144,18.390462829721564,78.58627446994106,1611100800,0
2021-01-20 03:00:00,03:00:00,4532117045436,Shell,food_dining,424.31,"Hyderabad, Telangana, IN",17.39236477935102,78.47234497905463,16.916647216349467,78.17364107694257,1611111600,0
2021-01-20 06:00:00,06:00:00,4532117045436,Walmart,health_fitness,412.45,"Hyderabad, Telangana, IN",17.403091749341726,78.48143285606956,17.45863047384399,78.20976813590724,1611122400,0
2021-01-20 09:00:00,09:00:00,4532117045436,Shell,food_dining,433.48,"Hyderabad, Telangana, IN",17.37676653063712,78.48495849492875,17.01121361176813,78.71457211124319,1611133200,0
2021-01-20 12:00:00,12:00:00,4532117045436,Zomato,grocery_pos,625.19,"Hyderabad, Telangana, IN",17.378257139567815,78.48854309309473,17.115666462525617,79.30515740737138,1611144000,0
2021-01-20 15:00:00,15:00:00,4532117045436,MakeMyTrip,gas_transport,434.27,"Hyderabad, Telangana, IN",17.362829476082865,78.4865757152158,17.245270079786962,78.31525715522642,1611154800,0
2021-01-20 18:00:00,18:00:00,4532117045436,Apollo,travel,405.78,"Hyderabad, Telangana, IN",17.384736691645305,78.49722338708882,17.486906614661443,79.07377447361054,1611165600,0
2021-01-20 21:00:00,21:00:00,4532117045436,Shell,travel,4394.66,"Kolkata, West Bengal, IN",17.383723794315735,78.47773997545006,12.09150079066611,77.54563736087287,1611176400,1
2021-01-21 00:00:00,00:00:00,4532117045436,Walmart,shopping_net,649.29,"Hyderabad, Telangana, IN",17.393927902452145,78.46726343272283,17.152176829471316,78.32701833882014,1611187200,0
2021-01-21 03:00:00,03:00:00,4532117045436,Zomato,shopping_net,235.32,"Hyderabad, Telangana, IN",17.384131872760396,78.49201450598724,16.63658730120955,79.03678869494188,1611198000,0
2021-01-21 06:00:00,06:00:00,4532117045436,Amazon,gas_transport,367.05,"Hyderabad, Telangana, IN",17.379118907022047,78.48623271616887,18.069818486147735,78.99633115070235,1611208800,0
2021-01-21 09:00:00,09:00:00,4532117045436,MakeMyTrip,shopping_net,704.09,"Hyderabad, Telangana, IN",17.386926857423052,78.48602509126383,16.89642887227191,77.41403588681969,1611219600,0
2021-01-21 12:00:00,12:00:00,4532117045436,MakeMyTrip,travel,520.24,"Hyderabad, Telangana, IN",17.390570683591417,78.47957215121271,17.261754745406915,78.83750596483344,1611230400,0
2021-01-21 15:00:00,15:00:00,4532117045436,Apollo,health_fitness,446.97,"Hyderabad, Telangana, IN",17.368822709408754,78.49579137036214,17.412572131793592,79.12696118252656,1611241200,0
2021-01-21 18:00:00,18:00:00,4532117045436,MakeMyTrip,grocery_pos,453.25,"Hyderabad, Telangana, IN",17.395068909907323,78.48250935255186,17.333900621688155,77.90298863250653,1611252000,0
2021-01-21 21:00:00,21:00:00,4532117045436,Shell,grocery_pos,308.04,"Hyderabad, Telangana, IN",17.398063027867153,78.4778642665611,16.679036513492953,77.82986358178752,1611262800,0
2021-01-22 00:00:00,00:00:00,4532117045436,Walmart,gas_transport,439.72,"Hyderabad, Telangana, IN",17.390474551409802,78.50344261052027,17.81602611750022,78.59067976949734,1611273600,0
2021-01-22 03:00:00,03:00:00,4532117045436,MakeMyTrip,shopping_net,397.52,"Hyderabad, Telangana, IN",17.37565444939718,78.49361574035542,15.975871743918692,79.27601681110008,1611284400,0
2021-01-22 06:00:00,06:00:00,4532117045436,MakeMyTrip,health_fitness,476.94,"Hyderabad, Telangana, IN",17.381739734615184,78.48629841687604,17.874895095619753,77.9427194505763,1611295200,0
2021-01-22 09:00:00,09:00:00,4532117045436,Amazon,grocery_pos,224.06,"Hyderabad, Telangana, IN",17.396828744957222,78.46228757943894,17.963184455664596,77.69776254122687,1611306000,0
2021-01-22 12:00:00,12:00:00,4532117045436,Amazon,grocery_pos,509.68,"Hyderabad, Telangana, IN",17.37521779146346,78.4843457537545,17.836600210232593,78.25997623961224,1611316800,0
2021-01-22 15:00:00,15:00:00,4532117045436,Netflix,entertainment,602.49,"Hyderabad, Telangana, IN",17.391286437077653,78.48648383313105,17.2328806142846,78.19029571528462,1611327600,0
2021-01-22 18:00:00,18:00:00,4532117045436,Zomato,entertainment,419.43,"Hyderabad, Telangana, IN",17.38449227990727,78.50133682001972,17.449704184382863,77.6511305504596,1611338400,0
2021-01-22 21:00:00,21:00:00,4532117045436,Shell,travel,547.06,"Hyderabad, Telangana, IN",17.386601932495072,78.46920022467218,17.050363546930743,78.19461292419741,1611349200,0
2021-01-23 00:00:00,00:00:00,4532117045436,MakeMyTrip,grocery_pos,496.55,"Hyderabad, Telangana, IN",17.376642285226755,78.50230256802185,17.41933501296263,78.66110347112767,1611360000,0
2021-01-23 03:00:00,03:00:00,4532117045436,MakeMyTrip,gas_transport,358.84,"Hyderabad, Telangana, IN",17.388306642851024,78.4910693312411,17.69957833960429,79.41482977988338,1611370800,0
2021-01-23 06:00:00,06:00:00,4532117045436,Walmart,food_dining,291.22,"Hyderabad, Telangana, IN",17.387590757371147,78.47462417141782,16.837480222131244,78.76750184159684,1611381600,0
2021-01-23 09:00:00,09:00:00,4532117045436,Netflix,food_dining,312.24,"Hyderabad, Telangana, IN",17.369906414094334,78.49591815835952,17.317856134444906,78.88978054930176,1611392400,0
2021-01-23 12:00:00,12:00:00,4532117045436,Zomato,health_fitness,493.93,"Hyderabad, Telangana, IN",17.384955561054497,78.48426126882973,17.14640062402952,77.94254337961925,1611403200,0
2021-01-23 15:00:00,15:00:00,4532117045436,Netflix,grocery_pos,441.58,"Hyderabad, Telangana, IN",17.3911389715708,78.4700812248624,17.97143366016358,78.4394697319364,1611414000,0
2021-01-23 18:00:00,18:00:00,4532117045436,Apollo,grocery_pos,641.26,"Hyderabad, Telangana, IN",17.381147167497037,78.48225580450604,16.91447326905591,78.37658204270097,1611424800,0
2021-01-23 21:00:00,21:00:00,4532117045436,Zomato,travel,568.63,"Hyderabad, Telangana, IN",17.360522694488957,78.48924907029517,17.698078536049294,78.64967993984122,1611435600,0
2021-01-24 00:00:00,00:00:00,4532117045436,MakeMyTrip,grocery_pos,568.32,"Hyderabad, Telangana, IN",17.383851832751024,78.48731937197243,17.358618257543135,78.78508283610111,1611446400,0
2021-01-24 03:00:00,03:00:00,4532117045436,MakeMyTrip,gas_transport,489.46,"Hyderabad, Telangana, IN",17.399664679331455,78.49313478145211,17.322869281272858,78.96313312180807,1611457200,0
2021-01-24 06:00:00,06:00:00,4532117045436,Zomato,entertainment,305.67,"Hyderabad, Telangana, IN",17.381555305105394,78.49767430608841,17.713039698153278,78.50265461081943,1611468000,0
2021-01-24 09:00:00,09:00:00,4532117045436,MakeMyTrip,grocery_pos,498.8,"Hyderabad, Telangana, IN",17.399286510828574,78.47571432334618,17.193006205950844,78.22521367680113,1611478800,0
2021-01-24 12:00:00,12:00:00,4532117045436,Shell,grocery_pos,459.58,"Hyderabad, Telangana, IN",17.37687642443689,78.48649095629537,17.43663519439632,79.09873569414857,1611489600,0
2021-01-24 15:00:00,15:00:00,4532117045436,Zomato,travel,279.24,"Hyderabad, Telangana, IN",17.37339029354273,78.48060042374507,17.940551949661664,78.84926723048017,1611500400,0
2021-01-24 18:00:00,18:00:00,4532117045436,Netflix,shopping_net,631.49,"Hyderabad, Telangana, IN",17.384948973621775,78.47421069915538,16.996514634018354,78.79577097078162,1611511200,0
2021-01-24 21:00:00,21:00:00,4532117045436,Zomato,travel,615.34,"Hyderabad, Telangana, IN",17.376774216322648,78.48618160804237,17.520487949903767,78.46697961550916,1611522000,0
2021-01-25 00:00:00,00:00:00,4532117045436,MakeMyTrip,travel,278.38,"Hyderabad, Telangana, IN",17.388298577378606,78.49101666183859,17.8256741676215,79.09482735819189,1611532800,0
2021-01-25 03:00:00,03:00:00,4532117045436,Shell,gas_transport,354.33,"Hyderabad, Telangana, IN",17.38127429145735,78.49160677104544,17.618469026281563,77.85816872383617,1611543600,0
2021-01-25 06:00:00,06:00:00,4532117045436,Shell,health_fitness,367.51,"Hyderabad, Telangana, IN",17.39973917045256,78.48274788216746,18.025591778247588,78.93319760595121,1611554400,0
2021-01-25 09:00:00,09:00:00,4532117045436,Apollo,grocery_pos,541.48,"Hyderabad, Telangana, IN",17.38058332528783,78.476621309986,17.325078958362756,78.93068952449458,1611565200,0
2021-01-25 12:00:00,12:00:00,4532117045436,Netflix,travel,524.21,"Hyderabad, Telangana, IN",17.38589736960152,78.48025370366096,17.72071538161308,78.03631802661397,1611576000,0
2021-01-25 15:00:00,15:00:00,4532117045436,Amazon,travel,456.66,"Hyderabad, Telangana, IN",17.390963357284438,78.46793167974496,17.936357245139654,78.14642999316807,1611586800,0
2021-01-25 18:00:00,18:00:00,4532117045436,Amazon,shopping_net,491.08,"Hyderabad, Telangana, IN",17.394563160394583,78.47480696668197,16.53920687190212,77.84424448485291,1611597600,0
2021-01-25 21:00:00,21:00:00,4532117045436,Zomato,travel,256.86,"Hyderabad, Telangana, IN",17.399796426959423,78.47567377036758,17.18161033119499,78.74189209131083,1611608400,0
2021-01-26 00:00:00,00:00:00,4532117045436,Apollo,food_dining,507.2,"Hyderabad, Telangana, IN",17.382651367323593,78.49515304980555,17.574533948252224,77.19590641779341,1611619200,0
2021-01-26 03:00:00,03:00:00,4532117045436,Walmart,health_fitness,434.87,"Hyderabad, Telangana, IN",17.38100691900862,78.49514403629956,17.84529878708804,78.59830590642734,1611630000,0
2021-01-26 06:00:00,06:00:00,4532117045436,Zomato,grocery_pos,348.14,"Hyderabad, Telangana, IN",17.36586083300804,78.50799481628141,17.50677041260655,78.10479089876993,1611640800,0
2021-01-26 09:00:00,09:00:00,4532117045436,Apollo,grocery_pos,220.12,"Hyderabad, Telangana, IN",17.40541711491415,78.48910326832859,18.083321693779574,77.99454662376428,1611651600,0
2021-01-26 12:00:00,12:00:00,4532117045436,Netflix,shopping_net,454.04,"Hyderabad, Telangana, IN",17.388609640972334,78.48186113974617,17.117914329326116,77.54764225453393,1611662400,0
2021-01-26 15:00:00,15:00:00,4532117045436,Netflix,gas_transport,503.54,"Hyderabad, Telangana, IN",17.392518080657723,78.48681971847763,16.767561261168403,78.04358406712694,1611673200,0
2021-01-26 18:00:00,18:00:00,4532117045436,Netflix,grocery_pos,194.63,"Hyderabad, Telangana, IN",17.39055728874913,78.48500773239529,17.78234352360372,79.20160458492529,1611684000,0
2021-01-26 21:00:00,21:00:00,4532117045436,Netflix,food_dining,452.77,"Hyderabad, Telangana, IN",17.385495348828762,78.4803828070567,17.328500683804137,78.12710116889234,1611694800,0
2021-01-27 00:00:00,00:00:00,4532117045436,Netflix,grocery_pos,468.34,"Hyderabad, Telangana, IN",17.388503525805035,78.48989922381243,16.966106754610838,78.69660396047551,1611705600,0
2021-01-27 03:00:00,03:00:00,4532117045436,Apollo,food_dining,366.87,"Hyderabad, Telangana, IN",17.379403375508158,78.48863355223651,18.23920889054066,77.94125931495466,1611716400,0
2021-01-27 06:00:00,06:00:00,4532117045436,Apollo,health_fitness,506.98,"Hyderabad, Telangana, IN",17.381979013492607,78.48587418664394,17.75844153433312,78.9996630324121,1611727200,0
2021-01-27 09:00:00,09:00:00,4532117045436,Shell,health_fitness,430.1,"Hyderabad, Telangana, IN",17.37549794199637,78.48375710905704,17.71057415565266,78.78922324288887,1611738000,0
2021-01-27 12:00:00,12:00:00,4532117045436,Amazon,entertainment,492.48,"Hyderabad, Telangana, IN",17.400572439637237,78.49301901467646,18.18163825283718,78.37282626178421,1611748800,0
2021-01-27 15:00:00,15:00:00,4532117045436,MakeMyTrip,entertainment,530.14,"Hyderabad, Telangana, IN",17.390614810098967,78.48116258376882,17.191456483327812,78.60257298932017,1611759600,0
2021-01-27 18:00:00,18:00:00,4532117045436,Netflix,food_dining,530.22,"Hyderabad, Telangana, IN",17.404761725802544,78.48266841272586,18.09172436780824,78.645499639537,1611770400,0
2021-01-27 21:00:00,21:00:00,4532117045436,Walmart,gas_transport,602.52,"Hyderabad, Telangana, IN",17.407963832459455,78.49145082730968,17.59425542339443,77.9861898174553,1611781200,0
2021-01-28 00:00:00,00:00:00,4532117045436,MakeMyTrip,grocery_pos,500.75,"Hyderabad, Telangana, IN",17.37095843760383,78.49681479714062,17.090176579051395,78.07998260953951,1611792000,0
2021-01-28 03:00:00,03:00:00,4532117045436,Apollo,travel,378.44,"Hyderabad, Telangana, IN",17.39485228372873,78.49590137798798,17.38150387474807,78.94565722164508,1611802800,0
2021-01-28 06:00:00,06:00:00,4532117045436,Walmart,grocery_pos,352.83,"Hyderabad, Telangana, IN",17.371420363229696,78.48410413681161,17.478292237239664,79.26003587227662,1611813600,0
2021-01-28 09:00:00,09:00:00,4532117045436,Walmart,entertainment,290.5,"Hyderabad, Telangana, IN",17.386774174884646,78.47405652468038,17.94135811151158,78.5601227632745,1611824400,0
2021-01-28 12:00:00,12:00:00,4532117045436,Walmart,travel,472.68,"Hyderabad, Telangana, IN",17.388147294698598,78.48380509369504,16.709994350636734,78.83301037467393,1611835200,0
2021-01-28 15:00:00,15:00:00,4532117045436,Shell,food_dining,648.2,"Hyderabad, Telangana, IN",17.372128338508926,78.48743505407468,16.510765666267748,79.08895589389031,1611846000,0
2021-01-28 18:00:00,18:00:00,4532117045436,Apollo,travel,396.23,"Hyderabad, Telangana, IN",17.37762481664459,78.47555776640762,16.99121920183286,78.32435081461398,1611856800,0
2021-01-28 21:00:00,21:00:00,4532117045436,Walmart,grocery_pos,517.44,"Hyderabad, Telangana, IN",17.388603514757765,78.48361903941976,17.35113218314347,78.44843604072094,1611867600,0
2021-01-29 00:00:00,00:00:00,4532117045436,Netflix,grocery_pos,337.16,"Hyderabad, Telangana, IN",17.386763006990407,78.49877099045662,17.7422163872264,78.84387141743981,1611878400,0
2021-01-29 03:00:00,03:00:00,4532117045436,Zomato,gas_transport,479.22,"Hyderabad, Telangana, IN",17.374816284368656,78.48817479245622,17.15608317492212,79.57843656209879,1611889200,0
2021-01-29 06:00:00,06:00:00,4532117045436,Walmart,shopping_net,638.9,"Hyderabad, Telangana, IN",17.378019689040606,78.48129410186802,17.59357232979857,78.86128721503803,1611900000,0
2021-01-29 09:00:00,09:00:00,4532117045436,Shell,travel,552.94,"Hyderabad, Telangana, IN",17.370085597115164,78.48698838909462,18.18656896591339,78.6385004367786,1611910800,0
2021-01-29 12:00:00,12:00:00,4532117045436,MakeMyTrip,entertainment,214.38,"Hyderabad, Telangana, IN",17.37297076454177,78.48753746782897,16.535365459524687,78.19319010743445,1611921600,0
2021-01-29 15:00:00,15:00:00,4532117045436,Apollo,entertainment,535.6,"Hyderabad, Telangana, IN",17.381285795884867,78.4829664911835,17.316980343691963,78.45770811075366,1611932400,0
2021-01-29 18:00:00,18:00:00,4532117045436,Shell,shopping_net,542.43,"Hyderabad, Telangana, IN",17.394874531126977,78.49442379835166,18.59473311848646,78.83046028064577,1611943200,0
2021-01-29 21:00:00,21:00:00,4532117045436,Walmart,grocery_pos,476.02,"Hyderabad, Telangana, IN",17.396142330745224,78.46841598066185,17.029640364756094,78.77705253896079,1611954000,0
2021-01-30 00:00:00,00:00:00,4532117045436,Apollo,gas_transport,550.13,"Hyderabad, Telangana, IN",17.403334366953803,78.49141761079771,16.97655680327514,78.18692467406481,1611964800,0
2021-01-30 03:00:00,03:00:00,4532117045436,Zomato,gas_transport,324.97,"Hyderabad, Telangana, IN",17.389242641851563,78.48096852661378,17.6455308781588,79.14169939411666,1611975600,0
2021-01-30 06:00:00,06:00:00,4532117045436,Walmart,entertainment,459.49,"Hyderabad, Telangana, IN",17.38688283067717,78.49715704508053,17.1201190433746,79.14226558841882,1611986400,0
2021-01-30 09:00:00,09:00:00,4532117045436,Shell,gas_transport,616.53,"Hyderabad, Telangana, IN",17.389951463409968,78.47395357780749,17.922892433676676,78.43122305757659,1611997200,0
2021-01-30 12:00:00,12:00:00,4532117045436,Amazon,health_fitness,602.99,"Hyderabad, Telangana, IN",17.3898555601723,78.49608576092545,18.6225424528142,78.62681320409592,1612008000,0
2021-01-30 15:00:00,15:00:00,4532117045436,Netflix,shopping_net,532.21,"Hyderabad, Telangana, IN",17.368834863994714,78.47880732066764,17.42236659027,78.16631546784981,1612018800,0
2021-01-30 18:00:00,18:00:00,4532117045436,MakeMyTrip,grocery_pos,317.55,"Hyderabad, Telangana, IN",17.403888733875544,78.48991985911618,18.75385023412027,78.08235723429173,1612029600,0
2021-01-30 21:00:00,21:00:00,4532117045436,Shell,health_fitness,293.93,"Hyderabad, Telangana, IN",17.365690610180383,78.48205000129684,17.158531832899584,78.66025244279277,1612040400,0
2021-01-31 00:00:00,00:00:00,4532117045436,Apollo,shopping_net,467.18,"Hyderabad, Telangana, IN",17.396487623963786,78.49797209732093,17.30118461754923,78.09644862904165,1612051200,0
2021-01-31 03:00:00,03:00:00,4532117045436,Walmart,food_dining,477.12,"Hyderabad, Telangana, IN",17.38556386978332,78.4847891980436,16.90507476160548,78.81094039504563,1612062000,0
2021-01-31 06:00:00,06:00:00,4532117045436,Netflix,travel,434.94,"Hyderabad, Telangana, IN",17.374105028078453,78.47946940035287,17.159938397081625,78.2881702814426,1612072800,0
2021-01-31 09:00:00,09:00:00,4532117045436,Walmart,entertainment,329.28,"Hyderabad, Telangana, IN",17.39031374430072,78.50069099744807,17.265648636749106,79.01178215041196,1612083600,0
2021-01-31 12:00:00,12:00:00,4532117045436,Apollo,gas_transport,515.54,"Hyderabad, Telangana, IN",17.383818613950986,78.48389851768376,17.591993413479567,78.44389440370207,1612094400,0
2021-01-31 15:00:00,15:00:00,4532117045436,Walmart,food_dining,466.52,"Hyderabad, Telangana, IN",17.378174620038592,78.49191782038655,16.76196471798046,77.52500008614798,1612105200,0
2021-01-31 18:00:00,18:00:00,4532117045436,Amazon,gas_transport,493.47,"Hyderabad, Telangana, IN",17.37118522336219,78.4960904436927,17.126229159936603,78.30062464235415,1612116000,0
2021-01-31 21:00:00,21:00:00,4532117045436,Netflix,health_fitness,539.02,"Hyderabad, Telangana, IN",17.370344928709763,78.4779050719057,17.138904492190285,78.54013615310532,1612126800,0
2021-02-01 00:00:00,00:00:00,4532117045436,Netflix,grocery_pos,7986.35,"Mumbai, Maharashtra, IN",17.37889088700551,78.49091946284983,19.045469982700467,80.37133220629669,1612137600,1
2021-02-01 03:00:00,03:00:00,4532117045436,Apollo,grocery_pos,376.69,"Hyderabad, Telangana, IN",17.381130118822913,78.49227184815868,17.443322301152822,77.66623897119094,1612148400,0
2021-02-01 06:00:00,06:00:00,4532117045436,MakeMyTrip,grocery_pos,616.13,"Hyderabad, Telangana, IN",17.372894574671612,78.47122522173795,17.443412069695896,78.39290694021943,1612159200,0
2021-02-01 09:00:00,09:00:00,4532117045436,Amazon,gas_transport,336.4,"Hyderabad, Telangana, IN",17.385384801476473,78.4899305929668,17.42662824048921,78.98899447616625,1612170000,0
2021-02-01 12:00:00,12:00:00,4532117045436,Shell,food_dining,379.62,"Hyderabad, Telangana, IN",17.374318637979357,78.48316090275755,16.512692395759753,78.80239516185597,1612180800,0
2021-02-01 15:00:00,15:00:00,4532117045436,Walmart,grocery_pos,635.14,"Hyderabad, Telangana, IN",17.38860220720176,78.50290183492932,18.188640593220146,78.47947841956024,1612191600,0
2021-02-01 18:00:00,18:00:00,4532117045436,Zomato,food_dining,367.95,"Hyderabad, Telangana, IN",17.397313793212717,78.4953611951552,16.922530793694666,78.0603781190981,1612202400,0
2021-02-01 21:00:00,21:00:00,4532117045436,Walmart,gas_transport,435.21,"Hyderabad, Telangana, IN",17.387893743161964,78.49109076735914,17.830037934760075,78.03603951153487,1612213200,0
2021-02-02 00:00:00,00:00:00,4532117045436,Walmart,health_fitness,388.2,"Hyderabad, Telangana, IN",17.384061652090196,78.4662867176846,17.272413943443773,78.81125894418972,1612224000,0
2021-02-02 03:00:00,03:00:00,4532117045436,Shell,food_dining,182.52,"Hyderabad, Telangana, IN",17.37965102962179,78.491149860034,17.079274366378513,78.58579310941214,1612234800,0
2021-02-02 06:00:00,06:00:00,4532117045436,Walmart,health_fitness,431.5,"Hyderabad, Telangana, IN",17.399460986185755,78.47909025995251,17.906851757656856,78.91390311204191,1612245600,0
2021-02-02 09:00:00,09:00:00,4532117045436,Amazon,gas_transport,298.41,"Hyderabad, Telangana, IN",17.383064842824744,78.4954352847207,16.788159837010447,79.08870017617693,1612256400,0
2021-02-02 12:00:00,12:00:00,4532117045436,Amazon,gas_transport,488.19,"Hyderabad, Telangana, IN",17.4099022377678,78.48510082642426,16.830463463738177,78.25968271401007,1612267200,0
2021-02-02 15:00:00,15:00:00,4532117045436,Netflix,entertainment,615.85,"Hyderabad, Telangana, IN",17.37316964155088,78.4815091405998,17.463738090784233,78.70675951397784,1612278000,0
2021-02-02 18:00:00,18:00:00,4532117045436,Apollo,gas_transport,117.87,"Hyderabad, Telangana, IN",17.387899072826624,78.48233382089404,17.47862369080939,78.77277285514056,1612288800,0
2021-02-02 21:00:00,21:00:00,4532117045436,MakeMyTrip,gas_transport,388.96,"Hyderabad, Telangana, IN",17.399127236099687,78.48299780138801,17.79475040871827,78.13799438370543,1612299600,0
2021-02-03 00:00:00,00:00:00,4532117045436,Zomato,shopping_net,517.85,"Hyderabad, Telangana, IN",17.378098636680825,78.47322772342686,17.743279406690558,78.16419754294719,1612310400,0
2021-02-03 03:00:00,03:00:00,4532117045436,Walmart,grocery_pos,122.5,"Hyderabad, Telangana, IN",17.382638756500246,78.47453981971029,17.350322400447922,78.84807683598979,1612321200,0
2021-02-03 06:00:00,06:00:00,4532117045436,Walmart,entertainment,650.44,"Hyderabad, Telangana, IN",17.391261465078266,78.48334516315221,17.437233254915157,78.48756697571206,1612332000,0
2021-02-03 09:00:00,09:00:00,4532117045436,Shell,travel,506.98,"Hyderabad, Telangana, IN",17.38887890246398,78.50225136678051,17.312366201259188,78.05025888794813,1612342800,0
2021-02-03 12:00:00,12:00:00,4532117045436,Apollo,entertainment,612.48,"Hyderabad, Telangana, IN",17.390596990642212,78.4938446320001,18.0939210970661,78.07713490079985,1612353600,0
2021-02-03 15:00:00,15:00:00,4532117045436,Amazon,entertainment,365.41,"Hyderabad, Telangana, IN",17.396602584746084,78.49474004793822,16.893973844829823,77.84478427888558,1612364400,0
2021-02-03 18:00:00,18:00:00,4532117045436,Zomato,travel,383.5,"Hyderabad, Telangana, IN",17.381532458858477,78.4986722810279,17.400822900926787,78.30757260595249,1612375200,0
2021-02-03 21:00:00,21:00:00,4532117045436,Netflix,shopping_net,425.86,"Hyderabad, Telangana, IN",17.39937025898135,78.48951115580996,17.769762310199336,77.972246309047,1612386000,0
2021-02-04 00:00:00,00:00:00,4532117045436,Amazon,health_fitness,770.73,"Hyderabad, Telangana, IN",17.367799850506007,78.4821332390209,17.939985016142177,78.5378120494691,1612396800,0
2021-02-04 03:00:00,03:00:00,4532117045436,Apollo,gas_transport,3185.95,"Delhi, Delhi, IN",17.395774375455858,78.48259016224007,18.76389316225796,73.10831623894438,1612407600,1
2021-02-04 06:00:00,06:00:00,4532117045436,MakeMyTrip,grocery_pos,469.85,"Hyderabad, Telangana, IN",17.396472056875766,78.4784426117221,16.89973697454465,78.71687587189989,1612418400,0
2021-02-04 09:00:00,09:00:00,4532117045436,Netflix,food_dining,488.16,"Hyderabad, Telangana, IN",17.37725529623946,78.49481008103548,16.764278240768455,79.02025452021387,1612429200,0
2021-02-04 12:00:00,12:00:00,4532117045436,MakeMyTrip,travel,545.24,"Hyderabad, Telangana, IN",17.370493638240234,78.47733755590906,17.213522477037564,78.6870189265986,1612440000,0
2021-02-04 15:00:00,15:00:00,4532117045436,Shell,health_fitness,808.73,"Hyderabad, Telangana, IN",17.382678325954405,78.50760343648736,17.51209026208914,77.66204573636578,1612450800,0
2021-02-04 18:00:00,18:00:00,4532117045436,Shell,travel,507.41,"Hyderabad, Telangana, IN",17.389038031308296,78.4776709163415,17.14890977195807,78.54997598594085,1612461600,0
2021-02-04 21:00:00,21:00:00,4532117045436,Walmart,gas_transport,456.89,"Hyderabad, Telangana, IN",17.3816490098831,78.49892904558708,17.734600916774422,78.14537007312381,1612472400,0
2021-02-05 00:00:00,00:00:00,4532117045436,MakeMyTrip,shopping_net,399.21,"Hyderabad, Telangana, IN",17.390019421879572,78.49898300663745,17.352221449642027,78.07446704824335,1612483200,0
2021-02-05 03:00:00,03:00:00,4532117045436,Apollo,travel,485.24,"Hyderabad, Telangana, IN",17.4043774376327,78.49294353849838,17.689751406119484,78.37344294210972,1612494000,0
2021-02-05 06:00:00,06:00:00,4532117045436,Zomato,gas_transport,361.95,"Hyderabad, Telangana, IN",17.371352880606327,78.50290572086232,17.45858912424329,78.80221872616704,1612504800,0
2021-02-05 09:00:00,09:00:00,4532117045436,Netflix,gas_transport,524.41,"Hyderabad, Telangana, IN",17.365458948968143,78.48473765091387,16.54237161115911,78.33409835909566,1612515600,0
2021-02-05 12:00:00,12:00:00,4532117045436,Amazon,shopping_net,235.11,"Hyderabad, Telangana, IN",17.38430702346484,78.48798267440219,16.810076521382236,78.91607776969646,1612526400,0
2021-02-05 15:00:00,15:00:00,4532117045436,Apollo,entertainment,410.92,"Hyderabad, Telangana, IN",17.378198314236926,78.4889442652782,17.963556574210276,78.57830922920424,1612537200,0
2021-02-05 18:00:00,18:00:00,4532117045436,Apollo,entertainment,560.19,"Hyderabad, Telangana, IN",17.380196850815945,78.4926012036922,16.91652714234373,78.64536583013067,1612548000,0
2021-02-05 21:00:00,21:00:00,4532117045436,Shell,grocery_pos,505.37,"Hyderabad, Telangana, IN",17.39766913149491,78.46851033322292,17.81097101077508,78.45714872556256,1612558800,0
2021-02-06 00:00:00,00:00:00,4532117045436,MakeMyTrip,grocery_pos,4620.87,"Delhi, Delhi, IN",17.383793836751728,78.48563863475297,22.172650154241367,88.67659400275288,1612569600,1
2021-02-06 03:00:00,03:00:00,4532117045436,Walmart,entertainment,415.2,"Hyderabad, Telangana, IN",17.384710045792055,78.49528236048488,16.892725819369204,78.13623295080956,1612580400,0
2021-02-06 06:00:00,06:00:00,4532117045436,Walmart,health_fitness,605.3,"Hyderabad, Telangana, IN",17.380632024557574,78.48298084239177,17.75982251166595,78.16454827737392,1612591200,0
2021-02-06 09:00:00,09:00:00,4532117045436,Netflix,food_dining,268.44,"Hyderabad, Telangana, IN",17.384611988313743,78.50629576492561,17.146162827276346,78.32759282216962,1612602000,0
2021-02-06 12:00:00,12:00:00,4532117045436,Shell,gas_transport,269.31,"Hyderabad, Telangana, IN",17.387685014624754,78.48798031216944,17.460781111257216,78.73788238453355,1612612800,0
2021-02-06 15:00:00,15:00:00,4532117045436,Apollo,food_dining,310.55,"Hyderabad, Telangana, IN",17.412845881991817,78.49184521707659,17.280072774844655,78.80529800325576,1612623600,0
2021-02-06 18:00:00,18:00:00,4532117045436,Zomato,gas_transport,448.4,"Hyderabad, Telangana, IN",17.387796574836123,78.50220996355412,16.032901676561956,78.20655476150661,1612634400,0
2021-02-06 21:00:00,21:00:00,4532117045436,Shell,entertainment,246.49,"Hyderabad, Telangana, IN",17.396626951686898,78.48799432937255,17.72187677422308,78.93512858211915,1612645200,0
2021-02-07 00:00:00,00:00:00,4532117045436,Netflix,grocery_pos,592.95,"Hyderabad, Telangana, IN",17.38686399585145,78.50204656528685,17.768590700899434,77.99652904804489,1612656000,0
2021-02-07 03:00:00,03:00:00,4532117045436,Netflix,health_fitness,311.36,"Hyderabad, Telangana, IN",17.364722106696867,78.49253146170608,17.13796507900204,78.84313397576369,1612666800,0
2021-02-07 06:00:00,06:00:00,4532117045436,Shell,grocery_pos,483.65,"Hyderabad, Telangana, IN",17.379329281662848,78.49255080775563,17.70618008284863,78.66553634144297,1612677600,0
2021-02-07 09:00:00,09:00:00,4532117045436,Netflix,food_dining,363.14,"Hyderabad, Telangana, IN",17.38778910718009,78.47780838836839,16.949123507159033,78.49539881733405,1612688400,0
2021-02-07 12:00:00,12:00:00,4532117045436,Shell,grocery_pos,440.18,"Hyderabad, Telangana, IN",17.392234145437836,78.49776460202814,16.95931936332935,78.72326193819931,1612699200,0
2021-02-07 15:00:00,15:00:00,4532117045436,Amazon,entertainment,209.5,"Hyderabad, Telangana, IN",17.387102285915788,78.48063609310528,17.50480586232314,78.42717322030138,1612710000,0
2021-02-07 18:00:00,18:00:00,4532117045436,Shell,health_fitness,600.2,"Hyderabad, Telangana, IN",17.39420351399772,78.48483615735324,17.03692827486887,78.6143160194721,1612720800,0
2021-02-07 21:00:00,21:00:00,4532117045436,MakeMyTrip,food_dining,305.78,"Hyderabad, Telangana, IN",17.37040015201821,78.49929198447336,17.320410807765118,79.6897367516046,1612731600,0
2021-02-08 00:00:00,00:00:00,4532117045436,Shell,health_fitness,290.07,"Hyderabad, Telangana, IN",17.385487924756173,78.48303258726921,16.915493550087476,78.93386163835957,1612742400,0
2021-02-08 03:00:00,03:00:00,4532117045436,Netflix,gas_transport,806.85,"Hyderabad, Telangana, IN",17.398279630346856,78.49017789479608,16.74270995953042,78.21561978381857,1612753200,0
2021-02-08 06:00:00,06:00:00,4532117045436,MakeMyTrip,grocery_pos,533.15,"Hyderabad, Telangana, IN",17.37528440002724,78.48616127620814,17.48885518136779,78.33407255700057,1612764000,0
2021-02-08 09:00:00,09:00:00,4532117045436,Netflix,health_fitness,594.36,"Hyderabad, Telangana, IN",17.396205914322834,78.48651001132724,17.49352242539318,79.09080279057552,1612774800,0
2021-02-08 12:00:00,12:00:00,4532117045436,Walmart,shopping_net,518.83,"Hyderabad, Telangana, IN",17.395689074592852,78.48520540114748,17.394602709576684,78.28929776761304,1612785600,0
2021-02-08 15:00:00,15:00:00,4532117045436,Walmart,grocery_pos,382.13,"Hyderabad, Telangana, IN",17.372629753474783,78.47633823598224,17.239690972317536,79.33708700224909,1612796400,0
2021-02-08 18:00:00,18:00:00,4532117045436,MakeMyTrip,gas_transport,253.97,"Hyderabad, Telangana, IN",17.3883787856111,78.4921514316668,17.033204044129604,78.86938583104013,1612807200,0
2021-02-08 21:00:00,21:00:00,4532117045436,Amazon,health_fitness,405.18,"Hyderabad, Telangana, IN",17.386588139916686,78.49304121801242,16.84440824005457,77.80868709777907,1612818000,0
2021-02-09 00:00:00,00:00:00,4532117045436,Walmart,food_dining,303.28,"Hyderabad, Telangana, IN",17.383236373069376,78.48088012587134,16.82480082662481,78.92086672287152,1612828800,0
2021-02-09 03:00:00,03:00:00,4532117045436,Shell,gas_transport,312.28,"Hyderabad, Telangana, IN",17.369731107777763,78.48227711322035,17.08306207975693,77.40852542178466,1612839600,0
2021-02-09 06:00:00,06:00:00,4532117045436,Netflix,shopping_net,212.52,"Hyderabad, Telangana, IN",17.382369402638655,78.49582991237217,17.895641196655596,78.31250152207829,1612850400,0
2021-02-09 09:00:00,09:00:00,4532117045436,Walmart,health_fitness,467.17,"Hyderabad, Telangana, IN",17.383437041326587,78.48406212268316,17.500500804185805,78.91429559466577,1612861200,0
2021-02-09 12:00:00,12:00:00,4532117045436,Walmart,travel,686.01,"Hyderabad, Telangana, IN",17.3680169871422,78.48762597148551,17.565125228205954,77.55357674700817,1612872000,0
2021-02-09 15:00:00,15:00:00,4532117045436,Amazon,travel,533.72,"Hyderabad, Telangana, IN",17.37194848362965,78.47788402759414,16.757145020102136,79.50144175864138,1612882800,0
2021-02-09 18:00:00,18:00:00,4532117045436,MakeMyTrip,entertainment,434.13,"Hyderabad, Telangana, IN",17.375730046065502,78.48606527288277,17.47785752724875,78.97091386277809,1612893600,0
2021-02-09 21:00:00,21:00:00,4532117045436,MakeMyTrip,grocery_pos,443.91,"Hyderabad, Telangana, IN",17.374517184347518,78.47793821321194,17.553533670376293,77.99726545116472,1612904400,0
2021-02-10 00:00:00,00:00:00,4532117045436,Apollo,food_dining,10.0,"Hyderabad, Telangana, IN",17.388262703710563,78.48065024243294,18.177932033205227,79.2467061703917,1612915200,0
2021-02-10 03:00:00,03:00:00,4532117045436,Amazon,entertainment,386.42,"Hyderabad, Telangana, IN",17.39411510526865,78.47905819168327,17.375608878286947,77.53188094473036,1612926000,0
2021-02-10 06:00:00,06:00:00,4532117045436,Shell,health_fitness,236.0,"Hyderabad, Telangana, IN",17.381894568531973,78.49533283625665,17.188105619901233,77.98291004236908,1612936800,0
2021-02-10 09:00:00,09:00:00,4532117045436,MakeMyTrip,travel,470.16,"Hyderabad, Telangana, IN",17.39266289567509,78.47340412583435,17.00180261064672,77.77914279523958,1612947600,0
2021-02-10 12:00:00,12:00:00,4532117045436,Netflix,travel,411.0,"Hyderabad, Telangana, IN",17.39452488460485,78.48936681677796,17.414872190497544,77.49922406465734,1612958400,0
2021-02-10 15:00:00,15:00:00,4532117045436,Amazon,travel,319.6,"Hyderabad, Telangana, IN",17.384147070569554,78.4844687556218,17.287550069776852,78.32011710735041,1612969200,0
2021-02-10 18:00:00,18:00:00,4532117045436,Walmart,health_fitness,466.78,"Hyderabad, Telangana, IN",17.389080437431964,78.50066262493138,17.946226786725884,78.58227537479067,1612980000,0
2021-02-10 21:00:00,21:00:00,4532117045436,Netflix,travel,465.49,"Hyderabad, Telangana, IN",17.382766548418292,78.4944946998458,17.835998616176063,78.56734647980676,1612990800,0
2021-02-11 00:00:00,00:00:00,4532117045436,Netflix,gas_transport,677.79,"Hyderabad, Telangana, IN",17.37377170245805,78.47430033881395,16.88746145070056,78.55188917551754,1613001600,0
2021-02-11 03:00:00,03:00:00,4532117045436,Walmart,health_fitness,552.96,"Hyderabad, Telangana, IN",17.377532405484555,78.48109477193461,17.373903986444876,78.5129901767012,1613012400,0
2021-02-11 06:00:00,06:00:00,4532117045436,Amazon,food_dining,482.55,"Hyderabad, Telangana, IN",17.38826148160658,78.48656086926971,18.608739998355027,77.8959734397212,1613023200,0
2021-02-11 09:00:00,09:00:00,4532117045436,Walmart,entertainment,307.87,"Hyderabad, Telangana, IN",17.383786704603818,78.48109273880345,16.652100944063683,78.23545745453254,1613034000,0
2021-02-11 12:00:00,12:00:00,4532117045436,Apollo,food_dining,288.98,"Hyderabad, Telangana, IN",17.3923717301311,78.49578273332621,17.291617923026276,77.11124546255306,1613044800,0
2021-02-11 15:00:00,15:00:00,4532117045436,Netflix,shopping_net,539.83,"Hyderabad, Telangana, IN",17.366130129262174,78.48839941924552,17.76124953292933,79.02647872071991,1613055600,0
2021-02-11 18:00:00,18:00:00,4532117045436,Zomato,travel,3638.12,"Chennai, Tamil Nadu, IN",17.36853428434302,78.48476654050287,28.395855323825703,87.84903820115696,1613066400,1
2021-02-11 21:00:00,21:00:00,4532117045436,Zomato,shopping_net,487.4,"Hyderabad, Telangana, IN",17.369717751466435,78.49650897368383,17.22399041754141,78.52086134179177,1613077200,0
2021-02-12 00:00:00,00:00:00,4532117045436,Shell,grocery_pos,596.7,"Hyderabad, Telangana, IN",17.38666653181104,78.47492641612199,17.15019855436529,78.8764041843165,1613088000,0
2021-02-12 03:00:00,03:00:00,4532117045436,MakeMyTrip,grocery_pos,223.03,"Hyderabad, Telangana, IN",17.37121896901661,78.4840448732467,16.853061873742426,78.91218565896587,1613098800,0
2021-02-12 06:00:00,06:00:00,4532117045436,Walmart,shopping_net,659.56,"Hyderabad, Telangana, IN",17.38820129164977,78.48917999164556,17.300474584287148,78.3061104879811,1613109600,0
2021-02-12 09:00:00,09:00:00,4532117045436,Walmart,health_fitness,595.41,"Hyderabad, Telangana, IN",17.392530099210642,78.48528685469644,17.898012201724498,78.42826051295988,1613120400,0
2021-02-12 12:00:00,12:00:00,4532117045436,Shell,food_dining,141.83,"Hyderabad, Telangana, IN",17.400162497734197,78.45565394748274,16.749084473482082,79.26976763000837,1613131200,0
2021-02-12 15:00:00,15:00:00,4532117045436,Shell,shopping_net,802.96,"Hyderabad, Telangana, IN",17.399059075516405,78.49009023610358,17.518348839941957,78.19405531550804,1613142000,0
2021-02-12 18:00:00,18:00:00,4532117045436,Shell,grocery_pos,498.21,"Hyderabad, Telangana, IN",17.378045803456665,78.49172727596311,17.92449827835117,79.26531204179794,1613152800,0
2021-02-12 21:00:00,21:00:00,4532117045436,Netflix,shopping_net,378.22,"Hyderabad, Telangana, IN",17.36830362006982,78.4765745203271,17.37467330346445,78.31153551745435,1613163600,0
2021-02-13 00:00:00,00:00:00,4532117045436,Apollo,health_fitness,6105.63,"Kolkata, West Bengal, IN",17.3786805800169,78.4648702471355,28.292272939405834,77.81236759786981,1613174400,1
2021-02-13 03:00:00,03:00:00,4532117045436,Walmart,shopping_net,303.38,"Hyderabad, Telangana, IN",17.394768357469363,78.47992264417122,17.72216756053843,78.53145998722856,1613185200,0
2021-02-13 06:00:00,06:00:00,4532117045436,Netflix,food_dining,531.92,"Hyderabad, Telangana, IN",17.381103099311606,78.48466518068149,16.934860409384598,78.30767251488206,1613196000,0
2021-02-13 09:00:00,09:00:00,4532117045436,Shell,entertainment,330.98,"Hyderabad, Telangana, IN",17.384756794099616,78.48559468890232,17.595949769457054,77.81256720669495,1613206800,0
2021-02-13 12:00:00,12:00:00,4532117045436,Walmart,health_fitness,753.05,"Hyderabad, Telangana, IN",17.37942839255599,78.46702893542539,17.301731417431064,78.44619431727536,1613217600,0
2021-02-13 15:00:00,15:00:00,4532117045436,Netflix,grocery_pos,459.02,"Hyderabad, Telangana, IN",17.4008120276492,78.48873218366161,17.416321201602873,78.24394830813682,1613228400,0
2021-02-13 18:00:00,18:00:00,4532117045436,Apollo,food_dining,547.47,"Hyderabad, Telangana, IN",17.374855392351808,78.49698876739527,18.22326636113357,79.42363077438537,1613239200,0
2021-02-13 21:00:00,21:00:00,4532117045436,Netflix,shopping_net,332.09,"Hyderabad, Telangana, IN",17.385667655397313,78.49626806627475,17.96309352211512,78.97094450039451,1613250000,0
2021-02-14 00:00:00,00:00:00,4532117045436,Apollo,shopping_net,572.47,"Hyderabad, Telangana, IN",17.396082385611,78.49891843347696,18.125767498564198,78.0060536265262,1613260800,0
2021-02-14 03:00:00,03:00:00,4532117045436,Shell,entertainment,448.11,"Hyderabad, Telangana, IN",17.403415494763955,78.47457026360401,16.976021628725064,78.11657031968983,1613271600,0
2021-02-14 06:00:00,06:00:00,4532117045436,Apollo,grocery_pos,238.22,"Hyderabad, Telangana, IN",17.378051978984615,78.4954906230817,16.87412791043974,78.98699043403256,1613282400,0
2021-02-14 09:00:00,09:00:00,4532117045436,Walmart,grocery_pos,414.19,"Hyderabad, Telangana, IN",17.394608058661387,78.47736179422209,17.61837145042284,79.09295835403839,1613293200,0
2021-02-14 12:00:00,12:00:00,4532117045436,Shell,gas_transport,3074.65,"Delhi, Delhi, IN",17.37867735006477,78.49459239953663,27.942550134908604,87.96692947868725,1613304000,1
2021-02-14 15:00:00,15:00:00,4532117045436,Walmart,grocery_pos,578.85,"Hyderabad, Telangana, IN",17.398771598685787,78.47932648642423,16.39677009092559,78.24624329651373,1613314800,0
2021-02-14 18:00:00,18:00:00,4532117045436,Zomato,entertainment,393.15,"Hyderabad, Telangana, IN",17.402294670517293,78.4902202312593,17.553816132995387,78.4231211364844,1613325600,0
2021-02-14 21:00:00,21:00:00,4532117045436,Amazon,travel,169.63,"Hyderabad, Telangana, IN",17.376104051014625,78.50205187011868,18.408656231494934,78.63169237922098,1613336400,0
2021-02-15 00:00:00,00:00:00,4532117045436,Apollo,gas_transport,325.13,"Hyderabad, Telangana, IN",17.391534635088853,78.49602936328968,18.3335266716349,78.849521312071,1613347200,0
2021-02-15 03:00:00,03:00:00,4532117045436,Amazon,gas_transport,239.03,"Hyderabad, Telangana, IN",17.39613286527772,78.47747723642637,17.03515109684257,78.87539599117358,1613358000,0
2021-02-15 06:00:00,06:00:00,4532117045436,Amazon,shopping_net,173.25,"Hyderabad, Telangana, IN",17.38205732612377,78.47531115944763,17.740514860445334,77.95888492554262,1613368800,0
2021-02-15 09:00:00,09:00:00,4532117045436,Apollo,shopping_net,567.84,"Hyderabad, Telangana, IN",17.390477144401935,78.49446340367916,16.940485144538734,78.30684565101065,1613379600,0
2021-02-15 12:00:00,12:00:00,4532117045436,Shell,grocery_pos,459.36,"Hyderabad, Telangana, IN",17.391000172606436,78.49989467843955,17.3370504614208,77.44277489844256,1613390400,0
2021-02-15 15:00:00,15:00:00,4532117045436,Zomato,gas_transport,719.27,"Hyderabad, Telangana, IN",17.4050965013579,78.4909979948953,16.9748837630029,78.47493391946783,1613401200,0
2021-02-15 18:00:00,18:00:00,4532117045436,Walmart,shopping_net,300.35,"Hyderabad, Telangana, IN",17.365289982808,78.4815882703206,16.80049212572105,77.79277457408489,1613412000,0
2021-02-15 21:00:00,21:00:00,4532117045436,Netflix,entertainment,449.66,"Hyderabad, Telangana, IN",17.384440864979453,78.48711870050266,17.826645735364128,78.12079536043066,1613422800,0
2021-02-16 00:00:00,00:00:00,4532117045436,Walmart,shopping_net,240.87,"Hyderabad, Telangana, IN",17.3724974659808,78.49102444131478,17.528246973405505,79.03872184759169,1613433600,0
2021-02-16 03:00:00,03:00:00,4532117045436,Netflix,health_fitness,360.77,"Hyderabad, Telangana, IN",17.385137980777337,78.48580444348666,17.607055695312294,78.68171980966984,1613444400,0
2021-02-16 06:00:00,06:00:00,4532117045436,Walmart,health_fitness,416.68,"Hyderabad, Telangana, IN",17.377171419974182,78.47748719360507,17.701517145152796,78.6612383459106,1613455200,0
2021-02-16 09:00:00,09:00:00,4532117045436,Apollo,shopping_net,393.8,"Hyderabad, Telangana, IN",17.382450827806334,78.49733738566162,17.48362564704021,78.4878523365617,1613466000,0
2021-02-16 12:00:00,12:00:00,4532117045436,Zomato,gas_transport,458.03,"Hyderabad, Telangana, IN",17.376258526613146,78.50548286148978,16.86618730736535,79.18859109844735,1613476800,0
2021-02-16 15:00:00,15:00:00,4532117045436,Netflix,travel,595.74,"Hyderabad, Telangana, IN",17.38655367453136,78.50096554818518,17.490195613207042,78.17278256274417,1613487600,0
2021-02-16 18:00:00,18:00:00,4532117045436,MakeMyTrip,travel,5240.23,"Chennai, Tamil Nadu, IN",17.395738941701836,78.46498834620313,19.42213602996241,87.59537492263856,1613498400,1
2021-02-16 21:00:00,21:00:00,4532117045436,Shell,gas_transport,334.6,"Hyderabad, Telangana, IN",17.38127265212568,78.4982598204112,17.289298459328695,78.54179508759604,1613509200,0
2021-02-17 00:00:00,00:00:00,4532117045436,Walmart,food_dining,445.45,"Hyderabad, Telangana, IN",17.399306222057287,78.492481997332,16.913177655414657,78.31243029999308,1613520000,0
2021-02-17 03:00:00,03:00:00,4532117045436,Walmart,travel,5328.07,"Chennai, Tamil Nadu, IN",17.395439568080093,78.48012718727779,19.55377277495891,80.56749424317111,1613530800,1
2021-02-17 06:00:00,06:00:00,4532117045436,Netflix,health_fitness,605.36,"Hyderabad, Telangana, IN",17.40534069018957,78.46707817372064,17.101382313533566,77.87623675445086,1613541600,0
2021-02-17 09:00:00,09:00:00,4532117045436,Shell,entertainment,350.83,"Hyderabad, Telangana, IN",17.389113570120575,78.48556363147718,17.6576797582209,77.56257362789515,1613552400,0
2021-02-17 12:00:00,12:00:00,4532117045436,Shell,gas_transport,556.22,"Hyderabad, Telangana, IN",17.38438355958369,78.49033681563867,17.350298352853784,78.54069627358064,1613563200,0
2021-02-17 15:00:00,15:00:00,4532117045436,Apollo,grocery_pos,499.67,"Hyderabad, Telangana, IN",17.369147628034565,78.47563145109527,18.276585692105183,78.18518170179442,1613574000,0
2021-02-17 18:00:00,18:00:00,4532117045436,MakeMyTrip,health_fitness,290.1,"Hyderabad, Telangana, IN",17.377183128784072,78.49902257482378,17.352238034933972,77.32600275995459,1613584800,0
2021-02-17 21:00:00,21:00:00,4532117045436,Apollo,entertainment,2172.36,"Delhi, Delhi, IN",17.38292097010501,78.49878019437874,19.699761412354754,72.84665587927171,1613595600,1
2021-02-18 00:00:00,00:00:00,4532117045436,Apollo,entertainment,472.73,"Hyderabad, Telangana, IN",17.384104929688387,78.49137915925672,17.393310337203033,78.60759172644704,1613606400,0
2021-02-18 03:00:00,03:00:00,4532117045436,Apollo,gas_transport,188.79,"Hyderabad, Telangana, IN",17.408487224022466,78.47297184966204,16.853676469751967,79.04784325673758,1613617200,0
2021-02-18 06:00:00,06:00:00,4532117045436,Apollo,entertainment,405.92,"Hyderabad, Telangana, IN",17.38293023218444,78.48407924532451,17.374269537796497,78.20868847092139,1613628000,0
2021-02-18 09:00:00,09:00:00,4532117045436,Apollo,gas_transport,455.98,"Hyderabad, Telangana, IN",17.367316467107294,78.49393692885461,16.850828501721807,77.55718939220284,1613638800,0
2021-02-18 12:00:00,12:00:00,4532117045436,Zomato,travel,359.13,"Hyderabad, Telangana, IN",17.39164570356778,78.4932774098171,17.350755894441512,78.01753730287207,1613649600,0
2021-02-18 15:00:00,15:00:00,4532117045436,Shell,shopping_net,634.23,"Hyderabad, Telangana, IN",17.391064982402696,78.47970970861721,16.505032311607273,77.525775831996,1613660400,0
2021-02-18 18:00:00,18:00:00,4532117045436,Apollo,health_fitness,639.67,"Hyderabad, Telangana, IN",17.380410702955604,78.48117609302099,17.350268524847383,79.23507798120785,1613671200,0
2021-02-18 21:00:00,21:00:00,4532117045436,Shell,food_dining,392.63,"Hyderabad, Telangana, IN",17.40627670457753,78.47945184037722,17.459023934605057,78.98960078911048,1613682000,0
2021-02-19 00:00:00,00:00:00,4532117045436,Shell,shopping_net,376.17,"Hyderabad, Telangana, IN",17.366033789452572,78.48387111585717,17.495059597749716,79.12836719970234,1613692800,0
2021-02-19 03:00:00,03:00:00,4532117045436,Amazon,health_fitness,430.31,"Hyderabad, Telangana, IN",17.39749457099588,78.48183310754253,16.66772976550979,78.8199308537927,1613703600,0
2021-02-19 06:00:00,06:00:00,4532117045436,Zomato,gas_transport,419.99,"Hyderabad, Telangana, IN",17.38208903295922,78.48001069781678,17.6253592647135,77.78648861791578,1613714400,0
2021-02-19 09:00:00,09:00:00,4532117045436,Apollo,health_fitness,361.12,"Hyderabad, Telangana, IN",17.375495822217207,78.48532382320352,17.714509059199848,78.2846850111159,1613725200,0
2021-02-19 12:00:00,12:00:00,4532117045436,Walmart,travel,10.0,"Hyderabad, Telangana, IN",17.409003982779375,78.48709991566085,16.90591650449972,78.88294854573971,1613736000,0
2021-02-19 15:00:00,15:00:00,4532117045436,Netflix,gas_transport,713.22,"Hyderabad, Telangana, IN",17.392366967302916,78.4975705282238,17.87768208762931,77.6370074624899,1613746800,0
2021-02-19 18:00:00,18:00:00,4532117045436,MakeMyTrip,shopping_net,450.06,"Hyderabad, Telangana, IN",17.382015613168022,78.46888727744903,17.479346944105444,78.70708162797219,1613757600,0
2021-02-19 21:00:00,21:00:00,4532117045436,Walmart,grocery_pos,423.25,"Hyderabad, Telangana, IN",17.38181236311134,78.49889263313118,17.354891407056886,78.87585411444127,1613768400,0
2021-02-20 00:00:00,00:00:00,4532117045436,Zomato,grocery_pos,498.78,"Hyderabad, Telangana, IN",17.387754188353703,78.4792268426596,17.668931113012018,79.61831376431367,1613779200,0
2021-02-20 03:00:00,03:00:00,4532117045436,Netflix,health_fitness,437.99,"Hyderabad, Telangana, IN",17.380380364840818,78.50530506725336,18.195728796427012,78.9644680128807,1613790000,0
2021-02-20 06:00:00,06:00:00,4532117045436,Zomato,grocery_pos,385.45,"Hyderabad, Telangana, IN",17.39799608524609,78.49343197034283,17.314605555572914,78.72423702950657,1613800800,0
2021-02-20 09:00:00,09:00:00,4532117045436,Shell,gas_transport,299.15,"Hyderabad, Telangana, IN",17.38587685393063,78.49217338160577,17.13800107142179,78.50093387015814,1613811600,0
2021-02-20 12:00:00,12:00:00,4532117045436,Netflix,entertainment,174.21,"Hyderabad, Telangana, IN",17.39517564451697,78.48565985343339,18.425320306233143,78.7583229552871,1613822400,0
2021-02-20 15:00:00,15:00:00,4532117045436,Shell,gas_transport,246.84,"Hyderabad, Telangana, IN",17.38707926344997,78.50733024090214,17.298544105750995,78.79194226528693,1613833200,0
2021-02-20 18:00:00,18:00:00,4532117045436,Walmart,entertainment,282.5,"Hyderabad, Telangana, IN",17.393698349991745,78.48639394905996,17.568326601366046,77.45091916120133,1613844000,0
2021-02-20 21:00:00,21:00:00,4532117045436,Walmart,shopping_net,547.64,"Hyderabad, Telangana, IN",17.398455097517466,78.50181697420722,17.29832933737635,78.59341844141693,1613854800,0
2021-02-21 00:00:00,00:00:00,4532117045436,Netflix,food_dining,558.69,"Hyderabad, Telangana, IN",17.401809298322657,78.4809546711265,16.58147125692915,77.1643520528953,1613865600,0
2021-02-21 03:00:00,03:00:00,4532117045436,Netflix,entertainment,317.73,"Hyderabad, Telangana, IN",17.389909466876205,78.49386593652179,17.231238106788894,77.3597888961708,1613876400,0
2021-02-21 06:00:00,06:00:00,4532117045436,Apollo,grocery_pos,50.45,"Hyderabad, Telangana, IN",17.37633452914359,78.50568180775232,17.940588151186887,78.50773203643483,1613887200,0
2021-02-21 09:00:00,09:00:00,4532117045436,Zomato,gas_transport,451.37,"Hyderabad, Telangana, IN",17.38327417732472,78.47822026485994,16.980092180697657,78.72598633252241,1613898000,0
2021-02-21 12:00:00,12:00:00,4532117045436,Apollo,shopping_net,386.77,"Hyderabad, Telangana, IN",17.38473862130722,78.4916126016854,18.04414805772376,77.8237275779852,1613908800,0
2021-02-21 15:00:00,15:00:00,4532117045436,Zomato,grocery_pos,5633.39,"Chennai, Tamil Nadu, IN",17.379267911619216,78.47963625076207,29.141048073036803,74.00086877380774,1613919600,1
2021-02-21 18:00:00,18:00:00,4532117045436,Apollo,shopping_net,593.39,"Hyderabad, Telangana, IN",17.377598457769967,78.49099662577503,16.882863170203816,79.24645245849368,1613930400,0
2021-02-21 21:00:00,21:00:00,4532117045436,Shell,food_dining,470.8,"Hyderabad, Telangana, IN",17.386745005692106,78.5056398851803,16.78279390373065,78.88967211241663,1613941200,0
2021-02-22 00:00:00,00:00:00,4532117045436,Netflix,travel,303.54,"Hyderabad, Telangana, IN",17.375166923618924,78.47736580869204,16.768902609667386,78.47334019369835,1613952000,0
2021-02-22 03:00:00,03:00:00,4532117045436,Walmart,gas_transport,3720.84,"Kolkata, West Bengal, IN",17.373225995093275,78.48826008012118,28.447035818051898,88.46029200179424,1613962800,1
2021-02-22 06:00:00,06:00:00,4532117045436,Zomato,health_fitness,410.61,"Hyderabad, Telangana, IN",17.36805564168542,78.47835528741996,16.840200574826188,78.54313864963191,1613973600,0
2021-02-22 09:00:00,09:00:00,4532117045436,Zomato,gas_transport,314.04,"Hyderabad, Telangana, IN",17.389803366948357,78.48540718686583,17.994907189548478,78.59369089865372,1613984400,0
2021-02-22 12:00:00,12:00:00,4532117045436,Walmart,food_dining,439.14,"Hyderabad, Telangana, IN",17.388412479781483,78.49291226351788,16.793221492721475,77.97462653586234,1613995200,0
2021-02-22 15:00:00,15:00:00,4532117045436,Apollo,gas_transport,603.92,"Hyderabad, Telangana, IN",17.3817532449676,78.48371831709548,16.9391454919227,78.30039592143868,1614006000,0
2021-02-22 18:00:00,18:00:00,4532117045436,Zomato,health_fitness,243.03,"Hyderabad, Telangana, IN",17.39494231275769,78.50243913982395,18.144424402037195,78.51648956166508,1614016800,0
2021-02-22 21:00:00,21:00:00,4532117045436,MakeMyTrip,entertainment,463.17,"Hyderabad, Telangana, IN",17.37501190642678,78.49153343631971,17.253283577334198,78.65527469225388,1614027600,0
2021-02-23 00:00:00,00:00:00,4532117045436,Shell,shopping_net,587.26,"Hyderabad, Telangana, IN",17.38880874107322,78.4734658840255,17.595734210682398,78.78147393149108,1614038400,0
2021-02-23 03:00:00,03:00:00,4532117045436,Netflix,health_fitness,437.07,"Hyderabad, Telangana, IN",17.385541633604355,78.48989794534933,17.617257490942364,77.98747754034251,1614049200,0
2021-02-23 06:00:00,06:00:00,4532117045436,Walmart,grocery_pos,6042.79,"Chennai, Tamil Nadu, IN",17.377593196613272,78.50131117851421,18.960441171795196,80.26229407658839,1614060000,1
2021-02-23 09:00:00,09:00:00,4532117045436,Netflix,food_dining,406.91,"Hyderabad, Telangana, IN",17.380074575702036,78.49212414211779,17.78638922365301,78.35248441140713,1614070800,0
2021-02-23 12:00:00,12:00:00,4532117045436,MakeMyTrip,entertainment,475.62,"Hyderabad, Telangana, IN",17.37930504019946,78.48930761044606,17.691640511088167,79.46644527838005,1614081600,0
2021-02-23 15:00:00,15:00:00,4532117045436,Zomato,grocery_pos,516.12,"Hyderabad, Telangana, IN",17.387527539690616,78.48372467993977,17.711254866698702,78.61158060414071,1614092400,0
2021-02-23 18:00:00,18:00:00,4532117045436,Zomato,grocery_pos,364.2,"Hyderabad, Telangana, IN",17.390934288736556,78.48572973279009,17.045661906659518,78.82357979935847,1614103200,0
2021-02-23 21:00:00,21:00:00,4532117045436,MakeMyTrip,food_dining,748.6,"Hyderabad, Telangana, IN",17.380736061684857,78.48680841744287,17.528475516192202,78.98493660506932,1614114000,0
2021-02-24 00:00:00,00:00:00,4532117045436,Walmart,entertainment,536.64,"Hyderabad, Telangana, IN",17.377878954758824,78.46224060775948,17.29853043389734,78.91360925031736,1614124800,0
2021-02-24 03:00:00,03:00:00,4532117045436,Shell,travel,645.45,"Hyderabad, Telangana, IN",17.38637222128527,78.49133698528017,17.431568831372264,77.46942450362765,1614135600,0
2021-02-24 06:00:00,06:00:00,4532117045436,Amazon,grocery_pos,610.65,"Hyderabad, Telangana, IN",17.36848248832492,78.49666697843544,16.996390461466024,78.39758562765773,1614146400,0
2021-02-24 09:00:00,09:00:00,4532117045436,Walmart,grocery_pos,499.09,"Hyderabad, Telangana, IN",17.385343574664425,78.47922070329022,17.289877753300818,78.82569544851482,1614157200,0
2021-02-24 12:00:00,12:00:00,4532117045436,Amazon,entertainment,657.87,"Hyderabad, Telangana, IN",17.400617754845218,78.48902483622513,17.873450866212224,78.55177455422749,1614168000,0
2021-02-24 15:00:00,15:00:00,4532117045436,MakeMyTrip,gas_transport,478.19,"Hyderabad, Telangana, IN",17.37796036729787,78.49023611603725,16.422014108570327,77.6527086557566,1614178800,0
2021-02-24 18:00:00,18:00:00,4532117045436,Apollo,grocery_pos,7536.62,"Kolkata, West Bengal, IN",17.38323144839925,78.49480297205777,23.009921395160006,73.31540471270888,1614189600,1
2021-02-24 21:00:00,21:00:00,4532117045436,Amazon,shopping_net,452.22,"Hyderabad, Telangana, IN",17.395245617493025,78.48682343404121,17.704379482902674,78.04278433966806,1614200400,0
2021-02-25 00:00:00,00:00:00,4532117045436,Shell,entertainment,299.07,"Hyderabad, Telangana, IN",17.392546733410754,78.49209636906483,16.841070789233967,78.6508156883448,1614211200,0
2021-02-25 03:00:00,03:00:00,4532117045436,Apollo,grocery_pos,3288.38,"Kolkata, West Bengal, IN",17.38561839081725,78.47508404569808,19.14875282779623,80.00327694987422,1614222000,1
2021-02-25 06:00:00,06:00:00,4532117045436,Amazon,food_dining,322.12,"Hyderabad, Telangana, IN",17.384414714739368,78.47655743658238,17.619517732835988,79.24861871934536,1614232800,0
2021-02-25 09:00:00,09:00:00,4532117045436,MakeMyTrip,health_fitness,6564.3,"Delhi, Delhi, IN",17.37264442424632,78.49101147008489,19.142540723544528,73.65674939266697,1614243600,1
2021-02-25 12:00:00,12:00:00,4532117045436,Apollo,shopping_net,609.29,"Hyderabad, Telangana, IN",17.38991152820898,78.484404058196,17.53562389337132,78.58848192483404,1614254400,0
2021-02-25 15:00:00,15:00:00,4532117045436,MakeMyTrip,health_fitness,321.67,"Hyderabad, Telangana, IN",17.371566249875887,78.47089289147128,18.19932194233657,77.81821498041057,1614265200,0
2021-02-25 18:00:00,18:00:00,4532117045436,Amazon,health_fitness,601.52,"Hyderabad, Telangana, IN",17.36434815127879,78.49017496804271,17.04881929699391,78.40878535675293,1614276000,0
2021-02-25 21:00:00,21:00:00,4532117045436,MakeMyTrip,grocery_pos,268.4,"Hyderabad, Telangana, IN",17.395081030694502,78.47395247986213,16.691081723138883,79.62339244882621,1614286800,0
2021-02-26 00:00:00,00:00:00,4532117045436,Shell,shopping_net,312.07,"Hyderabad, Telangana, IN",17.38886986298393,78.51372610717978,17.172760033671096,78.657755518975,1614297600,0
2021-02-26 03:00:00,03:00:00,4532117045436,Amazon,shopping_net,667.37,"Hyderabad, Telangana, IN",17.39379735695058,78.46493872541154,16.8877502932371,78.20675686234092,1614308400,0
2021-02-26 06:00:00,06:00:00,4532117045436,Amazon,gas_transport,457.14,"Hyderabad, Telangana, IN",17.377634903460656,78.48722678214251,17.577512186922895,78.69446654873279,1614319200,0
2021-02-26 09:00:00,09:00:00,4532117045436,Amazon,health_fitness,423.96,"Hyderabad, Telangana, IN",17.38966363966176,78.47553851645917,17.1572457268805,79.00767207480108,1614330000,0
2021-02-26 12:00:00,12:00:00,4532117045436,Walmart,shopping_net,485.29,"Hyderabad, Telangana, IN",17.380609321013672,78.49585868558846,17.691555976139853,78.73559729950968,1614340800,0
2021-02-26 15:00:00,15:00:00,4532117045436,Walmart,gas_transport,269.04,"Hyderabad, Telangana, IN",17.381727573470386,78.48267115795134,17.53059222423582,78.90249096162151,1614351600,0
2021-02-26 18:00:00,18:00:00,4532117045436,Walmart,entertainment,400.37,"Hyderabad, Telangana, IN",17.3947375412419,78.4968283280778,17.04239621915413,78.96635917298842,1614362400,0
2021-02-26 21:00:00,21:00:00,4532117045436,Shell,gas_transport,450.4,"Hyderabad, Telangana, IN",17.38350208706799,78.49437337413299,16.923702443189804,78.56510426604855,1614373200,0
2021-02-27 00:00:00,00:00:00,4532117045436,Apollo,food_dining,634.71,"Hyderabad, Telangana, IN",17.378036142079072,78.47602247897836,16.688472193902598,78.65122822346052,1614384000,0
2021-02-27 03:00:00,03:00:00,4532117045436,MakeMyTrip,travel,199.44,"Hyderabad, Telangana, IN",17.371344815778887,78.47942668143023,17.910699822127494,78.18757336278429,1614394800,0
2021-02-27 06:00:00,06:00:00,4532117045436,Zomato,grocery_pos,714.45,"Hyderabad, Telangana, IN",17.388606893758606,78.48325480416504,17.64722623800069,78.18196318717519,1614405600,0
2021-02-27 09:00:00,09:00:00,4532117045436,Amazon,entertainment,431.3,"Hyderabad, Telangana, IN",17.39559476167427,78.48602468574877,17.17959796549123,78.44645173549776,1614416400,0
2021-02-27 12:00:00,12:00:00,4532117045436,MakeMyTrip,travel,283.42,"Hyderabad, Telangana, IN",17.3771687160995,78.48473546217593,17.688128170283925,77.82450466763845,1614427200,0
2021-02-27 15:00:00,15:00:00,4532117045436,Amazon,travel,256.25,"Hyderabad, Telangana, IN",17.391889789347093,78.49398110830347,16.832817610321115,78.67113246070427,1614438000,0
2021-02-27 18:00:00,18:00:00,4532117045436,Shell,entertainment,7097.2,"Delhi, Delhi, IN",17.375572213512665,78.48903951998649,22.4793442452822,73.89367551231055,1614448800,1
2021-02-27 21:00:00,21:00:00,4532117045436,Amazon,food_dining,247.92,"Hyderabad, Telangana, IN",17.392493023032962,78.48057349978522,16.897621360247037,78.57616119255461,1614459600,0
2021-02-28 00:00:00,00:00:00,4532117045436,Walmart,gas_transport,365.98,"Hyderabad, Telangana, IN",17.385329144646615,78.47757547212203,17.52330193533796,78.74531969334035,1614470400,0
2021-02-28 03:00:00,03:00:00,4532117045436,Zomato,grocery_pos,412.51,"Hyderabad, Telangana, IN",17.387678361725634,78.47854105908243,17.08267934234224,77.82833563047376,1614481200,0
2021-02-28 06:00:00,06:00:00,4532117045436,Netflix,gas_transport,621.55,"Hyderabad, Telangana, IN",17.378025896516878,78.48999993027819,16.65796462469646,78.691731983748,1614492000,0
2021-02-28 09:00:00,09:00:00,4532117045436,Amazon,shopping_net,602.77,"Hyderabad, Telangana, IN",17.38857550863487,78.48476927567766,17.430663033413918,77.45406409804166,1614502800,0
2021-02-28 12:00:00,12:00:00,4532117045436,MakeMyTrip,gas_transport,353.55,"Hyderabad, Telangana, IN",17.379023127586656,78.50750314258109,17.671512942889294,78.78104206826357,1614513600,0
2021-02-28 15:00:00,15:00:00,4532117045436,Walmart,entertainment,418.1,"Hyderabad, Telangana, IN",17.380863265078652,78.48669756654377,17.317027866434753,78.78799371443108,1614524400,0
2021-02-28 18:00:00,18:00:00,4532117045436,Netflix,grocery_pos,210.69,"Hyderabad, Telangana, IN",17.369823723534523,78.48858730399438,17.95487448705761,78.82186400407403,1614535200,0
2021-02-28 21:00:00,21:00:00,4532117045436,Zomato,gas_transport,144.14,"Hyderabad, Telangana, IN",17.377278478391485,78.46868963817646,17.786396312262927,78.65858786376194,1614546000,0
2021-03-01 00:00:00,00:00:00,4532117045436,Netflix,grocery_pos,265.64,"Hyderabad, Telangana, IN",17.379745046970758,78.47331940499555,17.944339256597157,78.2276121096488,1614556800,0
2021-03-01 03:00:00,03:00:00,4532117045436,Walmart,grocery_pos,618.46,"Hyderabad, Telangana, IN",17.38812809512639,78.47548598579442,17.776888780470923,78.24536785409923,1614567600,0
2021-03-01 06:00:00,06:00:00,4532117045436,Apollo,shopping_net,567.01,"Hyderabad, Telangana, IN",17.39095655775578,78.4813696933986,17.502932580505625,78.17863866761749,1614578400,0
2021-03-01 09:00:00,09:00:00,4532117045436,Apollo,shopping_net,7804.14,"Mumbai, Maharashtra, IN",17.37892068223578,78.47187762777958,13.604282258333834,88.3883533996377,1614589200,1
2021-03-01 12:00:00,12:00:00,4532117045436,Netflix,entertainment,231.36,"Hyderabad, Telangana, IN",17.38335555461771,78.47515070684963,17.211934522639144,79.33204525206447,1614600000,0
2021-03-01 15:00:00,15:00:00,4532117045436,Shell,food_dining,343.25,"Hyderabad, Telangana, IN",17.401863852644613,78.49334937317971,17.128792356270157,78.52891461109218,1614610800,0
2021-03-01 18:00:00,18:00:00,4532117045436,MakeMyTrip,travel,321.33,"Hyderabad, Telangana, IN",17.38631108563085,78.4781013753085,16.940750766313283,77.9926201443437,1614621600,0
2021-03-01 21:00:00,21:00:00,4532117045436,MakeMyTrip,grocery_pos,425.1,"Hyderabad, Telangana, IN",17.379631075555963,78.48628987382008,17.097594960754073,78.34767219151715,1614632400,0
2021-03-02 00:00:00,00:00:00,4532117045436,Netflix,food_dining,4594.68,"Delhi, Delhi, IN",17.368203512398107,78.49262140314252,18.651009209123693,80.09026934949233,1614643200,1
2021-03-02 03:00:00,03:00:00,4532117045436,Amazon,travel,299.71,"Hyderabad, Telangana, IN",17.37646077486631,78.49616619949117,17.826971560464365,78.76367363293426,1614654000,0
2021-03-02 06:00:00,06:00:00,4532117045436,Amazon,travel,502.38,"Hyderabad, Telangana, IN",17.37607130381923,78.48962524130538,16.855543590994362,78.50366748328445,1614664800,0
2021-03-02 09:00:00,09:00:00,4532117045436,MakeMyTrip,entertainment,484.34,"Hyderabad, Telangana, IN",17.404778737204005,78.49022741229587,17.791638469773858,78.35454453589318,1614675600,0
2021-03-02 12:00:00,12:00:00,4532117045436,MakeMyTrip,travel,4797.89,"Kolkata, West Bengal, IN",17.37651542477707,78.4964727702427,23.386433349074288,88.64706198313219,1614686400,1
2021-03-02 15:00:00,15:00:00,4532117045436,Apollo,travel,495.64,"Hyderabad, Telangana, IN",17.385510429283386,78.49084265786664,17.001923418786003,78.37926046228314,1614697200,0
2021-03-02 18:00:00,18:00:00,4532117045436,Shell,grocery_pos,6977.63,"Mumbai, Maharashtra, IN",17.38870757558879,78.49705425434414,19.483059571016994,80.53861807623359,1614708000,1
2021-03-02 21:00:00,21:00:00,4532117045436,Walmart,grocery_pos,664.21,"Hyderabad, Telangana, IN",17.396065249250192,78.46526607487606,17.634272015830067,78.27610675428896,1614718800,0
2021-03-03 00:00:00,00:00:00,4532117045436,Amazon,health_fitness,523.6,"Hyderabad, Telangana, IN",17.385080242418596,78.48586320449029,17.16675573734274,78.62751206113502,1614729600,0
2021-03-03 03:00:00,03:00:00,4532117045436,MakeMyTrip,food_dining,519.19,"Hyderabad, Telangana, IN",17.379896854923995,78.48725687478081,16.985099621282245,79.36192642256523,1614740400,0
2021-03-03 06:00:00,06:00:00,4532117045436,Apollo,gas_transport,413.98,"Hyderabad, Telangana, IN",17.379234634484202,78.48552115735465,17.60547888976149,78.4965926818411,1614751200,0
2021-03-03 09:00:00,09:00:00,4532117045436,Zomato,shopping_net,604.46,"Hyderabad, Telangana, IN",17.3885637999268,78.48793200493246,17.014687947955597,78.78584887334578,1614762000,0
2021-03-03 12:00:00,12:00:00,4532117045436,Apollo,gas_transport,289.45,"Hyderabad, Telangana, IN",17.378156605424603,78.48261667275631,18.453873671401585,78.4563561039597,1614772800,0
2021-03-03 15:00:00,15:00:00,4532117045436,Amazon,food_dining,587.08,"Hyderabad, Telangana, IN",17.373958188572615,78.49458977519448,17.66585603340522,78.45617044064677,1614783600,0
2021-03-03 18:00:00,18:00:00,4532117045436,Amazon,shopping_net,406.86,"Hyderabad, Telangana, IN",17.379894956781698,78.48134431306077,17.71965386472817,79.05708150503213,1614794400,0
2021-03-03 21:00:00,21:00:00,4532117045436,Apollo,gas_transport,673.64,"Hyderabad, Telangana, IN",17.371755156587977,78.48452257012845,17.34010548472239,78.67354648064567,1614805200,0
2021-03-04 00:00:00,00:00:00,4532117045436,Walmart,health_fitness,538.23,"Hyderabad, Telangana, IN",17.403506165845208,78.50114037664235,18.316490544655466,78.87617517084952,1614816000,0
2021-03-04 03:00:00,03:00:00,4532117045436,Netflix,shopping_net,439.82,"Hyderabad, Telangana, IN",17.390965527100715,78.49974439038682,17.013683061771655,79.10662633804336,1614826800,0
2021-03-04 06:00:00,06:00:00,4532117045436,Amazon,grocery_pos,7719.42,"Mumbai, Maharashtra, IN",17.401208438434146,78.48827634435538,13.196825144228107,80.75045492988053,1614837600,1
2021-03-04 09:00:00,09:00:00,4532117045436,Apollo,gas_transport,528.84,"Hyderabad, Telangana, IN",17.389854360367405,78.48033111788078,16.715900581972573,78.60898112061126,1614848400,0
2021-03-04 12:00:00,12:00:00,4532117045436,MakeMyTrip,shopping_net,521.57,"Hyderabad, Telangana, IN",17.40024593030043,78.47035726958241,18.531809592623215,78.85516554600675,1614859200,0
2021-03-04 15:00:00,15:00:00,4532117045436,Apollo,health_fitness,390.25,"Hyderabad, Telangana, IN",17.38867464664056,78.48538649428833,17.794950580657737,78.16227213120807,1614870000,0
2021-03-04 18:00:00,18:00:00,4532117045436,Shell,travel,463.78,"Hyderabad, Telangana, IN",17.392261813209956,78.4917817943782,16.915062988129524,78.17084152427236,1614880800,0
2021-03-04 21:00:00,21:00:00,4532117045436,Netflix,shopping_net,584.46,"Hyderabad, Telangana, IN",17.36366280973459,78.4794883853864,17.647856998739044,78.10732055402201,1614891600,0
2021-03-05 00:00:00,00:00:00,4532117045436,Zomato,shopping_net,245.5,"Hyderabad, Telangana, IN",17.37585670403024,78.48675928747478,17.91637378587623,78.24140198896572,1614902400,0
2021-03-05 03:00:00,03:00:00,4532117045436,Walmart,health_fitness,558.88,"Hyderabad, Telangana, IN",17.385369277752563,78.48321560994793,16.937983754394864,77.89324636009204,1614913200,0
2021-03-05 06:00:00,06:00:00,4532117045436,Zomato,travel,528.18,"Hyderabad, Telangana, IN",17.3856118776479,78.46947805075897,17.154840781604165,77.65850118680194,1614924000,0
2021-03-05 09:00:00,09:00:00,4532117045436,Netflix,gas_transport,628.0,"Hyderabad, Telangana, IN",17.384236189813272,78.48787166219047,16.88824809018829,78.07580199967163,1614934800,0
2021-03-05 12:00:00,12:00:00,4532117045436,Netflix,entertainment,342.65,"Hyderabad, Telangana, IN",17.389529952770907,78.49105089806731,17.624419609004097,77.31060855692759,1614945600,0
2021-03-05 15:00:00,15:00:00,4532117045436,Netflix,gas_transport,450.86,"Hyderabad, Telangana, IN",17.389942029379302,78.4882941938145,17.476073171265835,78.62865107822945,1614956400,0
2021-03-05 18:00:00,18:00:00,4532117045436,Zomato,travel,480.76,"Hyderabad, Telangana, IN",17.39365115817088,78.50282497766939,17.40070544902553,78.53607647601899,1614967200,0
2021-03-05 21:00:00,21:00:00,4532117045436,MakeMyTrip,food_dining,560.82,"Hyderabad, Telangana, IN",17.391689935211044,78.48348132930991,16.982235561113715,78.8572602333068,1614978000,0
2021-03-06 00:00:00,00:00:00,4532117045436,Netflix,health_fitness,514.37,"Hyderabad, Telangana, IN",17.397040873995778,78.48268683703739,17.28154499337543,78.0204459602019,1614988800,0
2021-03-06 03:00:00,03:00:00,4532117045436,Apollo,gas_transport,264.07,"Hyderabad, Telangana, IN",17.397122336174267,78.50836460189713,17.027138793176736,78.73616198269819,1614999600,0
2021-03-06 06:00:00,06:00:00,4532117045436,Zomato,shopping_net,493.66,"Hyderabad, Telangana, IN",17.386746644488756,78.47421257046558,17.62734834178601,78.08242030513105,1615010400,0
2021-03-06 09:00:00,09:00:00,4532117045436,Netflix,health_fitness,750.63,"Hyderabad, Telangana, IN",17.405816487885645,78.48050179674902,16.8585654920711,78.87376426881573,1615021200,0
2021-03-06 12:00:00,12:00:00,4532117045436,Apollo,grocery_pos,541.76,"Hyderabad, Telangana, IN",17.398593305349216,78.49030983251028,16.985528128213353,77.57574505522162,1615032000,0
2021-03-06 15:00:00,15:00:00,4532117045436,MakeMyTrip,travel,695.71,"Hyderabad, Telangana, IN",17.376930490955345,78.49795270951424,17.792655186049352,78.36805217111308,1615042800,0
2021-03-06 18:00:00,18:00:00,4532117045436,Shell,gas_transport,606.46,"Hyderabad, Telangana, IN",17.388926033310575,78.49604835723012,17.165054463326754,78.28714763572705,1615053600,0
2021-03-06 21:00:00,21:00:00,4532117045436,MakeMyTrip,health_fitness,654.36,"Hyderabad, Telangana, IN",17.366573818580846,78.47630119301347,18.26545586835135,78.88517509111705,1615064400,0
2021-03-07 00:00:00,00:00:00,4532117045436,Netflix,gas_transport,496.5,"Hyderabad, Telangana, IN",17.368258017183177,78.50297645220782,17.48303383755181,78.87770148557233,1615075200,0
2021-03-07 03:00:00,03:00:00,4532117045436,Zomato,health_fitness,528.28,"Hyderabad, Telangana, IN",17.380005056696643,78.49134060267137,16.478377466888414,79.09611047910352,1615086000,0
2021-03-07 06:00:00,06:00:00,4532117045436,Amazon,shopping_net,488.33,"Hyderabad, Telangana, IN",17.376245550713364,78.4785062974492,16.72284344981087,77.47957549228744,1615096800,0
2021-03-07 09:00:00,09:00:00,4532117045436,Netflix,grocery_pos,450.65,"Hyderabad, Telangana, IN",17.38006657049926,78.47934799542847,17.089854295809857,79.23480567804114,1615107600,0
2021-03-07 12:00:00,12:00:00,4532117045436,Amazon,grocery_pos,561.33,"Hyderabad, Telangana, IN",17.38828493862397,78.48741546707033,17.756346872024697,78.02389071846927,1615118400,0
2021-03-07 15:00:00,15:00:00,4532117045436,Apollo,food_dining,371.85,"Hyderabad, Telangana, IN",17.397252903058497,78.50822323913944,17.705574017201645,79.3407506801391,1615129200,0
2021-03-07 18:00:00,18:00:00,4532117045436,Shell,health_fitness,2061.9,"Mumbai, Maharashtra, IN",17.39671751936473,78.488824480575,27.967715573454246,79.9867446617434,1615140000,1
2021-03-07 21:00:00,21:00:00,4532117045436,Walmart,gas_transport,310.8,"Hyderabad, Telangana, IN",17.38913193736968,78.50813161518022,18.001184918869953,79.08223921754967,1615150800,0
2021-03-08 00:00:00,00:00:00,4532117045436,MakeMyTrip,grocery_pos,571.71,"Hyderabad, Telangana, IN",17.37412880580938,78.49548087385078,17.54936560352186,78.05805416317148,1615161600,0
2021-03-08 03:00:00,03:00:00,4532117045436,Shell,travel,656.8,"Hyderabad, Telangana, IN",17.379426118787006,78.47407701527779,17.22543373859304,77.86446098569229,1615172400,0
2021-03-08 06:00:00,06:00:00,4532117045436,Netflix,grocery_pos,423.51,"Hyderabad, Telangana, IN",17.391371833254073,78.50077510414222,17.971550727273105,78.13407434492733,1615183200,0
2021-03-08 09:00:00,09:00:00,4532117045436,Amazon,entertainment,283.05,"Hyderabad, Telangana, IN",17.376738834984597,78.4772584859798,16.981296656748693,78.77192878390247,1615194000,0
2021-03-08 12:00:00,12:00:00,4532117045436,MakeMyTrip,entertainment,623.33,"Hyderabad, Telangana, IN",17.372330832624364,78.48054888168889,17.662559423365305,77.95503863888149,1615204800,0
2021-03-08 15:00:00,15:00:00,4532117045436,Amazon,grocery_pos,480.51,"Hyderabad, Telangana, IN",17.389923171256044,78.48945753068621,17.713586887901844,77.55748387887351,1615215600,0
2021-03-08 18:00:00,18:00:00,4532117045436,Zomato,health_fitness,572.0,"Hyderabad, Telangana, IN",17.384516373634156,78.48641564845047,17.694217753100034,79.0272507858145,1615226400,0
2021-03-08 21:00:00,21:00:00,4532117045436,Amazon,food_dining,433.58,"Hyderabad, Telangana, IN",17.382890809601932,78.49563414435848,17.307208606369244,78.18651932102314,1615237200,0
2021-03-09 00:00:00,00:00:00,4532117045436,Zomato,grocery_pos,709.79,"Hyderabad, Telangana, IN",17.396098019356526,78.49171721932663,17.8204736520077,78.94396198594102,1615248000,0
2021-03-09 03:00:00,03:00:00,4532117045436,Apollo,shopping_net,132.45,"Hyderabad, Telangana, IN",17.395888080836507,78.48552071709197,18.30579120691559,78.87252426146476,1615258800,0
2021-03-09 06:00:00,06:00:00,4532117045436,MakeMyTrip,gas_transport,506.43,"Hyderabad, Telangana, IN",17.402811179907395,78.50368926154627,17.307353131633693,78.58551231270452,1615269600,0
2021-03-09 09:00:00,09:00:00,4532117045436,MakeMyTrip,food_dining,651.26,"Hyderabad, Telangana, IN",17.378485882099937,78.48195461380854,17.41875343180453,78.90637943132596,1615280400,0
2021-03-09 12:00:00,12:00:00,4532117045436,Walmart,shopping_net,465.8,"Hyderabad, Telangana, IN",17.3892973358089,78.47669975359644,17.8475602101832,79.22708510207008,1615291200,0
2021-03-09 15:00:00,15:00:00,4532117045436,Netflix,food_dining,495.35,"Hyderabad, Telangana, IN",17.385190084705574,78.49133299125933,17.252153362086492,78.86879316811113,1615302000,0
2021-03-09 18:00:00,18:00:00,4532117045436,Zomato,shopping_net,384.9,"Hyderabad, Telangana, IN",17.388383158317456,78.48651816620709,17.2384988879385,78.8822019375076,1615312800,0
2021-03-09 21:00:00,21:00:00,4532117045436,Walmart,gas_transport,453.1,"Hyderabad, Telangana, IN",17.37365618824215,78.48915376261779,16.804946537934658,78.6805218471437,1615323600,0
2021-03-10 00:00:00,00:00:00,4532117045436,Amazon,gas_transport,199.22,"Hyderabad, Telangana, IN",17.37097526665565,78.49408161448407,16.522926105010985,78.27017116124145,1615334400,0
2021-03-10 03:00:00,03:00:00,4532117045436,Amazon,entertainment,342.24,"Hyderabad, Telangana, IN",17.384597838637713,78.48484907170328,16.81759096987527,78.64084841776508,1615345200,0
2021-03-10 06:00:00,06:00:00,4532117045436,Walmart,health_fitness,331.99,"Hyderabad, Telangana, IN",17.37657487410026,78.50528608896678,17.816365574799345,78.5912405411211,1615356000,0
2021-03-10 09:00:00,09:00:00,4532117045436,MakeMyTrip,shopping_net,550.37,"Hyderabad, Telangana, IN",17.394382076205513,78.48934986529814,16.871144221982128,78.73127135458651,1615366800,0
2021-03-10 12:00:00,12:00:00,4532117045436,Amazon,entertainment,364.29,"Hyderabad, Telangana, IN",17.369993226326415,78.48219606368968,17.628238254174477,78.65349607762799,1615377600,0
2021-03-10 15:00:00,15:00:00,4532117045436,Apollo,shopping_net,368.63,"Hyderabad, Telangana, IN",17.370817991127538,78.4925957924496,18.127667241855782,78.25803601913408,1615388400,0
2021-03-10 18:00:00,18:00:00,4532117045436,Apollo,entertainment,393.31,"Hyderabad, Telangana, IN",17.380833375247512,78.48584518738953,17.4643262154702,79.05642059897157,1615399200,0
2021-03-10 21:00:00,21:00:00,4532117045436,Walmart,gas_transport,337.7,"Hyderabad, Telangana, IN",17.369619249940673,78.48783296819634,16.94380631053102,78.22306888418852,1615410000,0
2021-03-11 00:00:00,00:00:00,4532117045436,Zomato,food_dining,490.35,"Hyderabad, Telangana, IN",17.401760031320975,78.47563867570915,17.31885400772692,78.6838048908269,1615420800,0
2021-03-11 03:00:00,03:00:00,4532117045436,Zomato,travel,506.64,"Hyderabad, Telangana, IN",17.38317082626064,78.47677206524804,17.574913164019623,78.74421978498216,1615431600,0
2021-03-11 06:00:00,06:00:00,4532117045436,Walmart,entertainment,573.75,"Hyderabad, Telangana, IN",17.37897199294636,78.49731590336913,17.577487120813196,77.96172936880157,1615442400,0
2021-03-11 09:00:00,09:00:00,4532117045436,Zomato,shopping_net,547.91,"Hyderabad, Telangana, IN",17.389679640256265,78.47435642548771,17.443529164078843,79.26761302019975,1615453200,0
2021-03-11 12:00:00,12:00:00,4532117045436,MakeMyTrip,shopping_net,532.91,"Hyderabad, Telangana, IN",17.39383848536021,78.48547623766991,17.700835434817428,78.46619320949124,1615464000,0
2021-03-11 15:00:00,15:00:00,4532117045436,MakeMyTrip,travel,400.65,"Hyderabad, Telangana, IN",17.387069589010846,78.48995850637853,17.884798336460015,77.98987389403368,1615474800,0
2021-03-11 18:00:00,18:00:00,4532117045436,Zomato,health_fitness,5793.2,"Chennai, Tamil Nadu, IN",17.38431908507108,78.50083026015122,18.7869938024188,80.86512143410295,1615485600,1
2021-03-11 21:00:00,21:00:00,4532117045436,Apollo,gas_transport,319.32,"Hyderabad, Telangana, IN",17.37516527075296,78.48188722387907,18.08736890463076,77.99945126806499,1615496400,0
2021-03-12 00:00:00,00:00:00,4532117045436,Zomato,shopping_net,316.61,"Hyderabad, Telangana, IN",17.391309093189214,78.49428899454875,17.54980643222197,78.1967213678429,1615507200,0
2021-03-12 03:00:00,03:00:00,4532117045436,MakeMyTrip,grocery_pos,479.14,"Hyderabad, Telangana, IN",17.399167030901864,78.48549475251929,16.27232666199345,78.18694497176605,1615518000,0
2021-03-12 06:00:00,06:00:00,4532117045436,Shell,food_dining,342.09,"Hyderabad, Telangana, IN",17.38280280245133,78.4648988009634,17.291072515686825,78.418784082537,1615528800,0
2021-03-12 09:00:00,09:00:00,4532117045436,Netflix,entertainment,670.25,"Hyderabad, Telangana, IN",17.37651214499689,78.48716075787836,17.298227929073548,79.16908504884621,1615539600,0
2021-03-12 12:00:00,12:00:00,4532117045436,Amazon,health_fitness,444.37,"Hyderabad, Telangana, IN",17.386814957675007,78.48603092506328,17.92507098505385,78.53988243356562,1615550400,0
2021-03-12 15:00:00,15:00:00,4532117045436,Shell,travel,675.21,"Hyderabad, Telangana, IN",17.385026498940007,78.49095121672421,17.09436807912136,78.56890747064566,1615561200,0
2021-03-12 18:00:00,18:00:00,4532117045436,Zomato,food_dining,535.77,"Hyderabad, Telangana, IN",17.37283647617426,78.4802735027203,17.45958117592914,78.2481987557897,1615572000,0
2021-03-12 21:00:00,21:00:00,4532117045436,Apollo,gas_transport,333.41,"Hyderabad, Telangana, IN",17.37997311300792,78.48133975077101,16.675436688616397,78.62836270928797,1615582800,0
2021-03-13 00:00:00,00:00:00,4532117045436,Walmart,health_fitness,440.69,"Hyderabad, Telangana, IN",17.402884857679783,78.49871069458105,16.969887669935968,78.47015719931045,1615593600,0
2021-03-13 03:00:00,03:00:00,4532117045436,Zomato,entertainment,198.98,"Hyderabad, Telangana, IN",17.37152445132891,78.48333853401503,17.783489996275037,78.4447984710296,1615604400,0
2021-03-13 06:00:00,06:00:00,4532117045436,Apollo,entertainment,478.56,"Hyderabad, Telangana, IN",17.37809379646576,78.46756569627738,16.77432473645417,78.84023378852079,1615615200,0
2021-03-13 09:00:00,09:00:00,4532117045436,Netflix,travel,347.13,"Hyderabad, Telangana, IN",17.375512866254763,78.49160444448343,17.867976253184615,78.01594918298635,1615626000,0
2021-03-13 12:00:00,12:00:00,4532117045436,Zomato,grocery_pos,282.98,"Hyderabad, Telangana, IN",17.376397001578084,78.49532564596663,17.954980572974502,79.11994061467266,1615636800,0
2021-03-13 15:00:00,15:00:00,4532117045436,MakeMyTrip,travel,678.32,"Hyderabad, Telangana, IN",17.380545236058406,78.49523763618122,18.005685149112207,77.138868761118,1615647600,0
2021-03-13 18:00:00,18:00:00,4532117045436,Walmart,gas_transport,604.59,"Hyderabad, Telangana, IN",17.389483821014615,78.4805466705435,18.15766023220122,78.44015508041547,1615658400,0
2021-03-13 21:00:00,21:00:00,4532117045436,Apollo,health_fitness,6020.75,"Mumbai, Maharashtra, IN",17.398085625306212,78.48670228941853,29.21802249436742,72.20637945810063,1615669200,1
2021-03-14 00:00:00,00:00:00,4532117045436,Apollo,health_fitness,567.32,"Hyderabad, Telangana, IN",17.387033215939283,78.49201277590096,17.597728418275697,79.09006734727365,1615680000,0
2021-03-14 03:00:00,03:00:00,4532117045436,Apollo,shopping_net,264.77,"Hyderabad, Telangana, IN",17.378156181788366,78.49633912680677,17.694815981470445,78.56588629910976,1615690800,0
2021-03-14 06:00:00,06:00:00,4532117045436,Netflix,grocery_pos,389.93,"Hyderabad, Telangana, IN",17.400399151458906,78.49172080384753,17.420642784763256,78.08174036479974,1615701600,0
2021-03-14 09:00:00,09:00:00,4532117045436,Zomato,grocery_pos,399.07,"Hyderabad, Telangana, IN",17.36431436478996,78.49445623686063,17.198201975615994,78.41999813604757,1615712400,0
2021-03-14 12:00:00,12:00:00,4532117045436,Netflix,health_fitness,193.54,"Hyderabad, Telangana, IN",17.391734781528122,78.479378525099,17.77005388952373,79.78243870336175,1615723200,0
2021-03-14 15:00:00,15:00:00,4532117045436,Amazon,health_fitness,366.45,"Hyderabad, Telangana, IN",17.374732413809713,78.46379903138345,17.609534034393562,78.8410810896413,1615734000,0
2021-03-14 18:00:00,18:00:00,4532117045436,Amazon,food_dining,368.09,"Hyderabad, Telangana, IN",17.384490768225366,78.49723695202312,17.825154013111987,77.63642409712789,1615744800,0
2021-03-14 21:00:00,21:00:00,4532117045436,Zomato,food_dining,468.9,"Hyderabad, Telangana, IN",17.39063099927551,78.4772398212348,17.28070094296245,78.52815698873135,1615755600,0
2021-03-15 00:00:00,00:00:00,4532117045436,MakeMyTrip,food_dining,829.86,"Hyderabad, Telangana, IN",17.368946238902836,78.4849857908629,17.324714418503056,78.18739746580927,1615766400,0
2021-03-15 03:00:00,03:00:00,4532117045436,Netflix,grocery_pos,446.87,"Hyderabad, Telangana, IN",17.386416538182512,78.49477842947728,17.49074601731596,77.85173409786061,1615777200,0
2021-03-15 06:00:00,06:00:00,4532117045436,Walmart,shopping_net,6592.66,"Chennai, Tamil Nadu, IN",17.387184770679138,78.48696686050575,28.215466744498652,88.71442917425311,1615788000,1
2021-03-15 09:00:00,09:00:00,4532117045436,Apollo,entertainment,412.47,"Hyderabad, Telangana, IN",17.399623376821634,78.49372670191731,18.80591178045859,78.00154594941692,1615798800,0
2021-03-15 12:00:00,12:00:00,4532117045436,Apollo,food_dining,560.66,"Hyderabad, Telangana, IN",17.412151493172228,78.51124858020043,18.352226307685616,79.26085745485895,1615809600,0
2021-03-15 15:00:00,15:00:00,4532117045436,Zomato,shopping_net,288.91,"Hyderabad, Telangana, IN",17.369470301942627,78.4922151586898,17.387146686577243,79.1572390450862,1615820400,0
2021-03-15 18:00:00,18:00:00,4532117045436,MakeMyTrip,travel,734.41,"Hyderabad, Telangana, IN",17.399171536838328,78.47941364428439,17.319560418192754,78.12189309058951,1615831200,0
2021-03-15 21:00:00,21:00:00,4532117045436,Amazon,gas_transport,431.38,"Hyderabad, Telangana, IN",17.384621197658603,78.47222786539103,17.608014304831418,78.0906161023724,1615842000,0
2021-03-16 00:00:00,00:00:00,4532117045436,Amazon,food_dining,390.72,"Hyderabad, Telangana, IN",17.37691428760868,78.49346679954782,17.170281370316925,78.82333068077685,1615852800,0
2021-03-16 03:00:00,03:00:00,4532117045436,Apollo,travel,595.51,"Hyderabad, Telangana, IN",17.388690531702554,78.48751507041081,17.16185932062128,78.99558157673667,1615863600,0
2021-03-16 06:00:00,06:00:00,4532117045436,Zomato,entertainment,316.36,"Hyderabad, Telangana, IN",17.371977086043138,78.4729104027278,17.406451963364102,78.36087324568113,1615874400,0
2021-03-16 09:00:00,09:00:00,4532117045436,Netflix,gas_transport,557.89,"Hyderabad, Telangana, IN",17.37257387366196,78.49849070353376,17.199308821188467,78.97592756477316,1615885200,0
2021-03-16 12:00:00,12:00:00,4532117045436,Amazon,gas_transport,3411.43,"Mumbai, Maharashtra, IN",17.367648413617687,78.49394148618907,18.96103228331704,88.49511275550115,1615896000,1
2021-03-16 15:00:00,15:00:00,4532117045436,Netflix,entertainment,413.8,"Hyderabad, Telangana, IN",17.390460890101235,78.4865841441537,17.57004558021405,78.65165421367409,1615906800,0
2021-03-16 18:00:00,18:00:00,4532117045436,MakeMyTrip,food_dining,757.93,"Hyderabad, Telangana, IN",17.388270118250194,78.50856806493658,15.793859375732412,77.97218957581259,1615917600,0
2021-03-16 21:00:00,21:00:00,4532117045436,Amazon,grocery_pos,546.64,"Hyderabad, Telangana, IN",17.376856163049396,78.49693169969164,16.42180371507106,78.87945882267216,1615928400,0
2021-03-17 00:00:00,00:00:00,4532117045436,Amazon,entertainment,548.5,"Hyderabad, Telangana, IN",17.40023601813692,78.47679356049653,16.96114707250154,78.5582909202947,1615939200,0
2021-03-17 03:00:00,03:00:00,4532117045436,Shell,entertainment,654.88,"Hyderabad, Telangana, IN",17.378370443101655,78.49842632060516,17.52483440084774,78.32592254089543,1615950000,0
2021-03-17 06:00:00,06:00:00,4532117045436,Amazon,entertainment,694.61,"Hyderabad, Telangana, IN",17.397829895941456,78.48924921815292,16.999648169201,78.86255495196572,1615960800,0
2021-03-17 09:00:00,09:00:00,4532117045436,Walmart,gas_transport,489.28,"Hyderabad, Telangana, IN",17.386220808770336,78.505633085678,18.540050439507496,79.09023190500986,1615971600,0
2021-03-17 12:00:00,12:00:00,4532117045436,Zomato,shopping_net,569.54,"Hyderabad, Telangana, IN",17.37823631676989,78.4961298395426,17.832313474210974,78.57970572255286,1615982400,0
2021-03-17 15:00:00,15:00:00,4532117045436,Zomato,travel,659.45,"Hyderabad, Telangana, IN",17.383850185967518,78.49154305290213,18.36414042659918,77.3471289093834,1615993200,0
2021-03-17 18:00:00,18:00:00,4532117045436,Netflix,grocery_pos,275.73,"Hyderabad, Telangana, IN",17.37246257461104,78.49097378104514,17.835087373296748,78.54660741380737,1616004000,0
2021-03-17 21:00:00,21:00:00,4532117045436,MakeMyTrip,food_dining,190.57,"Hyderabad, Telangana, IN",17.387167333630444,78.47481514981553,16.593084086610084,78.600181459233,1616014800,0
2021-03-18 00:00:00,00:00:00,4532117045436,Amazon,food_dining,441.37,"Hyderabad, Telangana, IN",17.38530550079364,78.48157976871671,16.80220955623005,79.7796560994277,1616025600,0
2021-03-18 03:00:00,03:00:00,4532117045436,Walmart,travel,186.98,"Hyderabad, Telangana, IN",17.39027447461117,78.4887835267216,17.12929940921408,78.55151073554612,1616036400,0
2021-03-18 06:00:00,06:00:00,4532117045436,Netflix,shopping_net,402.9,"Hyderabad, Telangana, IN",17.393791523930847,78.47298250169459,16.787003120374845,78.40104066021983,1616047200,0
2021-03-18 09:00:00,09:00:00,4532117045436,Shell,entertainment,497.16,"Hyderabad, Telangana, IN",17.386156157768532,78.49137188943754,17.925615797121388,78.83160646409591,1616058000,0
2021-03-18 12:00:00,12:00:00,4532117045436,Netflix,grocery_pos,2926.97,"Delhi, Delhi, IN",17.370236783452228,78.47926721921841,28.121083142773454,72.71885430489978,1616068800,1
2021-03-18 15:00:00,15:00:00,4532117045436,Netflix,food_dining,428.76,"Hyderabad, Telangana, IN",17.39432363332473,78.4827682018344,17.487544215454783,78.14363670031034,1616079600,0
2021-03-18 18:00:00,18:00:00,4532117045436,Amazon,travel,299.75,"Hyderabad, Telangana, IN",17.3851466396678,78.4938070050327,18.073281206858628,77.68949371177936,1616090400,0
2021-03-18 21:00:00,21:00:00,4532117045436,Shell,health_fitness,568.22,"Hyderabad, Telangana, IN",17.366059373889367,78.48114050073781,18.348360445755375,78.18893716370407,1616101200,0
2021-03-19 00:00:00,00:00:00,4532117045436,Netflix,travel,290.48,"Hyderabad, Telangana, IN",17.388096148039647,78.4913948759829,17.249306271063904,77.53280218189781,1616112000,0
2021-03-19 03:00:00,03:00:00,4532117045436,Walmart,food_dining,134.56,"Hyderabad, Telangana, IN",17.388851239739086,78.48814970025931,16.70271110725024,78.62832351759715,1616122800,0
2021-03-19 06:00:00,06:00:00,4532117045436,Walmart,entertainment,418.9,"Hyderabad, Telangana, IN",17.3814152035907,78.47611375410382,16.790869091256603,78.59461774538241,1616133600,0
2021-03-19 09:00:00,09:00:00,4532117045436,Zomato,health_fitness,587.25,"Hyderabad, Telangana, IN",17.38302163143163,78.49551393639905,17.95970327474323,78.8349097510082,1616144400,0
2021-03-19 12:00:00,12:00:00,4532117045436,Shell,shopping_net,461.97,"Hyderabad, Telangana, IN",17.379047348886033,78.49602753232317,17.517802231664138,77.97114907064028,1616155200,0
2021-03-19 15:00:00,15:00:00,4532117045436,Shell,grocery_pos,275.28,"Hyderabad, Telangana, IN",17.389161266795156,78.49657104198435,16.939982364390012,77.76734461936451,1616166000,0
2021-03-19 18:00:00,18:00:00,4532117045436,Zomato,shopping_net,465.29,"Hyderabad, Telangana, IN",17.38639991384993,78.50577680634314,17.7389754493082,79.51543199544523,1616176800,0
2021-03-19 21:00:00,21:00:00,4532117045436,Netflix,shopping_net,515.75,"Hyderabad, Telangana, IN",17.37591771299709,78.48258864898646,16.846886846443386,78.44738305920217,1616187600,0
2021-03-20 00:00:00,00:00:00,4532117045436,Shell,travel,463.55,"Hyderabad, Telangana, IN",17.401179705787882,78.46720354805738,16.49880660799996,78.83660499225488,1616198400,0
2021-03-20 03:00:00,03:00:00,4532117045436,Walmart,grocery_pos,410.31,"Hyderabad, Telangana, IN",17.378341969306742,78.48012993720344,16.38113871743223,78.55315546187272,1616209200,0
2021-03-20 06:00:00,06:00:00,4532117045436,Walmart,grocery_pos,522.91,"Hyderabad, Telangana, IN",17.357934815421853,78.4962949200542,16.662017244339722,78.85917186659088,1616220000,0
2021-03-20 09:00:00,09:00:00,4532117045436,Amazon,food_dining,189.24,"Hyderabad, Telangana, IN",17.380293257637412,78.4858863007654,17.963658041999544,78.60071853609713,1616230800,0
2021-03-20 12:00:00,12:00:00,4532117045436,Shell,food_dining,315.91,"Hyderabad, Telangana, IN",17.395309375680366,78.47265227317088,17.283719607648244,78.0856932735218,1616241600,0
2021-03-20 15:00:00,15:00:00,4532117045436,Netflix,grocery_pos,254.22,"Hyderabad, Telangana, IN",17.382934679634502,78.46986577023736,17.36810000021397,78.75761095197689,1616252400,0
2021-03-20 18:00:00,18:00:00,4532117045436,Zomato,health_fitness,652.26,"Hyderabad, Telangana, IN",17.36865220221916,78.50090355011683,17.478484549561436,78.6386661808545,1616263200,0
2021-03-20 21:00:00,21:00:00,4532117045436,Zomato,gas_transport,556.8,"Hyderabad, Telangana, IN",17.3747190855615,78.49278582556828,16.879756901897686,77.64553653524037,1616274000,0
2021-03-21 00:00:00,00:00:00,4532117045436,Netflix,food_dining,477.77,"Hyderabad, Telangana, IN",17.374190135842262,78.48173334274254,17.14516621344753,78.63396861667306,1616284800,0
2021-03-21 03:00:00,03:00:00,4532117045436,MakeMyTrip,gas_transport,232.41,"Hyderabad, Telangana, IN",17.379247137549143,78.50552515530816,17.193291064833502,78.29314365542028,1616295600,0
2021-03-21 06:00:00,06:00:00,4532117045436,Apollo,travel,561.62,"Hyderabad, Telangana, IN",17.3823829502354,78.51318903621386,16.919512782278357,78.15332033660707,1616306400,0
2021-03-21 09:00:00,09:00:00,4532117045436,Amazon,health_fitness,657.98,"Hyderabad, Telangana, IN",17.38993854608934,78.49704845103389,17.142080882349287,78.97437119973003,1616317200,0
2021-03-21 12:00:00,12:00:00,4532117045436,Zomato,grocery_pos,535.72,"Hyderabad, Telangana, IN",17.386284387049614,78.49425343217618,17.324172438615935,78.45077189590242,1616328000,0
2021-03-21 15:00:00,15:00:00,4532117045436,Shell,health_fitness,444.72,"Hyderabad, Telangana, IN",17.386764037820722,78.49198253599343,17.261067010787002,78.46599004984766,1616338800,0
2021-03-21 18:00:00,18:00:00,4532117045436,Amazon,food_dining,544.76,"Hyderabad, Telangana, IN",17.40279353125761,78.49525689616777,17.601593347690173,78.53132481622337,1616349600,0
2021-03-21 21:00:00,21:00:00,4532117045436,Shell,shopping_net,490.94,"Hyderabad, Telangana, IN",17.39360829340315,78.50628369806785,17.142185161546895,78.47052147193632,1616360400,0
2021-03-22 00:00:00,00:00:00,4532117045436,MakeMyTrip,travel,588.91,"Hyderabad, Telangana, IN",17.392728046636375,78.47697281718644,18.15742261526466,78.43781988427469,1616371200,0
2021-03-22 03:00:00,03:00:00,4532117045436,Walmart,grocery_pos,585.55,"Hyderabad, Telangana, IN",17.366868380539024,78.48330923589704,16.868629502132123,79.2147415780526,1616382000,0
2021-03-22 06:00:00,06:00:00,4532117045436,Amazon,entertainment,416.84,"Hyderabad, Telangana, IN",17.377481944025096,78.48622212468766,17.119856966106,78.14457763495598,1616392800,0
2021-03-22 09:00:00,09:00:00,4532117045436,Zomato,travel,350.9,"Hyderabad, Telangana, IN",17.369029760042253,78.49244308484978,17.582002747530925,77.61830218400736,1616403600,0
2021-03-22 12:00:00,12:00:00,4532117045436,Amazon,gas_transport,390.03,"Hyderabad, Telangana, IN",17.377309471921546,78.50235425663745,17.693804421604696,78.50903543482791,1616414400,0
2021-03-22 15:00:00,15:00:00,4532117045436,Amazon,health_fitness,530.38,"Hyderabad, Telangana, IN",17.392948667126884,78.4908282929358,16.7819242940646,78.01699110060721,1616425200,0
2021-03-22 18:00:00,18:00:00,4532117045436,Amazon,grocery_pos,6569.92,"Delhi, Delhi, IN",17.381071714460827,78.49295233868467,18.65286648906639,80.19570626432363,1616436000,1
2021-03-22 21:00:00,21:00:00,4532117045436,Apollo,travel,337.42,"Hyderabad, Telangana, IN",17.3957244159516,78.4934671724735,17.784766791252608,78.47883283922867,1616446800,0
2021-03-23 00:00:00,00:00:00,4532117045436,Amazon,health_fitness,449.86,"Hyderabad, Telangana, IN",17.39193135202063,78.48693085660696,16.58370435096246,78.62403906905735,1616457600,0
2021-03-23 03:00:00,03:00:00,4532117045436,Shell,grocery_pos,616.12,"Hyderabad, Telangana, IN",17.385504527733723,78.48253867910863,17.341093095672615,78.39986194917468,1616468400,0
2021-03-23 06:00:00,06:00:00,4532117045436,Walmart,food_dining,470.27,"Hyderabad, Telangana, IN",17.395960464094205,78.48744676607208,16.641537262577742,78.2583345934873,1616479200,0
2021-03-23 09:00:00,09:00:00,4532117045436,MakeMyTrip,travel,408.57,"Hyderabad, Telangana, IN",17.3986441600977,78.48015703981328,16.978531540647165,78.38644889740091,1616490000,0
2021-03-23 12:00:00,12:00:00,4532117045436,Netflix,food_dining,498.06,"Hyderabad, Telangana, IN",17.38954387270426,78.48032903974602,17.427782279506403,78.46123204520443,1616500800,0
2021-03-23 15:00:00,15:00:00,4532117045436,Amazon,travel,462.61,"Hyderabad, Telangana, IN",17.387299671136223,78.4903803557455,17.276334085207527,78.48535921820238,1616511600,0
2021-03-23 18:00:00,18:00:00,4532117045436,Zomato,food_dining,159.95,"Hyderabad, Telangana, IN",17.39133368809275,78.4819177525348,16.81469605099012,77.59059097443095,1616522400,0
2021-03-23 21:00:00,21:00:00,4532117045436,Amazon,health_fitness,554.51,"Hyderabad, Telangana, IN",17.370934133126276,78.50516704565328,17.995702013193593,78.9236458776887,1616533200,0
2021-03-24 00:00:00,00:00:00,4532117045436,Zomato,entertainment,511.12,"Hyderabad, Telangana, IN",17.38382428536324,78.48816542864434,17.21817115598913,77.75789649157585,1616544000,0
2021-03-24 03:00:00,03:00:00,4532117045436,Shell,travel,452.43,"Hyderabad, Telangana, IN",17.384760094902838,78.50029252769714,17.65994475137101,78.15115864726786,1616554800,0
2021-03-24 06:00:00,06:00:00,4532117045436,Zomato,travel,609.35,"Hyderabad, Telangana, IN",17.381312556891437,78.47424905610221,18.135881727005476,77.70959800953554,1616565600,0
2021-03-24 09:00:00,09:00:00,4532117045436,Netflix,food_dining,631.95,"Hyderabad, Telangana, IN",17.377105042052687,78.47455512439161,17.046791067515702,78.5703346014857,1616576400,0
2021-03-24 12:00:00,12:00:00,4532117045436,Walmart,grocery_pos,569.82,"Hyderabad, Telangana, IN",17.394980452216362,78.48558931242147,17.69280506611651,78.13140500133146,1616587200,0
2021-03-24 15:00:00,15:00:00,4532117045436,Zomato,travel,322.45,"Hyderabad, Telangana, IN",17.38670058191544,78.4960676678183,17.592581970225783,78.39478778843211,1616598000,0
2021-03-24 18:00:00,18:00:00,4532117045436,Zomato,food_dining,327.64,"Hyderabad, Telangana, IN",17.387609907321927,78.48179942149213,16.690226400726505,78.1152551769696,1616608800,0
2021-03-24 21:00:00,21:00:00,4532117045436,Walmart,shopping_net,617.6,"Hyderabad, Telangana, IN",17.399245800712666,78.48569623136527,17.988618144447425,77.95964659284056,1616619600,0
2021-03-25 00:00:00,00:00:00,4532117045436,Netflix,food_dining,168.42,"Hyderabad, Telangana, IN",17.38304671644743,78.49669925415802,17.43546960232243,77.23170326073004,1616630400,0
2021-03-25 03:00:00,03:00:00,4532117045436,Amazon,health_fitness,427.67,"Hyderabad, Telangana, IN",17.381112207567895,78.48281971460088,17.118582200956478,78.1909838695971,1616641200,0
2021-03-25 06:00:00,06:00:00,4532117045436,Zomato,entertainment,515.97,"Hyderabad, Telangana, IN",17.398612931244394,78.4791248160381,16.575188388366286,77.88165596156479,1616652000,0
2021-03-25 09:00:00,09:00:00,4532117045436,Walmart,shopping_net,7656.14,"Kolkata, West Bengal, IN",17.370092606202846,78.49378392345976,19.354116607496145,77.33195027573416,1616662800,1
2021-03-25 12:00:00,12:00:00,4532117045436,Shell,health_fitness,485.15,"Hyderabad, Telangana, IN",17.3855119111998,78.47365963979311,17.33074118935093,79.52715186603874,1616673600,0
2021-03-25 15:00:00,15:00:00,4532117045436,Walmart,health_fitness,593.16,"Hyderabad, Telangana, IN",17.377623575665428,78.48296335857711,16.71607056419966,79.40166293117016,1616684400,0
2021-03-25 18:00:00,18:00:00,4532117045436,Shell,health_fitness,227.16,"Hyderabad, Telangana, IN",17.38792679118822,78.48784276340406,17.701373259598274,78.44613600705588,1616695200,0
2021-03-25 21:00:00,21:00:00,4532117045436,Netflix,grocery_pos,698.73,"Hyderabad, Telangana, IN",17.390719649347215,78.49199019138547,17.1954884221252,78.091151339341,1616706000,0
2021-03-26 00:00:00,00:00:00,4532117045436,Amazon,health_fitness,298.53,"Hyderabad, Telangana, IN",17.391275907322843,78.49492648021698,16.604293414351726,77.5117753850398,1616716800,0
2021-03-26 03:00:00,03:00:00,4532117045436,Walmart,grocery_pos,536.21,"Hyderabad, Telangana, IN",17.395262390818985,78.49648652955415,17.053525955276125,78.27731611130356,1616727600,0
2021-03-26 06:00:00,06:00:00,4532117045436,MakeMyTrip,health_fitness,437.46,"Hyderabad, Telangana, IN",17.382474726731893,78.48367526141607,16.85355489654847,78.0306199661223,1616738400,0
2021-03-26 09:00:00,09:00:00,4532117045436,MakeMyTrip,gas_transport,460.43,"Hyderabad, Telangana, IN",17.383097787178627,78.49627513261922,16.772932567747347,78.1180645717412,1616749200,0
2021-03-26 12:00:00,12:00:00,4532117045436,Apollo,shopping_net,257.48,"Hyderabad, Telangana, IN",17.390266022143518,78.49176149256178,16.27742961457515,77.67061201914032,1616760000,0
2021-03-26 15:00:00,15:00:00,4532117045436,Zomato,gas_transport,639.07,"Hyderabad, Telangana, IN",17.393875016933062,78.49391207311287,17.43475492773986,78.83807449811171,1616770800,0
2021-03-26 18:00:00,18:00:00,4532117045436,Netflix,health_fitness,498.88,"Hyderabad, Telangana, IN",17.371996961828618,78.4803621790421,16.90808257096095,78.74131325897581,1616781600,0
2021-03-26 21:00:00,21:00:00,4532117045436,Walmart,shopping_net,693.13,"Hyderabad, Telangana, IN",17.3881412117468,78.49335108055257,18.323309822291424,78.02896401264785,1616792400,0
2021-03-27 00:00:00,00:00:00,4532117045436,MakeMyTrip,shopping_net,261.39,"Hyderabad, Telangana, IN",17.38104755674572,78.48517249805326,17.88128773184825,78.91462692900457,1616803200,0
2021-03-27 03:00:00,03:00:00,4532117045436,Zomato,travel,422.81,"Hyderabad, Telangana, IN",17.385871525703845,78.48717868327165,18.2007386675624,78.51650792127947,1616814000,0
2021-03-27 06:00:00,06:00:00,4532117045436,MakeMyTrip,entertainment,481.43,"Hyderabad, Telangana, IN",17.381433113467125,78.48835141590044,17.742778027833058,78.75181197855039,1616824800,0
2021-03-27 09:00:00,09:00:00,4532117045436,Walmart,gas_transport,459.06,"Hyderabad, Telangana, IN",17.37777253393708,78.50783185136001,17.09268362479646,78.87375450628173,1616835600,0
2021-03-27 12:00:00,12:00:00,4532117045436,Shell,entertainment,550.02,"Hyderabad, Telangana, IN",17.37481476737177,78.47755144324641,17.54704137323354,78.66919506912087,1616846400,0
2021-03-27 15:00:00,15:00:00,4532117045436,Walmart,shopping_net,420.91,"Hyderabad, Telangana, IN",17.3834897598503,78.49859316403568,17.233621228114597,78.07639553287159,1616857200,0
2021-03-27 18:00:00,18:00:00,4532117045436,Apollo,grocery_pos,768.3,"Hyderabad, Telangana, IN",17.388584057917562,78.50100372534023,17.555314210446024,79.01135255663837,1616868000,0
2021-03-27 21:00:00,21:00:00,4532117045436,Walmart,shopping_net,455.98,"Hyderabad, Telangana, IN",17.378969921999264,78.49495588916778,17.8306371717145,78.873070726452,1616878800,0
2021-03-28 00:00:00,00:00:00,4532117045436,Walmart,entertainment,17.38,"Hyderabad, Telangana, IN",17.39689811966867,78.4813454911087,17.68373405832957,78.88037865443275,1616889600,0
2021-03-28 03:00:00,03:00:00,4532117045436,Apollo,gas_transport,462.63,"Hyderabad, Telangana, IN",17.409584503430015,78.50366505581907,17.38917126455385,77.82204390737398,1616900400,0
2021-03-28 06:00:00,06:00:00,4532117045436,Netflix,health_fitness,639.22,"Hyderabad, Telangana, IN",17.38913125120984,78.48337986107461,17.417914531641333,77.75322613647599,1616911200,0
2021-03-28 09:00:00,09:00:00,4532117045436,Walmart,travel,4678.66,"Chennai, Tamil Nadu, IN",17.384587644754536,78.49357118666357,27.827480103472297,72.54627168450014,1616922000,1
2021-03-28 12:00:00,12:00:00,4532117045436,Apollo,travel,301.99,"Hyderabad, Telangana, IN",17.375877372595756,78.48790914429446,17.937921148300063,78.16765330994826,1616932800,0
2021-03-28 15:00:00,15:00:00,4532117045436,Zomato,travel,323.94,"Hyderabad, Telangana, IN",17.388700580883683,78.4830085006574,17.140167563553415,78.61291776106052,1616943600,0
2021-03-28 18:00:00,18:00:00,4532117045436,Shell,health_fitness,288.53,"Hyderabad, Telangana, IN",17.399771757333685,78.49216684063724,17.255641433411604,79.08988493749693,1616954400,0
2021-03-28 21:00:00,21:00:00,4532117045436,Shell,travel,378.09,"Hyderabad, Telangana, IN",17.404484794100973,78.50549410807321,17.13126447597558,79.30318436726363,1616965200,0
2021-03-29 00:00:00,00:00:00,4532117045436,Walmart,gas_transport,586.39,"Hyderabad, Telangana, IN",17.39896155798487,78.4892634535488,17.45364978405477,78.77376905460729,1616976000,0
2021-03-29 03:00:00,03:00:00,4532117045436,Netflix,health_fitness,2323.83,"Kolkata, West Bengal, IN",17.39343309628306,78.50648436920136,27.99966436663921,88.22302183389733,1616986800,1
2021-03-29 06:00:00,06:00:00,4532117045436,Netflix,travel,86.36,"Hyderabad, Telangana, IN",17.389101933700474,78.48486718323497,17.534826828622226,78.34337847683562,1616997600,0
2021-03-29 09:00:00,09:00:00,4532117045436,Zomato,health_fitness,393.23,"Hyderabad, Telangana, IN",17.374513319691197,78.48747414955736,17.356162334406395,78.67204925543052,1617008400,0
2021-03-29 12:00:00,12:00:00,4532117045436,Walmart,entertainment,495.4,"Hyderabad, Telangana, IN",17.3840027845217,78.47444208514818,17.921386127744118,78.57414386838141,1617019200,0
2021-03-29 15:00:00,15:00:00,4532117045436,Shell,gas_transport,480.4,"Hyderabad, Telangana, IN",17.38284121862529,78.48112161754868,16.987891213018717,78.12870398558984,1617030000,0
2021-03-29 18:00:00,18:00:00,4532117045436,Netflix,food_dining,734.99,"Hyderabad, Telangana, IN",17.38406795964593,78.4845162991983,16.63509791775995,77.16009518370264,1617040800,0
2021-03-29 21:00:00,21:00:00,4532117045436,Walmart,grocery_pos,148.4,"Hyderabad, Telangana, IN",17.377805877871733,78.48340956148142,17.54577594017323,78.11875273342726,1617051600,0
2021-03-30 00:00:00,00:00:00,4532117045436,MakeMyTrip,travel,61.64,"Hyderabad, Telangana, IN",17.392578619684365,78.47709757931595,17.364870087522945,78.38020327728857,1617062400,0
2021-03-30 03:00:00,03:00:00,4532117045436,Netflix,grocery_pos,759.33,"Hyderabad, Telangana, IN",17.38226135206593,78.47908154903021,17.301437018170148,78.4818832233526,1617073200,0
2021-03-30 06:00:00,06:00:00,4532117045436,Apollo,health_fitness,563.02,"Hyderabad, Telangana, IN",17.381449695928566,78.4838340987443,16.72526892899269,79.34004956528547,1617084000,0
2021-03-30 09:00:00,09:00:00,4532117045436,MakeMyTrip,grocery_pos,364.29,"Hyderabad, Telangana, IN",17.37783973375789,78.49856538556448,17.484301079920026,79.02025666598846,1617094800,0
2021-03-30 12:00:00,12:00:00,4532117045436,Netflix,gas_transport,475.74,"Hyderabad, Telangana, IN",17.387322999882745,78.47174419423813,18.282536828313784,78.2558833245934,1617105600,0
2021-03-30 15:00:00,15:00:00,4532117045436,Shell,gas_transport,486.48,"Hyderabad, Telangana, IN",17.39996774526056,78.46587820936966,16.719228814095928,78.73857575925226,1617116400,0
2021-03-30 18:00:00,18:00:00,4532117045436,Amazon,shopping_net,360.67,"Hyderabad, Telangana, IN",17.384897917033896,78.46909172467042,17.30644930089243,77.15443035996682,1617127200,0
2021-03-30 21:00:00,21:00:00,4532117045436,MakeMyTrip,travel,471.27,"Hyderabad, Telangana, IN",17.387817405484665,78.47822600540798,17.422746405512772,79.09974874906277,1617138000,0
2021-03-31 00:00:00,00:00:00,4532117045436,Zomato,shopping_net,503.22,"Hyderabad, Telangana, IN",17.404352605630404,78.49306970078264,17.16303294915221,78.23851973479324,1617148800,0
2021-03-31 03:00:00,03:00:00,4532117045436,Zomato,grocery_pos,752.33,"Hyderabad, Telangana, IN",17.397034425392516,78.48313691754977,17.46720177205742,78.58029070769209,1617159600,0
2021-03-31 06:00:00,06:00:00,4532117045436,Shell,food_dining,594.52,"Hyderabad, Telangana, IN",17.390877448175523,78.4830004130396,17.161485035847047,78.50160845370408,1617170400,0
2021-03-31 09:00:00,09:00:00,4532117045436,Netflix,shopping_net,710.9,"Hyderabad, Telangana, IN",17.390456977662577,78.48277590040716,17.461796495255665,78.99981567563088,1617181200,0
2021-03-31 12:00:00,12:00:00,4532117045436,Walmart,shopping_net,248.46,"Hyderabad, Telangana, IN",17.378969340922072,78.46792169123933,17.25755374555637,78.31236186553318,1617192000,0
2021-03-31 15:00:00,15:00:00,4532117045436,Netflix,gas_transport,7646.79,"Kolkata, West Bengal, IN",17.377991305511177,78.49531424572524,28.92950561158496,88.6115047773201,1617202800,1
2021-03-31 18:00:00,18:00:00,4532117045436,Shell,food_dining,486.34,"Hyderabad, Telangana, IN",17.386414081530052,78.49980523843267,17.346461699511316,78.66903419870552,1617213600,0
2021-03-31 21:00:00,21:00:00,4532117045436,Zomato,health_fitness,161.83,"Hyderabad, Telangana, IN",17.386667741051586,78.48334528539161,17.625630606472903,78.54798926780651,1617224400,0
2021-04-01 00:00:00,00:00:00,4532117045436,Netflix,grocery_pos,3194.41,"Delhi, Delhi, IN",17.37650235130967,78.48755461212754,28.91747640575026,87.46205757205169,1617235200,1
2021-04-01 03:00:00,03:00:00,4532117045436,Zomato,shopping_net,546.33,"Hyderabad, Telangana, IN",17.392032966639476,78.48788720919238,17.731950887113168,78.23201071180195,1617246000,0
2021-04-01 06:00:00,06:00:00,4532117045436,MakeMyTrip,food_dining,394.93,"Hyderabad, Telangana, IN",17.382227021115032,78.47602177530972,17.022126133456272,78.40379013553434,1617256800,0
2021-04-01 09:00:00,09:00:00,4532117045436,Walmart,travel,422.5,"Hyderabad, Telangana, IN",17.39627320735713,78.48228511137532,17.694211525358384,78.2955652343648,1617267600,0
2021-04-01 12:00:00,12:00:00,4532117045436,MakeMyTrip,food_dining,638.08,"Hyderabad, Telangana, IN",17.384445914882107,78.5045575691572,17.05010806131719,78.69610687716039,1617278400,0
2021-04-01 15:00:00,15:00:00,4532117045436,Zomato,grocery_pos,330.68,"Hyderabad, Telangana, IN",17.383560797699644,78.48666010570518,17.741665104123115,77.91946971876378,1617289200,0
2021-04-01 18:00:00,18:00:00,4532117045436,Zomato,food_dining,644.13,"Hyderabad, Telangana, IN",17.375626035504943,78.48893519134995,17.360524425919976,78.52274129939885,1617300000,0
2021-04-01 21:00:00,21:00:00,4532117045436,Amazon,food_dining,412.19,"Hyderabad, Telangana, IN",17.376721402648815,78.47976358833246,16.92029196327033,79.24480912017384,1617310800,0
2021-04-02 00:00:00,00:00:00,4532117045436,Amazon,food_dining,563.4,"Hyderabad, Telangana, IN",17.39817764365078,78.48240041354205,17.165610056602613,78.26674521232152,1617321600,0
2021-04-02 03:00:00,03:00:00,4532117045436,MakeMyTrip,travel,463.01,"Hyderabad, Telangana, IN",17.38768963746989,78.49316291903692,17.98183359859619,78.70585918414127,1617332400,0
2021-04-02 06:00:00,06:00:00,4532117045436,Apollo,shopping_net,784.98,"Hyderabad, Telangana, IN",17.388893023805228,78.47830399713253,17.410914182322784,77.32505825315607,1617343200,0
2021-04-02 09:00:00,09:00:00,4532117045436,MakeMyTrip,grocery_pos,316.89,"Hyderabad, Telangana, IN",17.401006469568834,78.50289982864228,17.155982554823865,77.69633207313154,1617354000,0
2021-04-02 12:00:00,12:00:00,4532117045436,Amazon,travel,364.01,"Hyderabad, Telangana, IN",17.371824113796578,78.47053733854233,17.955268431348703,78.4201976438557,1617364800,0
2021-04-02 15:00:00,15:00:00,4532117045436,Zomato,food_dining,224.08,"Hyderabad, Telangana, IN",17.391712557170415,78.48036836928385,17.81258328689068,78.4490543028501,1617375600,0
2021-04-02 18:00:00,18:00:00,4532117045436,Shell,food_dining,285.49,"Hyderabad, Telangana, IN",17.36912109135307,78.47190123303623,16.964887288563688,78.50737189609674,1617386400,0
2021-04-02 21:00:00,21:00:00,4532117045436,MakeMyTrip,shopping_net,556.97,"Hyderabad, Telangana, IN",17.38062348057947,78.49994363246516,17.282755383166787,79.58209715472105,1617397200,0
2021-04-03 00:00:00,00:00:00,4532117045436,Zomato,grocery_pos,690.02,"Hyderabad, Telangana, IN",17.373549129752917,78.48633726513701,16.503744733854997,78.19524132224413,1617408000,0
2021-04-03 03:00:00,03:00:00,4532117045436,Shell,gas_transport,573.97,"Hyderabad, Telangana, IN",17.393585905459325,78.48383610654767,17.820976488469697,78.52890647249096,1617418800,0
2021-04-03 06:00:00,06:00:00,4532117045436,Shell,travel,4682.42,"Chennai, Tamil Nadu, IN",17.366102736479405,78.49067603474545,19.26944061264777,80.00348821916046,1617429600,1
2021-04-03 09:00:00,09:00:00,4532117045436,Amazon,shopping_net,315.96,"Hyderabad, Telangana, IN",17.382699154886474,78.50069014780716,17.720080143086157,78.85514621051159,1617440400,0
2021-04-03 12:00:00,12:00:00,4532117045436,MakeMyTrip,grocery_pos,584.76,"Hyderabad, Telangana, IN",17.37341229806802,78.48886068754054,16.418947769802724,77.91151987847783,1617451200,0
2021-04-03 15:00:00,15:00:00,4532117045436,Netflix,travel,307.71,"Hyderabad, Telangana, IN",17.37645191627396,78.49812650685962,17.244571352449643,78.13719740489626,1617462000,0
2021-04-03 18:00:00,18:00:00,4532117045436,Walmart,food_dining,247.66,"Hyderabad, Telangana, IN",17.377992888358126,78.48376362907106,17.46879483188184,78.03596567453842,1617472800,0
2021-04-03 21:00:00,21:00:00,4532117045436,Amazon,grocery_pos,403.73,"Hyderabad, Telangana, IN",17.398191045374986,78.47708660416193,16.325879156100726,78.89855067876022,1617483600,0
2021-04-04 00:00:00,00:00:00,4532117045436,Amazon,grocery_pos,144.91,"Hyderabad, Telangana, IN",17.381647705499685,78.4890221401388,17.713176682483446,78.54969354160336,1617494400,0
2021-04-04 03:00:00,03:00:00,4532117045436,Netflix,health_fitness,242.79,"Hyderabad, Telangana, IN",17.40227325696015,78.47972641328008,17.223268375926725,78.62844769780224,1617505200,0
2021-04-04 06:00:00,06:00:00,4532117045436,Walmart,grocery_pos,2484.2,"Delhi, Delhi, IN",17.404365863268467,78.49358747561483,22.77081321089215,77.68951260619922,1617516000,1
2021-04-04 09:00:00,09:00:00,4532117045436,Zomato,gas_transport,214.98,"Hyderabad, Telangana, IN",17.406136838686237,78.48260671696394,17.12774610662332,79.09133259475392,1617526800,0
2021-04-04 12:00:00,12:00:00,4532117045436,Apollo,grocery_pos,271.78,"Hyderabad, Telangana, IN",17.38441233079048,78.4858545742555,17.613340805414964,78.40923579665339,1617537600,0
2021-04-04 15:00:00,15:00:00,4532117045436,MakeMyTrip,gas_transport,460.77,"Hyderabad, Telangana, IN",17.387103571393716,78.4642960064657,16.92844595495211,79.46935868719858,1617548400,0
2021-04-04 18:00:00,18:00:00,4532117045436,Apollo,food_dining,468.59,"Hyderabad, Telangana, IN",17.38877955642863,78.48545278752465,17.362163766499272,79.1214225502633,1617559200,0
2021-04-04 21:00:00,21:00:00,4532117045436,Zomato,gas_transport,414.81,"Hyderabad, Telangana, IN",17.381325121714394,78.48427414815998,17.16843344531732,77.74878055204353,1617570000,0
2021-04-05 00:00:00,00:00:00,4532117045436,Amazon,travel,149.49,"Hyderabad, Telangana, IN",17.38924370258842,78.4983296380779,16.387948928946383,78.80596753725688,1617580800,0
2021-04-05 03:00:00,03:00:00,4532117045436,Walmart,food_dining,577.27,"Hyderabad, Telangana, IN",17.375648037928634,78.49540107217112,17.696917693767677,79.12060904925696,1617591600,0
2021-04-05 06:00:00,06:00:00,4532117045436,Amazon,food_dining,383.54,"Hyderabad, Telangana, IN",17.366245242372024,78.4869421836702,17.788867886270015,78.28283226078845,1617602400,0
2021-04-05 09:00:00,09:00:00,4532117045436,Shell,gas_transport,633.07,"Hyderabad, Telangana, IN",17.39214134599422,78.47039561846434,17.959365707491852,78.69242819856917,1617613200,0
2021-04-05 12:00:00,12:00:00,4532117045436,Amazon,shopping_net,353.28,"Hyderabad, Telangana, IN",17.381502266952836,78.48229767647283,17.389506181044002,77.74774780870723,1617624000,0
2021-04-05 15:00:00,15:00:00,4532117045436,Amazon,entertainment,597.37,"Hyderabad, Telangana, IN",17.375233081619612,78.49834024088469,17.627301564317612,77.9886924092902,1617634800,0
2021-04-05 18:00:00,18:00:00,4532117045436,Zomato,grocery_pos,644.41,"Hyderabad, Telangana, IN",17.37649773697331,78.48471550647704,16.577980660034456,78.36088261457897,1617645600,0
2021-04-05 21:00:00,21:00:00,4532117045436,Zomato,health_fitness,379.96,"Hyderabad, Telangana, IN",17.400151218207654,78.47603241297413,17.505063061874676,77.80946870901387,1617656400,0
2021-04-06 00:00:00,00:00:00,4532117045436,Zomato,entertainment,582.07,"Hyderabad, Telangana, IN",17.389641127909222,78.49821823899067,17.22602527460175,78.51429699486383,1617667200,0
2021-04-06 03:00:00,03:00:00,4532117045436,Apollo,grocery_pos,250.72,"Hyderabad, Telangana, IN",17.369776928175366,78.47046485948101,17.346522615354896,78.81189076277676,1617678000,0
2021-04-06 06:00:00,06:00:00,4532117045436,Shell,grocery_pos,489.55,"Hyderabad, Telangana, IN",17.373130135874124,78.48557063248956,16.82632999982874,78.0287432962081,1617688800,0
2021-04-06 09:00:00,09:00:00,4532117045436,Zomato,food_dining,633.33,"Hyderabad, Telangana, IN",17.38208120394183,78.49228083761746,17.946331976484668,77.81644007787743,1617699600,0
2021-04-06 12:00:00,12:00:00,4532117045436,Walmart,grocery_pos,527.77,"Hyderabad, Telangana, IN",17.389764093583423,78.48796053921427,16.55951251552028,77.69726630561914,1617710400,0
2021-04-06 15:00:00,15:00:00,4532117045436,Apollo,health_fitness,810.93,"Hyderabad, Telangana, IN",17.37705428621627,78.47428480787332,17.521005825034,79.09290578413474,1617721200,0
2021-04-06 18:00:00,18:00:00,4532117045436,Netflix,grocery_pos,536.15,"Hyderabad, Telangana, IN",17.383270533251547,78.47740807550646,16.926245902119497,77.61566858609564,1617732000,0
2021-04-06 21:00:00,21:00:00,4532117045436,Walmart,gas_transport,395.21,"Hyderabad, Telangana, IN",17.386145511882305,78.47972023458755,18.444299765038874,78.63459755812133,1617742800,0
2021-04-07 00:00:00,00:00:00,4532117045436,MakeMyTrip,entertainment,876.13,"Hyderabad, Telangana, IN",17.38635268409103,78.49454469517524,17.73268291099682,79.13964206774325,1617753600,0
2021-04-07 03:00:00,03:00:00,4532117045436,MakeMyTrip,gas_transport,695.06,"Hyderabad, Telangana, IN",17.361048637810008,78.48840525147396,17.37075092759564,77.99771442885756,1617764400,0
2021-04-07 06:00:00,06:00:00,4532117045436,Walmart,health_fitness,209.56,"Hyderabad, Telangana, IN",17.387216413718033,78.48282456485484,16.871040274174828,78.06471898121674,1617775200,0
2021-04-07 09:00:00,09:00:00,4532117045436,Zomato,grocery_pos,332.38,"Hyderabad, Telangana, IN",17.367671403570597,78.49078910655852,17.83001463875234,78.57453809184,1617786000,0
2021-04-07 12:00:00,12:00:00,4532117045436,Netflix,travel,294.28,"Hyderabad, Telangana, IN",17.382136015184994,78.47919813173918,15.75268208573625,78.60703539011766,1617796800,0
2021-04-07 15:00:00,15:00:00,4532117045436,Netflix,health_fitness,546.84,"Hyderabad, Telangana, IN",17.379985849530918,78.49408378775516,17.57708505411215,78.23749142976466,1617807600,0
2021-04-07 18:00:00,18:00:00,4532117045436,Apollo,food_dining,535.67,"Hyderabad, Telangana, IN",17.374212671008,78.49120557907379,17.640189773441136,78.33817618670278,1617818400,0
2021-04-07 21:00:00,21:00:00,4532117045436,Netflix,gas_transport,534.52,"Hyderabad, Telangana, IN",17.393431672040013,78.48445500860123,17.610868464945096,78.53212647765913,1617829200,0
2021-04-08 00:00:00,00:00:00,4532117045436,MakeMyTrip,gas_transport,205.51,"Hyderabad, Telangana, IN",17.373760241401033,78.48507733460913,17.80392337775837,78.28466669871759,1617840000,0
2021-04-08 03:00:00,03:00:00,4532117045436,Shell,shopping_net,354.29,"Hyderabad, Telangana, IN",17.379770631106126,78.48328176571503,17.102513767814543,78.30149219745833,1617850800,0
2021-04-08 06:00:00,06:00:00,4532117045436,Zomato,grocery_pos,427.61,"Hyderabad, Telangana, IN",17.393787341730032,78.49665942022743,17.65965692030867,79.45789863141646,1617861600,0
2021-04-08 09:00:00,09:00:00,4532117045436,Netflix,food_dining,176.71,"Hyderabad, Telangana, IN",17.379484995940103,78.48886091846116,17.050003724862176,78.99341494010152,1617872400,0
2021-04-08 12:00:00,12:00:00,4532117045436,Apollo,travel,319.23,"Hyderabad, Telangana, IN",17.377414900093147,78.48453513151283,16.96980855866558,79.03268697473608,1617883200,0
2021-04-08 15:00:00,15:00:00,4532117045436,MakeMyTrip,gas_transport,653.47,"Hyderabad, Telangana, IN",17.382318445559477,78.47699689096937,16.86882686806432,78.31617420944333,1617894000,0
2021-04-08 18:00:00,18:00:00,4532117045436,Shell,gas_transport,216.89,"Hyderabad, Telangana, IN",17.390405025205713,78.49259491544719,17.25901016606782,77.62731868967478,1617904800,0
2021-04-08 21:00:00,21:00:00,4532117045436,Amazon,food_dining,668.29,"Hyderabad, Telangana, IN",17.399463076047944,78.4921275518745,17.940612007200556,79.72474420265277,1617915600,0
2021-04-09 00:00:00,00:00:00,4532117045436,Amazon,health_fitness,613.67,"Hyderabad, Telangana, IN",17.375638784020623,78.481443575821,18.24253806372685,78.17830843788953,1617926400,0
2021-04-09 03:00:00,03:00:00,4532117045436,Shell,health_fitness,406.39,"Hyderabad, Telangana, IN",17.37644918034534,78.48249843058078,17.249790061471288,78.64133732154164,1617937200,0
2021-04-09 06:00:00,06:00:00,4532117045436,MakeMyTrip,grocery_pos,352.67,"Hyderabad, Telangana, IN",17.382236645950737,78.48552985744651,17.062516044117547,78.87855687284635,1617948000,0
2021-04-09 09:00:00,09:00:00,4532117045436,Apollo,shopping_net,574.77,"Hyderabad, Telangana, IN",17.387301406512673,78.4751637433911,18.049715852547195,78.19646723450929,1617958800,0
2021-04-09 12:00:00,12:00:00,4532117045436,Shell,gas_transport,331.84,"Hyderabad, Telangana, IN",17.37729753336003,78.48743706818904,17.601713731323457,78.93743740558159,1617969600,0
2021-04-09 15:00:00,15:00:00,4532117045436,Zomato,shopping_net,339.3,"Hyderabad, Telangana, IN",17.391885633678864,78.47024562161738,17.399530058067963,78.49120561103454,1617980400,0
2021-04-09 18:00:00,18:00:00,4532117045436,Zomato,health_fitness,446.42,"Hyderabad, Telangana, IN",17.375827222485476,78.4739053056257,16.832109048107732,78.35493687212035,1617991200,0
2021-04-09 21:00:00,21:00:00,4532117045436,Amazon,health_fitness,130.46,"Hyderabad, Telangana, IN",17.365991454105043,78.48160405594884,18.10085083285846,78.19625303633941,1618002000,0
2021-04-10 00:00:00,00:00:00,4532117045436,Netflix,entertainment,232.5,"Hyderabad, Telangana, IN",17.390317752811658,78.48041704912382,17.431842414336767,77.98840364087243,1618012800,0
2021-04-10 03:00:00,03:00:00,4532117045436,Apollo,travel,402.65,"Hyderabad, Telangana, IN",17.391475894731464,78.49121390926356,17.38507989852052,77.5552913162722,1618023600,0
2021-04-10 06:00:00,06:00:00,4532117045436,Amazon,grocery_pos,2863.69,"Delhi, Delhi, IN",17.39544650635633,78.48952997381022,19.19929357871877,72.56750936230776,1618034400,1
2021-04-10 09:00:00,09:00:00,4532117045436,Netflix,entertainment,329.76,"Hyderabad, Telangana, IN",17.36508100202843,78.50046624093976,17.39594912673904,79.21537003691633,1618045200,0
2021-04-10 12:00:00,12:00:00,4532117045436,Netflix,travel,420.36,"Hyderabad, Telangana, IN",17.37834384948477,78.48762847818786,18.122318322556858,78.53817000588637,1618056000,0
2021-04-10 15:00:00,15:00:00,4532117045436,Zomato,entertainment,207.98,"Hyderabad, Telangana, IN",17.382489418318013,78.48876129968231,17.890900491200696,79.26670873620573,1618066800,0
2021-04-10 18:00:00,18:00:00,4532117045436,MakeMyTrip,entertainment,7311.26,"Delhi, Delhi, IN",17.40256958173418,78.47506945731746,22.608097218985744,77.32411705686876,1618077600,1
2021-04-10 21:00:00,21:00:00,4532117045436,Walmart,grocery_pos,483.01,"Hyderabad, Telangana, IN",17.383407986050212,78.47509023274351,17.428450466119916,78.78497024844565,1618088400,0
2021-04-11 00:00:00,00:00:00,4532117045436,MakeMyTrip,grocery_pos,496.28,"Hyderabad, Telangana, IN",17.371534833119746,78.48734426673732,17.092290169581403,78.31420121018297,1618099200,0
2021-04-11 03:00:00,03:00:00,4532117045436,Walmart,food_dining,523.24,"Hyderabad, Telangana, IN",17.38796740464755,78.4875171192626,18.32968205847131,79.02377142843284,1618110000,0
2021-04-11 06:00:00,06:00:00,4532117045436,Shell,shopping_net,461.72,"Hyderabad, Telangana, IN",17.398094562257963,78.48959590366289,17.02356063562541,78.9410061075835,1618120800,0
2021-04-11 09:00:00,09:00:00,4532117045436,Zomato,shopping_net,377.43,"Hyderabad, Telangana, IN",17.39596638942961,78.49939633947368,17.32548586408485,78.88228358712784,1618131600,0
2021-04-11 12:00:00,12:00:00,4532117045436,Netflix,food_dining,619.45,"Hyderabad, Telangana, IN",17.39061798164328,78.47553192563561,17.566963322044064,78.31809062879555,1618142400,0
2021-04-11 15:00:00,15:00:00,4532117045436,Apollo,food_dining,473.53,"Hyderabad, Telangana, IN",17.387626323671082,78.50359911994931,17.637859724053104,78.6761707137399,1618153200,0
2021-04-11 18:00:00,18:00:00,4532117045436,Walmart,health_fitness,425.14,"Hyderabad, Telangana, IN",17.362322476905494,78.47179989706736,17.722289568177683,78.62340382712104,1618164000,0
2021-04-11 21:00:00,21:00:00,4532117045436,MakeMyTrip,travel,448.7,"Hyderabad, Telangana, IN",17.38525666455054,78.49042940488508,17.785483277163348,78.29634109258694,1618174800,0
2021-04-12 00:00:00,00:00:00,4532117045436,Netflix,entertainment,445.51,"Hyderabad, Telangana, IN",17.38678140262532,78.47423646104839,17.731430028039515,78.67168661074058,1618185600,0
2021-04-12 03:00:00,03:00:00,4532117045436,Walmart,food_dining,423.64,"Hyderabad, Telangana, IN",17.383400903257492,78.49394137132276,17.16851315266051,79.11309103415266,1618196400,0
2021-04-12 06:00:00,06:00:00,4532117045436,Walmart,gas_transport,3435.3,"Mumbai, Maharashtra, IN",17.392070998874896,78.47186165346123,28.416481238675004,89.15399183313724,1618207200,1
2021-04-12 09:00:00,09:00:00,4532117045436,Walmart,shopping_net,309.62,"Hyderabad, Telangana, IN",17.383240021972274,78.45937525658452,17.404114936431707,78.73642192050809,1618218000,0
2021-04-12 12:00:00,12:00:00,4532117045436,Apollo,food_dining,320.58,"Hyderabad, Telangana, IN",17.381314367949972,78.4881586995398,17.109150663777772,78.40368299134994,1618228800,0
2021-04-12 15:00:00,15:00:00,4532117045436,Zomato,gas_transport,533.89,"Hyderabad, Telangana, IN",17.395389977216524,78.48545019790447,17.05614093029079,78.91405653431447,1618239600,0
2021-04-12 18:00:00,18:00:00,4532117045436,Apollo,gas_transport,428.21,"Hyderabad, Telangana, IN",17.380864112862245,78.49776070440932,17.174030637745528,78.05065881337678,1618250400,0
2021-04-12 21:00:00,21:00:00,4532117045436,Amazon,gas_transport,595.71,"Hyderabad, Telangana, IN",17.385646540721392,78.48747865785826,18.436067347132255,78.29815004904643,1618261200,0
2021-04-13 00:00:00,00:00:00,4532117045436,Netflix,health_fitness,511.33,"Hyderabad, Telangana, IN",17.39397531279682,78.47925145517304,18.156911397692255,79.12428298296084,1618272000,0
2021-04-13 03:00:00,03:00:00,4532117045436,Zomato,health_fitness,367.11,"Hyderabad, Telangana, IN",17.37489331248747,78.48130189943804,17.26541000636627,79.42258361626523,1618282800,0
2021-04-13 06:00:00,06:00:00,4532117045436,Zomato,gas_transport,536.26,"Hyderabad, Telangana, IN",17.373808136678388,78.51886020168021,16.3517432902252,79.05665426844769,1618293600,0
2021-04-13 09:00:00,09:00:00,4532117045436,Zomato,travel,629.58,"Hyderabad, Telangana, IN",17.39857940155651,78.47795425273893,17.089854330793496,78.44590345481411,1618304400,0
2021-04-13 12:00:00,12:00:00,4532117045436,MakeMyTrip,health_fitness,517.05,"Hyderabad, Telangana, IN",17.379072879963136,78.49194549184065,17.825010498912686,77.39186509996135,1618315200,0
2021-04-13 15:00:00,15:00:00,4532117045436,Zomato,entertainment,549.84,"Hyderabad, Telangana, IN",17.39192432431686,78.49072199802389,16.602231951426308,78.87868776054833,1618326000,0
2021-04-13 18:00:00,18:00:00,4532117045436,Apollo,gas_transport,424.23,"Hyderabad, Telangana, IN",17.367246789681598,78.49217860987567,17.686921483687566,78.74853870174225,1618336800,0
2021-04-13 21:00:00,21:00:00,4532117045436,Zomato,entertainment,598.96,"Hyderabad, Telangana, IN",17.359969484068916,78.4913621393071,17.65485678957034,78.76293120223957,1618347600,0
2021-04-14 00:00:00,00:00:00,4532117045436,Shell,entertainment,362.9,"Hyderabad, Telangana, IN",17.388642300583456,78.484023822781,17.39366235467654,77.76967376341358,1618358400,0
2021-04-14 03:00:00,03:00:00,4532117045436,Netflix,gas_transport,500.78,"Hyderabad, Telangana, IN",17.383724793482106,78.46907951224459,17.3661981213564,78.32139671660296,1618369200,0
2021-04-14 06:00:00,06:00:00,4532117045436,Zomato,shopping_net,835.43,"Hyderabad, Telangana, IN",17.388736314416644,78.48825630886499,16.93271168346132,79.41935031034588,1618380000,0
2021-04-14 09:00:00,09:00:00,4532117045436,Netflix,travel,530.83,"Hyderabad, Telangana, IN",17.4037470880261,78.48657179388424,17.733411961548065,77.97476276254005,1618390800,0
2021-04-14 12:00:00,12:00:00,4532117045436,Shell,gas_transport,6927.68,"Chennai, Tamil Nadu, IN",17.372626581800876,78.48793931918703,22.732242867078497,88.80913504461746,1618401600,1
2021-04-14 15:00:00,15:00:00,4532117045436,Shell,gas_transport,386.51,"Hyderabad, Telangana, IN",17.385381878942464,78.49235231948876,17.144685953469722,78.15859236336901,1618412400,0
2021-04-14 18:00:00,18:00:00,4532117045436,Netflix,health_fitness,439.3,"Hyderabad, Telangana, IN",17.399774660855826,78.48256382419102,16.992493535707656,78.74044011059344,1618423200,0
2021-04-14 21:00:00,21:00:00,4532117045436,Walmart,gas_transport,577.69,"Hyderabad, Telangana, IN",17.374070098865037,78.48049709114792,16.788287685929266,78.38721837222086,1618434000,0
2021-04-15 00:00:00,00:00:00,4532117045436,Amazon,shopping_net,471.87,"Hyderabad, Telangana, IN",17.379152729642275,78.49570843122613,17.5707604826749,79.08994855272435,1618444800,0
2021-04-15 03:00:00,03:00:00,4532117045436,MakeMyTrip,health_fitness,352.72,"Hyderabad, Telangana, IN",17.367327147959987,78.48341153183341,17.283878141458494,78.50732901998022,1618455600,0
2021-04-15 06:00:00,06:00:00,4532117045436,Walmart,grocery_pos,352.46,"Hyderabad, Telangana, IN",17.407378492591686,78.48176281507878,17.290251837299664,78.98405094091383,1618466400,0
2021-04-15 09:00:00,09:00:00,4532117045436,Walmart,grocery_pos,472.81,"Hyderabad, Telangana, IN",17.362954594938323,78.48089757154156,16.604409410738555,79.54232889211247,1618477200,0
2021-04-15 12:00:00,12:00:00,4532117045436,Apollo,entertainment,456.36,"Hyderabad, Telangana, IN",17.392985857026435,78.49264568886915,16.837412540932274,78.97974500697268,1618488000,0
2021-04-15 15:00:00,15:00:00,4532117045436,MakeMyTrip,travel,518.25,"Hyderabad, Telangana, IN",17.3718020003922,78.48460234155552,16.783029826379423,78.77498543126754,1618498800,0
2021-04-15 18:00:00,18:00:00,4532117045436,MakeMyTrip,entertainment,587.62,"Hyderabad, Telangana, IN",17.374491077676016,78.50882807789446,17.769375237625788,79.06535446307171,1618509600,0
2021-04-15 21:00:00,21:00:00,4532117045436,Walmart,shopping_net,859.1,"Hyderabad, Telangana, IN",17.395639539372233,78.487274479151,17.470849965370917,78.76802054586497,1618520400,0
2021-04-16 00:00:00,00:00:00,4532117045436,Zomato,food_dining,230.69,"Hyderabad, Telangana, IN",17.377574895677057,78.47463397881019,17.243507963504534,78.18270356422924,1618531200,0
2021-04-16 03:00:00,03:00:00,4532117045436,Apollo,travel,553.03,"Hyderabad, Telangana, IN",17.39151787571227,78.48233125974822,17.937780452744516,78.06375850623812,1618542000,0
2021-04-16 06:00:00,06:00:00,4532117045436,Apollo,grocery_pos,464.75,"Hyderabad, Telangana, IN",17.39880031583845,78.49325320795553,17.86706301812321,78.831771783267,1618552800,0
2021-04-16 09:00:00,09:00:00,4532117045436,Shell,entertainment,173.31,"Hyderabad, Telangana, IN",17.387006969856525,78.48069828724506,17.93771783894629,78.1740482022954,1618563600,0
2021-04-16 12:00:00,12:00:00,4532117045436,MakeMyTrip,grocery_pos,637.43,"Hyderabad, Telangana, IN",17.393892858492144,78.48652781521766,17.263977985003066,78.1255331556941,1618574400,0
2021-04-16 15:00:00,15:00:00,4532117045436,Walmart,shopping_net,4740.94,"Chennai, Tamil Nadu, IN",17.385806731956027,78.49648455404312,18.57139274705916,87.99318620905673,1618585200,1
2021-04-16 18:00:00,18:00:00,4532117045436,Shell,shopping_net,569.97,"Hyderabad, Telangana, IN",17.386270060852787,78.4979886755295,18.23824953958197,77.62364444238354,1618596000,0
2021-04-16 21:00:00,21:00:00,4532117045436,Netflix,food_dining,195.09,"Hyderabad, Telangana, IN",17.37865070904162,78.48145582158467,17.647104394752997,78.15975720730626,1618606800,0
2021-04-17 00:00:00,00:00:00,4532117045436,Amazon,food_dining,416.94,"Hyderabad, Telangana, IN",17.404288594336734,78.48413176986234,17.657466611538805,78.11890874273861,1618617600,0
2021-04-17 03:00:00,03:00:00,4532117045436,Apollo,health_fitness,288.12,"Hyderabad, Telangana, IN",17.392428444941157,78.4876682466169,17.722934541397365,79.71768159133686,1618628400,0
2021-04-17 06:00:00,06:00:00,4532117045436,Netflix,travel,774.47,"Hyderabad, Telangana, IN",17.39021805274453,78.50012326459483,18.766749272970163,78.86225584124587,1618639200,0
2021-04-17 09:00:00,09:00:00,4532117045436,Netflix,shopping_net,621.68,"Hyderabad, Telangana, IN",17.392702947580798,78.47570196710356,17.33477973611345,78.27602207393869,1618650000,0
2021-04-17 12:00:00,12:00:00,4532117045436,Zomato,entertainment,347.85,"Hyderabad, Telangana, IN",17.37822709664884,78.49029724796462,18.103241412148016,78.10326360354854,1618660800,0
2021-04-17 15:00:00,15:00:00,4532117045436,Amazon,grocery_pos,219.5,"Hyderabad, Telangana, IN",17.394309718858526,78.48725440850832,16.958692751030444,77.26772875843399,1618671600,0
2021-04-17 18:00:00,18:00:00,4532117045436,Netflix,gas_transport,479.11,"Hyderabad, Telangana, IN",17.40055880781492,78.47772979828254,17.79261612134325,77.75437011908348,1618682400,0
2021-04-17 21:00:00,21:00:00,4532117045436,Netflix,food_dining,613.86,"Hyderabad, Telangana, IN",17.371193023782997,78.49907338360848,18.27672095125458,77.65664243362347,1618693200,0
2021-04-18 00:00:00,00:00:00,4532117045436,Amazon,gas_transport,189.74,"Hyderabad, Telangana, IN",17.390415628015386,78.49660340361281,17.361518926447083,77.99835548397891,1618704000,0
2021-04-18 03:00:00,03:00:00,4532117045436,Amazon,entertainment,310.23,"Hyderabad, Telangana, IN",17.38562790069834,78.50208276704312,16.425536865453576,78.48152451132842,1618714800,0
2021-04-18 06:00:00,06:00:00,4532117045436,Netflix,food_dining,284.16,"Hyderabad, Telangana, IN",17.379808150636247,78.49850202706668,17.668506314282205,78.3927787527858,1618725600,0
2021-04-18 09:00:00,09:00:00,4532117045436,Amazon,gas_transport,580.04,"Hyderabad, Telangana, IN",17.37406744009555,78.48680199542844,17.276545938448486,78.0402193669779,1618736400,0
2021-04-18 12:00:00,12:00:00,4532117045436,Netflix,travel,394.53,"Hyderabad, Telangana, IN",17.39551919662988,78.49289424570057,17.807129370829074,78.46124841706565,1618747200,0
2021-04-18 15:00:00,15:00:00,4532117045436,Netflix,entertainment,400.81,"Hyderabad, Telangana, IN",17.387079896629253,78.49001833987239,17.151794486107956,77.77012642814579,1618758000,0
2021-04-18 18:00:00,18:00:00,4532117045436,Zomato,grocery_pos,476.2,"Hyderabad, Telangana, IN",17.382928699964978,78.4776291782121,18.57879081447125,78.70878916219327,1618768800,0
2021-04-18 21:00:00,21:00:00,4532117045436,Walmart,travel,318.26,"Hyderabad, Telangana, IN",17.390423821135,78.47365594138607,17.438215915773675,78.8686846531059,1618779600,0
2021-04-19 00:00:00,00:00:00,4532117045436,Netflix,entertainment,233.45,"Hyderabad, Telangana, IN",17.38372519212481,78.49039009635717,17.78053908822404,78.73314245618953,1618790400,0
2021-04-19 03:00:00,03:00:00,4532117045436,Shell,health_fitness,655.45,"Hyderabad, Telangana, IN",17.37795928278253,78.48766472998935,16.885154764101472,79.0336573840844,1618801200,0
2021-04-19 06:00:00,06:00:00,4532117045436,Apollo,food_dining,669.37,"Hyderabad, Telangana, IN",17.38628952047946,78.48333586566292,16.79746572438102,77.72802286407068,1618812000,0
2021-04-19 09:00:00,09:00:00,4532117045436,MakeMyTrip,shopping_net,476.94,"Hyderabad, Telangana, IN",17.38471994036418,78.48577631130264,16.736562046175898,78.50659192228701,1618822800,0
2021-04-19 12:00:00,12:00:00,4532117045436,Walmart,grocery_pos,487.82,"Hyderabad, Telangana, IN",17.367258120484816,78.50439463828737,16.73992520868589,78.01030871753642,1618833600,0
2021-04-19 15:00:00,15:00:00,4532117045436,Walmart,travel,639.15,"Hyderabad, Telangana, IN",17.37870433405224,78.46490390186756,17.724231899832848,77.91078833634687,1618844400,0
2021-04-19 18:00:00,18:00:00,4532117045436,Walmart,travel,473.5,"Hyderabad, Telangana, IN",17.372356049987992,78.49309896326854,17.083493838461514,77.7793956258673,1618855200,0
2021-04-19 21:00:00,21:00:00,4532117045436,Zomato,gas_transport,387.14,"Hyderabad, Telangana, IN",17.368485977248444,78.49512521141071,16.749985544070274,79.72592159159669,1618866000,0
2021-04-20 00:00:00,00:00:00,4532117045436,Netflix,food_dining,455.9,"Hyderabad, Telangana, IN",17.38967699372923,78.49637724096674,17.036654438481673,78.94235772080201,1618876800,0
2021-04-20 03:00:00,03:00:00,4532117045436,Zomato,shopping_net,658.98,"Hyderabad, Telangana, IN",17.378312330701704,78.47291646023528,17.736819520955603,79.29795899596839,1618887600,0
2021-04-20 06:00:00,06:00:00,4532117045436,Netflix,entertainment,458.0,"Hyderabad, Telangana, IN",17.395414062955194,78.48376807244597,17.72434351122319,78.66308073553267,1618898400,0
2021-04-20 09:00:00,09:00:00,4532117045436,Zomato,shopping_net,349.59,"Hyderabad, Telangana, IN",17.366714036836562,78.4832685721317,17.88345092577616,78.07276089533994,1618909200,0
2021-04-20 12:00:00,12:00:00,4532117045436,Zomato,food_dining,472.05,"Hyderabad, Telangana, IN",17.38202246065167,78.48961985842875,17.244236061109714,78.8226330560236,1618920000,0
2021-04-20 15:00:00,15:00:00,4532117045436,Apollo,food_dining,548.43,"Hyderabad, Telangana, IN",17.378840736907236,78.47540592745636,18.383560590003597,79.65804991812823,1618930800,0
2021-04-20 18:00:00,18:00:00,4532117045436,Shell,health_fitness,530.44,"Hyderabad, Telangana, IN",17.36922035325797,78.49048477532436,17.926006684718462,78.74903480486358,1618941600,0
2021-04-20 21:00:00,21:00:00,4532117045436,Zomato,health_fitness,532.92,"Hyderabad, Telangana, IN",17.385050870321816,78.47785233784073,16.797921392608913,78.4304215838594,1618952400,0
2021-04-21 00:00:00,00:00:00,4532117045436,Apollo,shopping_net,5525.82,"Kolkata, West Bengal, IN",17.370093354537023,78.48372420000587,28.585125702440802,77.02222015960116,1618963200,1
2021-04-21 03:00:00,03:00:00,4532117045436,Amazon,entertainment,6546.83,"Delhi, Delhi, IN",17.387227158396225,78.5001505304406,19.46757557017125,72.5919239199037,1618974000,1
2021-04-21 06:00:00,06:00:00,4532117045436,Shell,shopping_net,454.27,"Hyderabad, Telangana, IN",17.392207587592736,78.49512153767226,17.302462830064655,78.47867329830605,1618984800,0
2021-04-21 09:00:00,09:00:00,4532117045436,Zomato,food_dining,343.23,"Hyderabad, Telangana, IN",17.38767553176325,78.48793827079763,17.389921486180988,78.4283271773616,1618995600,0
2021-04-21 12:00:00,12:00:00,4532117045436,MakeMyTrip,food_dining,564.32,"Hyderabad, Telangana, IN",17.38893883495976,78.47277740712603,17.0520211793656,78.14789182065176,1619006400,0
2021-04-21 15:00:00,15:00:00,4532117045436,Walmart,gas_transport,381.95,"Hyderabad, Telangana, IN",17.39531234905074,78.49002380371383,17.889498339212672,78.66406011538864,1619017200,0
2021-04-21 18:00:00,18:00:00,4532117045436,Amazon,health_fitness,5390.86,"Mumbai, Maharashtra, IN",17.384732365988732,78.49069593329688,29.31536015467814,72.19543550848199,1619028000,1
2021-04-21 21:00:00,21:00:00,4532117045436,Amazon,gas_transport,299.91,"Hyderabad, Telangana, IN",17.37673972357115,78.46570585503328,17.10491794513281,78.29434155215317,1619038800,0
2021-04-22 00:00:00,00:00:00,4532117045436,Apollo,grocery_pos,422.75,"Hyderabad, Telangana, IN",17.37891048494844,78.49020848976306,17.765096777649852,78.4224603285936,1619049600,0
2021-04-22 03:00:00,03:00:00,4532117045436,Amazon,food_dining,536.75,"Hyderabad, Telangana, IN",17.37912625885302,78.47593933781246,18.47023816380083,77.95670619577203,1619060400,0
2021-04-22 06:00:00,06:00:00,4532117045436,Shell,gas_transport,320.39,"Hyderabad, Telangana, IN",17.374566612984566,78.47190424772981,17.136537629914052,78.47542389675364,1619071200,0
2021-04-22 09:00:00,09:00:00,4532117045436,Zomato,shopping_net,413.9,"Hyderabad, Telangana, IN",17.392842113034426,78.47548018577764,16.7617374598917,78.96343075671615,1619082000,0
2021-04-22 12:00:00,12:00:00,4532117045436,Zomato,health_fitness,267.51,"Hyderabad, Telangana, IN",17.390269028286834,78.46508521126616,17.954922258952152,79.21195960784353,1619092800,0
2021-04-22 15:00:00,15:00:00,4532117045436,MakeMyTrip,health_fitness,597.3,"Hyderabad, Telangana, IN",17.368349967649195,78.48262413405412,17.48252116733955,78.36835980985563,1619103600,0
2021-04-22 18:00:00,18:00:00,4532117045436,Walmart,entertainment,707.6,"Hyderabad, Telangana, IN",17.376736755371848,78.47664720015614,17.636175111955282,78.25919060501997,1619114400,0
2021-04-22 21:00:00,21:00:00,4532117045436,Apollo,shopping_net,691.39,"Hyderabad, Telangana, IN",17.37408014645119,78.49810584125638,17.402164053988226,78.35625603296177,1619125200,0
2021-04-23 00:00:00,00:00:00,4532117045436,Walmart,entertainment,6559.09,"Kolkata, West Bengal, IN",17.388173460057537,78.48310938592134,21.90084334459318,80.95714009752285,1619136000,1
2021-04-23 03:00:00,03:00:00,4532117045436,Amazon,gas_transport,579.38,"Hyderabad, Telangana, IN",17.395765095111233,78.47950172748318,17.566943565567858,78.17477765880543,1619146800,0
2021-04-23 06:00:00,06:00:00,4532117045436,MakeMyTrip,travel,139.22,"Hyderabad, Telangana, IN",17.38948186023342,78.47077001659396,17.12326947874777,78.1740502599605,1619157600,0
2021-04-23 09:00:00,09:00:00,4532117045436,Walmart,grocery_pos,476.58,"Hyderabad, Telangana, IN",17.377988075383534,78.48242071710699,17.736938823453364,78.62221648591803,1619168400,0
2021-04-23 12:00:00,12:00:00,4532117045436,Shell,shopping_net,6145.39,"Chennai, Tamil Nadu, IN",17.381810216976618,78.50023448952699,18.948092147873798,87.93141902575634,1619179200,1
2021-04-23 15:00:00,15:00:00,4532117045436,Zomato,shopping_net,582.07,"Hyderabad, Telangana, IN",17.371071487434318,78.50217319021704,17.199400186368564,78.58713763081752,1619190000,0
2021-04-23 18:00:00,18:00:00,4532117045436,Amazon,shopping_net,69.36,"Hyderabad, Telangana, IN",17.371838374832183,78.48305259592198,17.298490689001298,78.54866960459871,1619200800,0
2021-04-23 21:00:00,21:00:00,4532117045436,MakeMyTrip,entertainment,478.95,"Hyderabad, Telangana, IN",17.39346049714925,78.48600491640433,16.992057532708376,78.24447853752991,1619211600,0
2021-04-24 00:00:00,00:00:00,4532117045436,Walmart,gas_transport,417.83,"Hyderabad, Telangana, IN",17.399441122031313,78.49372902686302,17.61594413391971,78.49687203314059,1619222400,0
2021-04-24 03:00:00,03:00:00,4532117045436,Apollo,shopping_net,617.76,"Hyderabad, Telangana, IN",17.377852314711905,78.47644459040376,17.6214135774647,77.29504625066811,1619233200,0
2021-04-24 06:00:00,06:00:00,4532117045436,Shell,travel,682.2,"Hyderabad, Telangana, IN",17.385481188201325,78.49039061382217,17.365627743541648,79.26158973431568,1619244000,0
2021-04-24 09:00:00,09:00:00,4532117045436,Shell,shopping_net,310.67,"Hyderabad, Telangana, IN",17.392205237600013,78.51036729303753,16.815636399999114,78.56726000595872,1619254800,0
2021-04-24 12:00:00,12:00:00,4532117045436,Walmart,health_fitness,317.44,"Hyderabad, Telangana, IN",17.368361577981613,78.49435113867396,16.373735942828397,79.5386864032651,1619265600,0
2021-04-24 15:00:00,15:00:00,4532117045436,Zomato,grocery_pos,484.57,"Hyderabad, Telangana, IN",17.374513133883646,78.49403217533548,17.26930375377041,79.131014238675,1619276400,0
2021-04-24 18:00:00,18:00:00,4532117045436,Walmart,health_fitness,710.06,"Hyderabad, Telangana, IN",17.40493635485245,78.5001381311346,17.50330763559154,78.07915066297147,1619287200,0
2021-04-24 21:00:00,21:00:00,4532117045436,Amazon,health_fitness,459.02,"Hyderabad, Telangana, IN",17.37542283502111,78.49573784137824,17.70733858822253,78.30464997658699,1619298000,0
2021-04-25 00:00:00,00:00:00,4532117045436,Walmart,grocery_pos,3315.57,"Delhi, Delhi, IN",17.38138165690581,78.48417180684672,21.574494001225588,87.45182091730052,1619308800,1
2021-04-25 03:00:00,03:00:00,4532117045436,Shell,travel,359.12,"Hyderabad, Telangana, IN",17.378970656396042,78.47490202390698,17.206445199902745,78.15191175214368,1619319600,0
2021-04-25 06:00:00,06:00:00,4532117045436,MakeMyTrip,gas_transport,480.4,"Hyderabad, Telangana, IN",17.3650522064211,78.48536505919932,16.59395848153,77.70477972009034,1619330400,0
2021-04-25 09:00:00,09:00:00,4532117045436,Walmart,health_fitness,486.03,"Hyderabad, Telangana, IN",17.385827225385047,78.47700318634053,17.128161687825287,78.02489185033365,1619341200,0
2021-04-25 12:00:00,12:00:00,4532117045436,Zomato,gas_transport,344.39,"Hyderabad, Telangana, IN",17.384747483757014,78.48388121471555,18.476633149432928,77.96914915388977,1619352000,0
2021-04-25 15:00:00,15:00:00,4532117045436,MakeMyTrip,health_fitness,356.13,"Hyderabad, Telangana, IN",17.386808512144203,78.47798752525853,18.207116628493928,78.92746475938789,1619362800,0
2021-04-25 18:00:00,18:00:00,4532117045436,Apollo,food_dining,302.76,"Hyderabad, Telangana, IN",17.384154244426522,78.48280128867114,17.599044854623823,77.67642107420802,1619373600,0
2021-04-25 21:00:00,21:00:00,4532117045436,Netflix,grocery_pos,621.18,"Hyderabad, Telangana, IN",17.38040139059012,78.47184674068224,17.16919589613999,79.59963699732057,1619384400,0
2021-04-26 00:00:00,00:00:00,4532117045436,Walmart,health_fitness,324.78,"Hyderabad, Telangana, IN",17.37982727799648,78.47976686233989,17.33936044292181,78.32582021614861,1619395200,0
2021-04-26 03:00:00,03:00:00,4532117045436,Zomato,food_dining,380.28,"Hyderabad, Telangana, IN",17.379998239708403,78.49075513119321,18.24234968807429,79.16026059117131,1619406000,0
2021-04-26 06:00:00,06:00:00,4532117045436,MakeMyTrip,entertainment,376.01,"Hyderabad, Telangana, IN",17.375113102811532,78.49327937907483,17.4899954826285,78.00461186550937,1619416800,0
2021-04-26 09:00:00,09:00:00,4532117045436,Zomato,food_dining,209.11,"Hyderabad, Telangana, IN",17.376661953876127,78.49110944187194,17.194747341875324,78.87577549923297,1619427600,0
2021-04-26 12:00:00,12:00:00,4532117045436,Apollo,shopping_net,320.49,"Hyderabad, Telangana, IN",17.375280863202697,78.48294017678995,18.04812484925381,77.75247758909374,1619438400,0
2021-04-26 15:00:00,15:00:00,4532117045436,Shell,health_fitness,634.22,"Hyderabad, Telangana, IN",17.390734104938954,78.48794822585418,16.411162434445927,77.74967572234603,1619449200,0
2021-04-26 18:00:00,18:00:00,4532117045436,Zomato,food_dining,268.61,"Hyderabad, Telangana, IN",17.38806102570458,78.50613966823775,16.882719335992533,79.03394667626272,1619460000,0
2021-04-26 21:00:00,21:00:00,4532117045436,MakeMyTrip,gas_transport,305.45,"Hyderabad, Telangana, IN",17.38527133848182,78.47949251917652,16.982524190350357,78.42573732747549,1619470800,0
2021-04-27 00:00:00,00:00:00,4532117045436,Zomato,entertainment,250.12,"Hyderabad, Telangana, IN",17.4044226521086,78.50274920792657,17.885813004688384,78.38758916005084,1619481600,0
2021-04-27 03:00:00,03:00:00,4532117045436,Zomato,travel,436.41,"Hyderabad, Telangana, IN",17.375743046900556,78.47226140533894,17.104609590258995,77.98505940054974,1619492400,0
2021-04-27 06:00:00,06:00:00,4532117045436,Zomato,health_fitness,732.82,"Hyderabad, Telangana, IN",17.396187768152533,78.46961162527478,16.498485961680583,78.0510832438706,1619503200,0
2021-04-27 09:00:00,09:00:00,4532117045436,Amazon,shopping_net,430.1,"Hyderabad, Telangana, IN",17.382399698255124,78.48522718474621,17.038908551001743,77.68869423451376,1619514000,0
2021-04-27 12:00:00,12:00:00,4532117045436,Amazon,travel,460.01,"Hyderabad, Telangana, IN",17.386571646849404,78.4863255163491,17.14952221614588,78.22504678912972,1619524800,0
2021-04-27 15:00:00,15:00:00,4532117045436,Shell,food_dining,330.68,"Hyderabad, Telangana, IN",17.39171136231461,78.47539368633498,17.351252820315057,78.61481248947267,1619535600,0
2021-04-27 18:00:00,18:00:00,4532117045436,Walmart,travel,440.76,"Hyderabad, Telangana, IN",17.380224634623083,78.48340886878326,17.44911642087367,78.52631554771646,1619546400,0
2021-04-27 21:00:00,21:00:00,4532117045436,Zomato,travel,634.36,"Hyderabad, Telangana, IN",17.374433021618266,78.49072618398009,17.86883682785338,78.53158111255934,1619557200,0
2021-04-28 00:00:00,00:00:00,4532117045436,Apollo,entertainment,471.44,"Hyderabad, Telangana, IN",17.37608224168975,78.47695132324193,17.228983568626322,77.46018569889694,1619568000,0
2021-04-28 03:00:00,03:00:00,4532117045436,Walmart,travel,769.77,"Hyderabad, Telangana, IN",17.363937161829664,78.4968591211711,17.093621825917825,78.58506211749423,1619578800,0
2021-04-28 06:00:00,06:00:00,4532117045436,Apollo,travel,638.92,"Hyderabad, Telangana, IN",17.391067961573214,78.49795161874015,17.408348315499683,78.32728288984887,1619589600,0
2021-04-28 09:00:00,09:00:00,4532117045436,Walmart,health_fitness,437.05,"Hyderabad, Telangana, IN",17.3908273962666,78.49915051686534,17.50632446144095,78.09370459378194,1619600400,0
2021-04-28 12:00:00,12:00:00,4532117045436,Shell,entertainment,434.13,"Hyderabad, Telangana, IN",17.400836505560925,78.47762100044194,17.084335061291124,77.86913801444109,1619611200,0
2021-04-28 15:00:00,15:00:00,4532117045436,Zomato,shopping_net,694.64,"Hyderabad, Telangana, IN",17.38914928909069,78.47892133307256,16.533492294433927,78.81867336612345,1619622000,0
2021-04-28 18:00:00,18:00:00,4532117045436,Zomato,food_dining,470.6,"Hyderabad, Telangana, IN",17.391552247474266,78.4849712692462,17.14005049830542,77.42365211205039,1619632800,0
2021-04-28 21:00:00,21:00:00,4532117045436,Netflix,entertainment,6172.98,"Delhi, Delhi, IN",17.384184536441307,78.48397757482545,22.477394063105223,72.9310444042034,1619643600,1
2021-04-29 00:00:00,00:00:00,4532117045436,Apollo,entertainment,750.44,"Hyderabad, Telangana, IN",17.389648792208163,78.48344309417178,17.345592541615055,78.56026593687889,1619654400,0
2021-04-29 03:00:00,03:00:00,4532117045436,Walmart,grocery_pos,419.37,"Hyderabad, Telangana, IN",17.3958959293366,78.49425758046958,18.00692550480523,78.22965103643097,1619665200,0
2021-04-29 06:00:00,06:00:00,4532117045436,Walmart,entertainment,502.79,"Hyderabad, Telangana, IN",17.386814722168587,78.49281671060977,17.636277371479206,78.67579811094214,1619676000,0
2021-04-29 09:00:00,09:00:00,4532117045436,Amazon,grocery_pos,597.0,"Hyderabad, Telangana, IN",17.379787684421615,78.477954350023,17.121039530088876,78.5348840175681,1619686800,0
2021-04-29 12:00:00,12:00:00,4532117045436,Netflix,food_dining,565.13,"Hyderabad, Telangana, IN",17.382797737654386,78.47528837034193,18.119519357814983,78.14708844413681,1619697600,0
2021-04-29 15:00:00,15:00:00,4532117045436,MakeMyTrip,travel,564.07,"Hyderabad, Telangana, IN",17.392518636032335,78.47430927027129,16.950472734136138,77.64030106974042,1619708400,0
2021-04-29 18:00:00,18:00:00,4532117045436,MakeMyTrip,health_fitness,249.98,"Hyderabad, Telangana, IN",17.380087365937243,78.47790941908002,16.547420971673848,78.86327433213894,1619719200,0
2021-04-29 21:00:00,21:00:00,4532117045436,Amazon,health_fitness,322.74,"Hyderabad, Telangana, IN",17.393890663261715,78.49515889640233,17.557038999195353,78.40024824234047,1619730000,0
2021-04-30 00:00:00,00:00:00,4532117045436,Amazon,food_dining,375.71,"Hyderabad, Telangana, IN",17.404085978716907,78.48813328971673,16.99306258936824,77.82903063441786,1619740800,0
2021-04-30 03:00:00,03:00:00,4532117045436,Amazon,food_dining,632.16,"Hyderabad, Telangana, IN",17.39401462134832,78.4959584917071,17.356661610621106,77.43703373817945,1619751600,0
2021-04-30 06:00:00,06:00:00,4532117045436,Apollo,gas_transport,264.69,"Hyderabad, Telangana, IN",17.39247135903209,78.46969980514436,16.849012037335054,78.65296720071208,1619762400,0
2021-04-30 09:00:00,09:00:00,4532117045436,Apollo,travel,678.48,"Hyderabad, Telangana, IN",17.388476322610575,78.48943391103985,17.387270352455662,78.16903093346909,1619773200,0
2021-04-30 12:00:00,12:00:00,4532117045436,Shell,food_dining,566.98,"Hyderabad, Telangana, IN",17.37723130516418,78.4893059114514,17.627397741047822,77.91388724061365,1619784000,0
2021-04-30 15:00:00,15:00:00,4532117045436,Shell,entertainment,623.13,"Hyderabad, Telangana, IN",17.376324180339637,78.498703183082,17.701289333022,79.07573556569197,1619794800,0
2021-04-30 18:00:00,18:00:00,4532117045436,Amazon,health_fitness,310.57,"Hyderabad, Telangana, IN",17.376223776098506,78.48260907557844,16.81586137441865,77.54921767735239,1619805600,0
2021-04-30 21:00:00,21:00:00,4532117045436,Netflix,shopping_net,460.85,"Hyderabad, Telangana, IN",17.390547320688487,78.48190174562869,16.707939316613512,78.36180619064291,1619816400,0
2021-05-01 00:00:00,00:00:00,4532117045436,Walmart,health_fitness,494.84,"Hyderabad, Telangana, IN",17.38110537112713,78.50176499578305,17.583741221076572,78.84905672507412,1619827200,0
2021-05-01 03:00:00,03:00:00,4532117045436,Apollo,grocery_pos,488.25,"Hyderabad, Telangana, IN",17.384710076080815,78.48498986738957,17.195213401623775,78.73100442363697,1619838000,0
2021-05-01 06:00:00,06:00:00,4532117045436,Netflix,health_fitness,494.35,"Hyderabad, Telangana, IN",17.38918656430653,78.48847270714707,17.106618661710563,77.8349692213853,1619848800,0
2021-05-01 09:00:00,09:00:00,4532117045436,Zomato,gas_transport,408.52,"Hyderabad, Telangana, IN",17.376595787117417,78.4914629871236,17.32620069556251,79.14536612394592,1619859600,0
2021-05-01 12:00:00,12:00:00,4532117045436,Apollo,travel,470.28,"Hyderabad, Telangana, IN",17.379980762003722,78.47002242896293,17.299796725620073,79.19663806739923,1619870400,0
2021-05-01 15:00:00,15:00:00,4532117045436,Apollo,food_dining,605.03,"Hyderabad, Telangana, IN",17.388228828016295,78.4871110213572,17.571976384289428,78.99890889583841,1619881200,0
2021-05-01 18:00:00,18:00:00,4532117045436,Shell,travel,275.02,"Hyderabad, Telangana, IN",17.382091461308907,78.47424862322246,17.628755801081418,78.05336534119346,1619892000,0
2021-05-01 21:00:00,21:00:00,4532117045436,Walmart,food_dining,682.06,"Hyderabad, Telangana, IN",17.383025489684425,78.48582370638029,17.876946198837516,78.37404355123972,1619902800,0
2021-05-02 00:00:00,00:00:00,4532117045436,Walmart,health_fitness,597.28,"Hyderabad, Telangana, IN",17.374673449837033,78.48375436243947,17.255885940928007,79.11573367680263,1619913600,0
2021-05-02 03:00:00,03:00:00,4532117045436,MakeMyTrip,shopping_net,305.22,"Hyderabad, Telangana, IN",17.383160884826513,78.48163631120795,17.88288598804896,78.70875755898834,1619924400,0
2021-05-02 06:00:00,06:00:00,4532117045436,MakeMyTrip,shopping_net,507.58,"Hyderabad, Telangana, IN",17.40152169977868,78.49296672683569,17.678758703036607,78.16759870713666,1619935200,0
2021-05-02 09:00:00,09:00:00,4532117045436,MakeMyTrip,gas_transport,585.22,"Hyderabad, Telangana, IN",17.38053647494799,78.48767396822075,17.821512077088045,78.38032841060955,1619946000,0
2021-05-02 12:00:00,12:00:00,4532117045436,MakeMyTrip,grocery_pos,264.71,"Hyderabad, Telangana, IN",17.37352989184956,78.47609097533235,16.831615351937128,77.72431756238669,1619956800,0
2021-05-02 15:00:00,15:00:00,4532117045436,Zomato,health_fitness,456.3,"Hyderabad, Telangana, IN",17.394581361576115,78.47575156254773,17.333470418600406,79.06130269158687,1619967600,0
2021-05-02 18:00:00,18:00:00,4532117045436,Zomato,food_dining,438.22,"Hyderabad, Telangana, IN",17.390233549318417,78.49510150658104,18.332619158964718,78.4357372307136,1619978400,0
2021-05-02 21:00:00,21:00:00,4532117045436,Apollo,health_fitness,353.16,"Hyderabad, Telangana, IN",17.387126184425178,78.48632221451794,16.69940477870754,79.35819654456296,1619989200,0
2021-05-03 00:00:00,00:00:00,4532117045436,Amazon,gas_transport,463.85,"Hyderabad, Telangana, IN",17.371813580341676,78.47245899150272,18.280768565839175,77.57371327383345,1620000000,0
2021-05-03 03:00:00,03:00:00,4532117045436,Shell,entertainment,359.96,"Hyderabad, Telangana, IN",17.37323386316802,78.48253504288941,18.258641661525523,78.00094717707135,1620010800,0
2021-05-03 06:00:00,06:00:00,4532117045436,Shell,entertainment,656.15,"Hyderabad, Telangana, IN",17.36962681150203,78.48512551070785,17.750981032220917,78.46029638461123,1620021600,0
2021-05-03 09:00:00,09:00:00,4532117045436,MakeMyTrip,gas_transport,356.0,"Hyderabad, Telangana, IN",17.389315315011505,78.4743607811154,16.71162741667782,79.61737557457045,1620032400,0
2021-05-03 12:00:00,12:00:00,4532117045436,Apollo,food_dining,568.8,"Hyderabad, Telangana, IN",17.395198689285017,78.48033077761781,17.27670893688793,78.52553886254483,1620043200,0
2021-05-03 15:00:00,15:00:00,4532117045436,Netflix,travel,201.69,"Hyderabad, Telangana, IN",17.389652676067723,78.49587854553245,17.7812829017158,78.10680047405921,1620054000,0
2021-05-03 18:00:00,18:00:00,4532117045436,Amazon,gas_transport,425.73,"Hyderabad, Telangana, IN",17.40449902397717,78.51159628260386,16.722096983569063,78.49558775861198,1620064800,0
2021-05-03 21:00:00,21:00:00,4532117045436,Apollo,food_dining,451.85,"Hyderabad, Telangana, IN",17.38058096336835,78.48972662259933,17.723115898819735,78.14878833171092,1620075600,0
2021-05-04 00:00:00,00:00:00,4532117045436,Amazon,shopping_net,420.86,"Hyderabad, Telangana, IN",17.381763305586652,78.47315128786367,17.438994673241723,78.9598586437701,1620086400,0
2021-05-04 03:00:00,03:00:00,4532117045436,Amazon,gas_transport,390.55,"Hyderabad, Telangana, IN",17.38606561891395,78.48452341584768,17.100501800077232,78.91737221800864,1620097200,0
2021-05-04 06:00:00,06:00:00,4532117045436,Amazon,food_dining,349.87,"Hyderabad, Telangana, IN",17.382705015842568,78.4879202991817,16.825392375212957,79.29182519931682,1620108000,0
2021-05-04 09:00:00,09:00:00,4532117045436,Apollo,gas_transport,563.18,"Hyderabad, Telangana, IN",17.3899871090985,78.4945634365065,18.114525023010472,77.66562355910882,1620118800,0
2021-05-04 12:00:00,12:00:00,4532117045436,MakeMyTrip,gas_transport,599.92,"Hyderabad, Telangana, IN",17.378603790610615,78.49479992139132,17.773387831348828,77.58416701520198,1620129600,0
2021-05-04 15:00:00,15:00:00,4532117045436,Shell,travel,437.68,"Hyderabad, Telangana, IN",17.371052756550576,78.50034252790341,17.302527372895277,78.3702410040989,1620140400,0
2021-05-04 18:00:00,18:00:00,4532117045436,Shell,travel,285.5,"Hyderabad, Telangana, IN",17.367106594210085,78.4866844920302,17.402411802835385,78.8946091758684,1620151200,0
2021-05-04 21:00:00,21:00:00,4532117045436,MakeMyTrip,food_dining,719.09,"Hyderabad, Telangana, IN",17.389805126237654,78.48687678501837,17.251085804433192,78.99901756631175,1620162000,0
2021-05-05 00:00:00,00:00:00,4532117045436,Amazon,food_dining,2465.35,"Chennai, Tamil Nadu, IN",17.379740888793908,78.46782063058409,28.562552965178792,73.57618428335789,1620172800,1
2021-05-05 03:00:00,03:00:00,4532117045436,Netflix,grocery_pos,231.09,"Hyderabad, Telangana, IN",17.373304590195488,78.4765722084608,18.029244541536485,78.89372073804331,1620183600,0
2021-05-05 06:00:00,06:00:00,4532117045436,Walmart,gas_transport,148.11,"Hyderabad, Telangana, IN",17.37880940930001,78.47307748218763,17.494421346942868,79.24419300639505,1620194400,0
2021-05-05 09:00:00,09:00:00,4532117045436,Apollo,entertainment,464.92,"Hyderabad, Telangana, IN",17.404525319025957,78.47829358449476,17.862190665209084,78.09281804768096,1620205200,0
2021-05-05 12:00:00,12:00:00,4532117045436,Walmart,gas_transport,417.39,"Hyderabad, Telangana, IN",17.37389106607164,78.47518128118276,17.157885109763104,79.22025132731149,1620216000,0
2021-05-05 15:00:00,15:00:00,4532117045436,MakeMyTrip,gas_transport,604.64,"Hyderabad, Telangana, IN",17.3922719153035,78.47585807491055,17.43106909509556,79.23548693659681,1620226800,0
2021-05-05 18:00:00,18:00:00,4532117045436,Netflix,food_dining,541.66,"Hyderabad, Telangana, IN",17.389210935714495,78.49759278233695,17.544961800001143,78.2107190255753,1620237600,0
2021-05-05 21:00:00,21:00:00,4532117045436,Apollo,gas_transport,493.53,"Hyderabad, Telangana, IN",17.398414328180134,78.4674640714277,17.900579016992904,78.01212445043642,1620248400,0
2021-05-06 00:00:00,00:00:00,4532117045436,MakeMyTrip,health_fitness,409.29,"Hyderabad, Telangana, IN",17.38376907128386,78.48471648578477,18.281498210368895,78.86562137780216,1620259200,0
2021-05-06 03:00:00,03:00:00,4532117045436,Amazon,gas_transport,616.5,"Hyderabad, Telangana, IN",17.369396556015694,78.49534157258468,17.2106242590244,79.48203057240886,1620270000,0
2021-05-06 06:00:00,06:00:00,4532117045436,Shell,health_fitness,730.11,"Hyderabad, Telangana, IN",17.394925453047808,78.48368507111003,17.211191610275936,78.06446912672413,1620280800,0
2021-05-06 09:00:00,09:00:00,4532117045436,Walmart,travel,601.35,"Hyderabad, Telangana, IN",17.382501776848873,78.4999710842792,17.262145594558344,79.44686163110941,1620291600,0
2021-05-06 12:00:00,12:00:00,4532117045436,Zomato,entertainment,380.47,"Hyderabad, Telangana, IN",17.39774463129812,78.48070428630683,17.08684967668493,78.00646229939066,1620302400,0
2021-05-06 15:00:00,15:00:00,4532117045436,Zomato,food_dining,2244.46,"Mumbai, Maharashtra, IN",17.393159688933117,78.50420743240635,14.132342206886813,88.31448125667585,1620313200,1
2021-05-06 18:00:00,18:00:00,4532117045436,Netflix,gas_transport,389.69,"Hyderabad, Telangana, IN",17.39495869592381,78.47101382910063,16.5442056384521,77.92197143051025,1620324000,0
2021-05-06 21:00:00,21:00:00,4532117045436,Amazon,health_fitness,284.24,"Hyderabad, Telangana, IN",17.408684817093256,78.49998975586807,18.72819889174152,78.70207508844561,1620334800,0
2021-05-07 00:00:00,00:00:00,4532117045436,Walmart,health_fitness,315.14,"Hyderabad, Telangana, IN",17.38781998044896,78.47775761711618,17.704335762630063,78.55452764546727,1620345600,0
2021-05-07 03:00:00,03:00:00,4532117045436,Amazon,travel,396.27,"Hyderabad, Telangana, IN",17.399428550698115,78.5011489842416,17.34371131202326,78.5115355416626,1620356400,0
2021-05-07 06:00:00,06:00:00,4532117045436,Walmart,health_fitness,465.59,"Hyderabad, Telangana, IN",17.380951544659705,78.48201929221064,16.96618407906536,78.17285835975707,1620367200,0
2021-05-07 09:00:00,09:00:00,4532117045436,Netflix,shopping_net,759.09,"Hyderabad, Telangana, IN",17.39040711396666,78.49774591098902,17.364767135036747,78.27306777905845,1620378000,0
2021-05-07 12:00:00,12:00:00,4532117045436,Netflix,grocery_pos,317.75,"Hyderabad, Telangana, IN",17.379977292804284,78.49943800806487,17.103127066996503,78.45346122174107,1620388800,0
2021-05-07 15:00:00,15:00:00,4532117045436,Zomato,entertainment,648.52,"Hyderabad, Telangana, IN",17.38979239839058,78.48092047441823,18.075179562248703,78.35617704658162,1620399600,0
2021-05-07 18:00:00,18:00:00,4532117045436,Amazon,travel,402.41,"Hyderabad, Telangana, IN",17.388748054972737,78.49691896801885,17.700514601154296,78.46535625949092,1620410400,0
2021-05-07 21:00:00,21:00:00,4532117045436,Apollo,travel,147.54,"Hyderabad, Telangana, IN",17.364394334564942,78.48642033941223,18.220458402685512,77.7384400656463,1620421200,0
2021-05-08 00:00:00,00:00:00,4532117045436,Zomato,gas_transport,374.14,"Hyderabad, Telangana, IN",17.378882721063434,78.47207397772827,17.239796943246706,77.41126589666369,1620432000,0
2021-05-08 03:00:00,03:00:00,4532117045436,Amazon,shopping_net,626.5,"Hyderabad, Telangana, IN",17.387303157048724,78.4917830970566,17.455671164466146,78.66018602974042,1620442800,0
2021-05-08 06:00:00,06:00:00,4532117045436,Zomato,gas_transport,501.7,"Hyderabad, Telangana, IN",17.362426070177893,78.47653428862421,17.33629830621388,78.67649736384375,1620453600,0
2021-05-08 09:00:00,09:00:00,4532117045436,Apollo,gas_transport,510.67,"Hyderabad, Telangana, IN",17.38404155629295,78.48016985301919,17.198095155627176,78.60387085124385,1620464400,0
2021-05-08 12:00:00,12:00:00,4532117045436,Shell,food_dining,649.28,"Hyderabad, Telangana, IN",17.395084702898398,78.47777215696051,16.87048051215392,78.75057984424537,1620475200,0
2021-05-08 15:00:00,15:00:00,4532117045436,Shell,food_dining,294.55,"Hyderabad, Telangana, IN",17.39800246483226,78.49048217281012,17.744686780529936,78.26034334217353,1620486000,0
2021-05-08 18:00:00,18:00:00,4532117045436,Shell,food_dining,292.24,"Hyderabad, Telangana, IN",17.377175552863218,78.47684421258812,17.555514604814952,78.31085075147062,1620496800,0
2021-05-08 21:00:00,21:00:00,4532117045436,Shell,shopping_net,110.44,"Hyderabad, Telangana, IN",17.39864406173548,78.47443645614553,17.361381223304733,78.2476441470532,1620507600,0
2021-05-09 00:00:00,00:00:00,4532117045436,MakeMyTrip,gas_transport,581.56,"Hyderabad, Telangana, IN",17.3970811651317,78.47626628272204,17.636471980244732,77.58163960488804,1620518400,0
2021-05-09 03:00:00,03:00:00,4532117045436,Walmart,grocery_pos,534.37,"Hyderabad, Telangana, IN",17.363521093027614,78.47960220642787,17.178928990564568,78.77408151736981,1620529200,0
2021-05-09 06:00:00,06:00:00,4532117045436,MakeMyTrip,entertainment,558.59,"Hyderabad, Telangana, IN",17.386157919129843,78.49166668793181,17.392600105021458,78.87937083846678,1620540000,0
2021-05-09 09:00:00,09:00:00,4532117045436,MakeMyTrip,food_dining,272.55,"Hyderabad, Telangana, IN",17.38726429211212,78.49579072242885,17.816016109791626,78.9526274090415,1620550800,0
2021-05-09 12:00:00,12:00:00,4532117045436,MakeMyTrip,food_dining,209.36,"Hyderabad, Telangana, IN",17.40018795217893,78.49564747549965,17.88432351782748,78.33130721191988,1620561600,0
2021-05-09 15:00:00,15:00:00,4532117045436,Shell,travel,252.06,"Hyderabad, Telangana, IN",17.387863849609253,78.48635244125954,18.149093866357795,78.12793541688418,1620572400,0
2021-05-09 18:00:00,18:00:00,4532117045436,Apollo,gas_transport,311.61,"Hyderabad, Telangana, IN",17.398937310396082,78.48609442207456,16.830222980594158,78.25144589729041,1620583200,0
2021-05-09 21:00:00,21:00:00,4532117045436,Netflix,gas_transport,683.09,"Hyderabad, Telangana, IN",17.37719218314603,78.48486275544319,16.90368762764848,78.22894920573563,1620594000,0
2021-05-10 00:00:00,00:00:00,4532117045436,Netflix,shopping_net,600.02,"Hyderabad, Telangana, IN",17.369019507466014,78.49114152020822,16.8090375726962,77.48496727851538,1620604800,0
2021-05-10 03:00:00,03:00:00,4532117045436,Walmart,shopping_net,381.27,"Hyderabad, Telangana, IN",17.37852161812378,78.49789593555896,17.060893266134876,78.63527109446207,1620615600,0
2021-05-10 06:00:00,06:00:00,4532117045436,Shell,food_dining,494.89,"Hyderabad, Telangana, IN",17.400769884366806,78.4851890219499,17.2174002824272,78.90853125098313,1620626400,0
2021-05-10 09:00:00,09:00:00,4532117045436,Shell,gas_transport,348.25,"Hyderabad, Telangana, IN",17.394259193800067,78.49202635743302,17.60352984602103,78.5950086973034,1620637200,0
2021-05-10 12:00:00,12:00:00,4532117045436,Shell,grocery_pos,504.64,"Hyderabad, Telangana, IN",17.408224614336405,78.47429569542167,17.96727454245336,78.4979741565485,1620648000,0
2021-05-10 15:00:00,15:00:00,4532117045436,Zomato,entertainment,279.29,"Hyderabad, Telangana, IN",17.3705667055459,78.49522674843615,17.18807079038658,78.17307297650204,1620658800,0
2021-05-10 18:00:00,18:00:00,4532117045436,Amazon,gas_transport,562.54,"Hyderabad, Telangana, IN",17.395413219796936,78.48886068092253,17.671986413031753,78.86771301598559,1620669600,0
2021-05-10 21:00:00,21:00:00,4532117045436,Zomato,travel,322.54,"Hyderabad, Telangana, IN",17.392548661997736,78.47637417562007,18.0239978361023,78.44286426714028,1620680400,0
2021-05-11 00:00:00,00:00:00,4532117045436,Amazon,gas_transport,570.89,"Hyderabad, Telangana, IN",17.382146832628372,78.49739284550168,17.15737115128571,77.87733294072925,1620691200,0
2021-05-11 03:00:00,03:00:00,4532117045436,Shell,health_fitness,385.89,"Hyderabad, Telangana, IN",17.392759275916628,78.47428781975977,17.244351372886122,79.14828705160838,1620702000,0
2021-05-11 06:00:00,06:00:00,4532117045436,Shell,shopping_net,331.49,"Hyderabad, Telangana, IN",17.386399648109236,78.46395084710879,17.418057285964466,78.81003710159587,1620712800,0
2021-05-11 09:00:00,09:00:00,4532117045436,Zomato,travel,691.95,"Hyderabad, Telangana, IN",17.389603075155417,78.49516783348194,16.54718952232472,79.31415711736429,1620723600,0
2021-05-11 12:00:00,12:00:00,4532117045436,Zomato,entertainment,476.54,"Hyderabad, Telangana, IN",17.39180549931004,78.49055368911169,17.640648869164664,79.06810522101154,1620734400,0
2021-05-11 15:00:00,15:00:00,4532117045436,Amazon,food_dining,401.67,"Hyderabad, Telangana, IN",17.39480109295255,78.47458981648298,16.782575577297653,78.17519559659812,1620745200,0
2021-05-11 18:00:00,18:00:00,4532117045436,Netflix,travel,563.73,"Hyderabad, Telangana, IN",17.385868116661605,78.49025352881239,17.77985316381188,78.34415508552064,1620756000,0
2021-05-11 21:00:00,21:00:00,4532117045436,Amazon,gas_transport,249.0,"Hyderabad, Telangana, IN",17.40277336054613,78.49839878251646,17.169528838731743,78.99247235606555,1620766800,0
2021-05-12 00:00:00,00:00:00,4532117045436,Zomato,food_dining,616.03,"Hyderabad, Telangana, IN",17.38284274675105,78.48931177546433,17.12980194538604,77.89906355269827,1620777600,0
2021-05-12 03:00:00,03:00:00,4532117045436,Apollo,gas_transport,429.08,"Hyderabad, Telangana, IN",17.403837576206882,78.51108550473076,16.895673032097637,79.31464653814015,1620788400,0
2021-05-12 06:00:00,06:00:00,4532117045436,Zomato,food_dining,540.12,"Hyderabad, Telangana, IN",17.373721560715577,78.4781898574613,17.65549970774594,78.6504360903309,1620799200,0
2021-05-12 09:00:00,09:00:00,4532117045436,Apollo,entertainment,217.82,"Hyderabad, Telangana, IN",17.37514940475321,78.46434342385344,17.652238309044936,78.90067915212322,1620810000,0
2021-05-12 12:00:00,12:00:00,4532117045436,Walmart,shopping_net,5307.7,"Mumbai, Maharashtra, IN",17.375734897346444,78.47259032344147,13.485182448766656,89.320074608796,1620820800,1
2021-05-12 15:00:00,15:00:00,4532117045436,Zomato,entertainment,450.69,"Hyderabad, Telangana, IN",17.39456860781726,78.46375618490596,18.283823548161443,78.51339417368722,1620831600,0
2021-05-12 18:00:00,18:00:00,4532117045436,Walmart,health_fitness,604.54,"Hyderabad, Telangana, IN",17.37694538480693,78.50808897857164,17.402149337086307,78.34152301005312,1620842400,0
2021-05-12 21:00:00,21:00:00,4532117045436,Netflix,grocery_pos,552.06,"Hyderabad, Telangana, IN",17.399901253606036,78.48665059461973,17.37802070694684,78.41344810049601,1620853200,0
2021-05-13 00:00:00,00:00:00,4532117045436,Amazon,shopping_net,391.13,"Hyderabad, Telangana, IN",17.379735262891273,78.50609102053895,17.414652916421357,77.15132981935714,1620864000,0
2021-05-13 03:00:00,03:00:00,4532117045436,Apollo,entertainment,497.69,"Hyderabad, Telangana, IN",17.388992856982487,78.48315446500638,17.044840601406108,78.76807990472999,1620874800,0
2021-05-13 06:00:00,06:00:00,4532117045436,Amazon,health_fitness,638.49,"Hyderabad, Telangana, IN",17.39140087525437,78.47764911641168,16.888077524213518,79.57606663793094,1620885600,0
2021-05-13 09:00:00,09:00:00,4532117045436,Walmart,grocery_pos,420.0,"Hyderabad, Telangana, IN",17.374842556769007,78.46939925121772,17.19823465779538,78.07210474915371,1620896400,0
2021-05-13 12:00:00,12:00:00,4532117045436,Apollo,health_fitness,403.67,"Hyderabad, Telangana, IN",17.371092265632303,78.48273246569617,17.70199180772938,77.75264055595568,1620907200,0
2021-05-13 15:00:00,15:00:00,4532117045436,Amazon,gas_transport,166.54,"Hyderabad, Telangana, IN",17.387828832000345,78.49514208648834,16.459344250129647,79.27108362893867,1620918000,0
2021-05-13 18:00:00,18:00:00,4532117045436,Zomato,gas_transport,408.14,"Hyderabad, Telangana, IN",17.382227583697677,78.4844538776753,16.635235297232473,78.67549511275524,1620928800,0
2021-05-13 21:00:00,21:00:00,4532117045436,Shell,food_dining,189.06,"Hyderabad, Telangana, IN",17.389984490078845,78.47072492425247,17.081222964639338,78.93903119543607,1620939600,0
2021-05-14 00:00:00,00:00:00,4532117045436,Walmart,shopping_net,432.85,"Hyderabad, Telangana, IN",17.371543419206954,78.49323124615049,16.487958380444198,78.73835006261176,1620950400,0
2021-05-14 03:00:00,03:00:00,4532117045436,Amazon,gas_transport,598.22,"Hyderabad, Telangana, IN",17.381432428320945,78.49508797621002,16.676644845527644,78.02303103636095,1620961200,0
2021-05-14 06:00:00,06:00:00,4532117045436,Walmart,travel,132.05,"Hyderabad, Telangana, IN",17.383181623584083,78.48140145289406,17.789731151491484,78.94112800216547,1620972000,0
2021-05-14 09:00:00,09:00:00,4532117045436,MakeMyTrip,health_fitness,635.13,"Hyderabad, Telangana, IN",17.360625302635597,78.48014945289727,17.165868827926804,78.24020607204108,1620982800,0
2021-05-14 12:00:00,12:00:00,4532117045436,Walmart,shopping_net,400.47,"Hyderabad, Telangana, IN",17.394954572709572,78.46960654281158,16.962051166598446,78.07371301779266,1620993600,0
2021-05-14 15:00:00,15:00:00,4532117045436,Apollo,travel,445.93,"Hyderabad, Telangana, IN",17.37742558154884,78.49298067996932,17.45497867335231,78.80591637511876,1621004400,0
2021-05-14 18:00:00,18:00:00,4532117045436,MakeMyTrip,gas_transport,374.64,"Hyderabad, Telangana, IN",17.399991613416727,78.48207670982922,17.442495448862257,78.57308737557996,1621015200,0
2021-05-14 21:00:00,21:00:00,4532117045436,Apollo,food_dining,193.01,"Hyderabad, Telangana, IN",17.37807169282086,78.45991219866,17.96730164598154,78.69326749851477,1621026000,0
2021-05-15 00:00:00,00:00:00,4532117045436,Shell,entertainment,7148.6,"Mumbai, Maharashtra, IN",17.37978673264007,78.47184912946176,12.688213855697532,73.98579328935644,1621036800,1
2021-05-15 03:00:00,03:00:00,4532117045436,MakeMyTrip,food_dining,764.61,"Hyderabad, Telangana, IN",17.372580878814396,78.49232218385397,16.921781163861777,78.90184934458878,1621047600,0
2021-05-15 06:00:00,06:00:00,4532117045436,Zomato,travel,285.59,"Hyderabad, Telangana, IN",17.396466127310887,78.48328086294461,17.086494086190243,79.1350564492309,1621058400,0
2021-05-15 09:00:00,09:00:00,4532117045436,Walmart,grocery_pos,211.72,"Hyderabad, Telangana, IN",17.389541618495105,78.47534542109013,17.580568247388218,78.59246906671149,1621069200,0
2021-05-15 12:00:00,12:00:00,4532117045436,Amazon,gas_transport,471.19,"Hyderabad, Telangana, IN",17.399001357111327,78.48723792877847,18.830947617027107,79.20899923256447,1621080000,0
2021-05-15 15:00:00,15:00:00,4532117045436,Netflix,travel,437.13,"Hyderabad, Telangana, IN",17.38292651006562,78.47829952605818,17.678190538653265,79.05254547556902,1621090800,0
2021-05-15 18:00:00,18:00:00,4532117045436,Walmart,grocery_pos,4315.51,"Delhi, Delhi, IN",17.384582842532172,78.48027225851973,21.99740570794138,77.03990079168209,1621101600,1
2021-05-15 21:00:00,21:00:00,4532117045436,Walmart,grocery_pos,452.17,"Hyderabad, Telangana, IN",17.368179867682297,78.48400470579355,16.77835905196445,78.19932159092907,1621112400,0
2021-05-16 00:00:00,00:00:00,4532117045436,Shell,health_fitness,546.63,"Hyderabad, Telangana, IN",17.378759556231305,78.5035549177171,16.715788919618625,78.97655211139046,1621123200,0
2021-05-16 03:00:00,03:00:00,4532117045436,Zomato,shopping_net,361.93,"Hyderabad, Telangana, IN",17.386704986547674,78.50350762002594,17.836572635771397,78.7004874841494,1621134000,0
2021-05-16 06:00:00,06:00:00,4532117045436,Netflix,health_fitness,479.16,"Hyderabad, Telangana, IN",17.388872008374666,78.46698820425642,16.987611204475495,77.81553848706417,1621144800,0
2021-05-16 09:00:00,09:00:00,4532117045436,MakeMyTrip,gas_transport,603.58,"Hyderabad, Telangana, IN",17.403239374733054,78.4860539085492,17.207958316875885,77.89457058698612,1621155600,0
2021-05-16 12:00:00,12:00:00,4532117045436,MakeMyTrip,grocery_pos,300.71,"Hyderabad, Telangana, IN",17.36649052843758,78.47217793415079,18.213634538257235,77.87921385696683,1621166400,0
2021-05-16 15:00:00,15:00:00,4532117045436,MakeMyTrip,travel,101.67,"Hyderabad, Telangana, IN",17.38729454750804,78.47606761531388,16.527688689733942,77.89012012594559,1621177200,0
2021-05-16 18:00:00,18:00:00,4532117045436,Apollo,entertainment,550.62,"Hyderabad, Telangana, IN",17.381237627239027,78.46811110861525,17.520241888054958,77.93887920691202,1621188000,0
2021-05-16 21:00:00,21:00:00,4532117045436,Apollo,grocery_pos,825.44,"Hyderabad, Telangana, IN",17.385755035932384,78.47802267267879,16.93318051498452,78.90496112950528,1621198800,0
2021-05-17 00:00:00,00:00:00,4532117045436,Amazon,travel,448.9,"Hyderabad, Telangana, IN",17.386027162513106,78.47476788645068,18.203135452292624,78.52778040856943,1621209600,0
2021-05-17 03:00:00,03:00:00,4532117045436,Netflix,entertainment,480.29,"Hyderabad, Telangana, IN",17.3830881543775,78.49695540577343,16.915710873754126,78.92811051234168,1621220400,0
2021-05-17 06:00:00,06:00:00,4532117045436,MakeMyTrip,health_fitness,405.63,"Hyderabad, Telangana, IN",17.373668920818666,78.47828069756125,17.71945858626403,77.92670271994905,1621231200,0
2021-05-17 09:00:00,09:00:00,4532117045436,Apollo,health_fitness,688.21,"Hyderabad, Telangana, IN",17.37181222809494,78.46724174466154,16.48091164892407,77.71577605637307,1621242000,0
2021-05-17 12:00:00,12:00:00,4532117045436,Amazon,shopping_net,438.34,"Hyderabad, Telangana, IN",17.382350882152036,78.48667175996911,18.16163907402208,78.05511182900915,1621252800,0
2021-05-17 15:00:00,15:00:00,4532117045436,Zomato,travel,422.02,"Hyderabad, Telangana, IN",17.370793825029853,78.48493072125775,17.84486192668737,78.83315916742869,1621263600,0
2021-05-17 18:00:00,18:00:00,4532117045436,Amazon,grocery_pos,586.63,"Hyderabad, Telangana, IN",17.383870957208654,78.48406450795912,17.106903561608412,78.86075695865217,1621274400,0
2021-05-17 21:00:00,21:00:00,4532117045436,Apollo,food_dining,377.36,"Hyderabad, Telangana, IN",17.382466305578614,78.49279998670038,17.581491550079917,78.3731517287524,1621285200,0
2021-05-18 00:00:00,00:00:00,4532117045436,Shell,health_fitness,257.3,"Hyderabad, Telangana, IN",17.360499646982902,78.49901893840212,17.863663366382426,78.6479147426257,1621296000,0
2021-05-18 03:00:00,03:00:00,4532117045436,Shell,health_fitness,582.35,"Hyderabad, Telangana, IN",17.404336130761727,78.48391835920309,17.4614161403788,78.23340199444596,1621306800,0
2021-05-18 06:00:00,06:00:00,4532117045436,MakeMyTrip,shopping_net,361.27,"Hyderabad, Telangana, IN",17.38577257666146,78.48935683347675,17.19072640036893,78.12388076286983,1621317600,0
2021-05-18 09:00:00,09:00:00,4532117045436,Shell,entertainment,303.68,"Hyderabad, Telangana, IN",17.360626098598257,78.4841728405535,17.3359566009161,78.68552680133658,1621328400,0
2021-05-18 12:00:00,12:00:00,4532117045436,MakeMyTrip,shopping_net,765.01,"Hyderabad, Telangana, IN",17.38747132932209,78.49176492233806,17.44001246244462,78.81814434143968,1621339200,0
2021-05-18 15:00:00,15:00:00,4532117045436,MakeMyTrip,grocery_pos,423.21,"Hyderabad, Telangana, IN",17.382966106806485,78.47200306923995,17.413171241984156,79.38195335842451,1621350000,0
2021-05-18 18:00:00,18:00:00,4532117045436,Apollo,travel,524.13,"Hyderabad, Telangana, IN",17.371822343102796,78.49287344420254,17.60225967410433,77.98748962193828,1621360800,0
2021-05-18 21:00:00,21:00:00,4532117045436,Shell,gas_transport,454.43,"Hyderabad, Telangana, IN",17.388093029407745,78.48953021148104,16.874377005948215,77.92505790746696,1621371600,0
2021-05-19 00:00:00,00:00:00,4532117045436,MakeMyTrip,gas_transport,317.05,"Hyderabad, Telangana, IN",17.375578461448107,78.4771048334893,17.06089850911514,78.23903505094601,1621382400,0
2021-05-19 03:00:00,03:00:00,4532117045436,Netflix,travel,553.42,"Hyderabad, Telangana, IN",17.386930326288326,78.5087834778648,17.189917096485086,78.79329892074145,1621393200,0
2021-05-19 06:00:00,06:00:00,4532117045436,Zomato,entertainment,497.19,"Hyderabad, Telangana, IN",17.37798490326611,78.4731056780265,17.620501487854014,79.49058501054502,1621404000,0
2021-05-19 09:00:00,09:00:00,4532117045436,Amazon,health_fitness,351.09,"Hyderabad, Telangana, IN",17.375944208825203,78.48999773417701,16.62096989762714,78.55752638987103,1621414800,0
2021-05-19 12:00:00,12:00:00,4532117045436,Amazon,entertainment,514.98,"Hyderabad, Telangana, IN",17.384844661519647,78.47712790385395,17.4619504887144,78.055645180077,1621425600,0
2021-05-19 15:00:00,15:00:00,4532117045436,Apollo,health_fitness,372.85,"Hyderabad, Telangana, IN",17.368779070218295,78.4924800262548,17.775392285578484,77.91716566180622,1621436400,0
2021-05-19 18:00:00,18:00:00,4532117045436,Shell,health_fitness,284.33,"Hyderabad, Telangana, IN",17.3841746277439,78.50669640471808,17.40920079785014,78.19547346626705,1621447200,0
2021-05-19 21:00:00,21:00:00,4532117045436,Shell,gas_transport,269.15,"Hyderabad, Telangana, IN",17.39157253778013,78.4944555421709,17.422606584965017,78.60139026224728,1621458000,0
2021-05-20 00:00:00,00:00:00,4532117045436,MakeMyTrip,entertainment,490.51,"Hyderabad, Telangana, IN",17.397706107907357,78.48553953953085,17.233748805649384,78.84299432824841,1621468800,0
2021-05-20 03:00:00,03:00:00,4532117045436,Walmart,shopping_net,392.59,"Hyderabad, Telangana, IN",17.395885682139944,78.49598605518065,17.416119777447733,78.59598943100691,1621479600,0
2021-05-20 06:00:00,06:00:00,4532117045436,MakeMyTrip,health_fitness,675.26,"Hyderabad, Telangana, IN",17.398533305158555,78.48079551134224,17.164446556172567,78.12677761003415,1621490400,0
2021-05-20 09:00:00,09:00:00,4532117045436,Zomato,food_dining,443.56,"Hyderabad, Telangana, IN",17.380452859737705,78.49158977742714,17.301808249157293,77.83273200528062,1621501200,0
2021-05-20 12:00:00,12:00:00,4532117045436,Netflix,food_dining,332.22,"Hyderabad, Telangana, IN",17.374753642484954,78.48757750202881,17.164172377697998,78.81460968999463,1621512000,0
2021-05-20 15:00:00,15:00:00,4532117045436,Amazon,shopping_net,473.67,"Hyderabad, Telangana, IN",17.393153563616035,78.47453417531605,17.295311163934617,78.21135842617694,1621522800,0
2021-05-20 18:00:00,18:00:00,4532117045436,MakeMyTrip,food_dining,255.86,"Hyderabad, Telangana, IN",17.379831066590118,78.50378609293416,17.226206671448455,78.25275866608162,1621533600,0
2021-05-20 21:00:00,21:00:00,4532117045436,Walmart,grocery_pos,437.38,"Hyderabad, Telangana, IN",17.385062622802604,78.49913822216377,16.794403054555886,77.97969488485133,1621544400,0
2021-05-21 00:00:00,00:00:00,4532117045436,Walmart,health_fitness,497.88,"Hyderabad, Telangana, IN",17.392468670108354,78.47813856693926,16.632198541820703,77.70963319986086,1621555200,0
2021-05-21 03:00:00,03:00:00,4532117045436,MakeMyTrip,shopping_net,479.35,"Hyderabad, Telangana, IN",17.405210977703874,78.49695667881716,17.424614385021773,79.30916568082469,1621566000,0
2021-05-21 06:00:00,06:00:00,4532117045436,Apollo,entertainment,645.42,"Hyderabad, Telangana, IN",17.390288005101183,78.47492521417325,17.68693982812163,78.15739256799687,1621576800,0
2021-05-21 09:00:00,09:00:00,4532117045436,Amazon,health_fitness,839.63,"Hyderabad, Telangana, IN",17.38705102982451,78.49132924259449,18.162122423214228,77.50451452781462,1621587600,0
2021-05-21 12:00:00,12:00:00,4532117045436,Apollo,shopping_net,550.71,"Hyderabad, Telangana, IN",17.373788891160096,78.48717517965095,17.933783803813586,78.56816633917587,1621598400,0
2021-05-21 15:00:00,15:00:00,4532117045436,Netflix,gas_transport,4239.74,"Mumbai, Maharashtra, IN",17.39669355423559,78.50348394814108,12.947480734379297,79.2670758879681,1621609200,1
2021-05-21 18:00:00,18:00:00,4532117045436,Walmart,entertainment,831.52,"Hyderabad, Telangana, IN",17.389086428607882,78.49001900500062,17.499610060812614,77.55031657928717,1621620000,0
2021-05-21 21:00:00,21:00:00,4532117045436,Walmart,gas_transport,299.07,"Hyderabad, Telangana, IN",17.381528580298358,78.47124839804549,17.44461791078831,79.05710720544721,1621630800,0
2021-05-22 00:00:00,00:00:00,4532117045436,Zomato,health_fitness,469.59,"Hyderabad, Telangana, IN",17.38049581645861,78.49689267478122,16.99041888939432,78.81785979562194,1621641600,0
2021-05-22 03:00:00,03:00:00,4532117045436,Netflix,entertainment,378.3,"Hyderabad, Telangana, IN",17.380931373790602,78.4822941916113,16.933877805216763,78.90795534428615,1621652400,0
2021-05-22 06:00:00,06:00:00,4532117045436,Walmart,food_dining,576.4,"Hyderabad, Telangana, IN",17.385439652027785,78.48182266758684,17.480255295061912,78.6206032131272,1621663200,0
2021-05-22 09:00:00,09:00:00,4532117045436,Netflix,shopping_net,490.74,"Hyderabad, Telangana, IN",17.3704099299353,78.486991981502,16.967503318245054,77.83496086080288,1621674000,0
2021-05-22 12:00:00,12:00:00,4532117045436,Amazon,health_fitness,327.24,"Hyderabad, Telangana, IN",17.397180228047198,78.48095315192795,17.339709014932744,78.4555815788203,1621684800,0
2021-05-22 15:00:00,15:00:00,4532117045436,Shell,grocery_pos,451.64,"Hyderabad, Telangana, IN",17.395346733973057,78.50464815526692,16.13611744897216,78.24629307204735,1621695600,0
2021-05-22 18:00:00,18:00:00,4532117045436,Walmart,entertainment,607.04,"Hyderabad, Telangana, IN",17.383325116484595,78.49475187628889,17.618569476209853,78.16163969996805,1621706400,0
2021-05-22 21:00:00,21:00:00,4532117045436,Zomato,entertainment,254.44,"Hyderabad, Telangana, IN",17.3809535051713,78.47526124784501,16.86762780397978,79.30489398223568,1621717200,0
2021-05-23 00:00:00,00:00:00,4532117045436,Amazon,travel,330.4,"Hyderabad, Telangana, IN",17.384768222952154,78.47942448088848,16.671110353695212,77.9910640730729,1621728000,0
2021-05-23 03:00:00,03:00:00,4532117045436,MakeMyTrip,health_fitness,307.91,"Hyderabad, Telangana, IN",17.386465618255865,78.47360382408147,17.74622901286712,78.25512586475953,1621738800,0
2021-05-23 06:00:00,06:00:00,4532117045436,Netflix,health_fitness,498.96,"Hyderabad, Telangana, IN",17.381999033039147,78.49637726685835,17.8665374275281,78.5055712644751,1621749600,0
2021-05-23 09:00:00,09:00:00,4532117045436,MakeMyTrip,gas_transport,636.08,"Hyderabad, Telangana, IN",17.394990850599832,78.48603108521942,17.34276536062132,78.6836329281643,1621760400,0
2021-05-23 12:00:00,12:00:00,4532117045436,Apollo,travel,148.54,"Hyderabad, Telangana, IN",17.370758918289916,78.47693362977203,17.026441277607894,79.33284532318199,1621771200,0
2021-05-23 15:00:00,15:00:00,4532117045436,Amazon,food_dining,464.16,"Hyderabad, Telangana, IN",17.377880638300653,78.50241821305777,17.74414032309884,78.40494258206593,1621782000,0
2021-05-23 18:00:00,18:00:00,4532117045436,MakeMyTrip,gas_transport,311.37,"Hyderabad, Telangana, IN",17.392752419918644,78.49174878722268,17.00049829010552,78.63215765318753,1621792800,0
2021-05-23 21:00:00,21:00:00,4532117045436,Walmart,travel,600.81,"Hyderabad, Telangana, IN",17.388242765424792,78.48855525773638,17.30618111407727,77.88455404003723,1621803600,0
2021-05-24 00:00:00,00:00:00,4532117045436,Netflix,gas_transport,414.45,"Hyderabad, Telangana, IN",17.37820458749592,78.48808358682358,18.059154791985023,78.7744559999764,1621814400,0
2021-05-24 03:00:00,03:00:00,4532117045436,Shell,food_dining,469.6,"Hyderabad, Telangana, IN",17.389004684666972,78.47312013550082,17.572632880336336,79.45442870841408,1621825200,0
2021-05-24 06:00:00,06:00:00,4532117045436,Amazon,travel,449.8,"Hyderabad, Telangana, IN",17.377070395549136,78.49229354555068,17.36192172551892,78.27300074858492,1621836000,0
2021-05-24 09:00:00,09:00:00,4532117045436,Walmart,travel,618.63,"Hyderabad, Telangana, IN",17.38189884169221,78.48251125292175,17.24705417147659,78.88821379229178,1621846800,0
2021-05-24 12:00:00,12:00:00,4532117045436,Zomato,grocery_pos,757.29,"Hyderabad, Telangana, IN",17.395437189455425,78.49540650458412,17.40691325242233,77.7814979016893,1621857600,0
2021-05-24 15:00:00,15:00:00,4532117045436,Apollo,gas_transport,279.8,"Hyderabad, Telangana, IN",17.394330835770653,78.49309232465782,17.518003531288276,78.31419142607707,1621868400,0
2021-05-24 18:00:00,18:00:00,4532117045436,Netflix,gas_transport,5029.16,"Kolkata, West Bengal, IN",17.387882367577642,78.48608924185478,22.277965737072243,80.12870002835656,1621879200,1
2021-05-24 21:00:00,21:00:00,4532117045436,Amazon,entertainment,498.22,"Hyderabad, Telangana, IN",17.37448850962747,78.48538183478922,17.98912857033602,78.66274025358865,1621890000,0
2021-05-25 00:00:00,00:00:00,4532117045436,Amazon,food_dining,327.54,"Hyderabad, Telangana, IN",17.381223448499053,78.50328930671996,17.155930547015448,78.41689358939803,1621900800,0
2021-05-25 03:00:00,03:00:00,4532117045436,Shell,shopping_net,590.04,"Hyderabad, Telangana, IN",17.385964656428094,78.47333141954569,17.282737358196147,79.05131631614749,1621911600,0
2021-05-25 06:00:00,06:00:00,4532117045436,Shell,grocery_pos,614.12,"Hyderabad, Telangana, IN",17.399554213880656,78.48096600913541,17.79181071054153,78.22986508533229,1621922400,0
2021-05-25 09:00:00,09:00:00,4532117045436,Zomato,travel,368.01,"Hyderabad, Telangana, IN",17.367176305663573,78.49806533030173,17.314263766964718,78.85212451562248,1621933200,0
2021-05-25 12:00:00,12:00:00,4532117045436,Apollo,travel,335.47,"Hyderabad, Telangana, IN",17.376278559531002,78.50155175315939,17.82551320736792,78.56741606764857,1621944000,0
2021-05-25 15:00:00,15:00:00,4532117045436,Zomato,travel,408.78,"Hyderabad, Telangana, IN",17.396286033921225,78.4853211511516,17.361486835761607,77.94732779348344,1621954800,0
2021-05-25 18:00:00,18:00:00,4532117045436,Walmart,grocery_pos,465.6,"Hyderabad, Telangana, IN",17.398601670777943,78.47970680955268,17.434666460930803,77.3724812721639,1621965600,0
2021-05-25 21:00:00,21:00:00,4532117045436,Walmart,travel,497.23,"Hyderabad, Telangana, IN",17.384302862627223,78.47990945445277,17.492686401561624,78.56002983177882,1621976400,0
2021-05-26 00:00:00,00:00:00,4532117045436,Zomato,travel,112.08,"Hyderabad, Telangana, IN",17.400384007412235,78.47235572747519,17.571952930719245,78.14440796346564,1621987200,0
2021-05-26 03:00:00,03:00:00,4532117045436,Apollo,food_dining,304.88,"Hyderabad, Telangana, IN",17.37766628845579,78.50671749889304,17.664751703834927,78.6243595967706,1621998000,0
2021-05-26 06:00:00,06:00:00,4532117045436,Zomato,health_fitness,389.39,"Hyderabad, Telangana, IN",17.369907605959366,78.48521941606289,17.910997024074348,77.85642892308704,1622008800,0
2021-05-26 09:00:00,09:00:00,4532117045436,Apollo,health_fitness,330.45,"Hyderabad, Telangana, IN",17.39290230275679,78.49134875092813,17.88131248334312,78.75346625988401,1622019600,0
2021-05-26 12:00:00,12:00:00,4532117045436,Apollo,entertainment,5489.86,"Mumbai, Maharashtra, IN",17.397947049096125,78.49145026614555,14.043327372445143,89.65963343561457,1622030400,1
2021-05-26 15:00:00,15:00:00,4532117045436,MakeMyTrip,entertainment,166.74,"Hyderabad, Telangana, IN",17.397780291919823,78.50153833779973,18.1121007218742,78.3670049288774,1622041200,0
2021-05-26 18:00:00,18:00:00,4532117045436,Netflix,travel,254.2,"Hyderabad, Telangana, IN",17.376365553937877,78.48250744379666,16.534744474447535,77.48866655399164,1622052000,0
2021-05-26 21:00:00,21:00:00,4532117045436,Apollo,food_dining,432.71,"Hyderabad, Telangana, IN",17.386993798628193,78.48321242187404,17.069398368629756,78.45884586200594,1622062800,0
2021-05-27 00:00:00,00:00:00,4532117045436,Shell,travel,384.57,"Hyderabad, Telangana, IN",17.393398180469603,78.495009175467,17.316105588616477,78.13044201367529,1622073600,0
2021-05-27 03:00:00,03:00:00,4532117045436,Apollo,entertainment,355.26,"Hyderabad, Telangana, IN",17.388009777132318,78.46875087113436,16.80187046595772,78.01298142403786,1622084400,0
2021-05-27 06:00:00,06:00:00,4532117045436,Apollo,grocery_pos,569.48,"Hyderabad, Telangana, IN",17.399463567091463,78.50160311944356,17.524911203727292,78.3819012740341,1622095200,0
2021-05-27 09:00:00,09:00:00,4532117045436,Apollo,grocery_pos,569.42,"Hyderabad, Telangana, IN",17.380949541427988,78.5040813341895,17.754930221947518,78.98501875052219,1622106000,0
2021-05-27 12:00:00,12:00:00,4532117045436,MakeMyTrip,shopping_net,472.49,"Hyderabad, Telangana, IN",17.384293841896785,78.48915784186376,17.02868782685005,78.19825400554365,1622116800,0
2021-05-27 15:00:00,15:00:00,4532117045436,MakeMyTrip,health_fitness,468.02,"Hyderabad, Telangana, IN",17.387361904615055,78.47732256270073,17.616724784152293,78.83541273605019,1622127600,0
2021-05-27 18:00:00,18:00:00,4532117045436,Walmart,food_dining,321.5,"Hyderabad, Telangana, IN",17.393325541392365,78.49523122876425,17.803424035014917,78.37890113000023,1622138400,0
2021-05-27 21:00:00,21:00:00,4532117045436,MakeMyTrip,gas_transport,339.45,"Hyderabad, Telangana, IN",17.383055402687983,78.48478965422814,16.417239459253306,78.4414319720259,1622149200,0
2021-05-28 00:00:00,00:00:00,4532117045436,Shell,health_fitness,193.85,"Hyderabad, Telangana, IN",17.394274341439335,78.48812212862659,17.47212221345914,79.03260934413055,1622160000,0
2021-05-28 03:00:00,03:00:00,4532117045436,Shell,gas_transport,412.39,"Hyderabad, Telangana, IN",17.40104624708055,78.48888475652986,17.571654201780788,78.34687375425173,1622170800,0
2021-05-28 06:00:00,06:00:00,4532117045436,MakeMyTrip,shopping_net,567.86,"Hyderabad, Telangana, IN",17.379819288475986,78.48011664704639,16.92639479697667,78.86975148717366,1622181600,0
2021-05-28 09:00:00,09:00:00,4532117045436,Zomato,shopping_net,653.15,"Hyderabad, Telangana, IN",17.383353406202904,78.49017262822834,16.787534545992028,78.37301810185842,1622192400,0
2021-05-28 12:00:00,12:00:00,4532117045436,Netflix,travel,413.28,"Hyderabad, Telangana, IN",17.394677595917763,78.47206723187914,17.04111427037929,78.76650597642289,1622203200,0
2021-05-28 15:00:00,15:00:00,4532117045436,MakeMyTrip,entertainment,523.75,"Hyderabad, Telangana, IN",17.404275283741374,78.464742545397,17.291471103678614,78.35394226072083,1622214000,0
2021-05-28 18:00:00,18:00:00,4532117045436,Apollo,shopping_net,21.6,"Hyderabad, Telangana, IN",17.391359592853814,78.49034382030555,17.00966802858936,78.57228516170605,1622224800,0
2021-05-28 21:00:00,21:00:00,4532117045436,Amazon,shopping_net,385.06,"Hyderabad, Telangana, IN",17.377137637299658,78.49713634616184,17.662785341905792,78.61529634181173,1622235600,0
2021-05-29 00:00:00,00:00:00,4532117045436,Netflix,gas_transport,381.55,"Hyderabad, Telangana, IN",17.386981722697232,78.48156463247383,17.59806786217909,78.82455304028669,1622246400,0
2021-05-29 03:00:00,03:00:00,4532117045436,Netflix,entertainment,673.68,"Hyderabad, Telangana, IN",17.394601933517656,78.48100298612485,17.572963149992926,78.72660686662489,1622257200,0
2021-05-29 06:00:00,06:00:00,4532117045436,Shell,shopping_net,508.94,"Hyderabad, Telangana, IN",17.376874314326272,78.49317526180951,18.01409722059689,78.0645491902462,1622268000,0
2021-05-29 09:00:00,09:00:00,4532117045436,Netflix,health_fitness,524.14,"Hyderabad, Telangana, IN",17.374216197966607,78.48649294277698,17.707723590527287,79.39677449866012,1622278800,0
2021-05-29 12:00:00,12:00:00,4532117045436,MakeMyTrip,shopping_net,516.35,"Hyderabad, Telangana, IN",17.381550169834437,78.48103905530728,17.526693413871982,78.49978674431541,1622289600,0
2021-05-29 15:00:00,15:00:00,4532117045436,Apollo,entertainment,456.82,"Hyderabad, Telangana, IN",17.391596335484387,78.4897528480643,16.77268213755696,78.94442824884202,1622300400,0
2021-05-29 18:00:00,18:00:00,4532117045436,Apollo,travel,679.85,"Hyderabad, Telangana, IN",17.37130785754158,78.48676365889058,17.963745555162543,77.291722719711,1622311200,0
2021-05-29 21:00:00,21:00:00,4532117045436,Walmart,food_dining,104.21,"Hyderabad, Telangana, IN",17.378069212123286,78.47420706789534,18.01833405246775,78.88839648317823,1622322000,0
2021-05-30 00:00:00,00:00:00,4532117045436,Apollo,entertainment,471.93,"Hyderabad, Telangana, IN",17.387736598851475,78.48561174688786,17.22045725448642,78.86935455822879,1622332800,0
2021-05-30 03:00:00,03:00:00,4532117045436,Apollo,gas_transport,619.47,"Hyderabad, Telangana, IN",17.39590518753649,78.48852936747821,16.98034011865242,78.60367972032127,1622343600,0
2021-05-30 06:00:00,06:00:00,4532117045436,Shell,food_dining,166.29,"Hyderabad, Telangana, IN",17.387902107430957,78.48136216657781,17.762289865743004,77.35841204921675,1622354400,0
2021-05-30 09:00:00,09:00:00,4532117045436,Apollo,health_fitness,575.69,"Hyderabad, Telangana, IN",17.38874684783933,78.49595752563704,16.47483294513645,78.12560635119529,1622365200,0
2021-05-30 12:00:00,12:00:00,4532117045436,Walmart,grocery_pos,335.83,"Hyderabad, Telangana, IN",17.3950492171905,78.49153329181067,17.584178183809584,77.97482857046798,1622376000,0
2021-05-30 15:00:00,15:00:00,4532117045436,Amazon,entertainment,466.47,"Hyderabad, Telangana, IN",17.400972578104763,78.48392926228442,18.133394610666276,79.0681289836271,1622386800,0
2021-05-30 18:00:00,18:00:00,4532117045436,MakeMyTrip,travel,332.95,"Hyderabad, Telangana, IN",17.399855118868658,78.48803649804472,17.194421140891496,77.88501192183453,1622397600,0
2021-05-30 21:00:00,21:00:00,4532117045436,Shell,gas_transport,593.87,"Hyderabad, Telangana, IN",17.36458638403932,78.48293549323996,17.506099248160567,78.76377881137273,1622408400,0
2021-05-31 00:00:00,00:00:00,4532117045436,Amazon,health_fitness,406.75,"Hyderabad, Telangana, IN",17.38598057912468,78.48445697627253,17.435514911122475,78.3418883614263,1622419200,0
2021-05-31 03:00:00,03:00:00,4532117045436,Shell,food_dining,576.87,"Hyderabad, Telangana, IN",17.394125158644183,78.48482488952784,17.9066595072399,79.02817559276025,1622430000,0
2021-05-31 06:00:00,06:00:00,4532117045436,Zomato,health_fitness,515.3,"Hyderabad, Telangana, IN",17.401997867310214,78.46899864460363,17.438060548958727,78.60115338792544,1622440800,0
2021-05-31 09:00:00,09:00:00,4532117045436,Netflix,entertainment,330.93,"Hyderabad, Telangana, IN",17.391409866111854,78.48697401074486,17.213642829548686,78.16394922497159,1622451600,0
2021-05-31 12:00:00,12:00:00,4532117045436,Zomato,shopping_net,525.28,"Hyderabad, Telangana, IN",17.376408137021397,78.48988341213011,16.625396061850374,78.09947902981041,1622462400,0
2021-05-31 15:00:00,15:00:00,4532117045436,Apollo,travel,350.46,"Hyderabad, Telangana, IN",17.377729871315633,78.51131493490733,17.43212288209317,78.26585291075489,1622473200,0
2021-05-31 18:00:00,18:00:00,4532117045436,Amazon,entertainment,459.62,"Hyderabad, Telangana, IN",17.378009682390708,78.49109883095389,17.35009365459352,76.94070222403425,1622484000,0
2021-05-31 21:00:00,21:00:00,4532117045436,Apollo,grocery_pos,404.01,"Hyderabad, Telangana, IN",17.388075188812508,78.48017083919292,16.367716972238842,79.37196149395531,1622494800,0
2021-06-01 00:00:00,00:00:00,4532117045436,Netflix,entertainment,584.99,"Hyderabad, Telangana, IN",17.380201779483755,78.47029187260424,16.881678901517876,79.14364626292682,1622505600,0
2021-06-01 03:00:00,03:00:00,4532117045436,Shell,food_dining,531.05,"Hyderabad, Telangana, IN",17.35455337834927,78.47613696580865,17.086182209899487,78.52071098553573,1622516400,0
2021-06-01 06:00:00,06:00:00,4532117045436,Netflix,food_dining,445.39,"Hyderabad, Telangana, IN",17.373217109860718,78.48170709091514,17.086286369276436,78.95650917418266,1622527200,0
2021-06-01 09:00:00,09:00:00,4532117045436,Walmart,entertainment,6440.77,"Kolkata, West Bengal, IN",17.38055750878481,78.48188540791101,19.29396218354285,80.44718928737572,1622538000,1
2021-06-01 12:00:00,12:00:00,4532117045436,Netflix,food_dining,259.65,"Hyderabad, Telangana, IN",17.371375175100788,78.48432572998593,17.33011409218842,78.70485720076557,1622548800,0
2021-06-01 15:00:00,15:00:00,4532117045436,Walmart,shopping_net,470.35,"Hyderabad, Telangana, IN",17.372864705519092,78.48267692422901,17.353622602875706,78.98015187137707,1622559600,0
2021-06-01 18:00:00,18:00:00,4532117045436,Netflix,health_fitness,355.16,"Hyderabad, Telangana, IN",17.40550970630491,78.48439099925194,18.51479181495476,78.36747479601503,1622570400,0
2021-06-01 21:00:00,21:00:00,4532117045436,MakeMyTrip,entertainment,168.3,"Hyderabad, Telangana, IN",17.38491378105836,78.48247690474452,17.164287752562505,78.87368118488023,1622581200,0
2021-06-02 00:00:00,00:00:00,4532117045436,Walmart,travel,250.5,"Hyderabad, Telangana, IN",17.381138852906215,78.48688415738233,16.95031459907851,77.58834623448007,1622592000,0
2021-06-02 03:00:00,03:00:00,4532117045436,Amazon,shopping_net,693.88,"Hyderabad, Telangana, IN",17.391673434277255,78.47766600205172,18.1684970998313,78.59398652713931,1622602800,0
2021-06-02 06:00:00,06:00:00,4532117045436,Apollo,health_fitness,351.0,"Hyderabad, Telangana, IN",17.396460694226505,78.4741122984509,18.116970855414746,78.47949813743293,1622613600,0
2021-06-02 09:00:00,09:00:00,4532117045436,Apollo,travel,612.32,"Hyderabad, Telangana, IN",17.40740615664455,78.48431938511368,16.843889980233545,78.31662083811219,1622624400,0
2021-06-02 12:00:00,12:00:00,4532117045436,Zomato,travel,396.5,"Hyderabad, Telangana, IN",17.402053730180302,78.49103961642523,17.991713846154518,78.3833479148788,1622635200,0
2021-06-02 15:00:00,15:00:00,4532117045436,Apollo,travel,635.94,"Hyderabad, Telangana, IN",17.389348088296252,78.47550961564536,16.461663939671254,78.36573532681602,1622646000,0
2021-06-02 18:00:00,18:00:00,4532117045436,Shell,health_fitness,625.07,"Hyderabad, Telangana, IN",17.36967192099657,78.48095400697525,18.820194858323433,79.04069917340398,1622656800,0
2021-06-02 21:00:00,21:00:00,4532117045436,MakeMyTrip,shopping_net,326.15,"Hyderabad, Telangana, IN",17.37497517618593,78.48523854754602,18.276418982238084,78.45758534568795,1622667600,0
2021-06-03 00:00:00,00:00:00,4532117045436,Netflix,travel,151.8,"Hyderabad, Telangana, IN",17.380981415533252,78.48499706060258,17.650967334867566,79.89735148474198,1622678400,0
2021-06-03 03:00:00,03:00:00,4532117045436,Zomato,travel,164.5,"Hyderabad, Telangana, IN",17.390065632050696,78.49422847182531,17.81428521063067,78.01694181185765,1622689200,0
2021-06-03 06:00:00,06:00:00,4532117045436,Shell,gas_transport,328.7,"Hyderabad, Telangana, IN",17.385943165212787,78.49609828868836,17.60685840958202,78.76405176924389,1622700000,0
2021-06-03 09:00:00,09:00:00,4532117045436,Shell,entertainment,733.45,"Hyderabad, Telangana, IN",17.37026973261422,78.4889201989458,17.05548464867595,78.9341281643672,1622710800,0
2021-06-03 12:00:00,12:00:00,4532117045436,Walmart,health_fitness,388.42,"Hyderabad, Telangana, IN",17.368482489723295,78.49879418301016,17.982831636934808,78.29190913264179,1622721600,0
2021-06-03 15:00:00,15:00:00,4532117045436,Apollo,health_fitness,471.79,"Hyderabad, Telangana, IN",17.38759008053584,78.48300977718633,18.063078950421396,77.87994128178973,1622732400,0
2021-06-03 18:00:00,18:00:00,4532117045436,Amazon,food_dining,645.5,"Hyderabad, Telangana, IN",17.386200405503494,78.49510198302555,17.021371901906516,78.26093617383044,1622743200,0
2021-06-03 21:00:00,21:00:00,4532117045436,Amazon,health_fitness,466.55,"Hyderabad, Telangana, IN",17.382901231323885,78.48056987179187,17.36899721697709,77.82617206823413,1622754000,0
2021-06-04 00:00:00,00:00:00,4532117045436,Zomato,shopping_net,461.38,"Hyderabad, Telangana, IN",17.389829260540402,78.48966013425228,16.76840934708784,78.07493421349884,1622764800,0
2021-06-04 03:00:00,03:00:00,4532117045436,MakeMyTrip,health_fitness,543.4,"Hyderabad, Telangana, IN",17.39746812460895,78.4931412287396,17.361175783848456,78.68027463902932,1622775600,0
2021-06-04 06:00:00,06:00:00,4532117045436,Amazon,gas_transport,493.35,"Hyderabad, Telangana, IN",17.38810068936666,78.48726145943951,17.25119359785528,79.78171475542379,1622786400,0
2021-06-04 09:00:00,09:00:00,4532117045436,Netflix,entertainment,435.08,"Hyderabad, Telangana, IN",17.375583496452027,78.47705005284797,18.01124440098843,79.35448320222633,1622797200,0
2021-06-04 12:00:00,12:00:00,4532117045436,Amazon,entertainment,341.78,"Hyderabad, Telangana, IN",17.4041521963567,78.46997443628801,18.185420366656754,78.18268868190553,1622808000,0
2021-06-04 15:00:00,15:00:00,4532117045436,Zomato,health_fitness,461.77,"Hyderabad, Telangana, IN",17.383236915173768,78.49226910660548,16.853171080958063,78.9595315322835,1622818800,0
2021-06-04 18:00:00,18:00:00,4532117045436,Amazon,travel,614.16,"Hyderabad, Telangana, IN",17.385499976329278,78.4839697670378,17.769568707368556,78.30488975435065,1622829600,0
2021-06-04 21:00:00,21:00:00,4532117045436,Netflix,grocery_pos,4632.75,"Delhi, Delhi, IN",17.37846341961674,78.48467090257718,28.96533743495859,87.39850731948518,1622840400,1
2021-06-05 00:00:00,00:00:00,4532117045436,Walmart,grocery_pos,493.84,"Hyderabad, Telangana, IN",17.37425586451337,78.50170108948174,16.51106631636097,78.44534558650582,1622851200,0
2021-06-05 03:00:00,03:00:00,4532117045436,MakeMyTrip,travel,563.27,"Hyderabad, Telangana, IN",17.375070056464285,78.47723771239964,17.86750253567632,77.39262211397845,1622862000,0
2021-06-05 06:00:00,06:00:00,4532117045436,Zomato,travel,490.46,"Hyderabad, Telangana, IN",17.372872057529317,78.4941035254706,16.64593905480458,77.64634800305085,1622872800,0
2021-06-05 09:00:00,09:00:00,4532117045436,Walmart,travel,436.9,"Hyderabad, Telangana, IN",17.35490058919776,78.47932287868947,17.1293887896974,78.94323388386685,1622883600,0
2021-06-05 12:00:00,12:00:00,4532117045436,Walmart,shopping_net,527.14,"Hyderabad, Telangana, IN",17.383437402744768,78.48492692850806,16.93449495143251,79.16866457690314,1622894400,0
2021-06-05 15:00:00,15:00:00,4532117045436,Walmart,grocery_pos,628.4,"Hyderabad, Telangana, IN",17.39602348855496,78.47584098520639,16.599442737220894,77.24169365601698,1622905200,0
2021-06-05 18:00:00,18:00:00,4532117045436,Shell,travel,317.05,"Hyderabad, Telangana, IN",17.375156875665734,78.47925308351839,17.93689585520207,79.21537429932421,1622916000,0
2021-06-05 21:00:00,21:00:00,4532117045436,MakeMyTrip,shopping_net,232.29,"Hyderabad, Telangana, IN",17.41059487889453,78.49083243541716,16.9138988160868,79.06600922234746,1622926800,0
2021-06-06 00:00:00,00:00:00,4532117045436,Apollo,food_dining,370.05,"Hyderabad, Telangana, IN",17.39886377807281,78.49963995479274,17.186854927531428,78.31238395974215,1622937600,0
2021-06-06 03:00:00,03:00:00,4532117045436,MakeMyTrip,shopping_net,481.75,"Hyderabad, Telangana, IN",17.384817761655295,78.49093503306234,17.38158958072463,78.71419531066891,1622948400,0
2021-06-06 06:00:00,06:00:00,4532117045436,Shell,grocery_pos,580.48,"Hyderabad, Telangana, IN",17.37388918178289,78.48975836582927,17.75649375154954,79.39534377995896,1622959200,0
2021-06-06 09:00:00,09:00:00,4532117045436,Apollo,health_fitness,301.57,"Hyderabad, Telangana, IN",17.369029021187206,78.51219070205687,16.900683037765145,79.0996849189118,1622970000,0
2021-06-06 12:00:00,12:00:00,4532117045436,MakeMyTrip,food_dining,76.71,"Hyderabad, Telangana, IN",17.38386316324811,78.4923056551113,17.628744580441946,78.73374223387088,1622980800,0
2021-06-06 15:00:00,15:00:00,4532117045436,Walmart,grocery_pos,373.58,"Hyderabad, Telangana, IN",17.38568120646849,78.47736378972736,17.269510159787167,78.16983240320367,1622991600,0
2021-06-06 18:00:00,18:00:00,4532117045436,Zomato,shopping_net,420.91,"Hyderabad, Telangana, IN",17.382956128858737,78.46986720673986,16.880962846809535,78.28163253239958,1623002400,0
2021-06-06 21:00:00,21:00:00,4532117045436,Apollo,gas_transport,275.66,"Hyderabad, Telangana, IN",17.395693231202927,78.49049149745036,17.895253905803475,78.83635394878087,1623013200,0
2021-06-07 00:00:00,00:00:00,4532117045436,Netflix,entertainment,336.59,"Hyderabad, Telangana, IN",17.399970820962405,78.47263479026334,18.424228034964006,78.7576088729435,1623024000,0
2021-06-07 03:00:00,03:00:00,4532117045436,Netflix,grocery_pos,580.09,"Hyderabad, Telangana, IN",17.389726738915538,78.47668543426352,17.48697124543546,79.06765545751489,1623034800,0
2021-06-07 06:00:00,06:00:00,4532117045436,Amazon,travel,461.72,"Hyderabad, Telangana, IN",17.390264659732548,78.48973301518414,17.08051538654555,77.7642912943374,1623045600,0
2021-06-07 09:00:00,09:00:00,4532117045436,Apollo,shopping_net,501.84,"Hyderabad, Telangana, IN",17.38184444737808,78.49709922487573,17.017148282090513,78.70917959556078,1623056400,0
2021-06-07 12:00:00,12:00:00,4532117045436,Zomato,travel,396.65,"Hyderabad, Telangana, IN",17.384950819249337,78.48384305064879,17.788212652609985,78.84634287925405,1623067200,0
2021-06-07 15:00:00,15:00:00,4532117045436,Shell,travel,336.88,"Hyderabad, Telangana, IN",17.389116334534076,78.47463863859467,17.391760226271593,78.36560060709652,1623078000,0
2021-06-07 18:00:00,18:00:00,4532117045436,Walmart,travel,395.57,"Hyderabad, Telangana, IN",17.38183261837234,78.48523549561394,16.85383675565865,79.67770347702739,1623088800,0
2021-06-07 21:00:00,21:00:00,4532117045436,Amazon,travel,524.83,"Hyderabad, Telangana, IN",17.391608471707997,78.48397911845291,16.538405155901785,78.05437907698337,1623099600,0
2021-06-08 00:00:00,00:00:00,4532117045436,Netflix,travel,226.3,"Hyderabad, Telangana, IN",17.374438242847624,78.48787693534564,17.57560717252847,78.45859976302904,1623110400,0
2021-06-08 03:00:00,03:00:00,4532117045436,Shell,food_dining,697.53,"Hyderabad, Telangana, IN",17.377677977147002,78.47467503167448,16.752333630122568,78.85217183938498,1623121200,0
2021-06-08 06:00:00,06:00:00,4532117045436,Shell,grocery_pos,536.23,"Hyderabad, Telangana, IN",17.374530869036565,78.47832850719689,17.18371656746786,78.91844964444188,1623132000,0
2021-06-08 09:00:00,09:00:00,4532117045436,Walmart,grocery_pos,369.62,"Hyderabad, Telangana, IN",17.378313778860246,78.49693557863375,18.199356676486016,78.36401572328471,1623142800,0
2021-06-08 12:00:00,12:00:00,4532117045436,Apollo,entertainment,572.01,"Hyderabad, Telangana, IN",17.382127157747103,78.4943125049968,16.969430619034895,78.36310600639827,1623153600,0
2021-06-08 15:00:00,15:00:00,4532117045436,Netflix,shopping_net,633.35,"Hyderabad, Telangana, IN",17.395290911366875,78.49834087222371,17.911841277899413,78.83605797395063,1623164400,0
2021-06-08 18:00:00,18:00:00,4532117045436,Zomato,gas_transport,400.45,"Hyderabad, Telangana, IN",17.38541432181957,78.46819506147929,16.874398329883643,78.71884578515923,1623175200,0
2021-06-08 21:00:00,21:00:00,4532117045436,Shell,food_dining,417.51,"Hyderabad, Telangana, IN",17.37215692268215,78.47783869417005,17.82234408710051,78.53275076153126,1623186000,0
2021-06-09 00:00:00,00:00:00,4532117045436,Walmart,shopping_net,674.02,"Hyderabad, Telangana, IN",17.3709803953276,78.49660909276518,17.672568868614913,77.55674090534197,1623196800,0
2021-06-09 03:00:00,03:00:00,4532117045436,Zomato,food_dining,767.85,"Hyderabad, Telangana, IN",17.380840024710825,78.49262331893593,17.629089299415064,78.56056091983693,1623207600,0
2021-06-09 06:00:00,06:00:00,4532117045436,Apollo,grocery_pos,454.42,"Hyderabad, Telangana, IN",17.39334401029978,78.49077305615442,17.08067046741113,79.29433545334948,1623218400,0
2021-06-09 09:00:00,09:00:00,4532117045436,Netflix,travel,276.27,"Hyderabad, Telangana, IN",17.39902976944795,78.48307611851159,17.70344422257989,78.78142241872513,1623229200,0
2021-06-09 12:00:00,12:00:00,4532117045436,Apollo,entertainment,379.41,"Hyderabad, Telangana, IN",17.36909235003064,78.48049828724449,17.572290267002288,78.09882690064624,1623240000,0
2021-06-09 15:00:00,15:00:00,4532117045436,Shell,entertainment,604.95,"Hyderabad, Telangana, IN",17.388723524644703,78.48702230965897,18.328971546859066,77.75734733284666,1623250800,0
2021-06-09 18:00:00,18:00:00,4532117045436,Zomato,health_fitness,295.47,"Hyderabad, Telangana, IN",17.380981275385242,78.48221487755059,17.077022927785322,78.96608785905697,1623261600,0
2021-06-09 21:00:00,21:00:00,4532117045436,Zomato,gas_transport,418.76,"Hyderabad, Telangana, IN",17.381757792150765,78.4919811152183,18.02799558772939,78.2568159821562,1623272400,0
2021-06-10 00:00:00,00:00:00,4532117045436,Zomato,entertainment,493.89,"Hyderabad, Telangana, IN",17.374357581210905,78.4870713041325,16.934685517504473,79.15431839486314,1623283200,0
2021-06-10 03:00:00,03:00:00,4532117045436,Shell,travel,311.59,"Hyderabad, Telangana, IN",17.38279936752547,78.47698844469025,17.265602467900102,79.14286858077796,1623294000,0
2021-06-10 06:00:00,06:00:00,4532117045436,Shell,grocery_pos,614.47,"Hyderabad, Telangana, IN",17.373908205401133,78.49304940673485,17.06574587755696,78.41232512579403,1623304800,0
2021-06-10 09:00:00,09:00:00,4532117045436,Apollo,gas_transport,554.1,"Hyderabad, Telangana, IN",17.382341490765157,78.49924279242958,17.13727914422303,78.6492145548913,1623315600,0
2021-06-10 12:00:00,12:00:00,4532117045436,Amazon,shopping_net,751.43,"Hyderabad, Telangana, IN",17.396482578425847,78.49991034025719,17.306310175916465,78.71163144659313,1623326400,0
2021-06-10 15:00:00,15:00:00,4532117045436,Apollo,travel,567.22,"Hyderabad, Telangana, IN",17.391312375199895,78.49343420745426,18.105874183043653,77.88660663431958,1623337200,0
2021-06-10 18:00:00,18:00:00,4532117045436,Netflix,travel,305.87,"Hyderabad, Telangana, IN",17.404137516106893,78.49357079596639,17.613321457371423,79.33995292952523,1623348000,0
2021-06-10 21:00:00,21:00:00,4532117045436,Walmart,entertainment,529.56,"Hyderabad, Telangana, IN",17.390263572297023,78.47508786187218,18.002038915240643,78.73621007263809,1623358800,0
2021-06-11 00:00:00,00:00:00,4532117045436,Zomato,gas_transport,598.2,"Hyderabad, Telangana, IN",17.38674518069497,78.4799866412876,17.39228788636002,78.5632172725301,1623369600,0
2021-06-11 03:00:00,03:00:00,4532117045436,Amazon,grocery_pos,605.92,"Hyderabad, Telangana, IN",17.390528956075126,78.4850165470152,18.02636763733383,78.9799430496808,1623380400,0
2021-06-11 06:00:00,06:00:00,4532117045436,Walmart,health_fitness,333.47,"Hyderabad, Telangana, IN",17.37724201830585,78.49262574154073,17.498504470953552,78.63921280423192,1623391200,0
2021-06-11 09:00:00,09:00:00,4532117045436,Amazon,food_dining,315.55,"Hyderabad, Telangana, IN",17.364139716512394,78.48069658679114,16.99037237578172,77.94284411435889,1623402000,0
2021-06-11 12:00:00,12:00:00,4532117045436,MakeMyTrip,food_dining,279.05,"Hyderabad, Telangana, IN",17.39296171151464,78.48363037681224,17.913000316514204,78.08393304536797,1623412800,0
2021-06-11 15:00:00,15:00:00,4532117045436,Apollo,grocery_pos,690.71,"Hyderabad, Telangana, IN",17.367046709152632,78.49229613311137,18.126951074026767,77.41386049991254,1623423600,0
2021-06-11 18:00:00,18:00:00,4532117045436,Shell,grocery_pos,543.43,"Hyderabad, Telangana, IN",17.396216010552976,78.48807109059604,17.70415848341284,78.5197347402232,1623434400,0
2021-06-11 21:00:00,21:00:00,4532117045436,Zomato,food_dining,326.82,"Hyderabad, Telangana, IN",17.39250813743342,78.49003868499442,17.800439980280657,78.76294679246018,1623445200,0
2021-06-12 00:00:00,00:00:00,4532117045436,Apollo,health_fitness,469.08,"Hyderabad, Telangana, IN",17.376504788542896,78.4789196452393,18.02457654345191,78.39295254749682,1623456000,0
2021-06-12 03:00:00,03:00:00,4532117045436,Walmart,gas_transport,431.45,"Hyderabad, Telangana, IN",17.38063910336878,78.48349532101177,17.249975832944507,77.90886957272146,1623466800,0
2021-06-12 06:00:00,06:00:00,4532117045436,MakeMyTrip,food_dining,304.11,"Hyderabad, Telangana, IN",17.38488461393876,78.48200460141629,17.026027593870424,78.23916554862106,1623477600,0
2021-06-12 09:00:00,09:00:00,4532117045436,MakeMyTrip,grocery_pos,455.43,"Hyderabad, Telangana, IN",17.3757782868258,78.48669064063141,17.56634890559097,78.30228414753458,1623488400,0
2021-06-12 12:00:00,12:00:00,4532117045436,MakeMyTrip,entertainment,478.6,"Hyderabad, Telangana, IN",17.39040520189349,78.48236872897957,18.248225595980767,78.92039084597025,1623499200,0
2021-06-12 15:00:00,15:00:00,4532117045436,Walmart,shopping_net,739.69,"Hyderabad, Telangana, IN",17.391286697815822,78.48101173456205,17.535594823078064,79.20261085117748,1623510000,0
2021-06-12 18:00:00,18:00:00,4532117045436,Walmart,health_fitness,351.65,"Hyderabad, Telangana, IN",17.370570385598533,78.48795027578691,17.69985326458641,77.11851349408344,1623520800,0
2021-06-12 21:00:00,21:00:00,4532117045436,Walmart,travel,193.59,"Hyderabad, Telangana, IN",17.376768909928845,78.50766729683184,17.42236501944672,78.44728916325079,1623531600,0
2021-06-13 00:00:00,00:00:00,4532117045436,Walmart,health_fitness,292.66,"Hyderabad, Telangana, IN",17.38463193154027,78.49253568038365,17.53228646236587,78.18464752327785,1623542400,0
2021-06-13 03:00:00,03:00:00,4532117045436,MakeMyTrip,entertainment,316.1,"Hyderabad, Telangana, IN",17.396405803309705,78.46889785674834,17.120990939222335,78.35635847017785,1623553200,0
2021-06-13 06:00:00,06:00:00,4532117045436,MakeMyTrip,entertainment,385.96,"Hyderabad, Telangana, IN",17.39152284995648,78.4902129527733,17.659133674416967,78.9077399830509,1623564000,0
2021-06-13 09:00:00,09:00:00,4532117045436,Amazon,travel,293.02,"Hyderabad, Telangana, IN",17.36169081698474,78.48155098338329,17.82389213365896,78.23694572358163,1623574800,0
2021-06-13 12:00:00,12:00:00,4532117045436,Apollo,grocery_pos,573.32,"Hyderabad, Telangana, IN",17.382080058222844,78.4772892726146,16.633742291414833,78.82891298836343,1623585600,0
2021-06-13 15:00:00,15:00:00,4532117045436,Zomato,food_dining,282.6,"Hyderabad, Telangana, IN",17.389726736170037,78.4937385316395,16.634429077851845,79.48238296444134,1623596400,0
2021-06-13 18:00:00,18:00:00,4532117045436,Shell,gas_transport,453.0,"Hyderabad, Telangana, IN",17.377000401825473,78.48747181894721,16.50806908405552,78.26158096588918,1623607200,0
2021-06-13 21:00:00,21:00:00,4532117045436,MakeMyTrip,health_fitness,750.03,"Hyderabad, Telangana, IN",17.376225876446018,78.51156371698879,18.12272859940753,78.3781914797733,1623618000,0
2021-06-14 00:00:00,00:00:00,4532117045436,Shell,travel,533.04,"Hyderabad, Telangana, IN",17.37753045317012,78.48555725945063,16.922603256503002,78.36698665204814,1623628800,0
2021-06-14 03:00:00,03:00:00,4532117045436,Apollo,health_fitness,517.61,"Hyderabad, Telangana, IN",17.38192022874909,78.48443774230353,17.56086372121783,79.68019545396682,1623639600,0
2021-06-14 06:00:00,06:00:00,4532117045436,Apollo,entertainment,728.6,"Hyderabad, Telangana, IN",17.375209065793236,78.49867148688371,18.277507944774985,78.23664444022894,1623650400,0
2021-06-14 09:00:00,09:00:00,4532117045436,Shell,food_dining,636.85,"Hyderabad, Telangana, IN",17.391599303697276,78.48691971217184,17.551261911475503,79.22168411491323,1623661200,0
2021-06-14 12:00:00,12:00:00,4532117045436,MakeMyTrip,health_fitness,534.77,"Hyderabad, Telangana, IN",17.376392985308883,78.47612759844402,17.64214672554635,78.46874770212555,1623672000,0
2021-06-14 15:00:00,15:00:00,4532117045436,Shell,gas_transport,403.39,"Hyderabad, Telangana, IN",17.374638412580182,78.4778923755243,16.96343741372337,78.57183465719126,1623682800,0
2021-06-14 18:00:00,18:00:00,4532117045436,Amazon,entertainment,446.6,"Hyderabad, Telangana, IN",17.38101308099971,78.4834156197599,17.551605488117684,78.90086045975279,1623693600,0
2021-06-14 21:00:00,21:00:00,4532117045436,Netflix,gas_transport,439.3,"Hyderabad, Telangana, IN",17.399789165540476,78.49327638278562,16.887451771040695,78.30034510191359,1623704400,0
2021-06-15 00:00:00,00:00:00,4532117045436,MakeMyTrip,food_dining,389.79,"Hyderabad, Telangana, IN",17.39025279868491,78.49942127514909,16.43334427715548,78.97796078311868,1623715200,0
2021-06-15 03:00:00,03:00:00,4532117045436,MakeMyTrip,health_fitness,481.81,"Hyderabad, Telangana, IN",17.39088863834451,78.49471949216792,17.41117095914519,78.34829620516996,1623726000,0
2021-06-15 06:00:00,06:00:00,4532117045436,Zomato,shopping_net,502.61,"Hyderabad, Telangana, IN",17.38786251271301,78.49238032012589,17.545408080417843,77.95243278026697,1623736800,0
2021-06-15 09:00:00,09:00:00,4532117045436,Walmart,health_fitness,263.31,"Hyderabad, Telangana, IN",17.37553019055467,78.49766875585765,17.120808230778525,78.99504707580313,1623747600,0
2021-06-15 12:00:00,12:00:00,4532117045436,Netflix,food_dining,694.81,"Hyderabad, Telangana, IN",17.378599342163998,78.49291172632279,17.011687608634507,78.7918595630116,1623758400,0
2021-06-15 15:00:00,15:00:00,4532117045436,Apollo,health_fitness,511.47,"Hyderabad, Telangana, IN",17.376900040689467,78.47766771718692,17.278284419055037,78.19364408974602,1623769200,0
2021-06-15 18:00:00,18:00:00,4532117045436,MakeMyTrip,travel,410.58,"Hyderabad, Telangana, IN",17.395915600018853,78.48449241936206,17.021631763245836,79.06307797808925,1623780000,0
2021-06-15 21:00:00,21:00:00,4532117045436,Shell,health_fitness,483.18,"Hyderabad, Telangana, IN",17.38795336731283,78.48154754278292,17.75610074088508,77.9945124073617,1623790800,0
2021-06-16 00:00:00,00:00:00,4532117045436,Netflix,grocery_pos,589.56,"Hyderabad, Telangana, IN",17.36832694297305,78.49932276444609,17.60842316541753,78.6981434219905,1623801600,0
2021-06-16 03:00:00,03:00:00,4532117045436,Zomato,health_fitness,230.0,"Hyderabad, Telangana, IN",17.39952653078385,78.47715394231969,18.19902058520267,77.64034775326527,1623812400,0
2021-06-16 06:00:00,06:00:00,4532117045436,Apollo,health_fitness,434.24,"Hyderabad, Telangana, IN",17.38168048568889,78.47734822236885,17.20724591695141,78.29206047306862,1623823200,0
2021-06-16 09:00:00,09:00:00,4532117045436,Walmart,gas_transport,272.12,"Hyderabad, Telangana, IN",17.391533780145203,78.4883992956602,17.419911133750993,78.0655932114046,1623834000,0
2021-06-16 12:00:00,12:00:00,4532117045436,Walmart,shopping_net,848.55,"Hyderabad, Telangana, IN",17.395523379400466,78.50599020690397,17.471789850492517,77.85706464451275,1623844800,0
2021-06-16 15:00:00,15:00:00,4532117045436,Zomato,gas_transport,470.73,"Hyderabad, Telangana, IN",17.359379313165434,78.49404890728935,17.198502899797845,78.49895594228553,1623855600,0
2021-06-16 18:00:00,18:00:00,4532117045436,Zomato,gas_transport,2523.26,"Chennai, Tamil Nadu, IN",17.3895459770728,78.49711676189969,12.097265838523676,73.06143342666752,1623866400,1
2021-06-16 21:00:00,21:00:00,4532117045436,Shell,entertainment,989.92,"Hyderabad, Telangana, IN",17.382474239349573,78.47563198674015,17.6069450900251,78.79409674544527,1623877200,0
2021-06-17 00:00:00,00:00:00,4532117045436,MakeMyTrip,grocery_pos,369.6,"Hyderabad, Telangana, IN",17.360781080027184,78.49338801511676,18.552410845673425,78.48754018954703,1623888000,0
2021-06-17 03:00:00,03:00:00,4532117045436,Walmart,gas_transport,418.64,"Hyderabad, Telangana, IN",17.373674729074743,78.47558810900308,17.884677705896113,78.70213114688035,1623898800,0
2021-06-17 06:00:00,06:00:00,4532117045436,Apollo,travel,429.48,"Hyderabad, Telangana, IN",17.38045391458365,78.49400935565436,18.36409337896225,77.92514362495636,1623909600,0
2021-06-17 09:00:00,09:00:00,4532117045436,Netflix,food_dining,322.81,"Hyderabad, Telangana, IN",17.393456513767674,78.47099158979188,17.83339818045265,78.04656930665179,1623920400,0
2021-06-17 12:00:00,12:00:00,4532117045436,Apollo,travel,487.1,"Hyderabad, Telangana, IN",17.38323762049988,78.48330879287147,17.3090162529802,78.47779134106399,1623931200,0
2021-06-17 15:00:00,15:00:00,4532117045436,Amazon,food_dining,118.39,"Hyderabad, Telangana, IN",17.386481213143394,78.46616882027966,17.68579116781039,78.04864677344635,1623942000,0
2021-06-17 18:00:00,18:00:00,4532117045436,Amazon,health_fitness,612.88,"Hyderabad, Telangana, IN",17.381438716371605,78.47785287800066,17.919946440425566,78.48947220237143,1623952800,0
2021-06-17 21:00:00,21:00:00,4532117045436,Zomato,entertainment,280.83,"Hyderabad, Telangana, IN",17.39587904274306,78.47245393412584,16.584673032152313,78.16169590427073,1623963600,0
2021-06-18 00:00:00,00:00:00,4532117045436,Shell,grocery_pos,387.7,"Hyderabad, Telangana, IN",17.390210311566143,78.49321182972608,17.60741077348796,78.40743651747881,1623974400,0
2021-06-18 03:00:00,03:00:00,4532117045436,Amazon,travel,562.73,"Hyderabad, Telangana, IN",17.386628554817843,78.48764388549712,17.335783614500446,77.6544768425593,1623985200,0
2021-06-18 06:00:00,06:00:00,4532117045436,Walmart,grocery_pos,419.33,"Hyderabad, Telangana, IN",17.37356866998804,78.4820246551568,18.123722341770403,77.63062476378283,1623996000,0
2021-06-18 09:00:00,09:00:00,4532117045436,Apollo,travel,425.47,"Hyderabad, Telangana, IN",17.38619839415131,78.48787122515323,17.571162583046455,78.1281856959151,1624006800,0
2021-06-18 12:00:00,12:00:00,4532117045436,Apollo,health_fitness,298.19,"Hyderabad, Telangana, IN",17.412818718053796,78.47839060854193,16.15484779684445,77.82331865091713,1624017600,0
2021-06-18 15:00:00,15:00:00,4532117045436,Zomato,food_dining,764.35,"Hyderabad, Telangana, IN",17.392952672864993,78.48991860704795,17.604943102382244,77.17451142146999,1624028400,0
2021-06-18 18:00:00,18:00:00,4532117045436,MakeMyTrip,shopping_net,529.72,"Hyderabad, Telangana, IN",17.37760657216368,78.48592276600546,16.354074223160733,78.7279862190335,1624039200,0
2021-06-18 21:00:00,21:00:00,4532117045436,MakeMyTrip,entertainment,287.58,"Hyderabad, Telangana, IN",17.403524598902134,78.50950894135026,18.022054208179796,78.97236533770028,1624050000,0
2021-06-19 00:00:00,00:00:00,4532117045436,Netflix,travel,476.73,"Hyderabad, Telangana, IN",17.377166063785427,78.50303513855818,17.001055899896034,78.92429782200198,1624060800,0
2021-06-19 03:00:00,03:00:00,4532117045436,Zomato,travel,276.98,"Hyderabad, Telangana, IN",17.392143040407113,78.49610559884015,16.819627100899066,78.41451959477139,1624071600,0
2021-06-19 06:00:00,06:00:00,4532117045436,Netflix,health_fitness,708.36,"Hyderabad, Telangana, IN",17.38453800169249,78.4896232296042,16.999475284244042,78.40434737010067,1624082400,0
2021-06-19 09:00:00,09:00:00,4532117045436,MakeMyTrip,entertainment,479.95,"Hyderabad, Telangana, IN",17.386821290863125,78.49090357310777,16.938162879611085,78.53633885050807,1624093200,0
2021-06-19 12:00:00,12:00:00,4532117045436,Zomato,food_dining,303.67,"Hyderabad, Telangana, IN",17.3871882971816,78.49910889227536,17.307144919547266,78.15938589598102,1624104000,0
2021-06-19 15:00:00,15:00:00,4532117045436,Zomato,food_dining,554.64,"Hyderabad, Telangana, IN",17.382524315735886,78.4895814236438,16.95474608491985,77.56540297039702,1624114800,0
2021-06-19 18:00:00,18:00:00,4532117045436,Zomato,travel,408.29,"Hyderabad, Telangana, IN",17.381106602923285,78.49019665270896,17.234587517345837,79.08043711161123,1624125600,0
2021-06-19 21:00:00,21:00:00,4532117045436,MakeMyTrip,shopping_net,256.77,"Hyderabad, Telangana, IN",17.37183165915437,78.48093521131739,16.613860232024077,78.49387380308629,1624136400,0
2021-06-20 00:00:00,00:00:00,4532117045436,Netflix,shopping_net,507.16,"Hyderabad, Telangana, IN",17.373749809697895,78.4798268285696,17.259177555942024,78.46314354818927,1624147200,0
2021-06-20 03:00:00,03:00:00,4532117045436,Netflix,grocery_pos,502.93,"Hyderabad, Telangana, IN",17.388339636992782,78.48562768328686,18.096293670351397,78.32835406385674,1624158000,0
2021-06-20 06:00:00,06:00:00,4532117045436,Zomato,entertainment,620.66,"Hyderabad, Telangana, IN",17.378172856838468,78.460552580072,17.160707123715326,78.78351857031403,1624168800,0
2021-06-20 09:00:00,09:00:00,4532117045436,Amazon,entertainment,459.68,"Hyderabad, Telangana, IN",17.375899901115453,78.48640932140351,17.697073384083687,78.42766367354074,1624179600,0
2021-06-20 12:00:00,12:00:00,4532117045436,Shell,food_dining,466.06,"Hyderabad, Telangana, IN",17.413273239005882,78.48427844055297,16.756854513993705,78.2420078423099,1624190400,0
2021-06-20 15:00:00,15:00:00,4532117045436,MakeMyTrip,grocery_pos,474.02,"Hyderabad, Telangana, IN",17.409893454252746,78.49549029899127,17.67484803302089,78.31888429365033,1624201200,0
2021-06-20 18:00:00,18:00:00,4532117045436,Shell,health_fitness,689.29,"Hyderabad, Telangana, IN",17.390808240946463,78.49894635288932,17.953792114697187,78.51915105905877,1624212000,0
2021-06-20 21:00:00,21:00:00,4532117045436,Shell,entertainment,403.49,"Hyderabad, Telangana, IN",17.39221511738089,78.5124143074481,18.097605991607143,77.91036111834312,1624222800,0
2021-06-21 00:00:00,00:00:00,4532117045436,Netflix,grocery_pos,520.42,"Hyderabad, Telangana, IN",17.37687583358937,78.49249540113242,17.48537385031622,79.19381394993714,1624233600,0
2021-06-21 03:00:00,03:00:00,4532117045436,Netflix,grocery_pos,542.51,"Hyderabad, Telangana, IN",17.373147590613957,78.48822026780267,17.72072138555144,78.1831553918021,1624244400,0
2021-06-21 06:00:00,06:00:00,4532117045436,Amazon,travel,502.47,"Hyderabad, Telangana, IN",17.381596641739062,78.4810385245538,16.744740576799146,78.08911197595658,1624255200,0
2021-06-21 09:00:00,09:00:00,4532117045436,Shell,food_dining,397.81,"Hyderabad, Telangana, IN",17.385002965542746,78.47621058938557,17.19329506866237,78.29773939809984,1624266000,0
2021-06-21 12:00:00,12:00:00,4532117045436,Shell,grocery_pos,468.09,"Hyderabad, Telangana, IN",17.392130775595366,78.49584208994399,16.984858162519217,78.9412795075793,1624276800,0
2021-06-21 15:00:00,15:00:00,4532117045436,Zomato,shopping_net,435.95,"Hyderabad, Telangana, IN",17.366696634989335,78.48642548202984,17.549226411246487,78.35244630275021,1624287600,0
2021-06-21 18:00:00,18:00:00,4532117045436,Netflix,shopping_net,743.88,"Hyderabad, Telangana, IN",17.406472471678956,78.4909491626549,17.120892389959025,79.0688043945282,1624298400,0
2021-06-21 21:00:00,21:00:00,4532117045436,Shell,gas_transport,381.34,"Hyderabad, Telangana, IN",17.387480247166856,78.48688569628716,17.72839397398963,78.32186535133282,1624309200,0
2021-06-22 00:00:00,00:00:00,4532117045436,Apollo,food_dining,4757.74,"Kolkata, West Bengal, IN",17.369493032994516,78.48714666582664,22.802767400399016,76.82900273588261,1624320000,1
2021-06-22 03:00:00,03:00:00,4532117045436,Amazon,travel,449.07,"Hyderabad, Telangana, IN",17.38657474795349,78.48889218887564,17.69578737957086,78.06922158645027,1624330800,0
2021-06-22 06:00:00,06:00:00,4532117045436,Apollo,health_fitness,438.5,"Hyderabad, Telangana, IN",17.375975491369065,78.49092082903682,18.090828991670318,78.1436470463965,1624341600,0
2021-06-22 09:00:00,09:00:00,4532117045436,Apollo,gas_transport,479.53,"Hyderabad, Telangana, IN",17.37527459903257,78.49610720223487,16.792723719680975,78.81099046879054,1624352400,0
2021-06-22 12:00:00,12:00:00,4532117045436,MakeMyTrip,shopping_net,381.38,"Hyderabad, Telangana, IN",17.374375981128257,78.47437694816392,17.342514933335995,78.25754861529195,1624363200,0
2021-06-22 15:00:00,15:00:00,4532117045436,MakeMyTrip,travel,466.56,"Hyderabad, Telangana, IN",17.38243514038181,78.49256080850525,17.493427720968924,77.89643866538819,1624374000,0
2021-06-22 18:00:00,18:00:00,4532117045436,Amazon,gas_transport,469.44,"Hyderabad, Telangana, IN",17.406027156907545,78.4738186010176,17.41752784889729,77.7629150020265,1624384800,0
2021-06-22 21:00:00,21:00:00,4532117045436,Apollo,food_dining,585.9,"Hyderabad, Telangana, IN",17.38592665338644,78.49371422502921,18.30666572900543,77.57091290041916,1624395600,0
2021-06-23 00:00:00,00:00:00,4532117045436,Shell,travel,463.95,"Hyderabad, Telangana, IN",17.3919388980593,78.48990228316649,17.013056976528468,79.8135135311098,1624406400,0
2021-06-23 03:00:00,03:00:00,4532117045436,Netflix,food_dining,465.37,"Hyderabad, Telangana, IN",17.394385142818315,78.48593394652522,17.54656201382494,78.11201716037418,1624417200,0
2021-06-23 06:00:00,06:00:00,4532117045436,Amazon,grocery_pos,527.45,"Hyderabad, Telangana, IN",17.38355243671441,78.48632483787544,16.17076612415222,78.70806646989774,1624428000,0
2021-06-23 09:00:00,09:00:00,4532117045436,Zomato,entertainment,580.15,"Hyderabad, Telangana, IN",17.373389799815588,78.48806915219917,17.59733655268176,77.88333439921188,1624438800,0
2021-06-23 12:00:00,12:00:00,4532117045436,Apollo,grocery_pos,302.45,"Hyderabad, Telangana, IN",17.36901258316584,78.49760983797923,17.637957927957277,79.1005201650769,1624449600,0
2021-06-23 15:00:00,15:00:00,4532117045436,Amazon,food_dining,262.15,"Hyderabad, Telangana, IN",17.381125478163334,78.49672452025224,17.358874268340358,78.05797569365134,1624460400,0
2021-06-23 18:00:00,18:00:00,4532117045436,Walmart,travel,704.32,"Hyderabad, Telangana, IN",17.396439363133823,78.49555399376295,17.5826507584891,79.42206868439382,1624471200,0
2021-06-23 21:00:00,21:00:00,4532117045436,Walmart,shopping_net,555.61,"Hyderabad, Telangana, IN",17.394353921500496,78.47323597801028,17.102755304127577,79.47267024523708,1624482000,0
2021-06-24 00:00:00,00:00:00,4532117045436,MakeMyTrip,health_fitness,417.09,"Hyderabad, Telangana, IN",17.387563806280262,78.492462086246,16.77424022821516,77.92898964621543,1624492800,0
2021-06-24 03:00:00,03:00:00,4532117045436,Netflix,shopping_net,452.96,"Hyderabad, Telangana, IN",17.388888786165587,78.4627223598638,16.890729814659394,79.10621963652225,1624503600,0
2021-06-24 06:00:00,06:00:00,4532117045436,Shell,travel,391.12,"Hyderabad, Telangana, IN",17.383631756395545,78.46539301409418,16.958716990598315,79.42540122410148,1624514400,0
2021-06-24 09:00:00,09:00:00,4532117045436,Netflix,grocery_pos,481.69,"Hyderabad, Telangana, IN",17.38018518006212,78.49793937198312,16.738824195516443,77.68536304674903,1624525200,0
2021-06-24 12:00:00,12:00:00,4532117045436,Netflix,health_fitness,304.22,"Hyderabad, Telangana, IN",17.377618164211462,78.47223070500668,16.719088816810938,77.74313178711515,1624536000,0
2021-06-24 15:00:00,15:00:00,4532117045436,Netflix,travel,576.03,"Hyderabad, Telangana, IN",17.37028549755698,78.48490876317749,16.9699679173043,77.44030415640546,1624546800,0
2021-06-24 18:00:00,18:00:00,4532117045436,Netflix,food_dining,476.32,"Hyderabad, Telangana, IN",17.402971258166254,78.50074341457675,17.206948409140598,78.01684770896883,1624557600,0
2021-06-24 21:00:00,21:00:00,4532117045436,Zomato,shopping_net,481.74,"Hyderabad, Telangana, IN",17.386711209673074,78.49253767325152,17.450938251129482,77.98392510975037,1624568400,0
2021-06-25 00:00:00,00:00:00,4532117045436,Zomato,food_dining,315.91,"Hyderabad, Telangana, IN",17.38057534744343,78.49040000199331,16.773046173029858,78.31970455250658,1624579200,0
2021-06-25 03:00:00,03:00:00,4532117045436,MakeMyTrip,health_fitness,528.64,"Hyderabad, Telangana, IN",17.403211665357926,78.48615579124771,16.918070676342765,77.84836188575522,1624590000,0
2021-06-25 06:00:00,06:00:00,4532117045436,Amazon,health_fitness,319.35,"Hyderabad, Telangana, IN",17.405119824307626,78.48795891896546,17.077867517106185,78.83256683499927,1624600800,0
2021-06-25 09:00:00,09:00:00,4532117045436,Walmart,shopping_net,4802.21,"Chennai, Tamil Nadu, IN",17.412451583530085,78.48044818516196,28.66945428072398,73.54040611770517,1624611600,1
2021-06-25 12:00:00,12:00:00,4532117045436,Netflix,food_dining,463.14,"Hyderabad, Telangana, IN",17.382516725516624,78.48190417917769,16.7874340688523,78.69889457404093,1624622400,0
2021-06-25 15:00:00,15:00:00,4532117045436,MakeMyTrip,gas_transport,826.1,"Hyderabad, Telangana, IN",17.386052307727795,78.48756463470396,17.12636773477628,79.00149411632107,1624633200,0
2021-06-25 18:00:00,18:00:00,4532117045436,Amazon,food_dining,475.72,"Hyderabad, Telangana, IN",17.39150955922495,78.48902405213654,17.871202772704255,78.61824350326751,1624644000,0
2021-06-25 21:00:00,21:00:00,4532117045436,Walmart,health_fitness,64.68,"Hyderabad, Telangana, IN",17.40162185133248,78.48512158800305,16.987688745387178,78.37476209086626,1624654800,0
2021-06-26 00:00:00,00:00:00,4532117045436,Apollo,food_dining,353.62,"Hyderabad, Telangana, IN",17.38562023177957,78.46433669500637,16.761360534989024,78.07602931246538,1624665600,0
2021-06-26 03:00:00,03:00:00,4532117045436,Shell,travel,552.56,"Hyderabad, Telangana, IN",17.375166451429653,78.50234874397933,17.34139036863176,78.93545737259473,1624676400,0
2021-06-26 06:00:00,06:00:00,4532117045436,Zomato,grocery_pos,280.73,"Hyderabad, Telangana, IN",17.377466204192327,78.49607286554965,16.969395040168276,78.6219260963073,1624687200,0
2021-06-26 09:00:00,09:00:00,4532117045436,Apollo,gas_transport,574.67,"Hyderabad, Telangana, IN",17.39677431449389,78.48465950443962,16.004027665007154,78.59608849324246,1624698000,0
2021-06-26 12:00:00,12:00:00,4532117045436,Walmart,entertainment,473.82,"Hyderabad, Telangana, IN",17.391210351931548,78.49638428124906,17.484522883970037,78.18408029340205,1624708800,0
2021-06-26 15:00:00,15:00:00,4532117045436,Apollo,travel,598.7,"Hyderabad, Telangana, IN",17.383270898875097,78.48311473747245,17.820118545866794,78.6368119083921,1624719600,0
2021-06-26 18:00:00,18:00:00,4532117045436,Shell,grocery_pos,366.17,"Hyderabad, Telangana, IN",17.382613198884137,78.48987539541511,17.373820681496788,78.09588779331848,1624730400,0
2021-06-26 21:00:00,21:00:00,4532117045436,MakeMyTrip,entertainment,354.48,"Hyderabad, Telangana, IN",17.383271344614364,78.46746786302165,17.90659915781457,78.64170445405205,1624741200,0
2021-06-27 00:00:00,00:00:00,4532117045436,Walmart,shopping_net,534.75,"Hyderabad, Telangana, IN",17.397390390298888,78.48926733725034,17.707012949055056,78.3543054027947,1624752000,0
2021-06-27 03:00:00,03:00:00,4532117045436,Apollo,entertainment,3452.07,"Chennai, Tamil Nadu, IN",17.37711047053888,78.48388661694291,29.618312157176174,88.55262207026021,1624762800,1
2021-06-27 06:00:00,06:00:00,4532117045436,Zomato,travel,439.8,"Hyderabad, Telangana, IN",17.372865888991807,78.48888056180614,18.40975343964352,77.82245752370326,1624773600,0
2021-06-27 09:00:00,09:00:00,4532117045436,Zomato,food_dining,685.35,"Hyderabad, Telangana, IN",17.403168087735793,78.50379888364652,17.54557179094882,78.51048543693364,1624784400,0
2021-06-27 12:00:00,12:00:00,4532117045436,Amazon,travel,540.62,"Hyderabad, Telangana, IN",17.3852505447204,78.48651912943184,17.59890145405532,78.83810544416141,1624795200,0
2021-06-27 15:00:00,15:00:00,4532117045436,Apollo,entertainment,151.51,"Hyderabad, Telangana, IN",17.38420671240858,78.48212485097476,16.88826619072409,78.523985139265,1624806000,0
2021-06-27 18:00:00,18:00:00,4532117045436,Netflix,health_fitness,569.86,"Hyderabad, Telangana, IN",17.39170992119718,78.48223592833138,16.612075732271208,77.77553754144517,1624816800,0
2021-06-27 21:00:00,21:00:00,4532117045436,Apollo,grocery_pos,554.85,"Hyderabad, Telangana, IN",17.375110896414657,78.4725385867661,16.84330303079267,78.11443149046944,1624827600,0
2021-06-28 00:00:00,00:00:00,4532117045436,MakeMyTrip,grocery_pos,627.74,"Hyderabad, Telangana, IN",17.392504960007766,78.49074246599986,17.845050606923074,79.12031577180407,1624838400,0
2021-06-28 03:00:00,03:00:00,4532117045436,Walmart,entertainment,309.05,"Hyderabad, Telangana, IN",17.381172727606693,78.49204430377546,18.24024918826713,78.45131303536782,1624849200,0
2021-06-28 06:00:00,06:00:00,4532117045436,Walmart,grocery_pos,498.72,"Hyderabad, Telangana, IN",17.396256725366843,78.48735417212869,17.52937553559266,78.07705606827989,1624860000,0
2021-06-28 09:00:00,09:00:00,4532117045436,MakeMyTrip,health_fitness,466.74,"Hyderabad, Telangana, IN",17.369662658983298,78.49589907225574,17.431262487169562,79.11381864404592,1624870800,0
2021-06-28 12:00:00,12:00:00,4532117045436,Apollo,travel,306.36,"Hyderabad, Telangana, IN",17.38950666187966,78.49599407393718,17.8686198159674,79.26153441087718,1624881600,0
2021-06-28 15:00:00,15:00:00,4532117045436,MakeMyTrip,grocery_pos,592.01,"Hyderabad, Telangana, IN",17.382687674288096,78.48739833808602,18.075584217348588,77.89732164897664,1624892400,0
2021-06-28 18:00:00,18:00:00,4532117045436,Shell,entertainment,413.77,"Hyderabad, Telangana, IN",17.377953567018768,78.4925549579305,16.658966986094768,78.23521145564744,1624903200,0
2021-06-28 21:00:00,21:00:00,4532117045436,MakeMyTrip,gas_transport,622.91,"Hyderabad, Telangana, IN",17.39271344579213,78.50842680924019,18.198966986275828,78.31451479618569,1624914000,0
2021-06-29 00:00:00,00:00:00,4532117045436,Zomato,gas_transport,338.57,"Hyderabad, Telangana, IN",17.383516780771465,78.47847946104599,17.194753423864043,78.75330376725123,1624924800,0
2021-06-29 03:00:00,03:00:00,4532117045436,MakeMyTrip,shopping_net,230.91,"Hyderabad, Telangana, IN",17.38966012798157,78.49443164530219,17.926989756979474,78.39651571274447,1624935600,0
2021-06-29 06:00:00,06:00:00,4532117045436,Walmart,grocery_pos,413.62,"Hyderabad, Telangana, IN",17.397657119207864,78.48756824366296,16.8511841471077,78.54791507085389,1624946400,0
2021-06-29 09:00:00,09:00:00,4532117045436,Zomato,travel,484.79,"Hyderabad, Telangana, IN",17.39291495644221,78.49715746563109,17.901750990301018,78.41368153444543,1624957200,0
2021-06-29 12:00:00,12:00:00,4532117045436,Walmart,entertainment,369.87,"Hyderabad, Telangana, IN",17.37419628864953,78.47876511256119,16.668152438704695,79.5866456867337,1624968000,0
2021-06-29 15:00:00,15:00:00,4532117045436,Amazon,grocery_pos,10.0,"Hyderabad, Telangana, IN",17.379582537449895,78.48870278741866,17.945656510171254,78.77345749077924,1624978800,0
2021-06-29 18:00:00,18:00:00,4532117045436,Netflix,food_dining,507.55,"Hyderabad, Telangana, IN",17.38959291346752,78.479903998744,17.70667316355061,78.33989575544167,1624989600,0
2021-06-29 21:00:00,21:00:00,4532117045436,Walmart,health_fitness,506.85,"Hyderabad, Telangana, IN",17.39293876901574,78.46903012619313,16.598978556141184,78.34777400746036,1625000400,0
2021-06-30 00:00:00,00:00:00,4532117045436,Zomato,grocery_pos,553.08,"Hyderabad, Telangana, IN",17.381090437240662,78.50074387665718,18.022706884973704,78.72327124515455,1625011200,0
2021-06-30 03:00:00,03:00:00,4532117045436,Amazon,grocery_pos,392.93,"Hyderabad, Telangana, IN",17.38697853479528,78.48235536486715,16.897010645472232,78.00912443063302,1625022000,0
2021-06-30 06:00:00,06:00:00,4532117045436,Walmart,gas_transport,384.74,"Hyderabad, Telangana, IN",17.38691587106394,78.47827516803059,17.956457797618206,78.62176546974231,1625032800,0
2021-06-30 09:00:00,09:00:00,4532117045436,Shell,health_fitness,7573.55,"Mumbai, Maharashtra, IN",17.388308991850554,78.48093104542721,28.804392280311234,88.98951455523209,1625043600,1
2021-06-30 12:00:00,12:00:00,4532117045436,MakeMyTrip,entertainment,213.69,"Hyderabad, Telangana, IN",17.37321052629234,78.50494439320417,16.76186450364464,78.054390469957,1625054400,0
2021-06-30 15:00:00,15:00:00,4532117045436,Netflix,grocery_pos,412.93,"Hyderabad, Telangana, IN",17.370849678694707,78.49980527737482,16.878390340278592,77.32941092823883,1625065200,0
2021-06-30 18:00:00,18:00:00,4532117045436,Walmart,gas_transport,471.35,"Hyderabad, Telangana, IN",17.36240762986439,78.4845180215974,19.336399358810965,77.61821815017501,1625076000,0
2021-06-30 21:00:00,21:00:00,4532117045436,Amazon,shopping_net,540.9,"Hyderabad, Telangana, IN",17.3860556109539,78.49531374183263,18.538673507953323,78.37194147727622,1625086800,0
2021-07-01 00:00:00,00:00:00,4532117045436,Shell,health_fitness,475.47,"Hyderabad, Telangana, IN",17.371358097728525,78.47594613787042,17.27966090501852,78.94020948572437,1625097600,0
2021-07-01 03:00:00,03:00:00,4532117045436,Apollo,gas_transport,311.7,"Hyderabad, Telangana, IN",17.406367256357154,78.49193542953198,17.597319144073772,78.26209338148827,1625108400,0
2021-07-01 06:00:00,06:00:00,4532117045436,Amazon,gas_transport,625.14,"Hyderabad, Telangana, IN",17.391541160544666,78.48239435769125,17.98651693345488,78.91970102172472,1625119200,0
2021-07-01 09:00:00,09:00:00,4532117045436,MakeMyTrip,travel,450.29,"Hyderabad, Telangana, IN",17.37318133060889,78.49106098192598,16.739061432172342,78.30336440421733,1625130000,0
2021-07-01 12:00:00,12:00:00,4532117045436,Amazon,gas_transport,4685.29,"Kolkata, West Bengal, IN",17.39635130743777,78.47296222940429,21.45596397311766,80.26545628569467,1625140800,1
2021-07-01 15:00:00,15:00:00,4532117045436,Shell,travel,481.38,"Hyderabad, Telangana, IN",17.396374983028373,78.48074860798107,17.878584096653736,77.84752502510135,1625151600,0
2021-07-01 18:00:00,18:00:00,4532117045436,Amazon,grocery_pos,521.29,"Hyderabad, Telangana, IN",17.397187241549254,78.4885190859881,17.565922371738115,78.02341230584938,1625162400,0
2021-07-01 21:00:00,21:00:00,4532117045436,Shell,grocery_pos,744.11,"Hyderabad, Telangana, IN",17.376919283044952,78.48841334355971,18.080472774039315,78.55706854442487,1625173200,0
2021-07-02 00:00:00,00:00:00,4532117045436,Walmart,shopping_net,511.31,"Hyderabad, Telangana, IN",17.392160543348922,78.47207182442135,17.46132197875677,78.46389828146809,1625184000,0
2021-07-02 03:00:00,03:00:00,4532117045436,Shell,food_dining,227.7,"Hyderabad, Telangana, IN",17.397356672860095,78.47698154389052,17.93764843867778,78.36261538569582,1625194800,0
2021-07-02 06:00:00,06:00:00,4532117045436,Shell,food_dining,232.96,"Hyderabad, Telangana, IN",17.400708571497574,78.49093416043976,17.503150143471107,78.38342097313735,1625205600,0
2021-07-02 09:00:00,09:00:00,4532117045436,Netflix,food_dining,638.81,"Hyderabad, Telangana, IN",17.369762571650337,78.48976019300737,16.618151194126515,79.03922044441623,1625216400,0
2021-07-02 12:00:00,12:00:00,4532117045436,Shell,travel,329.58,"Hyderabad, Telangana, IN",17.382823658930906,78.4932548227391,17.854480913995655,79.42648768661634,1625227200,0
2021-07-02 15:00:00,15:00:00,4532117045436,Shell,health_fitness,217.56,"Hyderabad, Telangana, IN",17.37655990815488,78.48860201704778,18.035973429711316,78.11778827527912,1625238000,0
2021-07-02 18:00:00,18:00:00,4532117045436,Apollo,health_fitness,600.08,"Hyderabad, Telangana, IN",17.403641242650924,78.47616806905337,17.309398707584446,78.3926448117812,1625248800,0
2021-07-02 21:00:00,21:00:00,4532117045436,Walmart,shopping_net,378.64,"Hyderabad, Telangana, IN",17.389910573338547,78.4831615731934,16.715453622833884,77.8760189925333,1625259600,0
2021-07-03 00:00:00,00:00:00,4532117045436,MakeMyTrip,health_fitness,592.05,"Hyderabad, Telangana, IN",17.393912478043823,78.49201022393618,17.819037279324025,78.47942874904847,1625270400,0
2021-07-03 03:00:00,03:00:00,4532117045436,Netflix,food_dining,7574.66,"Mumbai, Maharashtra, IN",17.389763553557017,78.476683230597,29.08626408014714,80.56856812938064,1625281200,1
2021-07-03 06:00:00,06:00:00,4532117045436,Apollo,food_dining,671.07,"Hyderabad, Telangana, IN",17.38875285584407,78.47543970866747,17.533506306573216,78.59403318126186,1625292000,0
2021-07-03 09:00:00,09:00:00,4532117045436,Zomato,gas_transport,580.81,"Hyderabad, Telangana, IN",17.3763671187904,78.4836702541578,17.479509733482537,78.92585157624995,1625302800,0
2021-07-03 12:00:00,12:00:00,4532117045436,Walmart,health_fitness,341.6,"Hyderabad, Telangana, IN",17.380534905771533,78.48941449910555,17.888855202296664,77.88185983993682,1625313600,0
2021-07-03 15:00:00,15:00:00,4532117045436,Walmart,grocery_pos,200.94,"Hyderabad, Telangana, IN",17.385715153645016,78.46827168145468,17.52896813378976,78.38042361311246,1625324400,0
2021-07-03 18:00:00,18:00:00,4532117045436,Zomato,grocery_pos,795.77,"Hyderabad, Telangana, IN",17.378514142893618,78.48427509223374,17.147539584492076,78.34820791910617,1625335200,0
2021-07-03 21:00:00,21:00:00,4532117045436,MakeMyTrip,gas_transport,418.47,"Hyderabad, Telangana, IN",17.376668282102383,78.49188558702006,16.57736966146722,78.56609184347612,1625346000,0
2021-07-04 00:00:00,00:00:00,4532117045436,Shell,gas_transport,2314.66,"Mumbai, Maharashtra, IN",17.38294322727054,78.49385359838188,28.76788882293607,77.80417385636815,1625356800,1
2021-07-04 03:00:00,03:00:00,4532117045436,Apollo,gas_transport,7666.06,"Mumbai, Maharashtra, IN",17.37894855991322,78.4766623020505,13.198529917699206,78.17153791493155,1625367600,1
2021-07-04 06:00:00,06:00:00,4532117045436,Amazon,grocery_pos,591.86,"Hyderabad, Telangana, IN",17.385498170901776,78.49041939843994,17.217619232188582,78.7912941791349,1625378400,0
2021-07-04 09:00:00,09:00:00,4532117045436,Netflix,food_dining,627.42,"Hyderabad, Telangana, IN",17.38057129585533,78.49663693515555,17.83892466922903,79.32279885140804,1625389200,0
2021-07-04 12:00:00,12:00:00,4532117045436,Amazon,gas_transport,435.22,"Hyderabad, Telangana, IN",17.378151413405103,78.49276705171681,16.677875899284917,78.06372543599899,1625400000,0
2021-07-04 15:00:00,15:00:00,4532117045436,Zomato,shopping_net,2830.97,"Mumbai, Maharashtra, IN",17.375723758396862,78.48258104264873,19.513829389024032,79.77559801314816,1625410800,1
2021-07-04 18:00:00,18:00:00,4532117045436,Walmart,travel,253.41,"Hyderabad, Telangana, IN",17.38506095920046,78.46284797762874,16.850149460179576,78.55596867390209,1625421600,0
2021-07-04 21:00:00,21:00:00,4532117045436,MakeMyTrip,gas_transport,367.19,"Hyderabad, Telangana, IN",17.393882982738575,78.4887933540626,17.45268783399341,77.83859121067853,1625432400,0
2021-07-05 00:00:00,00:00:00,4532117045436,Walmart,travel,508.48,"Hyderabad, Telangana, IN",17.39150871553946,78.50248563907516,18.28100668245192,78.77628289913123,1625443200,0
2021-07-05 03:00:00,03:00:00,4532117045436,Netflix,entertainment,625.22,"Hyderabad, Telangana, IN",17.36973089814911,78.49494061812528,18.5071501456005,79.04805591262937,1625454000,0
2021-07-05 06:00:00,06:00:00,4532117045436,Walmart,gas_transport,549.17,"Hyderabad, Telangana, IN",17.39359750761011,78.49424582396907,17.91376927010797,78.15269758562376,1625464800,0
2021-07-05 09:00:00,09:00:00,4532117045436,Walmart,grocery_pos,437.57,"Hyderabad, Telangana, IN",17.391438090319536,78.48838478616561,16.40604474680065,78.34187962313142,1625475600,0
2021-07-05 12:00:00,12:00:00,4532117045436,Netflix,health_fitness,378.73,"Hyderabad, Telangana, IN",17.393872734063976,78.49566782430558,17.008959483522744,77.61321721332892,1625486400,0
2021-07-05 15:00:00,15:00:00,4532117045436,Apollo,gas_transport,626.03,"Hyderabad, Telangana, IN",17.395836123303035,78.48973248727127,15.865574583156285,79.01269582449642,1625497200,0
2021-07-05 18:00:00,18:00:00,4532117045436,Apollo,health_fitness,564.66,"Hyderabad, Telangana, IN",17.377723461762173,78.4692371607372,17.46760137856784,78.91938092371099,1625508000,0
2021-07-05 21:00:00,21:00:00,4532117045436,Netflix,entertainment,318.82,"Hyderabad, Telangana, IN",17.382001972330404,78.49561579013096,18.197440539024008,78.00880807517758,1625518800,0
2021-07-06 00:00:00,00:00:00,4532117045436,MakeMyTrip,shopping_net,314.36,"Hyderabad, Telangana, IN",17.402904635141073,78.47808868103773,17.792753668551445,78.06550939514291,1625529600,0
2021-07-06 03:00:00,03:00:00,4532117045436,Zomato,health_fitness,368.18,"Hyderabad, Telangana, IN",17.402310403814788,78.48737232986309,16.502266246399504,78.28782301210447,1625540400,0
2021-07-06 06:00:00,06:00:00,4532117045436,Walmart,travel,348.94,"Hyderabad, Telangana, IN",17.38423411439683,78.49409196767739,18.079361222893063,79.13270006026735,1625551200,0
2021-07-06 09:00:00,09:00:00,4532117045436,MakeMyTrip,food_dining,604.48,"Hyderabad, Telangana, IN",17.391031114246687,78.4792082525186,17.987139783509203,78.4506180686947,1625562000,0
2021-07-06 12:00:00,12:00:00,4532117045436,Walmart,gas_transport,515.36,"Hyderabad, Telangana, IN",17.39190599871427,78.47684543212213,18.156564092336772,78.562586908526,1625572800,0
2021-07-06 15:00:00,15:00:00,4532117045436,Zomato,entertainment,533.67,"Hyderabad, Telangana, IN",17.402576446321536,78.4914716990919,17.939554256248872,78.56265546970852,1625583600,0
2021-07-06 18:00:00,18:00:00,4532117045436,Apollo,entertainment,478.75,"Hyderabad, Telangana, IN",17.388452803899384,78.47556460438851,17.12193208115443,79.17304280862321,1625594400,0
2021-07-06 21:00:00,21:00:00,4532117045436,MakeMyTrip,health_fitness,485.82,"Hyderabad, Telangana, IN",17.372877131011883,78.48477203768826,16.457542688167518,78.3001420173539,1625605200,0
2021-07-07 00:00:00,00:00:00,4532117045436,Shell,shopping_net,212.73,"Hyderabad, Telangana, IN",17.380239940715025,78.49798373459939,17.97046309905496,78.41886329058849,1625616000,0
2021-07-07 03:00:00,03:00:00,4532117045436,Shell,grocery_pos,569.13,"Hyderabad, Telangana, IN",17.416335366595433,78.50296492292965,17.773299732578003,79.07388368481877,1625626800,0
2021-07-07 06:00:00,06:00:00,4532117045436,Shell,gas_transport,365.48,"Hyderabad, Telangana, IN",17.37241378742632,78.4688837006337,16.399034392890933,79.06848163651094,1625637600,0
2021-07-07 09:00:00,09:00:00,4532117045436,Apollo,entertainment,445.03,"Hyderabad, Telangana, IN",17.38550279121628,78.48451291634998,16.90285087074188,77.96455838349257,1625648400,0
2021-07-07 12:00:00,12:00:00,4532117045436,Apollo,shopping_net,379.02,"Hyderabad, Telangana, IN",17.408135334402527,78.49940049296414,16.91689614710857,77.51360749110746,1625659200,0
2021-07-07 15:00:00,15:00:00,4532117045436,Zomato,food_dining,471.88,"Hyderabad, Telangana, IN",17.377002567582156,78.48271881713268,17.748735591110155,78.48309914784934,1625670000,0
2021-07-07 18:00:00,18:00:00,4532117045436,Walmart,entertainment,535.96,"Hyderabad, Telangana, IN",17.35773100498674,78.49461886333228,17.377249863322568,78.81005403999808,1625680800,0
2021-07-07 21:00:00,21:00:00,4532117045436,Zomato,shopping_net,298.67,"Hyderabad, Telangana, IN",17.359570027357034,78.49537297364826,17.253159018900856,78.6442386898627,1625691600,0
2021-07-08 00:00:00,00:00:00,4532117045436,Zomato,grocery_pos,487.91,"Hyderabad, Telangana, IN",17.377057860362363,78.48059021315103,17.17526042084673,78.18066513571544,1625702400,0
2021-07-08 03:00:00,03:00:00,4532117045436,Apollo,grocery_pos,382.65,"Hyderabad, Telangana, IN",17.3673706524761,78.49098618491507,16.822166201727015,79.41866571326068,1625713200,0
2021-07-08 06:00:00,06:00:00,4532117045436,Shell,entertainment,648.22,"Hyderabad, Telangana, IN",17.395371673372626,78.49159460083291,17.867690940524458,77.95239738486869,1625724000,0
2021-07-08 09:00:00,09:00:00,4532117045436,Amazon,travel,282.81,"Hyderabad, Telangana, IN",17.3876814410681,78.49580186614376,17.02155522618409,77.80480748524539,1625734800,0
2021-07-08 12:00:00,12:00:00,4532117045436,Walmart,entertainment,299.62,"Hyderabad, Telangana, IN",17.363661627120017,78.47044850239611,17.96618810890187,79.06394352671266,1625745600,0
2021-07-08 15:00:00,15:00:00,4532117045436,Apollo,health_fitness,396.06,"Hyderabad, Telangana, IN",17.369046491077416,78.49962833342002,16.688480901418423,78.2765503270862,1625756400,0
2021-07-08 18:00:00,18:00:00,4532117045436,Shell,gas_transport,311.15,"Hyderabad, Telangana, IN",17.39740140493087,78.49356859257327,17.139014172713434,79.33598396492548,1625767200,0
2021-07-08 21:00:00,21:00:00,4532117045436,MakeMyTrip,shopping_net,416.34,"Hyderabad, Telangana, IN",17.38693159055699,78.47539614380464,18.367416627966318,78.36192140096587,1625778000,0
2021-07-09 00:00:00,00:00:00,4532117045436,Amazon,entertainment,3744.65,"Delhi, Delhi, IN",17.399336313443907,78.48542198133855,13.035970693274784,73.62672166769495,1625788800,1
2021-07-09 03:00:00,03:00:00,4532117045436,Amazon,gas_transport,463.26,"Hyderabad, Telangana, IN",17.39619010768353,78.49507836961212,17.13972657144289,78.73501670235099,1625799600,0
2021-07-09 06:00:00,06:00:00,4532117045436,Apollo,health_fitness,601.21,"Hyderabad, Telangana, IN",17.37349479296027,78.47592893052824,17.07095670612444,78.91420039112627,1625810400,0
2021-07-09 09:00:00,09:00:00,4532117045436,Netflix,gas_transport,460.69,"Hyderabad, Telangana, IN",17.393819680656687,78.47745447561256,16.950302973464265,79.56697672495581,1625821200,0
2021-07-09 12:00:00,12:00:00,4532117045436,Walmart,entertainment,474.35,"Hyderabad, Telangana, IN",17.390628510660967,78.48688608031912,17.611848486573265,78.9177035646907,1625832000,0
2021-07-09 15:00:00,15:00:00,4532117045436,Amazon,grocery_pos,291.4,"Hyderabad, Telangana, IN",17.36538279045737,78.48233762896632,17.83429822455219,79.02223899168621,1625842800,0
2021-07-09 18:00:00,18:00:00,4532117045436,Apollo,shopping_net,429.89,"Hyderabad, Telangana, IN",17.371380216707717,78.48920866113698,17.510648620733036,78.19722701677455,1625853600,0
2021-07-09 21:00:00,21:00:00,4532117045436,Apollo,shopping_net,386.74,"Hyderabad, Telangana, IN",17.40937670488428,78.49492957797767,17.35539125621109,78.96614243709021,1625864400,0
2021-07-10 00:00:00,00:00:00,4532117045436,Shell,grocery_pos,552.25,"Hyderabad, Telangana, IN",17.375723597620663,78.4894224214097,17.68578435487855,78.79949886018674,1625875200,0
2021-07-10 03:00:00,03:00:00,4532117045436,MakeMyTrip,travel,4208.54,"Kolkata, West Bengal, IN",17.389115211163332,78.48659701301324,22.153138547691544,77.38827892418409,1625886000,1
2021-07-10 06:00:00,06:00:00,4532117045436,Netflix,entertainment,320.9,"Hyderabad, Telangana, IN",17.38309349251812,78.4949754315215,17.574041034108934,77.79891058075319,1625896800,0
2021-07-10 09:00:00,09:00:00,4532117045436,Walmart,shopping_net,497.61,"Hyderabad, Telangana, IN",17.38683723951878,78.48565099745406,17.602327176854622,78.03523550311593,1625907600,0
2021-07-10 12:00:00,12:00:00,4532117045436,Zomato,entertainment,747.02,"Hyderabad, Telangana, IN",17.38375501931894,78.47924262293066,17.518676515621685,78.22840577913087,1625918400,0
2021-07-10 15:00:00,15:00:00,4532117045436,MakeMyTrip,health_fitness,423.61,"Hyderabad, Telangana, IN",17.394651872929433,78.49825281789026,17.107385258302667,78.38950359800504,1625929200,0
2021-07-10 18:00:00,18:00:00,4532117045436,MakeMyTrip,entertainment,475.23,"Hyderabad, Telangana, IN",17.394389908443532,78.46251335237687,16.997478402959118,78.85964363782573,1625940000,0
2021-07-10 21:00:00,21:00:00,4532117045436,Shell,gas_transport,592.2,"Hyderabad, Telangana, IN",17.386179245675745,78.48734029955038,16.73458559413886,78.96015049159597,1625950800,0
2021-07-11 00:00:00,00:00:00,4532117045436,Amazon,grocery_pos,526.49,"Hyderabad, Telangana, IN",17.37595526956397,78.483065758119,18.120290786209605,79.36110852901453,1625961600,0
2021-07-11 03:00:00,03:00:00,4532117045436,Amazon,travel,527.47,"Hyderabad, Telangana, IN",17.379312111590515,78.47746994302881,17.357161343566656,78.69992505183997,1625972400,0
2021-07-11 06:00:00,06:00:00,4532117045436,Shell,entertainment,435.72,"Hyderabad, Telangana, IN",17.369240803031957,78.489685807512,17.17310185879207,77.76014997014927,1625983200,0
2021-07-11 09:00:00,09:00:00,4532117045436,Apollo,travel,438.64,"Hyderabad, Telangana, IN",17.381655706982407,78.49129712632539,17.124385061314946,78.0362543892681,1625994000,0
2021-07-11 12:00:00,12:00:00,4532117045436,Amazon,travel,336.73,"Hyderabad, Telangana, IN",17.36733574799556,78.47840981144508,16.906753579116092,78.37211450489059,1626004800,0
2021-07-11 15:00:00,15:00:00,4532117045436,Netflix,health_fitness,5440.07,"Delhi, Delhi, IN",17.387188471997124,78.47274026737695,19.295323207376157,80.056295695648,1626015600,1
2021-07-11 18:00:00,18:00:00,4532117045436,Walmart,food_dining,519.53,"Hyderabad, Telangana, IN",17.38795998228658,78.47364036720047,17.990614835739922,78.797530091621,1626026400,0
2021-07-11 21:00:00,21:00:00,4532117045436,MakeMyTrip,grocery_pos,557.57,"Hyderabad, Telangana, IN",17.39505251961652,78.50483237449961,17.675855635891498,78.1071699589926,1626037200,0
2021-07-12 00:00:00,00:00:00,4532117045436,MakeMyTrip,travel,376.78,"Hyderabad, Telangana, IN",17.372799142067525,78.50593699135297,17.799246704553454,77.92988221192977,1626048000,0
2021-07-12 03:00:00,03:00:00,4532117045436,Netflix,shopping_net,574.52,"Hyderabad, Telangana, IN",17.373478046989156,78.48699550441394,17.864643203517545,78.1695392030164,1626058800,0
2021-07-12 06:00:00,06:00:00,4532117045436,Amazon,gas_transport,620.0,"Hyderabad, Telangana, IN",17.40024701368523,78.47298426619838,18.48491506685104,77.868142560901,1626069600,0
2021-07-12 09:00:00,09:00:00,4532117045436,MakeMyTrip,shopping_net,267.91,"Hyderabad, Telangana, IN",17.371312695370484,78.48524648952088,17.39886009109164,78.42688073656954,1626080400,0
2021-07-12 12:00:00,12:00:00,4532117045436,Zomato,health_fitness,405.47,"Hyderabad, Telangana, IN",17.405512162190192,78.46469327107653,17.17100603427698,78.7091659617337,1626091200,0
2021-07-12 15:00:00,15:00:00,4532117045436,Walmart,health_fitness,626.25,"Hyderabad, Telangana, IN",17.375761028834795,78.48984678546184,17.603588637390228,78.6346531553131,1626102000,0
2021-07-12 18:00:00,18:00:00,4532117045436,Walmart,shopping_net,2156.62,"Kolkata, West Bengal, IN",17.3758309170392,78.47675938757804,19.629920430294195,76.73211006009899,1626112800,1
2021-07-12 21:00:00,21:00:00,4532117045436,MakeMyTrip,grocery_pos,529.31,"Hyderabad, Telangana, IN",17.39342809845714,78.47459800154407,17.36797708561435,78.50078748978945,1626123600,0
2021-07-13 00:00:00,00:00:00,4532117045436,Shell,shopping_net,7339.79,"Kolkata, West Bengal, IN",17.390493915286978,78.49647632966801,19.10372249760291,89.14531163282187,1626134400,1
2021-07-13 03:00:00,03:00:00,4532117045436,MakeMyTrip,entertainment,499.63,"Hyderabad, Telangana, IN",17.401415368145948,78.48515754226976,17.477998388062836,78.1438112036541,1626145200,0
2021-07-13 06:00:00,06:00:00,4532117045436,Shell,shopping_net,455.86,"Hyderabad, Telangana, IN",17.3660869584777,78.49535679652045,17.657245166412345,78.64222323225276,1626156000,0
2021-07-13 09:00:00,09:00:00,4532117045436,MakeMyTrip,gas_transport,561.93,"Hyderabad, Telangana, IN",17.390336354278052,78.49876910489861,17.558694087108037,79.61159120749097,1626166800,0
2021-07-13 12:00:00,12:00:00,4532117045436,Zomato,gas_transport,296.77,"Hyderabad, Telangana, IN",17.384540264456966,78.48580588371638,16.466180348784537,79.16021318265932,1626177600,0
2021-07-13 15:00:00,15:00:00,4532117045436,Apollo,food_dining,313.0,"Hyderabad, Telangana, IN",17.374232719455662,78.48664841778768,16.589955250245136,77.83242541543119,1626188400,0
2021-07-13 18:00:00,18:00:00,4532117045436,Walmart,gas_transport,669.68,"Hyderabad, Telangana, IN",17.403814728930012,78.4972827320798,17.74339214063719,78.90888603929805,1626199200,0
2021-07-13 21:00:00,21:00:00,4532117045436,MakeMyTrip,shopping_net,7867.42,"Mumbai, Maharashtra, IN",17.387353497988833,78.48131222226061,18.286568482175447,88.61897709652035,1626210000,1
2021-07-14 00:00:00,00:00:00,4532117045436,Zomato,gas_transport,449.19,"Hyderabad, Telangana, IN",17.384371508926275,78.49824633657906,18.497286291376167,78.58836156054987,1626220800,0
2021-07-14 03:00:00,03:00:00,4532117045436,Shell,grocery_pos,707.29,"Hyderabad, Telangana, IN",17.38954006225594,78.46646756471247,18.055580366277038,79.7628004038072,1626231600,0
2021-07-14 06:00:00,06:00:00,4532117045436,Shell,travel,2303.78,"Mumbai, Maharashtra, IN",17.367716457328875,78.48315190942132,12.30005611984743,88.67208553443642,1626242400,1
2021-07-14 09:00:00,09:00:00,4532117045436,Walmart,gas_transport,370.26,"Hyderabad, Telangana, IN",17.37251393974579,78.48857243022336,17.898257641964925,78.75065627506265,1626253200,0
2021-07-14 12:00:00,12:00:00,4532117045436,Netflix,entertainment,668.62,"Hyderabad, Telangana, IN",17.381673788431293,78.47464998855774,18.185288435102784,78.87091199886706,1626264000,0
2021-07-14 15:00:00,15:00:00,4532117045436,MakeMyTrip,grocery_pos,570.62,"Hyderabad, Telangana, IN",17.388164016807945,78.49039538949896,17.162363183660602,78.1392568237528,1626274800,0
2021-07-14 18:00:00,18:00:00,4532117045436,Amazon,food_dining,690.96,"Hyderabad, Telangana, IN",17.39774634370045,78.48842207971985,17.341911189606375,77.44023309924277,1626285600,0
2021-07-14 21:00:00,21:00:00,4532117045436,Shell,entertainment,520.28,"Hyderabad, Telangana, IN",17.37615078770801,78.47937807489686,17.110981475743603,77.8220258165873,1626296400,0
2021-07-15 00:00:00,00:00:00,4532117045436,Apollo,shopping_net,298.12,"Hyderabad, Telangana, IN",17.373867086803354,78.47899552290812,16.82367178053894,78.61417769989289,1626307200,0
2021-07-15 03:00:00,03:00:00,4532117045436,Apollo,travel,483.54,"Hyderabad, Telangana, IN",17.39001426366754,78.47797958504222,18.17348897353432,78.93483586489864,1626318000,0
2021-07-15 06:00:00,06:00:00,4532117045436,Shell,shopping_net,630.3,"Hyderabad, Telangana, IN",17.383641019896345,78.47103471503877,16.090013086228744,78.75725656643694,1626328800,0
2021-07-15 09:00:00,09:00:00,4532117045436,Netflix,travel,430.09,"Hyderabad, Telangana, IN",17.365787256019434,78.50280087102682,17.047709413337927,78.75120540827132,1626339600,0
2021-07-15 12:00:00,12:00:00,4532117045436,Netflix,travel,407.03,"Hyderabad, Telangana, IN",17.375816245266172,78.48459612236289,17.173770332010676,78.65387023686885,1626350400,0
2021-07-15 15:00:00,15:00:00,4532117045436,Zomato,shopping_net,522.58,"Hyderabad, Telangana, IN",17.38318232013252,78.4731706392808,17.463593977801747,78.07343231522195,1626361200,0
2021-07-15 18:00:00,18:00:00,4532117045436,Apollo,entertainment,366.07,"Hyderabad, Telangana, IN",17.383457964902888,78.48547690117813,16.765151873341235,78.47283922920369,1626372000,0
2021-07-15 21:00:00,21:00:00,4532117045436,Zomato,entertainment,494.33,"Hyderabad, Telangana, IN",17.385898582728334,78.4890988668616,18.062467193709182,78.80073661938057,1626382800,0
2021-07-16 00:00:00,00:00:00,4532117045436,Apollo,travel,459.53,"Hyderabad, Telangana, IN",17.371996804399537,78.47851927111516,16.46705014849512,78.72229236641031,1626393600,0
2021-07-16 03:00:00,03:00:00,4532117045436,MakeMyTrip,entertainment,376.44,"Hyderabad, Telangana, IN",17.383689852544812,78.48305326596656,16.474363751243338,79.30639174295102,1626404400,0
2021-07-16 06:00:00,06:00:00,4532117045436,MakeMyTrip,travel,597.11,"Hyderabad, Telangana, IN",17.39447078376978,78.4997398599211,17.414026554955036,78.195606949813,1626415200,0
2021-07-16 09:00:00,09:00:00,4532117045436,Amazon,travel,546.9,"Hyderabad, Telangana, IN",17.35612365699283,78.47502187819897,16.74152345887667,78.20482501797802,1626426000,0
2021-07-16 12:00:00,12:00:00,4532117045436,MakeMyTrip,grocery_pos,396.95,"Hyderabad, Telangana, IN",17.38217610008361,78.48088379539509,17.488878976885378,78.13544117112663,1626436800,0
2021-07-16 15:00:00,15:00:00,4532117045436,Amazon,health_fitness,447.76,"Hyderabad, Telangana, IN",17.368380292622852,78.46664580051966,17.014953151779572,77.12029970838346,1626447600,0
2021-07-16 18:00:00,18:00:00,4532117045436,MakeMyTrip,grocery_pos,409.31,"Hyderabad, Telangana, IN",17.38467768311239,78.50493280943287,17.788697762030328,78.79375186636331,1626458400,0
2021-07-16 21:00:00,21:00:00,4532117045436,Walmart,shopping_net,354.2,"Hyderabad, Telangana, IN",17.369952151078948,78.49328156560954,16.921065697104183,78.48881389177933,1626469200,0
2021-07-17 00:00:00,00:00:00,4532117045436,MakeMyTrip,health_fitness,195.26,"Hyderabad, Telangana, IN",17.38634074534903,78.48620434852631,18.10727538614314,78.36487154595434,1626480000,0
2021-07-17 03:00:00,03:00:00,4532117045436,Zomato,gas_transport,377.43,"Hyderabad, Telangana, IN",17.401266363837337,78.47951929903515,17.699703757235312,78.07907432229476,1626490800,0
2021-07-17 06:00:00,06:00:00,4532117045436,Shell,shopping_net,356.4,"Hyderabad, Telangana, IN",17.37520540877796,78.47901990764956,17.005952353159376,78.76250680420912,1626501600,0
2021-07-17 09:00:00,09:00:00,4532117045436,Zomato,food_dining,467.23,"Hyderabad, Telangana, IN",17.37665559065506,78.48400918691662,17.69712320231637,78.4953637253714,1626512400,0
2021-07-17 12:00:00,12:00:00,4532117045436,Shell,grocery_pos,516.1,"Hyderabad, Telangana, IN",17.380301486505672,78.4916615005564,17.458007971304227,79.25907651661895,1626523200,0
2021-07-17 15:00:00,15:00:00,4532117045436,Netflix,entertainment,329.67,"Hyderabad, Telangana, IN",17.388186821532297,78.47606417033269,17.77775526275829,78.49880663740441,1626534000,0
2021-07-17 18:00:00,18:00:00,4532117045436,Zomato,grocery_pos,506.02,"Hyderabad, Telangana, IN",17.37480953728874,78.48206883196046,17.684721831899164,78.69621017463653,1626544800,0
2021-07-17 21:00:00,21:00:00,4532117045436,Netflix,entertainment,306.56,"Hyderabad, Telangana, IN",17.38119788844545,78.49527260586912,17.56464343139019,79.27271922065589,1626555600,0
2021-07-18 00:00:00,00:00:00,4532117045436,Amazon,health_fitness,431.21,"Hyderabad, Telangana, IN",17.3783050975464,78.50279133186821,17.417326027049608,78.32154795540023,1626566400,0
2021-07-18 03:00:00,03:00:00,4532117045436,Amazon,food_dining,359.64,"Hyderabad, Telangana, IN",17.380334725052638,78.49213525591202,17.83723699426433,78.26983946091516,1626577200,0
2021-07-18 06:00:00,06:00:00,4532117045436,Walmart,health_fitness,561.93,"Hyderabad, Telangana, IN",17.38830411322363,78.48007774406547,17.970298295740065,79.19998891357615,1626588000,0
2021-07-18 09:00:00,09:00:00,4532117045436,MakeMyTrip,food_dining,467.52,"Hyderabad, Telangana, IN",17.390510638295684,78.48514989577295,17.45328350044945,77.7071365876411,1626598800,0
2021-07-18 12:00:00,12:00:00,4532117045436,Zomato,grocery_pos,433.47,"Hyderabad, Telangana, IN",17.370231993531842,78.49082287133876,17.688074283209307,78.3568910968189,1626609600,0
2021-07-18 15:00:00,15:00:00,4532117045436,Netflix,entertainment,356.21,"Hyderabad, Telangana, IN",17.38826508097663,78.48378526382344,17.853629106018715,78.3445999428317,1626620400,0
2021-07-18 18:00:00,18:00:00,4532117045436,Shell,health_fitness,400.67,"Hyderabad, Telangana, IN",17.416457615867248,78.49381834883077,18.18846351345902,78.06454455003626,1626631200,0
2021-07-18 21:00:00,21:00:00,4532117045436,Amazon,food_dining,724.36,"Hyderabad, Telangana, IN",17.400442250926787,78.47939954406174,18.101061726989915,78.7508913889592,1626642000,0
2021-07-19 00:00:00,00:00:00,4532117045436,MakeMyTrip,travel,3518.61,"Kolkata, West Bengal, IN",17.378581423809305,78.50283281918841,22.049411470362024,87.95526817342079,1626652800,1
2021-07-19 03:00:00,03:00:00,4532117045436,Amazon,shopping_net,521.91,"Hyderabad, Telangana, IN",17.386319035287308,78.48582488413597,17.177938778769963,78.539376072823,1626663600,0
2021-07-19 06:00:00,06:00:00,4532117045436,Shell,shopping_net,433.1,"Hyderabad, Telangana, IN",17.384664217342763,78.48038885694933,16.728562840591092,78.02036403652409,1626674400,0
2021-07-19 09:00:00,09:00:00,4532117045436,MakeMyTrip,health_fitness,517.62,"Hyderabad, Telangana, IN",17.389594547189688,78.49261605001949,17.664648544696224,78.62943549044222,1626685200,0
2021-07-19 12:00:00,12:00:00,4532117045436,MakeMyTrip,entertainment,575.55,"Hyderabad, Telangana, IN",17.380777854150846,78.47690854088225,17.660863509059755,79.52653934742115,1626696000,0
2021-07-19 15:00:00,15:00:00,4532117045436,Netflix,travel,396.9,"Hyderabad, Telangana, IN",17.38230850164261,78.48817919025802,17.18652890500839,78.46050717749016,1626706800,0
2021-07-19 18:00:00,18:00:00,4532117045436,Netflix,health_fitness,556.47,"Hyderabad, Telangana, IN",17.377691760490197,78.50071403689044,16.71787597745836,78.48171875797964,1626717600,0
2021-07-19 21:00:00,21:00:00,4532117045436,Zomato,grocery_pos,863.5,"Hyderabad, Telangana, IN",17.395954385785167,78.47453460114961,18.212896756377216,77.89310217795698,1626728400,0
2021-07-20 00:00:00,00:00:00,4532117045436,Zomato,food_dining,535.13,"Hyderabad, Telangana, IN",17.38810971213913,78.49861379168848,17.597796959222954,78.90793778409895,1626739200,0
2021-07-20 03:00:00,03:00:00,4532117045436,Apollo,grocery_pos,692.04,"Hyderabad, Telangana, IN",17.388185560484658,78.4737895378211,16.780876976654106,78.44354881471409,1626750000,0
2021-07-20 06:00:00,06:00:00,4532117045436,Apollo,shopping_net,522.16,"Hyderabad, Telangana, IN",17.39718379145785,78.49490475255061,17.321510253295934,78.68313830101404,1626760800,0
2021-07-20 09:00:00,09:00:00,4532117045436,Walmart,food_dining,310.21,"Hyderabad, Telangana, IN",17.39733173194865,78.47723364759776,16.713157577734595,78.96128469948076,1626771600,0
2021-07-20 12:00:00,12:00:00,4532117045436,Amazon,health_fitness,491.35,"Hyderabad, Telangana, IN",17.39544498032702,78.49861822521822,17.725892117274924,78.39617642542747,1626782400,0
2021-07-20 15:00:00,15:00:00,4532117045436,Zomato,grocery_pos,2999.45,"Delhi, Delhi, IN",17.397031640821123,78.48093906720128,27.683812423119107,79.9154635849395,1626793200,1
2021-07-20 18:00:00,18:00:00,4532117045436,Netflix,gas_transport,360.61,"Hyderabad, Telangana, IN",17.400626680897478,78.4831348469198,17.291988488791752,79.02984414544858,1626804000,0
2021-07-20 21:00:00,21:00:00,4532117045436,Shell,entertainment,439.11,"Hyderabad, Telangana, IN",17.37533380859438,78.4773155859623,17.33875712654286,78.65662826746204,1626814800,0
2021-07-21 00:00:00,00:00:00,4532117045436,Netflix,travel,426.79,"Hyderabad, Telangana, IN",17.38201321936955,78.46258012824372,17.246856581947252,78.58642151178165,1626825600,0
2021-07-21 03:00:00,03:00:00,4532117045436,Amazon,travel,291.01,"Hyderabad, Telangana, IN",17.3920894833279,78.47527657959282,17.272801739801753,78.500636981385,1626836400,0
2021-07-21 06:00:00,06:00:00,4532117045436,Apollo,entertainment,856.27,"Hyderabad, Telangana, IN",17.376144704233546,78.4698545551848,16.99703733939654,78.76752319431765,1626847200,0
2021-07-21 09:00:00,09:00:00,4532117045436,Netflix,gas_transport,571.18,"Hyderabad, Telangana, IN",17.381367455954898,78.46628114320593,18.07602142999962,78.74500797245341,1626858000,0
2021-07-21 12:00:00,12:00:00,4532117045436,Walmart,shopping_net,486.66,"Hyderabad, Telangana, IN",17.386944172211447,78.48963939848286,17.482514000849374,77.77163876768644,1626868800,0
2021-07-21 15:00:00,15:00:00,4532117045436,Amazon,food_dining,463.48,"Hyderabad, Telangana, IN",17.382698644652905,78.5019486704441,17.416691454442006,78.15085142244386,1626879600,0
2021-07-21 18:00:00,18:00:00,4532117045436,Apollo,entertainment,630.35,"Hyderabad, Telangana, IN",17.385660187493432,78.50467351872616,17.271973222273292,78.96531434717373,1626890400,0
2021-07-21 21:00:00,21:00:00,4532117045436,Shell,gas_transport,761.34,"Hyderabad, Telangana, IN",17.373546082781154,78.47507402712053,16.748551773059873,78.61077458518297,1626901200,0
2021-07-22 00:00:00,00:00:00,4532117045436,Apollo,health_fitness,552.76,"Hyderabad, Telangana, IN",17.384622452923164,78.48560082730798,17.854191080101284,78.37809373478022,1626912000,0
2021-07-22 03:00:00,03:00:00,4532117045436,MakeMyTrip,travel,468.18,"Hyderabad, Telangana, IN",17.38634024066181,78.49834787324826,18.096479341594915,79.36764862830285,1626922800,0
2021-07-22 06:00:00,06:00:00,4532117045436,Walmart,gas_transport,670.9,"Hyderabad, Telangana, IN",17.40115004367555,78.4735840035428,16.45426608051882,78.89269593494313,1626933600,0
2021-07-22 09:00:00,09:00:00,4532117045436,Amazon,shopping_net,471.35,"Hyderabad, Telangana, IN",17.382313705591177,78.49873604394782,17.739723598466203,79.02661411377149,1626944400,0
2021-07-22 12:00:00,12:00:00,4532117045436,Shell,shopping_net,515.3,"Hyderabad, Telangana, IN",17.378497362292446,78.49890045558783,17.816225376068868,78.37637021458059,1626955200,0
2021-07-22 15:00:00,15:00:00,4532117045436,Walmart,grocery_pos,600.15,"Hyderabad, Telangana, IN",17.392129440594516,78.46723886981016,18.027102592899585,78.6794395528022,1626966000,0
2021-07-22 18:00:00,18:00:00,4532117045436,Apollo,entertainment,392.03,"Hyderabad, Telangana, IN",17.353252510618667,78.46313917619702,17.987732610995266,78.44598229831743,1626976800,0
2021-07-22 21:00:00,21:00:00,4532117045436,Walmart,grocery_pos,138.62,"Hyderabad, Telangana, IN",17.381826515445557,78.48269750863346,18.70290132599537,77.96912523001515,1626987600,0
2021-07-23 00:00:00,00:00:00,4532117045436,Amazon,travel,384.74,"Hyderabad, Telangana, IN",17.379862865382876,78.49608074836974,17.585130311541526,78.58517256558987,1626998400,0
2021-07-23 03:00:00,03:00:00,4532117045436,Zomato,gas_transport,565.95,"Hyderabad, Telangana, IN",17.38760921656807,78.47150272868879,17.88133909488895,78.4578921494345,1627009200,0
2021-07-23 06:00:00,06:00:00,4532117045436,Walmart,food_dining,555.38,"Hyderabad, Telangana, IN",17.397462262543407,78.46631694590133,17.391216123805282,78.44954383639465,1627020000,0
2021-07-23 09:00:00,09:00:00,4532117045436,MakeMyTrip,food_dining,651.4,"Hyderabad, Telangana, IN",17.400512811989014,78.48734366847141,16.983582578502975,78.98205750607825,1627030800,0
2021-07-23 12:00:00,12:00:00,4532117045436,Walmart,shopping_net,390.48,"Hyderabad, Telangana, IN",17.387469476862524,78.49302759309066,17.739136720817967,78.43132018210997,1627041600,0
2021-07-23 15:00:00,15:00:00,4532117045436,Apollo,food_dining,687.14,"Hyderabad, Telangana, IN",17.36948316288556,78.47989816778089,17.881897000454902,78.5217316650766,1627052400,0
2021-07-23 18:00:00,18:00:00,4532117045436,Apollo,food_dining,477.76,"Hyderabad, Telangana, IN",17.37985813393659,78.48071545948855,17.55589248596137,78.54608326564659,1627063200,0
2021-07-23 21:00:00,21:00:00,4532117045436,Shell,travel,540.66,"Hyderabad, Telangana, IN",17.380954498750576,78.49296688225334,16.554877383639635,78.73804335661885,1627074000,0
2021-07-24 00:00:00,00:00:00,4532117045436,Apollo,food_dining,585.54,"Hyderabad, Telangana, IN",17.38867215425802,78.47800079272355,16.660521739341178,78.63571491726417,1627084800,0
2021-07-24 03:00:00,03:00:00,4532117045436,Netflix,gas_transport,242.75,"Hyderabad, Telangana, IN",17.385562465401605,78.47875133534009,17.76864749939979,78.83019176565227,1627095600,0
2021-07-24 06:00:00,06:00:00,4532117045436,Amazon,food_dining,299.27,"Hyderabad, Telangana, IN",17.37811701872164,78.48947286906353,17.202131440879292,77.84511612932144,1627106400,0
2021-07-24 09:00:00,09:00:00,4532117045436,Amazon,health_fitness,294.29,"Hyderabad, Telangana, IN",17.372483515580836,78.49058997945484,17.563046646460595,78.5588116938351,1627117200,0
2021-07-24 12:00:00,12:00:00,4532117045436,Zomato,food_dining,610.83,"Hyderabad, Telangana, IN",17.37631423100357,78.48446074175082,17.62634560900732,78.43064344151996,1627128000,0
2021-07-24 15:00:00,15:00:00,4532117045436,Zomato,food_dining,404.18,"Hyderabad, Telangana, IN",17.375946531164345,78.50154483922898,17.327791530136242,77.8285528880332,1627138800,0
2021-07-24 18:00:00,18:00:00,4532117045436,Amazon,grocery_pos,754.14,"Hyderabad, Telangana, IN",17.401215769935362,78.49419773025734,17.256957874777974,77.76530245310919,1627149600,0
2021-07-24 21:00:00,21:00:00,4532117045436,MakeMyTrip,gas_transport,450.51,"Hyderabad, Telangana, IN",17.377303413936936,78.48319062113494,17.319866519441536,78.17275267650956,1627160400,0
2021-07-25 00:00:00,00:00:00,4532117045436,Zomato,shopping_net,229.29,"Hyderabad, Telangana, IN",17.385601360557164,78.47379289706785,17.68074512120452,78.1607852204164,1627171200,0
2021-07-25 03:00:00,03:00:00,4532117045436,Shell,grocery_pos,349.14,"Hyderabad, Telangana, IN",17.39468441408348,78.49661422612236,17.62499897516674,78.36708465727614,1627182000,0
2021-07-25 06:00:00,06:00:00,4532117045436,Apollo,entertainment,467.61,"Hyderabad, Telangana, IN",17.38694898286433,78.49696475920408,16.98551270136141,78.55078096326714,1627192800,0
2021-07-25 09:00:00,09:00:00,4532117045436,Amazon,gas_transport,527.28,"Hyderabad, Telangana, IN",17.374139973590548,78.48570973727311,17.377581987735176,78.73374617608833,1627203600,0
2021-07-25 12:00:00,12:00:00,4532117045436,Zomato,health_fitness,302.27,"Hyderabad, Telangana, IN",17.394850850277994,78.4894688204139,16.85464655700069,77.86765569943724,1627214400,0
2021-07-25 15:00:00,15:00:00,4532117045436,Amazon,gas_transport,535.27,"Hyderabad, Telangana, IN",17.388541871197035,78.49371243542795,17.64217787545681,78.03500978510641,1627225200,0
2021-07-25 18:00:00,18:00:00,4532117045436,Netflix,entertainment,575.33,"Hyderabad, Telangana, IN",17.36314512264146,78.5027310360319,17.15222889183621,78.05194938379866,1627236000,0
2021-07-25 21:00:00,21:00:00,4532117045436,Walmart,entertainment,353.86,"Hyderabad, Telangana, IN",17.397457214359946,78.49557259494561,17.744886064324636,78.42721943188569,1627246800,0
2021-07-26 00:00:00,00:00:00,4532117045436,Apollo,entertainment,745.37,"Hyderabad, Telangana, IN",17.393733797031036,78.49115017597902,17.264785406986512,78.50073666159386,1627257600,0
2021-07-26 03:00:00,03:00:00,4532117045436,Amazon,travel,370.1,"Hyderabad, Telangana, IN",17.388385004864304,78.49599749707328,17.957003012815484,78.9862402992249,1627268400,0
2021-07-26 06:00:00,06:00:00,4532117045436,Walmart,shopping_net,300.02,"Hyderabad, Telangana, IN",17.401347634856958,78.49821123699607,18.05152989144031,78.02817000800621,1627279200,0
2021-07-26 09:00:00,09:00:00,4532117045436,Zomato,food_dining,220.62,"Hyderabad, Telangana, IN",17.39350467703513,78.48940719437456,17.607100670091715,78.87435306790212,1627290000,0
2021-07-26 12:00:00,12:00:00,4532117045436,Walmart,gas_transport,633.1,"Hyderabad, Telangana, IN",17.39627941808773,78.4958752926869,17.20137836029581,77.74622517118407,1627300800,0
2021-07-26 15:00:00,15:00:00,4532117045436,Apollo,travel,453.43,"Hyderabad, Telangana, IN",17.395364015907187,78.4799369114551,16.916351403803304,78.49630920763911,1627311600,0
2021-07-26 18:00:00,18:00:00,4532117045436,Amazon,food_dining,378.11,"Hyderabad, Telangana, IN",17.39257043990744,78.49705265772532,17.86581604598019,78.76250072123851,1627322400,0
2021-07-26 21:00:00,21:00:00,4532117045436,Netflix,food_dining,228.88,"Hyderabad, Telangana, IN",17.36709117153863,78.48002002330487,17.351903293763833,78.80339828199193,1627333200,0
2021-07-27 00:00:00,00:00:00,4532117045436,MakeMyTrip,health_fitness,391.61,"Hyderabad, Telangana, IN",17.368285327420665,78.47661668823875,17.409075004512548,79.33238008062,1627344000,0
2021-07-27 03:00:00,03:00:00,4532117045436,Zomato,entertainment,807.22,"Hyderabad, Telangana, IN",17.39350840482843,78.48541157320253,17.190798352991724,79.6755996573841,1627354800,0
2021-07-27 06:00:00,06:00:00,4532117045436,Amazon,shopping_net,128.33,"Hyderabad, Telangana, IN",17.39731650739075,78.47328241990141,16.693603223705104,78.68939982067691,1627365600,0
2021-07-27 09:00:00,09:00:00,4532117045436,Apollo,health_fitness,355.25,"Hyderabad, Telangana, IN",17.37794826602432,78.48073498435478,17.922241509303788,77.82759849538878,1627376400,0
2021-07-27 12:00:00,12:00:00,4532117045436,Zomato,grocery_pos,718.92,"Hyderabad, Telangana, IN",17.373862371562343,78.49048473816657,17.342642754682903,80.39128255360897,1627387200,0
2021-07-27 15:00:00,15:00:00,4532117045436,Shell,travel,637.35,"Hyderabad, Telangana, IN",17.387626501367937,78.48947924194977,16.453875163376757,79.05775159235188,1627398000,0
2021-07-27 18:00:00,18:00:00,4532117045436,Walmart,travel,364.41,"Hyderabad, Telangana, IN",17.370479452430775,78.49309558565501,17.315985701085225,79.00185786454365,1627408800,0
2021-07-27 21:00:00,21:00:00,4532117045436,MakeMyTrip,shopping_net,480.54,"Hyderabad, Telangana, IN",17.383311021558765,78.4932500313462,16.707653065778004,78.27313451014545,1627419600,0
2021-07-28 00:00:00,00:00:00,4532117045436,Apollo,food_dining,519.44,"Hyderabad, Telangana, IN",17.38144893526485,78.4904421025379,17.68018930794663,78.42575702068739,1627430400,0
2021-07-28 03:00:00,03:00:00,4532117045436,Shell,travel,470.08,"Hyderabad, Telangana, IN",17.382755432969986,78.47818351525717,17.611501621726468,78.074009318873,1627441200,0
2021-07-28 06:00:00,06:00:00,4532117045436,Amazon,shopping_net,717.67,"Hyderabad, Telangana, IN",17.403844310179053,78.49593269890545,18.13912731931675,78.82293664593145,1627452000,0
2021-07-28 09:00:00,09:00:00,4532117045436,Netflix,travel,500.96,"Hyderabad, Telangana, IN",17.378660085415394,78.48560382340357,16.646707824725816,78.25492377978112,1627462800,0
2021-07-28 12:00:00,12:00:00,4532117045436,Zomato,travel,620.33,"Hyderabad, Telangana, IN",17.38553408693945,78.48910271322764,18.10360406961001,78.84598168880703,1627473600,0
2021-07-28 15:00:00,15:00:00,4532117045436,Walmart,entertainment,477.24,"Hyderabad, Telangana, IN",17.37187843798231,78.48774107146927,17.644667373750945,78.11679600884065,1627484400,0
2021-07-28 18:00:00,18:00:00,4532117045436,Zomato,grocery_pos,145.14,"Hyderabad, Telangana, IN",17.39440374036916,78.50244600810528,16.701543414537674,78.96192004326731,1627495200,0
2021-07-28 21:00:00,21:00:00,4532117045436,MakeMyTrip,entertainment,271.14,"Hyderabad, Telangana, IN",17.38320414475893,78.47475124964163,18.298508755716277,78.62809726305973,1627506000,0
2021-07-29 00:00:00,00:00:00,4532117045436,Amazon,grocery_pos,302.27,"Hyderabad, Telangana, IN",17.396783082452778,78.48326876287145,17.32277041494603,79.12248031113985,1627516800,0
2021-07-29 03:00:00,03:00:00,4532117045436,Zomato,travel,412.61,"Hyderabad, Telangana, IN",17.360428928867577,78.49201354542704,16.789382637439463,79.54243180705248,1627527600,0
2021-07-29 06:00:00,06:00:00,4532117045436,Walmart,health_fitness,761.76,"Hyderabad, Telangana, IN",17.384418690186983,78.48691908590922,17.9047915376223,78.62834135592512,1627538400,0
2021-07-29 09:00:00,09:00:00,4532117045436,Amazon,food_dining,504.36,"Hyderabad, Telangana, IN",17.38632127535657,78.48185301708611,16.840546783184877,79.16928705192076,1627549200,0
2021-07-29 12:00:00,12:00:00,4532117045436,Zomato,travel,434.13,"Hyderabad, Telangana, IN",17.394115232779058,78.46751963240544,17.963110549245524,79.17165096100247,1627560000,0
2021-07-29 15:00:00,15:00:00,4532117045436,Netflix,grocery_pos,635.78,"Hyderabad, Telangana, IN",17.37858001214769,78.48383069648952,17.28902176645333,78.47607575132648,1627570800,0
2021-07-29 18:00:00,18:00:00,4532117045436,Apollo,grocery_pos,232.22,"Hyderabad, Telangana, IN",17.392868248143913,78.49032424524613,17.210388474643395,78.61676801875105,1627581600,0
2021-07-29 21:00:00,21:00:00,4532117045436,Amazon,grocery_pos,376.55,"Hyderabad, Telangana, IN",17.379725644854716,78.49213514841297,16.73417942973133,78.62233967990161,1627592400,0
2021-07-30 00:00:00,00:00:00,4532117045436,Apollo,travel,354.4,"Hyderabad, Telangana, IN",17.385937571789043,78.48501925786714,16.863204664187084,78.26854053542161,1627603200,0
2021-07-30 03:00:00,03:00:00,4532117045436,Amazon,shopping_net,509.71,"Hyderabad, Telangana, IN",17.39421951557255,78.48847976711855,17.465232636270812,78.27318376341957,1627614000,0
2021-07-30 06:00:00,06:00:00,4532117045436,Netflix,health_fitness,584.38,"Hyderabad, Telangana, IN",17.375702304806737,78.47526516496382,16.56539966741791,79.09904596321685,1627624800,0
2021-07-30 09:00:00,09:00:00,4532117045436,Apollo,shopping_net,520.72,"Hyderabad, Telangana, IN",17.39240584670731,78.49059402960589,17.729612652210292,78.13156722229033,1627635600,0
2021-07-30 12:00:00,12:00:00,4532117045436,Shell,food_dining,523.1,"Hyderabad, Telangana, IN",17.38834902571986,78.48679438292436,17.12259307049367,78.41201916910971,1627646400,0
2021-07-30 15:00:00,15:00:00,4532117045436,Walmart,travel,395.83,"Hyderabad, Telangana, IN",17.381663258690264,78.48835209344638,17.186805510589256,78.32336538983412,1627657200,0
2021-07-30 18:00:00,18:00:00,4532117045436,Shell,grocery_pos,498.11,"Hyderabad, Telangana, IN",17.378317934046308,78.48450555895853,17.676582435481738,78.7168393457243,1627668000,0
2021-07-30 21:00:00,21:00:00,4532117045436,Zomato,health_fitness,324.02,"Hyderabad, Telangana, IN",17.363991711321994,78.4888282299415,17.28296366428262,79.63690321164783,1627678800,0
2021-07-31 00:00:00,00:00:00,4532117045436,Netflix,health_fitness,551.12,"Hyderabad, Telangana, IN",17.384197340436412,78.4930461191965,18.000288131206204,78.3919825335772,1627689600,0
2021-07-31 03:00:00,03:00:00,4532117045436,Shell,gas_transport,374.91,"Hyderabad, Telangana, IN",17.38167998327666,78.48925458357839,16.359822379791428,77.76596462780621,1627700400,0
2021-07-31 06:00:00,06:00:00,4532117045436,Amazon,food_dining,6222.0,"Kolkata, West Bengal, IN",17.39139131758686,78.46847115409031,28.90828168442867,73.5668614646163,1627711200,1
2021-07-31 09:00:00,09:00:00,4532117045436,Zomato,health_fitness,455.67,"Hyderabad, Telangana, IN",17.39037997966049,78.48946165448221,17.39704447062833,78.00028265153895,1627722000,0
2021-07-31 12:00:00,12:00:00,4532117045436,Zomato,travel,163.03,"Hyderabad, Telangana, IN",17.395701173043616,78.48282132805167,17.056059267645274,78.61519213121156,1627732800,0
2021-07-31 15:00:00,15:00:00,4532117045436,Shell,grocery_pos,671.16,"Hyderabad, Telangana, IN",17.396067292840197,78.47961805575116,17.859495563281378,78.1057114491487,1627743600,0
2021-07-31 18:00:00,18:00:00,4532117045436,Shell,grocery_pos,569.56,"Hyderabad, Telangana, IN",17.416555378773857,78.50019172979073,17.678411885062058,78.56824026272449,1627754400,0
2021-07-31 21:00:00,21:00:00,4532117045436,Netflix,health_fitness,500.55,"Hyderabad, Telangana, IN",17.39013659968871,78.4773748487,17.499169628642164,77.88987083789301,1627765200,0
2021-08-01 00:00:00,00:00:00,4532117045436,Walmart,shopping_net,206.45,"Hyderabad, Telangana, IN",17.376395294105915,78.4785032038346,17.25846013956016,78.35379462803078,1627776000,0
2021-08-01 03:00:00,03:00:00,4532117045436,Shell,food_dining,344.97,"Hyderabad, Telangana, IN",17.393261929891903,78.46428610412745,17.03226699667948,77.99025454428396,1627786800,0
2021-08-01 06:00:00,06:00:00,4532117045436,MakeMyTrip,grocery_pos,456.08,"Hyderabad, Telangana, IN",17.401059040565386,78.50110514872226,16.845528969464517,79.11332081538553,1627797600,0
2021-08-01 09:00:00,09:00:00,4532117045436,Shell,health_fitness,410.53,"Hyderabad, Telangana, IN",17.389748973243826,78.49561145460619,18.06796758650654,78.12460341713202,1627808400,0
2021-08-01 12:00:00,12:00:00,4532117045436,Apollo,grocery_pos,196.72,"Hyderabad, Telangana, IN",17.363757089447912,78.48337771333247,17.798367924388113,78.763916950401,1627819200,0
2021-08-01 15:00:00,15:00:00,4532117045436,Amazon,health_fitness,252.54,"Hyderabad, Telangana, IN",17.390553602040033,78.49282799806478,17.669326848322687,78.57622963060797,1627830000,0
2021-08-01 18:00:00,18:00:00,4532117045436,MakeMyTrip,food_dining,407.54,"Hyderabad, Telangana, IN",17.378701281527288,78.46444421803695,17.171501335622857,78.58615668798662,1627840800,0
2021-08-01 21:00:00,21:00:00,4532117045436,MakeMyTrip,health_fitness,257.51,"Hyderabad, Telangana, IN",17.371780741199206,78.49145285774563,18.401946458389137,78.67320034108474,1627851600,0
2021-08-02 00:00:00,00:00:00,4532117045436,Apollo,gas_transport,4189.63,"Delhi, Delhi, IN",17.386866867733044,78.47812932070254,12.669501967875311,79.6470625576853,1627862400,1
2021-08-02 03:00:00,03:00:00,4532117045436,Apollo,health_fitness,524.18,"Hyderabad, Telangana, IN",17.369741850173845,78.50343752498001,17.19596408574695,79.1397917671355,1627873200,0
2021-08-02 06:00:00,06:00:00,4532117045436,Zomato,health_fitness,329.48,"Hyderabad, Telangana, IN",17.39523147104296,78.49037542398739,18.291477147232527,78.95336888523099,1627884000,0
2021-08-02 09:00:00,09:00:00,4532117045436,Walmart,travel,625.37,"Hyderabad, Telangana, IN",17.392308791674328,78.48801006772015,17.358795535740388,79.24972217123005,1627894800,0
2021-08-02 12:00:00,12:00:00,4532117045436,Amazon,food_dining,595.16,"Hyderabad, Telangana, IN",17.38413331059751,78.47849295114086,18.2540548555041,77.95469001415842,1627905600,0
2021-08-02 15:00:00,15:00:00,4532117045436,Netflix,travel,493.34,"Hyderabad, Telangana, IN",17.379499217677925,78.47855549410785,17.574297606490944,77.8159974145106,1627916400,0
2021-08-02 18:00:00,18:00:00,4532117045436,MakeMyTrip,health_fitness,444.06,"Hyderabad, Telangana, IN",17.383159007122764,78.49262553538641,17.127611007192108,79.31528727816887,1627927200,0
2021-08-02 21:00:00,21:00:00,4532117045436,Netflix,food_dining,405.23,"Hyderabad, Telangana, IN",17.37489084752398,78.47839932072318,17.287095435999053,78.76794426949355,1627938000,0
2021-08-03 00:00:00,00:00:00,4532117045436,Shell,gas_transport,369.01,"Hyderabad, Telangana, IN",17.384229557079195,78.4780061763481,17.026597239063427,77.954692554059,1627948800,0
2021-08-03 03:00:00,03:00:00,4532117045436,Shell,food_dining,249.48,"Hyderabad, Telangana, IN",17.356555409225066,78.50077084833522,17.731666442869916,78.34692707527111,1627959600,0
2021-08-03 06:00:00,06:00:00,4532117045436,Netflix,grocery_pos,679.25,"Hyderabad, Telangana, IN",17.38588709963427,78.48957550056464,17.99644453455515,78.75521133850513,1627970400,0
2021-08-03 09:00:00,09:00:00,4532117045436,Shell,travel,2401.12,"Delhi, Delhi, IN",17.38614219941589,78.47573811172684,19.35968954867055,87.5980099804538,1627981200,1
2021-08-03 12:00:00,12:00:00,4532117045436,Walmart,food_dining,454.23,"Hyderabad, Telangana, IN",17.39345149668091,78.49221746554869,17.526814832851453,78.79290794396083,1627992000,0
2021-08-03 15:00:00,15:00:00,4532117045436,Apollo,gas_transport,313.46,"Hyderabad, Telangana, IN",17.387998115759935,78.48390939853783,16.865382705230978,77.89939599142679,1628002800,0
2021-08-03 18:00:00,18:00:00,4532117045436,Shell,entertainment,411.08,"Hyderabad, Telangana, IN",17.394773347618717,78.46904177463682,17.931696250887608,78.47161632226215,1628013600,0
2021-08-03 21:00:00,21:00:00,4532117045436,Zomato,health_fitness,877.62,"Hyderabad, Telangana, IN",17.390470311090525,78.48170991494904,17.804948442838416,78.54551036570123,1628024400,0
2021-08-04 00:00:00,00:00:00,4532117045436,Shell,food_dining,341.1,"Hyderabad, Telangana, IN",17.395365242704063,78.47621418687858,17.524046080281785,78.13335098163513,1628035200,0
2021-08-04 03:00:00,03:00:00,4532117045436,Amazon,health_fitness,667.29,"Hyderabad, Telangana, IN",17.411214250639926,78.48925777564286,17.234313622629806,78.34504181824727,1628046000,0
2021-08-04 06:00:00,06:00:00,4532117045436,Walmart,shopping_net,445.83,"Hyderabad, Telangana, IN",17.389200171419485,78.48014417978838,17.40695243683444,78.25504507105532,1628056800,0
2021-08-04 09:00:00,09:00:00,4532117045436,Amazon,grocery_pos,551.99,"Hyderabad, Telangana, IN",17.386840241447675,78.48760902250444,16.93005361898062,77.93200701373578,1628067600,0
2021-08-04 12:00:00,12:00:00,4532117045436,Amazon,travel,636.69,"Hyderabad, Telangana, IN",17.396870489212684,78.49336259684097,16.647841057858376,78.17798059782348,1628078400,0
2021-08-04 15:00:00,15:00:00,4532117045436,Zomato,grocery_pos,490.84,"Hyderabad, Telangana, IN",17.380317684972297,78.5103095968296,17.235076381250746,78.58218530343899,1628089200,0
2021-08-04 18:00:00,18:00:00,4532117045436,Walmart,shopping_net,397.24,"Hyderabad, Telangana, IN",17.383808122340348,78.50649901172054,16.954987808039107,77.99942514396716,1628100000,0
2021-08-04 21:00:00,21:00:00,4532117045436,Walmart,shopping_net,422.09,"Hyderabad, Telangana, IN",17.38920994618279,78.48893249418808,17.131182126136324,78.1492574708,1628110800,0
2021-08-05 00:00:00,00:00:00,4532117045436,Walmart,travel,427.14,"Hyderabad, Telangana, IN",17.385724150377285,78.48617395852324,17.141024403929098,77.6352423023927,1628121600,0
2021-08-05 03:00:00,03:00:00,4532117045436,Walmart,food_dining,729.66,"Hyderabad, Telangana, IN",17.38567913440801,78.48074908291113,17.34598725036488,79.20684847440299,1628132400,0
2021-08-05 06:00:00,06:00:00,4532117045436,Walmart,shopping_net,227.38,"Hyderabad, Telangana, IN",17.393997792033264,78.47026902033417,17.313152441168913,78.94971065489274,1628143200,0
2021-08-05 09:00:00,09:00:00,4532117045436,Zomato,entertainment,184.39,"Hyderabad, Telangana, IN",17.368039451604805,78.46383686181406,15.858423317550171,79.08908478219426,1628154000,0
2021-08-05 12:00:00,12:00:00,4532117045436,Shell,health_fitness,194.39,"Hyderabad, Telangana, IN",17.405334590784722,78.47827296006339,17.55894877348574,78.6672330957437,1628164800,0
2021-08-05 15:00:00,15:00:00,4532117045436,Amazon,health_fitness,315.91,"Hyderabad, Telangana, IN",17.389859000179847,78.50307444815883,17.450748269837796,78.63392011722607,1628175600,0
2021-08-05 18:00:00,18:00:00,4532117045436,Walmart,gas_transport,555.01,"Hyderabad, Telangana, IN",17.38099738670186,78.50273097564008,17.865573828886415,78.38111982881223,1628186400,0
2021-08-05 21:00:00,21:00:00,4532117045436,MakeMyTrip,shopping_net,564.21,"Hyderabad, Telangana, IN",17.40128052908349,78.48741643289571,17.2780949496071,79.13683048318312,1628197200,0
2021-08-06 00:00:00,00:00:00,4532117045436,Shell,shopping_net,358.87,"Hyderabad, Telangana, IN",17.38603534050704,78.49135216157681,17.92721678780153,78.49849870130403,1628208000,0
2021-08-06 03:00:00,03:00:00,4532117045436,Shell,entertainment,445.73,"Hyderabad, Telangana, IN",17.386298985375966,78.48065282919937,17.308484619038772,77.5065476987195,1628218800,0
2021-08-06 06:00:00,06:00:00,4532117045436,Amazon,grocery_pos,282.56,"Hyderabad, Telangana, IN",17.382852967173136,78.4863984956571,17.555039296178442,77.52024333921187,1628229600,0
2021-08-06 09:00:00,09:00:00,4532117045436,Zomato,grocery_pos,296.47,"Hyderabad, Telangana, IN",17.399676936638677,78.47893826595744,16.92643253131443,78.66842135122121,1628240400,0
2021-08-06 12:00:00,12:00:00,4532117045436,Netflix,health_fitness,536.98,"Hyderabad, Telangana, IN",17.384906490208323,78.4789202996691,17.953040122247486,78.00690396006084,1628251200,0
2021-08-06 15:00:00,15:00:00,4532117045436,Netflix,health_fitness,607.15,"Hyderabad, Telangana, IN",17.379415840341395,78.49282537858626,18.034998803739136,78.53539099739551,1628262000,0
2021-08-06 18:00:00,18:00:00,4532117045436,Shell,food_dining,378.48,"Hyderabad, Telangana, IN",17.3949877296886,78.48064706428849,18.3266578435923,78.86614285742822,1628272800,0
2021-08-06 21:00:00,21:00:00,4532117045436,Apollo,travel,695.25,"Hyderabad, Telangana, IN",17.396829553757556,78.49162165829384,17.11377928443209,78.07192632255395,1628283600,0
2021-08-07 00:00:00,00:00:00,4532117045436,Apollo,entertainment,594.84,"Hyderabad, Telangana, IN",17.401066083136723,78.4852280854462,17.649842817987892,78.33690654887188,1628294400,0
2021-08-07 03:00:00,03:00:00,4532117045436,Amazon,travel,4865.13,"Chennai, Tamil Nadu, IN",17.391335990420497,78.50087872219473,19.08397849389077,76.83999120576017,1628305200,1
2021-08-07 06:00:00,06:00:00,4532117045436,Netflix,travel,404.86,"Hyderabad, Telangana, IN",17.396462664952434,78.4922234129991,16.441383086738334,78.05339758870562,1628316000,0
2021-08-07 09:00:00,09:00:00,4532117045436,Shell,gas_transport,678.1,"Hyderabad, Telangana, IN",17.382407468074017,78.48914326301593,17.66671781005993,77.77212786474539,1628326800,0
2021-08-07 12:00:00,12:00:00,4532117045436,Zomato,travel,776.93,"Hyderabad, Telangana, IN",17.395257994199486,78.47239676334269,17.32857992646117,77.94049805664832,1628337600,0
2021-08-07 15:00:00,15:00:00,4532117045436,Netflix,gas_transport,388.12,"Hyderabad, Telangana, IN",17.39242522605934,78.4817949052977,16.742454976460404,77.73988131370058,1628348400,0
2021-08-07 18:00:00,18:00:00,4532117045436,Shell,travel,426.87,"Hyderabad, Telangana, IN",17.39030460268943,78.48619715674518,17.474565300892138,78.39784168870379,1628359200,0
2021-08-07 21:00:00,21:00:00,4532117045436,Shell,entertainment,307.84,"Hyderabad, Telangana, IN",17.36942875239233,78.48724561191726,17.851820425433836,78.39107442287143,1628370000,0
2021-08-08 00:00:00,00:00:00,4532117045436,Walmart,gas_transport,278.37,"Hyderabad, Telangana, IN",17.38111826026456,78.49333228781973,17.416549392907065,78.22326798508789,1628380800,0
2021-08-08 03:00:00,03:00:00,4532117045436,Zomato,grocery_pos,280.12,"Hyderabad, Telangana, IN",17.384542849933204,78.48876020140145,17.999238701831523,77.77666065641122,1628391600,0
2021-08-08 06:00:00,06:00:00,4532117045436,Walmart,gas_transport,328.28,"Hyderabad, Telangana, IN",17.390315960272353,78.47636771983804,17.05462195679258,79.03936830651399,1628402400,0
2021-08-08 09:00:00,09:00:00,4532117045436,Amazon,gas_transport,4820.39,"Delhi, Delhi, IN",17.409007371087245,78.49262114258022,22.455231091493065,72.90897623107627,1628413200,1
2021-08-08 12:00:00,12:00:00,4532117045436,Walmart,entertainment,334.62,"Hyderabad, Telangana, IN",17.393592439163523,78.48208732922981,17.193114608664796,79.77000554529421,1628424000,0
2021-08-08 15:00:00,15:00:00,4532117045436,MakeMyTrip,entertainment,486.62,"Hyderabad, Telangana, IN",17.37689986639229,78.48022468523357,18.000082798620983,78.91928699218023,1628434800,0
2021-08-08 18:00:00,18:00:00,4532117045436,Walmart,gas_transport,489.73,"Hyderabad, Telangana, IN",17.38019756480151,78.47567286985843,16.749404572555775,77.4555929152079,1628445600,0
2021-08-08 21:00:00,21:00:00,4532117045436,MakeMyTrip,shopping_net,379.48,"Hyderabad, Telangana, IN",17.398898637023507,78.4831867163913,17.500367731886527,79.1039174867659,1628456400,0
2021-08-09 00:00:00,00:00:00,4532117045436,Netflix,entertainment,440.6,"Hyderabad, Telangana, IN",17.379757797858822,78.48112789961517,17.499309943111914,78.13547525146966,1628467200,0
2021-08-09 03:00:00,03:00:00,4532117045436,Apollo,food_dining,370.81,"Hyderabad, Telangana, IN",17.395187044975216,78.4983074133601,17.62355795261152,78.02323595271459,1628478000,0
2021-08-09 06:00:00,06:00:00,4532117045436,Shell,food_dining,403.39,"Hyderabad, Telangana, IN",17.38617222090236,78.48402489743233,17.20929004894962,78.35067026418865,1628488800,0
2021-08-09 09:00:00,09:00:00,4532117045436,MakeMyTrip,grocery_pos,328.67,"Hyderabad, Telangana, IN",17.383336110605338,78.49202161565245,17.600838263100947,79.05359906492963,1628499600,0
2021-08-09 12:00:00,12:00:00,4532117045436,Zomato,travel,462.62,"Hyderabad, Telangana, IN",17.379909346100423,78.4686726164628,17.285856253140604,78.74839133342232,1628510400,0
2021-08-09 15:00:00,15:00:00,4532117045436,Walmart,gas_transport,359.92,"Hyderabad, Telangana, IN",17.35453575479068,78.49414431941432,17.121708649912733,78.57793666649002,1628521200,0
2021-08-09 18:00:00,18:00:00,4532117045436,MakeMyTrip,shopping_net,275.09,"Hyderabad, Telangana, IN",17.39039751124201,78.49311383499602,18.092046368369598,78.0757576864644,1628532000,0
2021-08-09 21:00:00,21:00:00,4532117045436,Zomato,grocery_pos,539.01,"Hyderabad, Telangana, IN",17.374478702369903,78.47214272108327,17.424016270284795,78.9582607744247,1628542800,0
2021-08-10 00:00:00,00:00:00,4532117045436,Apollo,gas_transport,544.09,"Hyderabad, Telangana, IN",17.37081632400235,78.47798157467561,16.628084318620928,77.99466984446347,1628553600,0
2021-08-10 03:00:00,03:00:00,4532117045436,Apollo,entertainment,616.75,"Hyderabad, Telangana, IN",17.38747774701886,78.48007005789515,17.048484975663676,79.00814405761503,1628564400,0
2021-08-10 06:00:00,06:00:00,4532117045436,Walmart,food_dining,2257.33,"Mumbai, Maharashtra, IN",17.39529542877958,78.48467304893181,12.876225618622584,80.36248030995696,1628575200,1
2021-08-10 09:00:00,09:00:00,4532117045436,Amazon,health_fitness,377.86,"Hyderabad, Telangana, IN",17.368031919119073,78.47965090948857,16.930696422721976,78.18884907148103,1628586000,0
2021-08-10 12:00:00,12:00:00,4532117045436,Walmart,shopping_net,484.57,"Hyderabad, Telangana, IN",17.39503395507647,78.48425038415174,17.65542243638438,79.54945872931673,1628596800,0
2021-08-10 15:00:00,15:00:00,4532117045436,Netflix,health_fitness,374.69,"Hyderabad, Telangana, IN",17.375967940768717,78.49323563523708,17.03772899049281,78.94272762137176,1628607600,0
2021-08-10 18:00:00,18:00:00,4532117045436,MakeMyTrip,food_dining,535.64,"Hyderabad, Telangana, IN",17.39148931056033,78.48111832402579,16.66589766813744,78.76601733178376,1628618400,0
2021-08-10 21:00:00,21:00:00,4532117045436,Shell,travel,524.69,"Hyderabad, Telangana, IN",17.39078949203902,78.4896724701093,17.625227443305903,78.5383687777335,1628629200,0
2021-08-11 00:00:00,00:00:00,4532117045436,Amazon,travel,521.89,"Hyderabad, Telangana, IN",17.382933565515515,78.48845538462918,17.220707046067023,77.91482655730154,1628640000,0
2021-08-11 03:00:00,03:00:00,4532117045436,Walmart,health_fitness,5564.43,"Kolkata, West Bengal, IN",17.385298729345617,78.45712474730898,13.309774313920915,88.31295218694021,1628650800,1
2021-08-11 06:00:00,06:00:00,4532117045436,Zomato,entertainment,546.61,"Hyderabad, Telangana, IN",17.381037996765226,78.47862173330357,17.947771944305615,79.2888128936207,1628661600,0
2021-08-11 09:00:00,09:00:00,4532117045436,Amazon,gas_transport,473.08,"Hyderabad, Telangana, IN",17.387635372569278,78.49655663878748,18.017628959410594,77.79792239641421,1628672400,0
2021-08-11 12:00:00,12:00:00,4532117045436,MakeMyTrip,entertainment,420.97,"Hyderabad, Telangana, IN",17.387547060930153,78.47775265903248,17.91804336510739,78.77034129947899,1628683200,0
2021-08-11 15:00:00,15:00:00,4532117045436,Amazon,health_fitness,431.42,"Hyderabad, Telangana, IN",17.375761147960194,78.47599167996172,17.729756149959638,79.18385330376545,1628694000,0
2021-08-11 18:00:00,18:00:00,4532117045436,MakeMyTrip,entertainment,290.37,"Hyderabad, Telangana, IN",17.3714216807686,78.49705893296971,16.702097880116245,79.20886377302497,1628704800,0
2021-08-11 21:00:00,21:00:00,4532117045436,Walmart,food_dining,185.14,"Hyderabad, Telangana, IN",17.395083541831905,78.48823444050277,17.268022812903045,78.03665616374023,1628715600,0
2021-08-12 00:00:00,00:00:00,4532117045436,MakeMyTrip,shopping_net,519.56,"Hyderabad, Telangana, IN",17.38704010680655,78.5012726023585,17.72043705553416,78.21424806084481,1628726400,0
2021-08-12 03:00:00,03:00:00,4532117045436,Amazon,entertainment,633.54,"Hyderabad, Telangana, IN",17.393698362829827,78.4820520034248,17.239797280182568,78.53716138186859,1628737200,0
2021-08-12 06:00:00,06:00:00,4532117045436,Zomato,food_dining,400.48,"Hyderabad, Telangana, IN",17.378295962203563,78.49872134187082,17.37000084252383,78.71362344697607,1628748000,0
2021-08-12 09:00:00,09:00:00,4532117045436,Apollo,shopping_net,688.06,"Hyderabad, Telangana, IN",17.376755615622052,78.47781156611343,17.747305855047568,79.12756314326016,1628758800,0
2021-08-12 12:00:00,12:00:00,4532117045436,Amazon,travel,423.52,"Hyderabad, Telangana, IN",17.374881630721305,78.46101546506505,17.913028511692424,78.38613129167857,1628769600,0
2021-08-12 15:00:00,15:00:00,4532117045436,MakeMyTrip,gas_transport,156.93,"Hyderabad, Telangana, IN",17.3831924242203,78.49343272982158,16.923703684370253,78.95951899395153,1628780400,0
2021-08-12 18:00:00,18:00:00,4532117045436,Apollo,health_fitness,587.74,"Hyderabad, Telangana, IN",17.38732446287588,78.49243232373126,17.720020504564943,77.20470711519353,1628791200,0
2021-08-12 21:00:00,21:00:00,4532117045436,MakeMyTrip,travel,378.11,"Hyderabad, Telangana, IN",17.379561751327927,78.49342881621305,17.667480611217908,78.3537052979622,1628802000,0
2021-08-13 00:00:00,00:00:00,4532117045436,Zomato,gas_transport,601.32,"Hyderabad, Telangana, IN",17.40064824582332,78.48463462075739,16.890565713331874,78.95904461165877,1628812800,0
2021-08-13 03:00:00,03:00:00,4532117045436,MakeMyTrip,travel,258.37,"Hyderabad, Telangana, IN",17.378578522071194,78.50136950873522,17.18175836654276,78.9034486680423,1628823600,0
2021-08-13 06:00:00,06:00:00,4532117045436,Walmart,grocery_pos,511.81,"Hyderabad, Telangana, IN",17.387487961354793,78.49535508627186,17.459842579938375,78.00757077898854,1628834400,0
2021-08-13 09:00:00,09:00:00,4532117045436,Shell,travel,329.93,"Hyderabad, Telangana, IN",17.376169569110033,78.49494918981335,18.079974147017854,78.99995141557658,1628845200,0
2021-08-13 12:00:00,12:00:00,4532117045436,Amazon,food_dining,480.21,"Hyderabad, Telangana, IN",17.37826880002509,78.4879165407828,17.177623894632124,77.77659928927983,1628856000,0
2021-08-13 15:00:00,15:00:00,4532117045436,Shell,shopping_net,564.99,"Hyderabad, Telangana, IN",17.384136624096524,78.47323001475094,17.59382747792369,79.08492254338643,1628866800,0
2021-08-13 18:00:00,18:00:00,4532117045436,MakeMyTrip,travel,530.16,"Hyderabad, Telangana, IN",17.376673639392635,78.48737647198386,17.969383232438314,78.38453326802261,1628877600,0
2021-08-13 21:00:00,21:00:00,4532117045436,Zomato,entertainment,460.41,"Hyderabad, Telangana, IN",17.385894154480596,78.49029456457983,18.3123403882779,78.26103365254632,1628888400,0
2021-08-14 00:00:00,00:00:00,4532117045436,Amazon,gas_transport,243.23,"Hyderabad, Telangana, IN",17.389402509136225,78.5070280393897,17.498413921105918,78.33766790033025,1628899200,0
2021-08-14 03:00:00,03:00:00,4532117045436,MakeMyTrip,travel,559.55,"Hyderabad, Telangana, IN",17.395933744290303,78.4893604402456,16.32516718842982,78.67622000307183,1628910000,0
2021-08-14 06:00:00,06:00:00,4532117045436,Apollo,shopping_net,604.71,"Hyderabad, Telangana, IN",17.374200970571085,78.47623915779808,17.846707631640427,79.52688664780507,1628920800,0
2021-08-14 09:00:00,09:00:00,4532117045436,Netflix,food_dining,293.55,"Hyderabad, Telangana, IN",17.386678423055823,78.49137288578171,17.490535251265754,79.095750628076,1628931600,0
2021-08-14 12:00:00,12:00:00,4532117045436,MakeMyTrip,grocery_pos,315.6,"Hyderabad, Telangana, IN",17.384380518745086,78.49927522083388,16.962542125666197,77.91311338565403,1628942400,0
2021-08-14 15:00:00,15:00:00,4532117045436,Shell,gas_transport,611.03,"Hyderabad, Telangana, IN",17.366518187405408,78.50378564701026,17.740531785561778,77.96604658033583,1628953200,0
2021-08-14 18:00:00,18:00:00,4532117045436,Amazon,health_fitness,418.73,"Hyderabad, Telangana, IN",17.373712129034057,78.48563099192937,18.317665687749532,77.53379846815615,1628964000,0
2021-08-14 21:00:00,21:00:00,4532117045436,Shell,shopping_net,319.48,"Hyderabad, Telangana, IN",17.389749472858856,78.48470411868944,17.48949462944369,78.6411338371842,1628974800,0
2021-08-15 00:00:00,00:00:00,4532117045436,Amazon,health_fitness,490.88,"Hyderabad, Telangana, IN",17.371473431860156,78.47258645711675,16.57409410651445,78.40193062901642,1628985600,0
2021-08-15 03:00:00,03:00:00,4532117045436,MakeMyTrip,shopping_net,354.22,"Hyderabad, Telangana, IN",17.38426579519312,78.48066655870089,18.107046048870256,78.80038789624733,1628996400,0
2021-08-15 06:00:00,06:00:00,4532117045436,Walmart,shopping_net,474.16,"Hyderabad, Telangana, IN",17.36377557503175,78.49102814626674,17.396322218297435,78.23620300187972,1629007200,0
2021-08-15 09:00:00,09:00:00,4532117045436,Apollo,food_dining,388.02,"Hyderabad, Telangana, IN",17.38397047632073,78.47146138394977,17.741274315595078,78.28845467277748,1629018000,0
2021-08-15 12:00:00,12:00:00,4532117045436,MakeMyTrip,food_dining,400.87,"Hyderabad, Telangana, IN",17.364464910887808,78.50717552166309,17.41600614871252,77.7606522160002,1629028800,0
2021-08-15 15:00:00,15:00:00,4532117045436,Shell,food_dining,616.56,"Hyderabad, Telangana, IN",17.37895421457294,78.48313332508847,17.61308431342629,79.03837493616362,1629039600,0
2021-08-15 18:00:00,18:00:00,4532117045436,Netflix,travel,79.72,"Hyderabad, Telangana, IN",17.380622612782176,78.48790359544114,17.717841525953133,78.18572283881899,1629050400,0
2021-08-15 21:00:00,21:00:00,4532117045436,Netflix,entertainment,533.21,"Hyderabad, Telangana, IN",17.386230255625282,78.4901214189239,17.788474679941082,78.06889387100291,1629061200,0
2021-08-16 00:00:00,00:00:00,4532117045436,Zomato,shopping_net,591.82,"Hyderabad, Telangana, IN",17.382474488800902,78.49799144926274,17.4583309460093,78.96998575142096,1629072000,0
2021-08-16 03:00:00,03:00:00,4532117045436,Amazon,gas_transport,356.7,"Hyderabad, Telangana, IN",17.37264099454041,78.48936711764827,17.004711715810252,77.74883512496633,1629082800,0
2021-08-16 06:00:00,06:00:00,4532117045436,Shell,health_fitness,590.66,"Hyderabad, Telangana, IN",17.372827850088647,78.47601895654417,17.481840175544086,78.76154729097782,1629093600,0
2021-08-16 09:00:00,09:00:00,4532117045436,Zomato,food_dining,306.15,"Hyderabad, Telangana, IN",17.36885891397734,78.49091804805506,17.77926861750967,78.10263014479199,1629104400,0
2021-08-16 12:00:00,12:00:00,4532117045436,Shell,travel,351.0,"Hyderabad, Telangana, IN",17.387064855044237,78.49797044596797,17.008196928393197,78.42873885107464,1629115200,0
2021-08-16 15:00:00,15:00:00,4532117045436,Amazon,food_dining,333.72,"Hyderabad, Telangana, IN",17.386623531982625,78.47775304146347,16.83167574112856,77.51930462815126,1629126000,0
2021-08-16 18:00:00,18:00:00,4532117045436,MakeMyTrip,health_fitness,592.69,"Hyderabad, Telangana, IN",17.39169408214784,78.49470032489826,18.051513899348404,78.77545958482833,1629136800,0
2021-08-16 21:00:00,21:00:00,4532117045436,MakeMyTrip,health_fitness,188.26,"Hyderabad, Telangana, IN",17.379998583469636,78.48924249159151,18.230790736122486,79.51171463384333,1629147600,0
2021-08-17 00:00:00,00:00:00,4532117045436,Netflix,shopping_net,696.02,"Hyderabad, Telangana, IN",17.367656566112757,78.48765149604992,17.404185983806865,77.85519563948164,1629158400,0
2021-08-17 03:00:00,03:00:00,4532117045436,MakeMyTrip,food_dining,404.26,"Hyderabad, Telangana, IN",17.381840007057384,78.48030011977463,17.685609926759046,79.06420052214925,1629169200,0
2021-08-17 06:00:00,06:00:00,4532117045436,MakeMyTrip,health_fitness,542.24,"Hyderabad, Telangana, IN",17.385110469924392,78.48447755333731,17.572890564430217,78.46304667700218,1629180000,0
2021-08-17 09:00:00,09:00:00,4532117045436,Walmart,entertainment,529.31,"Hyderabad, Telangana, IN",17.373352510076664,78.49108573235428,16.295030776441525,78.75400202924135,1629190800,0
2021-08-17 12:00:00,12:00:00,4532117045436,Netflix,entertainment,472.68,"Hyderabad, Telangana, IN",17.374301603038848,78.48245823647255,17.488363423566057,77.89668224268907,1629201600,0
2021-08-17 15:00:00,15:00:00,4532117045436,Zomato,food_dining,359.9,"Hyderabad, Telangana, IN",17.389509230857577,78.47690714828886,18.11798649315266,77.97069206213223,1629212400,0
2021-08-17 18:00:00,18:00:00,4532117045436,Apollo,travel,636.36,"Hyderabad, Telangana, IN",17.386006215462103,78.47649870110739,16.79781249015706,78.53042973590915,1629223200,0
2021-08-17 21:00:00,21:00:00,4532117045436,Walmart,health_fitness,372.77,"Hyderabad, Telangana, IN",17.3963286942372,78.48950920261177,16.752081205203574,78.37849008051732,1629234000,0
2021-08-18 00:00:00,00:00:00,4532117045436,Zomato,shopping_net,340.31,"Hyderabad, Telangana, IN",17.402221008084954,78.49159270922492,17.01982559287608,78.56123487054445,1629244800,0
2021-08-18 03:00:00,03:00:00,4532117045436,Amazon,shopping_net,581.66,"Hyderabad, Telangana, IN",17.369971913639652,78.48602309745567,17.147932219148423,77.75488956027837,1629255600,0
2021-08-18 06:00:00,06:00:00,4532117045436,Walmart,travel,471.86,"Hyderabad, Telangana, IN",17.380811323443915,78.5048512262255,17.71857128496402,78.79191187810935,1629266400,0
2021-08-18 09:00:00,09:00:00,4532117045436,Zomato,shopping_net,653.67,"Hyderabad, Telangana, IN",17.386236344670206,78.46969325995268,18.045320202244007,78.68087855879462,1629277200,0
2021-08-18 12:00:00,12:00:00,4532117045436,Amazon,grocery_pos,440.6,"Hyderabad, Telangana, IN",17.388635733992295,78.4904970641237,18.033590362261624,79.03965127841475,1629288000,0
2021-08-18 15:00:00,15:00:00,4532117045436,Netflix,food_dining,352.37,"Hyderabad, Telangana, IN",17.39515881184216,78.46829265270442,17.71197363452749,78.64495653879062,1629298800,0
2021-08-18 18:00:00,18:00:00,4532117045436,Apollo,shopping_net,491.21,"Hyderabad, Telangana, IN",17.392286249643664,78.48566193969263,16.5894567566809,79.61454769478944,1629309600,0
2021-08-18 21:00:00,21:00:00,4532117045436,Amazon,entertainment,382.86,"Hyderabad, Telangana, IN",17.396384301165618,78.48920045440464,16.58740977901879,79.49048669175873,1629320400,0
2021-08-19 00:00:00,00:00:00,4532117045436,MakeMyTrip,health_fitness,356.71,"Hyderabad, Telangana, IN",17.385613602063508,78.4849348251328,17.752090115990015,78.49530746522649,1629331200,0
2021-08-19 03:00:00,03:00:00,4532117045436,Shell,gas_transport,574.78,"Hyderabad, Telangana, IN",17.378714962530825,78.4671786083224,16.59150649986763,78.47555783221577,1629342000,0
2021-08-19 06:00:00,06:00:00,4532117045436,Amazon,travel,724.73,"Hyderabad, Telangana, IN",17.404499565193873,78.48574880621545,17.662677464026252,78.07166345727515,1629352800,0
2021-08-19 09:00:00,09:00:00,4532117045436,Amazon,gas_transport,2620.09,"Mumbai, Maharashtra, IN",17.386533251792624,78.48672921742468,12.68217329623353,87.94425578166376,1629363600,1
2021-08-19 12:00:00,12:00:00,4532117045436,Apollo,shopping_net,303.79,"Hyderabad, Telangana, IN",17.382581525099965,78.4956748250065,17.153269556753116,78.37277422563814,1629374400,0
2021-08-19 15:00:00,15:00:00,4532117045436,Shell,gas_transport,426.98,"Hyderabad, Telangana, IN",17.37427780684825,78.47242975538161,16.11180890191506,78.1647348248033,1629385200,0
2021-08-19 18:00:00,18:00:00,4532117045436,MakeMyTrip,gas_transport,527.22,"Hyderabad, Telangana, IN",17.386594684144377,78.50110963071323,17.485890888163492,78.09398914580908,1629396000,0
2021-08-19 21:00:00,21:00:00,4532117045436,Zomato,grocery_pos,488.62,"Hyderabad, Telangana, IN",17.3950449002637,78.46152183176929,17.640928394135337,78.66239365956906,1629406800,0
2021-08-20 00:00:00,00:00:00,4532117045436,Zomato,entertainment,629.13,"Hyderabad, Telangana, IN",17.37999534604881,78.47374001996681,17.1069466196115,77.69873394948668,1629417600,0
2021-08-20 03:00:00,03:00:00,4532117045436,Amazon,travel,549.76,"Hyderabad, Telangana, IN",17.38366620451601,78.4884613766665,16.839032269715936,77.8954488551578,1629428400,0
2021-08-20 06:00:00,06:00:00,4532117045436,Shell,entertainment,284.49,"Hyderabad, Telangana, IN",17.387491564415438,78.48980657374975,17.531667628651647,77.50082792332209,1629439200,0
2021-08-20 09:00:00,09:00:00,4532117045436,Shell,grocery_pos,376.0,"Hyderabad, Telangana, IN",17.389721747695624,78.50181955310714,16.658866823677094,77.81043059524158,1629450000,0
2021-08-20 12:00:00,12:00:00,4532117045436,MakeMyTrip,grocery_pos,242.87,"Hyderabad, Telangana, IN",17.382401648838997,78.4886325527838,17.693430217540048,78.18475490849747,1629460800,0
2021-08-20 15:00:00,15:00:00,4532117045436,Apollo,gas_transport,621.7,"Hyderabad, Telangana, IN",17.381063908014895,78.48568461345587,17.91292145527506,78.89073867179704,1629471600,0
2021-08-20 18:00:00,18:00:00,4532117045436,Netflix,food_dining,151.22,"Hyderabad, Telangana, IN",17.379892379805387,78.49114436751613,16.404930527800847,79.45309922328053,1629482400,0
2021-08-20 21:00:00,21:00:00,4532117045436,Zomato,health_fitness,257.5,"Hyderabad, Telangana, IN",17.373934036092336,78.46328733943777,17.120931611550272,77.62298113372547,1629493200,0
2021-08-21 00:00:00,00:00:00,4532117045436,Apollo,health_fitness,373.23,"Hyderabad, Telangana, IN",17.377298219626596,78.47662333675814,17.36061568990225,78.92525207340869,1629504000,0
2021-08-21 03:00:00,03:00:00,4532117045436,Walmart,gas_transport,534.59,"Hyderabad, Telangana, IN",17.377029332414608,78.4749466482661,17.375300041720305,78.00505112131309,1629514800,0
2021-08-21 06:00:00,06:00:00,4532117045436,Zomato,health_fitness,371.75,"Hyderabad, Telangana, IN",17.36957822915557,78.4962193692065,16.945503495040256,78.56837339617339,1629525600,0
2021-08-21 09:00:00,09:00:00,4532117045436,Apollo,grocery_pos,395.22,"Hyderabad, Telangana, IN",17.39492944669758,78.49970007317565,16.71686896729539,78.77509541008858,1629536400,0
2021-08-21 12:00:00,12:00:00,4532117045436,Zomato,entertainment,398.17,"Hyderabad, Telangana, IN",17.388595677382884,78.50534965643565,17.154930055773125,79.1894596236008,1629547200,0
2021-08-21 15:00:00,15:00:00,4532117045436,Netflix,health_fitness,475.92,"Hyderabad, Telangana, IN",17.386422271166595,78.49239552686865,17.70705905866237,79.68466219663622,1629558000,0
2021-08-21 18:00:00,18:00:00,4532117045436,Walmart,travel,5784.78,"Delhi, Delhi, IN",17.39804547984814,78.49562010706902,12.223540364628157,80.36601403806348,1629568800,1
2021-08-21 21:00:00,21:00:00,4532117045436,Netflix,gas_transport,307.92,"Hyderabad, Telangana, IN",17.392178473826387,78.48763938346444,17.67635092216978,78.24920565735363,1629579600,0
2021-08-22 00:00:00,00:00:00,4532117045436,MakeMyTrip,food_dining,702.14,"Hyderabad, Telangana, IN",17.377103843434128,78.4817069125288,18.01049491372865,77.71742318896035,1629590400,0
2021-08-22 03:00:00,03:00:00,4532117045436,Walmart,gas_transport,510.36,"Hyderabad, Telangana, IN",17.396733910613168,78.47590391704895,16.861329696420043,78.60289790408076,1629601200,0
2021-08-22 06:00:00,06:00:00,4532117045436,Amazon,shopping_net,564.12,"Hyderabad, Telangana, IN",17.3947226151748,78.47500788667202,17.19601175003943,78.80963964011445,1629612000,0
2021-08-22 09:00:00,09:00:00,4532117045436,Apollo,gas_transport,458.7,"Hyderabad, Telangana, IN",17.373820783364234,78.47298803237699,17.292581561109017,77.90928774754934,1629622800,0
2021-08-22 12:00:00,12:00:00,4532117045436,Walmart,grocery_pos,428.96,"Hyderabad, Telangana, IN",17.394027810686012,78.4940110914422,15.94375938236917,78.87457104257912,1629633600,0
2021-08-22 15:00:00,15:00:00,4532117045436,MakeMyTrip,entertainment,518.57,"Hyderabad, Telangana, IN",17.38032750427901,78.48260068642075,17.497120988414572,78.27275458965981,1629644400,0
2021-08-22 18:00:00,18:00:00,4532117045436,MakeMyTrip,entertainment,559.14,"Hyderabad, Telangana, IN",17.394971482389437,78.47946458136259,17.37016671318186,77.92146184606834,1629655200,0
2021-08-22 21:00:00,21:00:00,4532117045436,Netflix,travel,576.91,"Hyderabad, Telangana, IN",17.38162053232931,78.46642837229045,16.816822475554673,78.55511477735244,1629666000,0
2021-08-23 00:00:00,00:00:00,4532117045436,Zomato,health_fitness,431.02,"Hyderabad, Telangana, IN",17.379666672772846,78.47756827272636,17.82064645379566,78.03539960011018,1629676800,0
2021-08-23 03:00:00,03:00:00,4532117045436,Walmart,grocery_pos,593.31,"Hyderabad, Telangana, IN",17.38069725878311,78.483828944678,17.789051848120344,77.90860153761781,1629687600,0
2021-08-23 06:00:00,06:00:00,4532117045436,Apollo,shopping_net,7128.1,"Mumbai, Maharashtra, IN",17.375278317938513,78.4713359048876,28.346834966791835,77.6045354930568,1629698400,1
2021-08-23 09:00:00,09:00:00,4532117045436,Walmart,grocery_pos,4169.3,"Delhi, Delhi, IN",17.370196437219974,78.51329995938099,23.121448935179686,76.71269247952304,1629709200,1
2021-08-23 12:00:00,12:00:00,4532117045436,Shell,gas_transport,385.96,"Hyderabad, Telangana, IN",17.360010025401525,78.47329652192079,16.89849564437859,78.30403321104968,1629720000,0
2021-08-23 15:00:00,15:00:00,4532117045436,Zomato,grocery_pos,533.01,"Hyderabad, Telangana, IN",17.37445327000001,78.49822587243587,17.53701774264904,78.62405185164457,1629730800,0
2021-08-23 18:00:00,18:00:00,4532117045436,Apollo,grocery_pos,352.6,"Hyderabad, Telangana, IN",17.411306232802207,78.48549476809393,17.116522043466187,79.05752883700632,1629741600,0
2021-08-23 21:00:00,21:00:00,4532117045436,Apollo,travel,5580.79,"Kolkata, West Bengal, IN",17.389782608887277,78.48103533252988,19.841112989912855,79.81738391795231,1629752400,1
2021-08-24 00:00:00,00:00:00,4532117045436,Amazon,shopping_net,500.96,"Hyderabad, Telangana, IN",17.403642226087925,78.48420569261582,16.83442386230895,78.07363563310457,1629763200,0
2021-08-24 03:00:00,03:00:00,4532117045436,Netflix,gas_transport,224.77,"Hyderabad, Telangana, IN",17.381817994089136,78.48684060737187,17.480953377787458,78.50067158954866,1629774000,0
2021-08-24 06:00:00,06:00:00,4532117045436,Amazon,food_dining,390.05,"Hyderabad, Telangana, IN",17.380316784825236,78.48896516276632,18.13739529178413,78.13720490159515,1629784800,0
2021-08-24 09:00:00,09:00:00,4532117045436,Apollo,travel,328.14,"Hyderabad, Telangana, IN",17.40216540657521,78.47688071520487,17.546869332363727,77.78649039067031,1629795600,0
2021-08-24 12:00:00,12:00:00,4532117045436,Zomato,food_dining,423.75,"Hyderabad, Telangana, IN",17.38875762428351,78.49229320830466,17.870622718805414,78.80804002467369,1629806400,0
2021-08-24 15:00:00,15:00:00,4532117045436,Walmart,travel,569.58,"Hyderabad, Telangana, IN",17.375447245013074,78.48390692772412,17.823806501925272,78.98804269229913,1629817200,0
2021-08-24 18:00:00,18:00:00,4532117045436,Walmart,entertainment,376.52,"Hyderabad, Telangana, IN",17.391329174844987,78.47338737362539,17.205904749726482,78.24964681352168,1629828000,0
2021-08-24 21:00:00,21:00:00,4532117045436,Zomato,travel,3261.37,"Mumbai, Maharashtra, IN",17.397508846186135,78.48242167606895,19.339026626631327,87.66749360683478,1629838800,1
2021-08-25 00:00:00,00:00:00,4532117045436,Apollo,health_fitness,560.9,"Hyderabad, Telangana, IN",17.370721275668416,78.50089690661247,18.120351482670504,79.26028993123046,1629849600,0
2021-08-25 03:00:00,03:00:00,4532117045436,MakeMyTrip,grocery_pos,358.91,"Hyderabad, Telangana, IN",17.389646583318108,78.48889430489253,17.751269517660816,78.99919521424526,1629860400,0
2021-08-25 06:00:00,06:00:00,4532117045436,Walmart,entertainment,361.09,"Hyderabad, Telangana, IN",17.371382752234243,78.48674568198072,17.865435326824187,78.19354600307267,1629871200,0
2021-08-25 09:00:00,09:00:00,4532117045436,MakeMyTrip,shopping_net,655.4,"Hyderabad, Telangana, IN",17.39696755324309,78.4827229368886,17.468301673819276,78.44687901192557,1629882000,0
2021-08-25 12:00:00,12:00:00,4532117045436,Walmart,food_dining,438.09,"Hyderabad, Telangana, IN",17.387306984319217,78.48350894260216,17.1890218583441,78.13264754877581,1629892800,0
2021-08-25 15:00:00,15:00:00,4532117045436,Walmart,travel,526.37,"Hyderabad, Telangana, IN",17.391296611588764,78.48890104658155,17.24987552150036,78.60129695531305,1629903600,0
2021-08-25 18:00:00,18:00:00,4532117045436,Netflix,grocery_pos,525.23,"Hyderabad, Telangana, IN",17.3828255606462,78.48404518785068,18.073640145271217,78.50693357948215,1629914400,0
2021-08-25 21:00:00,21:00:00,4532117045436,Netflix,shopping_net,270.3,"Hyderabad, Telangana, IN",17.367183975707768,78.4912411187368,17.38459488763935,77.91025753387021,1629925200,0
2021-08-26 00:00:00,00:00:00,4532117045436,Shell,health_fitness,335.87,"Hyderabad, Telangana, IN",17.38058567839772,78.4899325793224,18.008824545550308,78.25872716491499,1629936000,0
2021-08-26 03:00:00,03:00:00,4532117045436,Amazon,shopping_net,506.3,"Hyderabad, Telangana, IN",17.394298395239726,78.47477027990415,18.087567784031577,77.45422871894303,1629946800,0
2021-08-26 06:00:00,06:00:00,4532117045436,Zomato,grocery_pos,139.9,"Hyderabad, Telangana, IN",17.404936287825187,78.49197872863218,17.84530454665405,77.96726186191162,1629957600,0
2021-08-26 09:00:00,09:00:00,4532117045436,Zomato,health_fitness,418.31,"Hyderabad, Telangana, IN",17.38782290089889,78.47715404628968,17.786823339440385,78.69306925695956,1629968400,0
2021-08-26 12:00:00,12:00:00,4532117045436,Zomato,shopping_net,320.21,"Hyderabad, Telangana, IN",17.37813647422188,78.4767427523351,18.23345226725953,78.5583358073759,1629979200,0
2021-08-26 15:00:00,15:00:00,4532117045436,Shell,health_fitness,616.58,"Hyderabad, Telangana, IN",17.390357027782677,78.48644732078625,16.962193782974126,78.96012056761376,1629990000,0
2021-08-26 18:00:00,18:00:00,4532117045436,Netflix,travel,501.92,"Hyderabad, Telangana, IN",17.39339894734286,78.48928208542726,17.178857873766464,78.51306356412177,1630000800,0
2021-08-26 21:00:00,21:00:00,4532117045436,Apollo,travel,628.69,"Hyderabad, Telangana, IN",17.38632753738075,78.49284925807237,16.75532073672746,78.38861478518743,1630011600,0
2021-08-27 00:00:00,00:00:00,4532117045436,MakeMyTrip,grocery_pos,444.13,"Hyderabad, Telangana, IN",17.385712142073324,78.46513665422545,16.636277549900967,79.41565188556454,1630022400,0
2021-08-27 03:00:00,03:00:00,4532117045436,MakeMyTrip,grocery_pos,432.92,"Hyderabad, Telangana, IN",17.387136082583204,78.49459247486074,17.36284229778709,78.31706524756214,1630033200,0
2021-08-27 06:00:00,06:00:00,4532117045436,Apollo,health_fitness,7974.8,"Chennai, Tamil Nadu, IN",17.38543550377432,78.49082662039223,18.90077451522637,77.68572564911294,1630044000,1
2021-08-27 09:00:00,09:00:00,4532117045436,Shell,gas_transport,374.54,"Hyderabad, Telangana, IN",17.387977809631707,78.47943898230938,17.63768009042787,78.5115041892851,1630054800,0
2021-08-27 12:00:00,12:00:00,4532117045436,Apollo,entertainment,852.7,"Hyderabad, Telangana, IN",17.403275632520742,78.48433674113865,17.03635903542168,78.09779876208654,1630065600,0
2021-08-27 15:00:00,15:00:00,4532117045436,Zomato,shopping_net,571.08,"Hyderabad, Telangana, IN",17.36466696934395,78.48868099208357,17.178474235869995,78.61522652921812,1630076400,0
2021-08-27 18:00:00,18:00:00,4532117045436,Amazon,shopping_net,290.07,"Hyderabad, Telangana, IN",17.382615443055812,78.45180219930731,17.80836953251996,78.12451497350136,1630087200,0
2021-08-27 21:00:00,21:00:00,4532117045436,Walmart,gas_transport,845.9,"Hyderabad, Telangana, IN",17.375676458731757,78.47418975217909,16.65474646612506,78.27104132824216,1630098000,0
2021-08-28 00:00:00,00:00:00,4532117045436,MakeMyTrip,gas_transport,389.25,"Hyderabad, Telangana, IN",17.396808030605666,78.49831275244453,17.391338003300405,78.11405210968984,1630108800,0
2021-08-28 03:00:00,03:00:00,4532117045436,Netflix,gas_transport,498.17,"Hyderabad, Telangana, IN",17.38359117830346,78.48067619838322,18.03797069993786,77.59780556283981,1630119600,0
2021-08-28 06:00:00,06:00:00,4532117045436,Netflix,food_dining,590.94,"Hyderabad, Telangana, IN",17.390597047755342,78.48584078473152,17.252198074890245,77.27856038650053,1630130400,0
2021-08-28 09:00:00,09:00:00,4532117045436,Shell,food_dining,219.31,"Hyderabad, Telangana, IN",17.39927306777826,78.4855335167803,17.174419213480164,77.77480835306623,1630141200,0
2021-08-28 12:00:00,12:00:00,4532117045436,Netflix,health_fitness,325.9,"Hyderabad, Telangana, IN",17.374189903943872,78.49384652771538,18.00641700127175,79.05724459057383,1630152000,0
2021-08-28 15:00:00,15:00:00,4532117045436,Zomato,food_dining,697.22,"Hyderabad, Telangana, IN",17.37972482362117,78.48263358181136,16.678133176369716,78.52427046437847,1630162800,0
2021-08-28 18:00:00,18:00:00,4532117045436,MakeMyTrip,travel,416.28,"Hyderabad, Telangana, IN",17.39824082369879,78.48347840267058,16.982985730756972,78.24662669680889,1630173600,0
2021-08-28 21:00:00,21:00:00,4532117045436,Apollo,travel,599.8,"Hyderabad, Telangana, IN",17.373789372186597,78.48860577289727,17.00219711724308,77.96690301610418,1630184400,0
2021-08-29 00:00:00,00:00:00,4532117045436,Zomato,grocery_pos,381.98,"Hyderabad, Telangana, IN",17.380062196495178,78.49516650688582,17.73210741056613,79.11723143259725,1630195200,0
2021-08-29 03:00:00,03:00:00,4532117045436,Shell,health_fitness,435.74,"Hyderabad, Telangana, IN",17.368996445003578,78.49833085711948,16.58297166170857,78.16585960611278,1630206000,0
2021-08-29 06:00:00,06:00:00,4532117045436,Zomato,shopping_net,717.79,"Hyderabad, Telangana, IN",17.398633633500737,78.48351027514697,18.00180850578977,78.0641476262862,1630216800,0
2021-08-29 09:00:00,09:00:00,4532117045436,Apollo,entertainment,515.63,"Hyderabad, Telangana, IN",17.379187534364195,78.48179105263934,17.37169430571992,77.5407737528639,1630227600,0
2021-08-29 12:00:00,12:00:00,4532117045436,Amazon,grocery_pos,398.27,"Hyderabad, Telangana, IN",17.388511604670473,78.48523740981892,17.907897843609707,77.37117986864249,1630238400,0
2021-08-29 15:00:00,15:00:00,4532117045436,Shell,shopping_net,347.5,"Hyderabad, Telangana, IN",17.39175980324244,78.50005043213997,18.005412534481643,78.71739166745928,1630249200,0
2021-08-29 18:00:00,18:00:00,4532117045436,Amazon,shopping_net,361.22,"Hyderabad, Telangana, IN",17.37696763129584,78.49448291625258,16.99220030815932,79.32986364578062,1630260000,0
2021-08-29 21:00:00,21:00:00,4532117045436,Walmart,health_fitness,636.23,"Hyderabad, Telangana, IN",17.365959999183033,78.48190237184195,17.39416884439997,78.63490482928383,1630270800,0
2021-08-30 00:00:00,00:00:00,4532117045436,Amazon,gas_transport,564.82,"Hyderabad, Telangana, IN",17.382805359026555,78.47055953874944,17.270963950470918,78.62828427229925,1630281600,0
2021-08-30 03:00:00,03:00:00,4532117045436,Walmart,gas_transport,277.7,"Hyderabad, Telangana, IN",17.382641722367545,78.49776968867675,17.35227735018864,79.38490724990461,1630292400,0
2021-08-30 06:00:00,06:00:00,4532117045436,Walmart,grocery_pos,463.08,"Hyderabad, Telangana, IN",17.384394965214028,78.49889250135774,17.100200171426348,78.73712304343134,1630303200,0
2021-08-30 09:00:00,09:00:00,4532117045436,Amazon,gas_transport,439.98,"Hyderabad, Telangana, IN",17.38445017007706,78.47559083009703,17.942082824437872,78.48282665872294,1630314000,0
2021-08-30 12:00:00,12:00:00,4532117045436,Shell,shopping_net,497.41,"Hyderabad, Telangana, IN",17.38001227157667,78.48224797649462,17.291969550648993,78.76644456265873,1630324800,0
2021-08-30 15:00:00,15:00:00,4532117045436,Apollo,gas_transport,359.46,"Hyderabad, Telangana, IN",17.379624626981528,78.49546521805262,17.217934795231276,78.93814268917541,1630335600,0
2021-08-30 18:00:00,18:00:00,4532117045436,Zomato,food_dining,614.67,"Hyderabad, Telangana, IN",17.38797703528815,78.49055799417778,17.946773371976036,78.74144132474548,1630346400,0
2021-08-30 21:00:00,21:00:00,4532117045436,Zomato,gas_transport,449.8,"Hyderabad, Telangana, IN",17.376761426099705,78.46675687063262,17.803086189445622,78.24389402146964,1630357200,0
2021-08-31 00:00:00,00:00:00,4532117045436,Apollo,shopping_net,506.02,"Hyderabad, Telangana, IN",17.3840467655191,78.47541964577691,17.52877267095225,78.68995336170704,1630368000,0
2021-08-31 03:00:00,03:00:00,4532117045436,MakeMyTrip,health_fitness,332.3,"Hyderabad, Telangana, IN",17.37937041268591,78.4925162201308,17.18880621004963,78.14022265083585,1630378800,0
2021-08-31 06:00:00,06:00:00,4532117045436,MakeMyTrip,grocery_pos,339.85,"Hyderabad, Telangana, IN",17.387956052436433,78.48919208191381,18.117305342241707,78.47119082399318,1630389600,0
2021-08-31 09:00:00,09:00:00,4532117045436,Walmart,entertainment,848.63,"Hyderabad, Telangana, IN",17.396085762803185,78.49336010493904,16.85657537289044,78.68533103093698,1630400400,0
2021-08-31 12:00:00,12:00:00,4532117045436,Walmart,gas_transport,720.01,"Hyderabad, Telangana, IN",17.39649377773119,78.4945056728082,17.9211915804586,79.40610583103305,1630411200,0
2021-08-31 15:00:00,15:00:00,4532117045436,Shell,travel,439.55,"Hyderabad, Telangana, IN",17.397892908725378,78.48911707742599,17.69822654140247,78.7060405273319,1630422000,0
2021-08-31 18:00:00,18:00:00,4532117045436,Netflix,travel,679.95,"Hyderabad, Telangana, IN",17.38165907224658,78.49090378429086,16.751798420913836,78.49490471835992,1630432800,0
2021-08-31 21:00:00,21:00:00,4532117045436,Amazon,shopping_net,631.91,"Hyderabad, Telangana, IN",17.38249953008169,78.48100412891208,17.421952589840053,78.28646873527681,1630443600,0
2021-09-01 00:00:00,00:00:00,4532117045436,Walmart,entertainment,356.22,"Hyderabad, Telangana, IN",17.37231047686542,78.48784244914837,16.724627858689548,78.19469655972883,1630454400,0
2021-09-01 03:00:00,03:00:00,4532117045436,Zomato,entertainment,341.26,"Hyderabad, Telangana, IN",17.38157450972168,78.4898346500141,17.211049278536603,78.29332756467294,1630465200,0
2021-09-01 06:00:00,06:00:00,4532117045436,Shell,food_dining,550.3,"Hyderabad, Telangana, IN",17.381931621760522,78.50375956890242,17.5250796440546,78.50680261126271,1630476000,0
2021-09-01 09:00:00,09:00:00,4532117045436,Amazon,entertainment,489.01,"Hyderabad, Telangana, IN",17.378828523643808,78.47845414028124,16.87784824509075,78.94461619818959,1630486800,0
2021-09-01 12:00:00,12:00:00,4532117045436,Shell,travel,389.7,"Hyderabad, Telangana, IN",17.378782068565773,78.49393846373255,16.211110146164764,77.84952861337278,1630497600,0
2021-09-01 15:00:00,15:00:00,4532117045436,Amazon,health_fitness,558.18,"Hyderabad, Telangana, IN",17.368023018098214,78.48554444446133,17.321123151769097,78.86975481755105,1630508400,0
2021-09-01 18:00:00,18:00:00,4532117045436,Amazon,shopping_net,233.63,"Hyderabad, Telangana, IN",17.371580874042778,78.49414691161972,17.49227807142463,78.20407571209188,1630519200,0
2021-09-01 21:00:00,21:00:00,4532117045436,Apollo,shopping_net,467.25,"Hyderabad, Telangana, IN",17.385445435875788,78.48549632585674,17.196512258411992,78.13617808365156,1630530000,0
2021-09-02 00:00:00,00:00:00,4532117045436,Walmart,gas_transport,264.16,"Hyderabad, Telangana, IN",17.3858207330628,78.4984740514453,17.377305271381914,78.74205204776938,1630540800,0
2021-09-02 03:00:00,03:00:00,4532117045436,Shell,gas_transport,269.1,"Hyderabad, Telangana, IN",17.38983055869496,78.47927455322474,17.29519262329479,78.29915753751686,1630551600,0
2021-09-02 06:00:00,06:00:00,4532117045436,Shell,gas_transport,343.99,"Hyderabad, Telangana, IN",17.382411055297826,78.48812215935024,16.876166310118393,78.72491582704372,1630562400,0
2021-09-02 09:00:00,09:00:00,4532117045436,Apollo,travel,504.49,"Hyderabad, Telangana, IN",17.385116542378327,78.4910937097488,18.358559008197588,78.68075076180047,1630573200,0
2021-09-02 12:00:00,12:00:00,4532117045436,Zomato,travel,348.71,"Hyderabad, Telangana, IN",17.39750509549065,78.47988678071289,17.543493775587947,78.88959376479916,1630584000,0
2021-09-02 15:00:00,15:00:00,4532117045436,Zomato,travel,267.28,"Hyderabad, Telangana, IN",17.384470991762036,78.48974645912341,17.172085090193452,79.14590058264052,1630594800,0
2021-09-02 18:00:00,18:00:00,4532117045436,MakeMyTrip,travel,521.59,"Hyderabad, Telangana, IN",17.378679308528593,78.49676921505845,16.97260800497988,77.62669316289204,1630605600,0
2021-09-02 21:00:00,21:00:00,4532117045436,Walmart,travel,673.91,"Hyderabad, Telangana, IN",17.373090520959423,78.48602881378737,17.186217773521776,78.5889198978467,1630616400,0
2021-09-03 00:00:00,00:00:00,4532117045436,Walmart,travel,545.83,"Hyderabad, Telangana, IN",17.392974798636185,78.49420485065373,17.202519908697763,78.11681911097997,1630627200,0
2021-09-03 03:00:00,03:00:00,4532117045436,Netflix,health_fitness,720.27,"Hyderabad, Telangana, IN",17.367966575966154,78.47995699589087,17.404076472302336,78.69571643866318,1630638000,0
2021-09-03 06:00:00,06:00:00,4532117045436,Apollo,travel,661.38,"Hyderabad, Telangana, IN",17.37661581380312,78.47573553579458,17.958103113422077,77.78392805910697,1630648800,0
2021-09-03 09:00:00,09:00:00,4532117045436,Zomato,entertainment,376.89,"Hyderabad, Telangana, IN",17.389185793329368,78.49365475502398,16.98271507601995,78.51221066219169,1630659600,0
2021-09-03 12:00:00,12:00:00,4532117045436,Amazon,entertainment,544.82,"Hyderabad, Telangana, IN",17.365934468231494,78.48110814457992,17.47386202897699,77.54566665579483,1630670400,0
2021-09-03 15:00:00,15:00:00,4532117045436,Shell,food_dining,436.26,"Hyderabad, Telangana, IN",17.378856452121195,78.46993280965481,17.784818836505377,78.50843132303919,1630681200,0
2021-09-03 18:00:00,18:00:00,4532117045436,Walmart,health_fitness,609.31,"Hyderabad, Telangana, IN",17.38629167506296,78.47909750460549,17.048076276382464,78.48949326195033,1630692000,0
2021-09-03 21:00:00,21:00:00,4532117045436,Shell,gas_transport,436.23,"Hyderabad, Telangana, IN",17.381166623457997,78.50017578747762,17.045202116547326,78.15042501394011,1630702800,0
2021-09-04 00:00:00,00:00:00,4532117045436,Shell,grocery_pos,331.7,"Hyderabad, Telangana, IN",17.37517311072472,78.49730266724379,16.630447545101614,78.28976229296437,1630713600,0
2021-09-04 03:00:00,03:00:00,4532117045436,Netflix,travel,656.01,"Hyderabad, Telangana, IN",17.379065556751197,78.4754957972994,18.225605469796413,78.30177876707826,1630724400,0
2021-09-04 06:00:00,06:00:00,4532117045436,Zomato,food_dining,497.67,"Hyderabad, Telangana, IN",17.39316984326654,78.47208315046218,17.6389627766399,77.71190125805951,1630735200,0
2021-09-04 09:00:00,09:00:00,4532117045436,Walmart,grocery_pos,350.47,"Hyderabad, Telangana, IN",17.403313773907794,78.48260764297295,17.09980967620005,77.83847400585047,1630746000,0
2021-09-04 12:00:00,12:00:00,4532117045436,Shell,entertainment,375.19,"Hyderabad, Telangana, IN",17.38639488681594,78.49710459255814,17.078157316561764,78.5807731621453,1630756800,0
2021-09-04 15:00:00,15:00:00,4532117045436,Walmart,food_dining,349.51,"Hyderabad, Telangana, IN",17.36511715020151,78.48474266398964,16.86930891747031,79.02077297005314,1630767600,0
2021-09-04 18:00:00,18:00:00,4532117045436,Amazon,food_dining,299.74,"Hyderabad, Telangana, IN",17.39068102277111,78.48482594415236,17.463550182445058,78.88007381576213,1630778400,0
2021-09-04 21:00:00,21:00:00,4532117045436,Netflix,shopping_net,378.37,"Hyderabad, Telangana, IN",17.381036164854446,78.48055867144176,17.21392468540841,77.47222699314737,1630789200,0
2021-09-05 00:00:00,00:00:00,4532117045436,Amazon,entertainment,505.95,"Hyderabad, Telangana, IN",17.37404577147762,78.48398479243276,16.926307410862563,79.10670891898049,1630800000,0
2021-09-05 03:00:00,03:00:00,4532117045436,Walmart,entertainment,459.61,"Hyderabad, Telangana, IN",17.37699726948575,78.49517408235421,16.999131033246005,79.13720931147809,1630810800,0
2021-09-05 06:00:00,06:00:00,4532117045436,MakeMyTrip,health_fitness,384.27,"Hyderabad, Telangana, IN",17.377422101521784,78.48755257556002,17.747858815031087,78.11319967983182,1630821600,0
2021-09-05 09:00:00,09:00:00,4532117045436,Walmart,food_dining,674.33,"Hyderabad, Telangana, IN",17.370891523972222,78.48468137052566,17.194282661982438,78.12282900249582,1630832400,0
2021-09-05 12:00:00,12:00:00,4532117045436,Zomato,travel,148.4,"Hyderabad, Telangana, IN",17.384369312228937,78.49320689717486,16.77097274381388,78.22786071618935,1630843200,0
2021-09-05 15:00:00,15:00:00,4532117045436,Shell,entertainment,495.92,"Hyderabad, Telangana, IN",17.4032814679931,78.48741593547835,17.417339665468702,78.65257204343514,1630854000,0
2021-09-05 18:00:00,18:00:00,4532117045436,Shell,food_dining,428.59,"Hyderabad, Telangana, IN",17.374008089089973,78.49620231692359,17.04187895839918,78.3349722298423,1630864800,0
2021-09-05 21:00:00,21:00:00,4532117045436,Amazon,health_fitness,304.47,"Hyderabad, Telangana, IN",17.402973470251577,78.47989987476359,17.708036242156027,78.681257280679,1630875600,0
2021-09-06 00:00:00,00:00:00,4532117045436,Netflix,travel,504.67,"Hyderabad, Telangana, IN",17.387081166774763,78.48942069898636,18.138470941254536,77.83555494471655,1630886400,0
2021-09-06 03:00:00,03:00:00,4532117045436,MakeMyTrip,health_fitness,417.04,"Hyderabad, Telangana, IN",17.38407102711544,78.495575716028,16.416276013503197,77.9508219731784,1630897200,0
2021-09-06 06:00:00,06:00:00,4532117045436,Apollo,shopping_net,637.06,"Hyderabad, Telangana, IN",17.38178040084934,78.50223370438292,17.03152960564415,78.04890134786302,1630908000,0
2021-09-06 09:00:00,09:00:00,4532117045436,Shell,travel,580.21,"Hyderabad, Telangana, IN",17.376938558325346,78.47576348996056,17.45425822436737,78.07827726780164,1630918800,0
2021-09-06 12:00:00,12:00:00,4532117045436,Zomato,food_dining,735.92,"Hyderabad, Telangana, IN",17.387918526018346,78.48496278011332,17.34677362967476,78.70038865863214,1630929600,0
2021-09-06 15:00:00,15:00:00,4532117045436,Amazon,entertainment,377.5,"Hyderabad, Telangana, IN",17.39021979047196,78.473540700676,18.010925565949513,78.60957855095481,1630940400,0
2021-09-06 18:00:00,18:00:00,4532117045436,Amazon,entertainment,659.48,"Hyderabad, Telangana, IN",17.360748570856916,78.4770019915811,17.37534926234909,78.81587347179912,1630951200,0
2021-09-06 21:00:00,21:00:00,4532117045436,Apollo,food_dining,275.12,"Hyderabad, Telangana, IN",17.410430383391677,78.48688516173193,17.487174715018245,79.02752630043285,1630962000,0
2021-09-07 00:00:00,00:00:00,4532117045436,Zomato,food_dining,433.4,"Hyderabad, Telangana, IN",17.36689013634251,78.4664303123441,17.6004148852573,78.6838810162471,1630972800,0
2021-09-07 03:00:00,03:00:00,4532117045436,Netflix,food_dining,380.21,"Hyderabad, Telangana, IN",17.379776711972955,78.49089338113228,17.04457835548753,77.59557814001786,1630983600,0
2021-09-07 06:00:00,06:00:00,4532117045436,Zomato,gas_transport,540.37,"Hyderabad, Telangana, IN",17.359417121406736,78.49227171583516,17.642598498208258,78.27777359105445,1630994400,0
2021-09-07 09:00:00,09:00:00,4532117045436,Netflix,travel,536.74,"Hyderabad, Telangana, IN",17.382320907516345,78.48593587149047,17.58778764098316,78.34524437840855,1631005200,0
2021-09-07 12:00:00,12:00:00,4532117045436,Zomato,entertainment,314.91,"Hyderabad, Telangana, IN",17.380385361241427,78.47829603660989,17.436597218043175,78.61562990336381,1631016000,0
2021-09-07 15:00:00,15:00:00,4532117045436,Zomato,travel,548.73,"Hyderabad, Telangana, IN",17.37988306632201,78.48426083284268,16.426118200112356,78.01492575127831,1631026800,0
2021-09-07 18:00:00,18:00:00,4532117045436,Walmart,health_fitness,392.93,"Hyderabad, Telangana, IN",17.38804333671894,78.50786627833173,17.00449866805353,79.2266912650434,1631037600,0
2021-09-07 21:00:00,21:00:00,4532117045436,Amazon,entertainment,327.48,"Hyderabad, Telangana, IN",17.382561882773064,78.48149625219831,17.47786220312642,78.2860271382386,1631048400,0
2021-09-08 00:00:00,00:00:00,4532117045436,Zomato,gas_transport,448.23,"Hyderabad, Telangana, IN",17.390384187994965,78.47882136221013,17.33743916265531,78.3213073749025,1631059200,0
2021-09-08 03:00:00,03:00:00,4532117045436,Apollo,food_dining,7364.96,"Delhi, Delhi, IN",17.37262669253786,78.46357866205061,19.258290256050348,79.89840480753321,1631070000,1
2021-09-08 06:00:00,06:00:00,4532117045436,Zomato,shopping_net,589.7,"Hyderabad, Telangana, IN",17.385773832768344,78.49713882455923,17.76348737332627,78.22895693578316,1631080800,0
2021-09-08 09:00:00,09:00:00,4532117045436,Shell,food_dining,441.66,"Hyderabad, Telangana, IN",17.378683190498446,78.4742979157688,17.557295514140275,77.6190880888854,1631091600,0
2021-09-08 12:00:00,12:00:00,4532117045436,Amazon,food_dining,444.94,"Hyderabad, Telangana, IN",17.38129660553467,78.48758218358303,17.76356406970409,79.10724211096024,1631102400,0
2021-09-08 15:00:00,15:00:00,4532117045436,Shell,gas_transport,436.93,"Hyderabad, Telangana, IN",17.387703486491805,78.5077667894037,17.635047031567684,78.16934340506432,1631113200,0
2021-09-08 18:00:00,18:00:00,4532117045436,Amazon,travel,697.03,"Hyderabad, Telangana, IN",17.379956942685894,78.49039316300212,17.121850125506864,78.80161808121511,1631124000,0
2021-09-08 21:00:00,21:00:00,4532117045436,Shell,entertainment,677.83,"Hyderabad, Telangana, IN",17.38394834265923,78.4902818849892,17.382086946596168,78.27401433462096,1631134800,0
2021-09-09 00:00:00,00:00:00,4532117045436,Zomato,food_dining,652.61,"Hyderabad, Telangana, IN",17.37345754589357,78.48344209755851,16.83557149390373,78.17213581521894,1631145600,0
2021-09-09 03:00:00,03:00:00,4532117045436,Zomato,entertainment,437.24,"Hyderabad, Telangana, IN",17.395955122303462,78.48983810932637,18.131697047659625,77.86421997443541,1631156400,0
2021-09-09 06:00:00,06:00:00,4532117045436,Walmart,grocery_pos,282.66,"Hyderabad, Telangana, IN",17.39228444032995,78.48745677538383,16.75776625685848,77.59595303334486,1631167200,0
2021-09-09 09:00:00,09:00:00,4532117045436,Apollo,health_fitness,447.6,"Hyderabad, Telangana, IN",17.38599983556815,78.4921032820231,16.34294389552139,78.26403259402124,1631178000,0
2021-09-09 12:00:00,12:00:00,4532117045436,Shell,travel,497.16,"Hyderabad, Telangana, IN",17.38257339981174,78.46253492725633,18.445332340915563,78.2428488563964,1631188800,0
2021-09-09 15:00:00,15:00:00,4532117045436,Netflix,entertainment,7017.48,"Mumbai, Maharashtra, IN",17.38395628395154,78.49049504334785,28.984219794764268,88.22674434498758,1631199600,1
2021-09-09 18:00:00,18:00:00,4532117045436,Walmart,shopping_net,496.68,"Hyderabad, Telangana, IN",17.395740233725146,78.49103468898925,17.832377288262403,78.52259082043186,1631210400,0
2021-09-09 21:00:00,21:00:00,4532117045436,Shell,health_fitness,296.03,"Hyderabad, Telangana, IN",17.39157605568638,78.51217339209799,17.751469618564386,79.05747019101909,1631221200,0
2021-09-10 00:00:00,00:00:00,4532117045436,Shell,shopping_net,369.69,"Hyderabad, Telangana, IN",17.395908443299195,78.48665718145385,17.90769910512379,77.73575525566686,1631232000,0
2021-09-10 03:00:00,03:00:00,4532117045436,Walmart,food_dining,356.08,"Hyderabad, Telangana, IN",17.381581089270846,78.48891641579503,17.680566673172986,78.51262347523974,1631242800,0
2021-09-10 06:00:00,06:00:00,4532117045436,Zomato,health_fitness,530.86,"Hyderabad, Telangana, IN",17.389833992794582,78.49066329736567,17.68369171161481,78.76205234242404,1631253600,0
2021-09-10 09:00:00,09:00:00,4532117045436,Shell,entertainment,534.54,"Hyderabad, Telangana, IN",17.396886739821554,78.490945070233,16.21499681174893,78.5428242029946,1631264400,0
2021-09-10 12:00:00,12:00:00,4532117045436,Zomato,health_fitness,554.19,"Hyderabad, Telangana, IN",17.375738541967067,78.47436378481312,16.90319017129705,78.56177628550581,1631275200,0
2021-09-10 15:00:00,15:00:00,4532117045436,Walmart,food_dining,495.16,"Hyderabad, Telangana, IN",17.375109571391935,78.49488396634321,16.071076502865807,78.36197993918766,1631286000,0
2021-09-10 18:00:00,18:00:00,4532117045436,Zomato,gas_transport,141.12,"Hyderabad, Telangana, IN",17.387752044947305,78.4775261253222,16.975039599912744,77.88953171906141,1631296800,0
2021-09-10 21:00:00,21:00:00,4532117045436,Amazon,travel,191.12,"Hyderabad, Telangana, IN",17.372650581067198,78.49076651258927,17.118475549751853,77.80346048130286,1631307600,0
2021-09-11 00:00:00,00:00:00,4532117045436,Netflix,shopping_net,428.97,"Hyderabad, Telangana, IN",17.36684175000299,78.47810881279868,17.32671057736013,78.84003564868051,1631318400,0
2021-09-11 03:00:00,03:00:00,4532117045436,MakeMyTrip,food_dining,464.71,"Hyderabad, Telangana, IN",17.396746457300086,78.48447549688959,16.911133585057083,78.15639195811305,1631329200,0
2021-09-11 06:00:00,06:00:00,4532117045436,Shell,gas_transport,638.05,"Hyderabad, Telangana, IN",17.39848898525666,78.48199572547202,17.208786183999116,78.27353063598366,1631340000,0
2021-09-11 09:00:00,09:00:00,4532117045436,Apollo,health_fitness,461.67,"Hyderabad, Telangana, IN",17.37319980445787,78.48421010328462,17.12605409876279,78.1562882296829,1631350800,0
2021-09-11 12:00:00,12:00:00,4532117045436,Netflix,health_fitness,303.61,"Hyderabad, Telangana, IN",17.3706801323892,78.48586972002575,17.557707144907628,78.03998226539461,1631361600,0
2021-09-11 15:00:00,15:00:00,4532117045436,MakeMyTrip,food_dining,549.32,"Hyderabad, Telangana, IN",17.378468102983636,78.490423138986,17.764562770614926,77.75542640776013,1631372400,0
2021-09-11 18:00:00,18:00:00,4532117045436,Zomato,entertainment,447.41,"Hyderabad, Telangana, IN",17.3975280835212,78.48573827732814,17.492103802888924,79.25472143962912,1631383200,0
2021-09-11 21:00:00,21:00:00,4532117045436,Shell,health_fitness,389.69,"Hyderabad, Telangana, IN",17.38089261547422,78.4954451767454,17.700155421229017,77.46741885809925,1631394000,0
2021-09-12 00:00:00,00:00:00,4532117045436,Zomato,entertainment,207.81,"Hyderabad, Telangana, IN",17.38594695017715,78.48136436651184,17.480419941261708,78.83063307762627,1631404800,0
2021-09-12 03:00:00,03:00:00,4532117045436,Amazon,entertainment,462.78,"Hyderabad, Telangana, IN",17.388249217410284,78.4909971167842,17.97850133418743,79.03113584792513,1631415600,0
2021-09-12 06:00:00,06:00:00,4532117045436,Walmart,travel,484.32,"Hyderabad, Telangana, IN",17.386738478023588,78.47837511636351,18.317073449469625,78.55742505458718,1631426400,0
2021-09-12 09:00:00,09:00:00,4532117045436,Shell,entertainment,300.58,"Hyderabad, Telangana, IN",17.399940711440035,78.5045262020342,16.16187091004221,78.39920997911148,1631437200,0
2021-09-12 12:00:00,12:00:00,4532117045436,MakeMyTrip,grocery_pos,561.65,"Hyderabad, Telangana, IN",17.377801089712776,78.49103964892424,17.951602358880777,78.60315939961953,1631448000,0
2021-09-12 15:00:00,15:00:00,4532117045436,MakeMyTrip,travel,548.22,"Hyderabad, Telangana, IN",17.383977932290488,78.47972827955496,16.740199612696323,78.28715260653729,1631458800,0
2021-09-12 18:00:00,18:00:00,4532117045436,Amazon,gas_transport,457.34,"Hyderabad, Telangana, IN",17.387324256995974,78.50404524712988,17.47789931290331,78.97801215784895,1631469600,0
2021-09-12 21:00:00,21:00:00,4532117045436,Amazon,gas_transport,451.76,"Hyderabad, Telangana, IN",17.384510042988346,78.49188497841733,17.515677616748135,79.04645506534945,1631480400,0
2021-09-13 00:00:00,00:00:00,4532117045436,Shell,health_fitness,591.91,"Hyderabad, Telangana, IN",17.37280898792489,78.47976414988463,17.68921806273418,78.75787884630165,1631491200,0
2021-09-13 03:00:00,03:00:00,4532117045436,Zomato,health_fitness,505.13,"Hyderabad, Telangana, IN",17.3702746448314,78.48538751005539,17.359532282341995,77.66131091038802,1631502000,0
2021-09-13 06:00:00,06:00:00,4532117045436,Apollo,entertainment,344.66,"Hyderabad, Telangana, IN",17.37006522722495,78.47532028420584,17.38255962787361,78.82424934640571,1631512800,0
2021-09-13 09:00:00,09:00:00,4532117045436,MakeMyTrip,travel,420.35,"Hyderabad, Telangana, IN",17.392262547498426,78.4753172973004,17.556698214199784,79.12841934167135,1631523600,0
2021-09-13 12:00:00,12:00:00,4532117045436,MakeMyTrip,travel,533.53,"Hyderabad, Telangana, IN",17.37679597009311,78.49878413724433,17.211929085701296,78.79081265438737,1631534400,0
2021-09-13 15:00:00,15:00:00,4532117045436,Amazon,grocery_pos,145.15,"Hyderabad, Telangana, IN",17.389692749039416,78.47771524614117,16.43527237418596,78.97925937595096,1631545200,0
2021-09-13 18:00:00,18:00:00,4532117045436,Netflix,entertainment,310.27,"Hyderabad, Telangana, IN",17.385867430378184,78.47332429642724,17.384123172559132,78.12202867304956,1631556000,0
2021-09-13 21:00:00,21:00:00,4532117045436,Amazon,grocery_pos,552.32,"Hyderabad, Telangana, IN",17.375251428644784,78.4930574113237,17.010585687149558,78.24962488768436,1631566800,0
2021-09-14 00:00:00,00:00:00,4532117045436,Apollo,entertainment,631.33,"Hyderabad, Telangana, IN",17.375501009308206,78.50329727623327,16.96785815978542,79.14185653991392,1631577600,0
2021-09-14 03:00:00,03:00:00,4532117045436,Zomato,shopping_net,603.16,"Hyderabad, Telangana, IN",17.386340131604143,78.49827285894162,16.91921618511234,78.81957432631569,1631588400,0
2021-09-14 06:00:00,06:00:00,4532117045436,Zomato,shopping_net,583.99,"Hyderabad, Telangana, IN",17.385776847095624,78.50961127246494,16.399373145446763,78.3630895563658,1631599200,0
2021-09-14 09:00:00,09:00:00,4532117045436,Netflix,food_dining,469.46,"Hyderabad, Telangana, IN",17.389920322362773,78.5109158964236,17.185164270370837,78.35073628516965,1631610000,0
2021-09-14 12:00:00,12:00:00,4532117045436,MakeMyTrip,entertainment,295.66,"Hyderabad, Telangana, IN",17.380424954422217,78.4776961664473,17.38539913432622,78.49640121897991,1631620800,0
2021-09-14 15:00:00,15:00:00,4532117045436,Amazon,travel,420.51,"Hyderabad, Telangana, IN",17.376532922209925,78.48358595082507,17.76900520469039,78.33760884379302,1631631600,0
2021-09-14 18:00:00,18:00:00,4532117045436,Zomato,health_fitness,151.01,"Hyderabad, Telangana, IN",17.386098705249953,78.47099384665268,17.089635587577884,78.48951659419107,1631642400,0
2021-09-14 21:00:00,21:00:00,4532117045436,Apollo,gas_transport,645.1,"Hyderabad, Telangana, IN",17.399199191244467,78.475070988623,18.173758075828758,80.0583307240742,1631653200,0
2021-09-15 00:00:00,00:00:00,4532117045436,Shell,food_dining,327.43,"Hyderabad, Telangana, IN",17.366233209331007,78.49742425236921,17.67687879411303,78.13482401487023,1631664000,0
2021-09-15 03:00:00,03:00:00,4532117045436,Walmart,health_fitness,370.0,"Hyderabad, Telangana, IN",17.377009473280264,78.4894685870707,16.824457020619498,77.58986161484204,1631674800,0
2021-09-15 06:00:00,06:00:00,4532117045436,Walmart,shopping_net,608.79,"Hyderabad, Telangana, IN",17.390904401422837,78.50126471477806,17.140857828494816,78.15540568687321,1631685600,0
2021-09-15 09:00:00,09:00:00,4532117045436,Walmart,entertainment,207.81,"Hyderabad, Telangana, IN",17.387164856344874,78.47804563724073,18.395771822347566,78.76389001730847,1631696400,0
2021-09-15 12:00:00,12:00:00,4532117045436,MakeMyTrip,food_dining,271.59,"Hyderabad, Telangana, IN",17.391050192938238,78.4812131019236,17.76497620918969,78.7876170350188,1631707200,0
2021-09-15 15:00:00,15:00:00,4532117045436,Amazon,entertainment,490.2,"Hyderabad, Telangana, IN",17.380703449753703,78.49263578658675,17.12155783240979,77.9488496087347,1631718000,0
2021-09-15 18:00:00,18:00:00,4532117045436,Netflix,shopping_net,528.06,"Hyderabad, Telangana, IN",17.368880839826915,78.49726644198353,17.831328078763164,78.29838506773213,1631728800,0
2021-09-15 21:00:00,21:00:00,4532117045436,Zomato,food_dining,439.24,"Hyderabad, Telangana, IN",17.401714927178666,78.47035055024301,16.754391799123642,78.91959527311239,1631739600,0
2021-09-16 00:00:00,00:00:00,4532117045436,Shell,shopping_net,444.14,"Hyderabad, Telangana, IN",17.39583835889911,78.48429521196468,17.108661407483805,78.43295643144964,1631750400,0
2021-09-16 03:00:00,03:00:00,4532117045436,Apollo,grocery_pos,640.26,"Hyderabad, Telangana, IN",17.38475821842579,78.49069340260701,16.2200276459357,77.97466358077986,1631761200,0
2021-09-16 06:00:00,06:00:00,4532117045436,Shell,shopping_net,545.45,"Hyderabad, Telangana, IN",17.37658339383029,78.49452984871924,17.686852447137706,78.07982448879756,1631772000,0
2021-09-16 09:00:00,09:00:00,4532117045436,Apollo,travel,525.18,"Hyderabad, Telangana, IN",17.380094324253587,78.49650699951228,16.802220734298864,79.19069914380633,1631782800,0
2021-09-16 12:00:00,12:00:00,4532117045436,MakeMyTrip,travel,566.35,"Hyderabad, Telangana, IN",17.387290835118097,78.48595441050124,17.344711182409956,78.25988064053043,1631793600,0
2021-09-16 15:00:00,15:00:00,4532117045436,Amazon,entertainment,404.91,"Hyderabad, Telangana, IN",17.38248367733314,78.47434526252337,16.611782233301504,78.51304063031365,1631804400,0
2021-09-16 18:00:00,18:00:00,4532117045436,Walmart,gas_transport,4755.55,"Mumbai, Maharashtra, IN",17.38485500835485,78.46744533653538,28.603024517762805,77.28906124083173,1631815200,1
2021-09-16 21:00:00,21:00:00,4532117045436,Amazon,shopping_net,103.87,"Hyderabad, Telangana, IN",17.40110137204176,78.48487740665307,17.34792165435894,78.36818811542138,1631826000,0
2021-09-17 00:00:00,00:00:00,4532117045436,MakeMyTrip,health_fitness,668.69,"Hyderabad, Telangana, IN",17.394236752132997,78.48381171122222,16.648081504074533,79.89868922266251,1631836800,0
2021-09-17 03:00:00,03:00:00,4532117045436,Netflix,travel,585.32,"Hyderabad, Telangana, IN",17.373292215313334,78.47873986546817,17.146330887398996,79.38138674697815,1631847600,0
2021-09-17 06:00:00,06:00:00,4532117045436,Netflix,gas_transport,487.24,"Hyderabad, Telangana, IN",17.385769190022756,78.49563094478219,17.45159862791378,78.61379706873774,1631858400,0
2021-09-17 09:00:00,09:00:00,4532117045436,MakeMyTrip,grocery_pos,462.0,"Hyderabad, Telangana, IN",17.37979636490163,78.47522412971315,17.607590271449073,79.2942914415664,1631869200,0
2021-09-17 12:00:00,12:00:00,4532117045436,Apollo,food_dining,426.67,"Hyderabad, Telangana, IN",17.387979431257484,78.48008010969252,18.176650827180907,78.78842078682669,1631880000,0
2021-09-17 15:00:00,15:00:00,4532117045436,Zomato,food_dining,615.52,"Hyderabad, Telangana, IN",17.384366685934914,78.49836800129218,17.993937401781228,79.64964637386984,1631890800,0
2021-09-17 18:00:00,18:00:00,4532117045436,Zomato,travel,444.02,"Hyderabad, Telangana, IN",17.41467698778767,78.47895038228496,17.03747460829122,78.82022070360956,1631901600,0
2021-09-17 21:00:00,21:00:00,4532117045436,Apollo,gas_transport,340.82,"Hyderabad, Telangana, IN",17.38929261657536,78.48993160837641,17.03137610986836,79.15669269797147,1631912400,0
2021-09-18 00:00:00,00:00:00,4532117045436,Netflix,travel,585.3,"Hyderabad, Telangana, IN",17.383658159938335,78.48660407857413,16.66968016823723,77.43032788272481,1631923200,0
2021-09-18 03:00:00,03:00:00,4532117045436,Netflix,food_dining,687.71,"Hyderabad, Telangana, IN",17.403430060573335,78.48913200085016,16.880130493383394,78.67975245757971,1631934000,0
2021-09-18 06:00:00,06:00:00,4532117045436,Netflix,shopping_net,160.92,"Hyderabad, Telangana, IN",17.387055494588527,78.49551545019625,17.815077705029523,78.18007542577476,1631944800,0
2021-09-18 09:00:00,09:00:00,4532117045436,Amazon,gas_transport,803.56,"Hyderabad, Telangana, IN",17.3698127570392,78.48995291137861,16.590441790858186,78.76722228030367,1631955600,0
2021-09-18 12:00:00,12:00:00,4532117045436,Netflix,entertainment,294.49,"Hyderabad, Telangana, IN",17.38375553020398,78.47283459343514,17.307535898176322,78.74803860685931,1631966400,0
2021-09-18 15:00:00,15:00:00,4532117045436,Shell,shopping_net,305.96,"Hyderabad, Telangana, IN",17.391137032473722,78.47452605558665,17.234224978982507,79.17856685934792,1631977200,0
2021-09-18 18:00:00,18:00:00,4532117045436,Walmart,shopping_net,263.27,"Hyderabad, Telangana, IN",17.389845294828984,78.48964823460457,17.006083025113565,79.0090961679877,1631988000,0
2021-09-18 21:00:00,21:00:00,4532117045436,Netflix,shopping_net,450.13,"Hyderabad, Telangana, IN",17.395051747043684,78.4775054532326,16.733841043848695,77.78202125941053,1631998800,0
2021-09-19 00:00:00,00:00:00,4532117045436,Apollo,entertainment,258.04,"Hyderabad, Telangana, IN",17.386537164687113,78.49625285119653,16.43782440228931,77.56129924773842,1632009600,0
2021-09-19 03:00:00,03:00:00,4532117045436,Walmart,grocery_pos,276.26,"Hyderabad, Telangana, IN",17.38583110971565,78.48979145027475,16.73833672059029,78.38415425199109,1632020400,0
2021-09-19 06:00:00,06:00:00,4532117045436,Amazon,health_fitness,3813.76,"Mumbai, Maharashtra, IN",17.3709752469831,78.46954227575536,22.82953133523989,77.09289898831545,1632031200,1
2021-09-19 09:00:00,09:00:00,4532117045436,Apollo,travel,470.77,"Hyderabad, Telangana, IN",17.400284222578623,78.50559082841282,17.68382866927526,78.80378473073726,1632042000,0
2021-09-19 12:00:00,12:00:00,4532117045436,Walmart,food_dining,485.23,"Hyderabad, Telangana, IN",17.381943964198012,78.48303758923933,18.190965752876338,78.52028920895117,1632052800,0
2021-09-19 15:00:00,15:00:00,4532117045436,Apollo,travel,636.18,"Hyderabad, Telangana, IN",17.37520465186378,78.48460712770539,17.552241671412492,78.79379267257606,1632063600,0
2021-09-19 18:00:00,18:00:00,4532117045436,Amazon,gas_transport,7088.18,"Mumbai, Maharashtra, IN",17.411279078881986,78.49092545649304,28.868507231614988,88.24731235107981,1632074400,1
2021-09-19 21:00:00,21:00:00,4532117045436,Shell,grocery_pos,603.69,"Hyderabad, Telangana, IN",17.401800856882428,78.48583363499344,18.18910802320448,78.5208193842987,1632085200,0
2021-09-20 00:00:00,00:00:00,4532117045436,Amazon,gas_transport,410.76,"Hyderabad, Telangana, IN",17.38052251077743,78.49631639700837,17.554164605090893,78.79753353134902,1632096000,0
2021-09-20 03:00:00,03:00:00,4532117045436,Amazon,travel,173.82,"Hyderabad, Telangana, IN",17.366193286557447,78.47651992757436,17.876539405406604,78.84169594452098,1632106800,0
2021-09-20 06:00:00,06:00:00,4532117045436,Apollo,food_dining,170.5,"Hyderabad, Telangana, IN",17.377815285787257,78.49817069880353,17.195204057720378,78.4692556665772,1632117600,0
2021-09-20 09:00:00,09:00:00,4532117045436,MakeMyTrip,entertainment,602.66,"Hyderabad, Telangana, IN",17.4007913559626,78.49350997336806,17.74562554438598,79.22637896066225,1632128400,0
2021-09-20 12:00:00,12:00:00,4532117045436,Zomato,travel,576.56,"Hyderabad, Telangana, IN",17.386767133037054,78.47895601778157,17.489998742838676,77.88746507365369,1632139200,0
2021-09-20 15:00:00,15:00:00,4532117045436,Netflix,shopping_net,357.49,"Hyderabad, Telangana, IN",17.37150563653364,78.489216595347,17.264078004157334,79.31191896301695,1632150000,0
2021-09-20 18:00:00,18:00:00,4532117045436,Netflix,travel,233.89,"Hyderabad, Telangana, IN",17.392839815422278,78.4988218215564,18.158601108165694,79.0092573266162,1632160800,0
2021-09-20 21:00:00,21:00:00,4532117045436,Shell,shopping_net,292.93,"Hyderabad, Telangana, IN",17.38290141971387,78.49191557322797,16.78345428561664,79.56634086398459,1632171600,0
2021-09-21 00:00:00,00:00:00,4532117045436,Shell,entertainment,476.2,"Hyderabad, Telangana, IN",17.37851298032208,78.48817395307688,16.955044402129396,77.72712183581267,1632182400,0
2021-09-21 03:00:00,03:00:00,4532117045436,Netflix,travel,7936.73,"Chennai, Tamil Nadu, IN",17.379271595204003,78.49292449739379,29.315070326604094,77.77343624632337,1632193200,1
2021-09-21 06:00:00,06:00:00,4532117045436,Zomato,grocery_pos,606.38,"Hyderabad, Telangana, IN",17.39806392508137,78.49376641457097,17.87057452878334,78.72782967435896,1632204000,0
2021-09-21 09:00:00,09:00:00,4532117045436,Netflix,grocery_pos,382.45,"Hyderabad, Telangana, IN",17.390466363483544,78.48164228778268,17.391348548086057,78.61577555504502,1632214800,0
2021-09-21 12:00:00,12:00:00,4532117045436,MakeMyTrip,gas_transport,413.39,"Hyderabad, Telangana, IN",17.370139423131903,78.48826756745457,17.554846844863135,78.27070863805363,1632225600,0
2021-09-21 15:00:00,15:00:00,4532117045436,Zomato,entertainment,618.8,"Hyderabad, Telangana, IN",17.38867188780117,78.49518666546967,17.64369200645534,78.64016236615281,1632236400,0
2021-09-21 18:00:00,18:00:00,4532117045436,Shell,grocery_pos,131.24,"Hyderabad, Telangana, IN",17.386076150797464,78.48802924701708,17.567507805593873,79.10963997082027,1632247200,0
2021-09-21 21:00:00,21:00:00,4532117045436,Walmart,travel,497.62,"Hyderabad, Telangana, IN",17.380795922684094,78.47952507008695,17.505578050081017,78.5571913322713,1632258000,0
2021-09-22 00:00:00,00:00:00,4532117045436,Apollo,entertainment,399.87,"Hyderabad, Telangana, IN",17.38132318876541,78.4895012104013,16.96476445994104,77.80429488915415,1632268800,0
2021-09-22 03:00:00,03:00:00,4532117045436,MakeMyTrip,food_dining,556.91,"Hyderabad, Telangana, IN",17.37634947569916,78.48279535506676,18.00411598576654,79.51409650880234,1632279600,0
2021-09-22 06:00:00,06:00:00,4532117045436,MakeMyTrip,shopping_net,526.89,"Hyderabad, Telangana, IN",17.378374736284425,78.49252222245781,17.282974301254196,78.00727700270052,1632290400,0
2021-09-22 09:00:00,09:00:00,4532117045436,Shell,travel,345.55,"Hyderabad, Telangana, IN",17.38789723448536,78.50096899227825,16.889711434244163,77.87769173475043,1632301200,0
2021-09-22 12:00:00,12:00:00,4532117045436,Shell,shopping_net,373.9,"Hyderabad, Telangana, IN",17.382224300929966,78.49347156804753,17.452048479456497,78.12395617266247,1632312000,0
2021-09-22 15:00:00,15:00:00,4532117045436,Amazon,shopping_net,104.7,"Hyderabad, Telangana, IN",17.390456816381906,78.4784632864688,17.55660654897356,78.17930877685875,1632322800,0
2021-09-22 18:00:00,18:00:00,4532117045436,MakeMyTrip,entertainment,562.5,"Hyderabad, Telangana, IN",17.377150203675562,78.48971687023241,17.582677467841325,78.62451440810999,1632333600,0
2021-09-22 21:00:00,21:00:00,4532117045436,Amazon,entertainment,485.97,"Hyderabad, Telangana, IN",17.39207494616371,78.460902587575,17.87139265196496,79.79167113874462,1632344400,0
2021-09-23 00:00:00,00:00:00,4532117045436,Amazon,gas_transport,659.78,"Hyderabad, Telangana, IN",17.398144445744563,78.48570356753494,17.195095809949017,78.03918992761855,1632355200,0
2021-09-23 03:00:00,03:00:00,4532117045436,Apollo,shopping_net,3763.84,"Mumbai, Maharashtra, IN",17.38493216360001,78.4961019652238,18.304200641913585,78.24123815839897,1632366000,1
2021-09-23 06:00:00,06:00:00,4532117045436,Amazon,gas_transport,587.15,"Hyderabad, Telangana, IN",17.39020626610275,78.4907220181415,16.963023589114922,79.46222792755435,1632376800,0
2021-09-23 09:00:00,09:00:00,4532117045436,Zomato,shopping_net,289.51,"Hyderabad, Telangana, IN",17.390596428719018,78.48780069371132,17.501859201939194,78.27481799593548,1632387600,0
2021-09-23 12:00:00,12:00:00,4532117045436,Netflix,gas_transport,44.28,"Hyderabad, Telangana, IN",17.379979019763915,78.5079981349411,16.955675185496638,78.4368779449896,1632398400,0
2021-09-23 15:00:00,15:00:00,4532117045436,Walmart,gas_transport,435.82,"Hyderabad, Telangana, IN",17.39063364967832,78.46965174829121,17.090041670829606,78.63941170818134,1632409200,0
2021-09-23 18:00:00,18:00:00,4532117045436,Shell,food_dining,365.0,"Hyderabad, Telangana, IN",17.362315655669715,78.47189199407906,17.876725695144174,78.25848402319323,1632420000,0
2021-09-23 21:00:00,21:00:00,4532117045436,Zomato,gas_transport,292.38,"Hyderabad, Telangana, IN",17.35833433457828,78.49152093324197,17.453239911894073,77.57858561338783,1632430800,0
2021-09-24 00:00:00,00:00:00,4532117045436,Walmart,entertainment,584.72,"Hyderabad, Telangana, IN",17.381705217360125,78.49568092390115,18.09728297033516,79.16283053022806,1632441600,0
2021-09-24 03:00:00,03:00:00,4532117045436,MakeMyTrip,gas_transport,631.24,"Hyderabad, Telangana, IN",17.391334658090507,78.49608848796277,17.973358764131284,78.56576575550206,1632452400,0
2021-09-24 06:00:00,06:00:00,4532117045436,MakeMyTrip,shopping_net,465.81,"Hyderabad, Telangana, IN",17.384149466697487,78.48097223987637,17.49287192781526,78.20454653291773,1632463200,0
2021-09-24 09:00:00,09:00:00,4532117045436,MakeMyTrip,gas_transport,422.62,"Hyderabad, Telangana, IN",17.39245873628979,78.47825877736314,17.56185552179195,78.46487043609126,1632474000,0
2021-09-24 12:00:00,12:00:00,4532117045436,Zomato,grocery_pos,3922.27,"Chennai, Tamil Nadu, IN",17.372982643508514,78.47678594153408,19.06139695645744,88.55694647847673,1632484800,1
2021-09-24 15:00:00,15:00:00,4532117045436,Zomato,health_fitness,352.06,"Hyderabad, Telangana, IN",17.393828393999794,78.48992253698616,17.906953703932146,78.78293685150679,1632495600,0
2021-09-24 18:00:00,18:00:00,4532117045436,Shell,shopping_net,534.39,"Hyderabad, Telangana, IN",17.401288126144145,78.47686792591229,17.566562227052508,78.03711545344929,1632506400,0
2021-09-24 21:00:00,21:00:00,4532117045436,Netflix,grocery_pos,219.09,"Hyderabad, Telangana, IN",17.378035894850942,78.49784619031736,17.839780466618894,78.29793994967467,1632517200,0
2021-09-25 00:00:00,00:00:00,4532117045436,Amazon,shopping_net,289.04,"Hyderabad, Telangana, IN",17.392709987615046,78.48648117034915,17.061567738140212,78.55893479519663,1632528000,0
2021-09-25 03:00:00,03:00:00,4532117045436,MakeMyTrip,entertainment,331.31,"Hyderabad, Telangana, IN",17.385228183138302,78.4796627394374,16.70446330001193,77.50291771151335,1632538800,0
2021-09-25 06:00:00,06:00:00,4532117045436,Apollo,health_fitness,531.2,"Hyderabad, Telangana, IN",17.38941840544936,78.47970343449842,17.63612729793935,78.36374534444919,1632549600,0
2021-09-25 09:00:00,09:00:00,4532117045436,Netflix,health_fitness,404.63,"Hyderabad, Telangana, IN",17.401268115667012,78.47138093041809,17.736396554290547,78.14294317194012,1632560400,0
2021-09-25 12:00:00,12:00:00,4532117045436,Apollo,entertainment,654.06,"Hyderabad, Telangana, IN",17.388273032731757,78.4787582557155,17.422594789090397,78.79092422555331,1632571200,0
2021-09-25 15:00:00,15:00:00,4532117045436,Shell,health_fitness,570.5,"Hyderabad, Telangana, IN",17.392644421209972,78.48117213224893,17.67430819886897,78.61020627949551,1632582000,0
2021-09-25 18:00:00,18:00:00,4532117045436,Shell,entertainment,329.84,"Hyderabad, Telangana, IN",17.372369553588204,78.49078080377909,16.95900003957223,79.12091603625082,1632592800,0
2021-09-25 21:00:00,21:00:00,4532117045436,Shell,grocery_pos,545.02,"Hyderabad, Telangana, IN",17.392336407859528,78.48570800530344,17.854649001678247,77.47922807158989,1632603600,0
2021-09-26 00:00:00,00:00:00,4532117045436,Walmart,food_dining,388.77,"Hyderabad, Telangana, IN",17.401100071508544,78.47810274910057,17.970859355759888,78.17824324582271,1632614400,0
2021-09-26 03:00:00,03:00:00,4532117045436,Apollo,shopping_net,2831.19,"Mumbai, Maharashtra, IN",17.37576499377087,78.47444762810323,13.283628919317847,72.799200479691,1632625200,1
2021-09-26 06:00:00,06:00:00,4532117045436,Netflix,entertainment,577.77,"Hyderabad, Telangana, IN",17.38176976854352,78.48433015161427,17.446984283077743,79.13269661723429,1632636000,0
2021-09-26 09:00:00,09:00:00,4532117045436,Netflix,shopping_net,617.21,"Hyderabad, Telangana, IN",17.391861266342243,78.46617000195313,17.97824702003301,77.9335392517229,1632646800,0
2021-09-26 12:00:00,12:00:00,4532117045436,Zomato,grocery_pos,480.3,"Hyderabad, Telangana, IN",17.389477841278,78.4835213756325,16.813565938234238,78.08491850870803,1632657600,0
2021-09-26 15:00:00,15:00:00,4532117045436,Zomato,food_dining,690.02,"Hyderabad, Telangana, IN",17.37140272248234,78.49785553725076,17.671736068457573,79.14401100180497,1632668400,0
2021-09-26 18:00:00,18:00:00,4532117045436,MakeMyTrip,grocery_pos,516.2,"Hyderabad, Telangana, IN",17.38664911372412,78.48469649508633,17.743225046017304,79.63874229496743,1632679200,0
2021-09-26 21:00:00,21:00:00,4532117045436,Zomato,health_fitness,470.26,"Hyderabad, Telangana, IN",17.381673181947694,78.48829321621609,17.63562085702555,79.33966898109574,1632690000,0
2021-09-27 00:00:00,00:00:00,4532117045436,Shell,shopping_net,404.62,"Hyderabad, Telangana, IN",17.37531344867703,78.48708092736838,16.914815026133407,79.34458499483353,1632700800,0
2021-09-27 03:00:00,03:00:00,4532117045436,Netflix,travel,355.3,"Hyderabad, Telangana, IN",17.39856724868393,78.47284768339216,17.499679029692498,78.70225898124113,1632711600,0
2021-09-27 06:00:00,06:00:00,4532117045436,Apollo,food_dining,512.98,"Hyderabad, Telangana, IN",17.385054603775735,78.50427489933618,17.25694899654289,78.55290231540434,1632722400,0
2021-09-27 09:00:00,09:00:00,4532117045436,Shell,health_fitness,465.11,"Hyderabad, Telangana, IN",17.394830486529063,78.48262434583974,16.406300316163666,79.43757886366222,1632733200,0
2021-09-27 12:00:00,12:00:00,4532117045436,Walmart,food_dining,489.12,"Hyderabad, Telangana, IN",17.373265869737548,78.48666651067096,16.796143039835943,78.323717998834,1632744000,0
2021-09-27 15:00:00,15:00:00,4532117045436,Zomato,health_fitness,522.11,"Hyderabad, Telangana, IN",17.390889456575213,78.4801437685608,17.965629086654957,77.98152860499528,1632754800,0
2021-09-27 18:00:00,18:00:00,4532117045436,Shell,grocery_pos,488.49,"Hyderabad, Telangana, IN",17.395616895228166,78.49808065367031,17.18604279069326,78.62839142609039,1632765600,0
2021-09-27 21:00:00,21:00:00,4532117045436,Shell,entertainment,751.99,"Hyderabad, Telangana, IN",17.38257851399646,78.47211320136755,17.913065265999563,78.30635967604992,1632776400,0
2021-09-28 00:00:00,00:00:00,4532117045436,Walmart,shopping_net,370.81,"Hyderabad, Telangana, IN",17.38002819890822,78.49972297831977,17.95682540540854,78.10250139567185,1632787200,0
2021-09-28 03:00:00,03:00:00,4532117045436,Amazon,gas_transport,514.84,"Hyderabad, Telangana, IN",17.371957282589875,78.4836570167579,17.658120379306656,78.91201450715143,1632798000,0
2021-09-28 06:00:00,06:00:00,4532117045436,Netflix,gas_transport,415.85,"Hyderabad, Telangana, IN",17.376319473208987,78.48136469821301,17.07778443474965,78.36165835313487,1632808800,0
2021-09-28 09:00:00,09:00:00,4532117045436,Apollo,grocery_pos,80.78,"Hyderabad, Telangana, IN",17.380473667153648,78.48042248104863,17.857117290242808,78.57897234224133,1632819600,0
2021-09-28 12:00:00,12:00:00,4532117045436,MakeMyTrip,shopping_net,420.98,"Hyderabad, Telangana, IN",17.375240888298435,78.50478648574794,17.491778161300658,78.75727702433386,1632830400,0
2021-09-28 15:00:00,15:00:00,4532117045436,Amazon,shopping_net,309.53,"Hyderabad, Telangana, IN",17.37732053338895,78.47065222700843,17.407333966812544,77.60412349738507,1632841200,0
2021-09-28 18:00:00,18:00:00,4532117045436,Zomato,grocery_pos,439.98,"Hyderabad, Telangana, IN",17.386580969164047,78.48135165576835,16.929196524787432,79.1063834249369,1632852000,0
2021-09-28 21:00:00,21:00:00,4532117045436,Shell,shopping_net,4260.04,"Delhi, Delhi, IN",17.38777788198393,78.47379232171669,22.36536422689309,89.10848253167975,1632862800,1
2021-09-29 00:00:00,00:00:00,4532117045436,Walmart,entertainment,4062.24,"Chennai, Tamil Nadu, IN",17.39590845020532,78.46857464565748,19.0863402553749,73.36134978309072,1632873600,1
2021-09-29 03:00:00,03:00:00,4532117045436,Walmart,grocery_pos,370.47,"Hyderabad, Telangana, IN",17.37738226646122,78.49975286945171,17.864565084480095,76.69032658449656,1632884400,0
2021-09-29 06:00:00,06:00:00,4532117045436,Netflix,entertainment,389.24,"Hyderabad, Telangana, IN",17.385231852111346,78.48642871895765,18.152184635625098,78.59941918038281,1632895200,0
2021-09-29 09:00:00,09:00:00,4532117045436,Amazon,shopping_net,555.1,"Hyderabad, Telangana, IN",17.380823032274602,78.47509155431001,17.84684271624375,77.55748682094419,1632906000,0
2021-09-29 12:00:00,12:00:00,4532117045436,MakeMyTrip,grocery_pos,328.64,"Hyderabad, Telangana, IN",17.38011634750363,78.49499088852414,17.484461438452428,79.08355609176606,1632916800,0
2021-09-29 15:00:00,15:00:00,4532117045436,Netflix,shopping_net,174.23,"Hyderabad, Telangana, IN",17.381838607703607,78.4826931599936,17.231581120318836,79.08536623358121,1632927600,0
2021-09-29 18:00:00,18:00:00,4532117045436,Shell,grocery_pos,473.55,"Hyderabad, Telangana, IN",17.383038245352537,78.4802343322009,17.623208093157334,78.67300462519073,1632938400,0
2021-09-29 21:00:00,21:00:00,4532117045436,Netflix,shopping_net,610.63,"Hyderabad, Telangana, IN",17.38750396266296,78.49245381265183,17.1764619931697,77.16499793522904,1632949200,0
2021-09-30 00:00:00,00:00:00,4532117045436,Apollo,entertainment,553.38,"Hyderabad, Telangana, IN",17.381696420334233,78.48247811287611,17.36931906412589,78.49189400107228,1632960000,0
2021-09-30 03:00:00,03:00:00,4532117045436,Walmart,travel,476.32,"Hyderabad, Telangana, IN",17.39727330630052,78.47707223968389,16.974266034279964,77.92620697704122,1632970800,0
2021-09-30 06:00:00,06:00:00,4532117045436,Walmart,entertainment,637.6,"Hyderabad, Telangana, IN",17.367955996183124,78.4936540231985,17.710320421198603,78.55602757928301,1632981600,0
2021-09-30 09:00:00,09:00:00,4532117045436,Zomato,shopping_net,612.3,"Hyderabad, Telangana, IN",17.395539536254894,78.48528630809965,17.73545412697681,78.47948153681614,1632992400,0
2021-09-30 12:00:00,12:00:00,4532117045436,Zomato,grocery_pos,400.36,"Hyderabad, Telangana, IN",17.381314963340582,78.49416405052983,17.839427817996597,79.0080086409172,1633003200,0
2021-09-30 15:00:00,15:00:00,4532117045436,MakeMyTrip,gas_transport,487.13,"Hyderabad, Telangana, IN",17.383111670833976,78.48267177401456,17.663892804370285,78.4076190166214,1633014000,0
2021-09-30 18:00:00,18:00:00,4532117045436,Shell,entertainment,493.57,"Hyderabad, Telangana, IN",17.384903845216364,78.49689023117446,17.62898507029485,79.32300097990957,1633024800,0
2021-09-30 21:00:00,21:00:00,4532117045436,Apollo,entertainment,436.99,"Hyderabad, Telangana, IN",17.39205642043256,78.48684029941728,16.863088983659733,78.68548084872165,1633035600,0
2021-10-01 00:00:00,00:00:00,4532117045436,Amazon,health_fitness,620.14,"Hyderabad, Telangana, IN",17.376197084410308,78.49729364306602,16.842161634699682,78.22413752272719,1633046400,0
2021-10-01 03:00:00,03:00:00,4532117045436,Netflix,gas_transport,427.18,"Hyderabad, Telangana, IN",17.378431407727806,78.49696650427929,17.550528096542106,78.4430221491024,1633057200,0
2021-10-01 06:00:00,06:00:00,4532117045436,MakeMyTrip,shopping_net,374.96,"Hyderabad, Telangana, IN",17.39000559671898,78.49906251745577,17.935448948616227,79.13047799411108,1633068000,0
2021-10-01 09:00:00,09:00:00,4532117045436,Shell,travel,61.27,"Hyderabad, Telangana, IN",17.36801821170625,78.48738287248726,17.251384232542787,79.196830131491,1633078800,0
2021-10-01 12:00:00,12:00:00,4532117045436,Zomato,grocery_pos,330.25,"Hyderabad, Telangana, IN",17.3846583336911,78.49052720210464,17.38780439172758,77.14907551627783,1633089600,0
2021-10-01 15:00:00,15:00:00,4532117045436,Netflix,health_fitness,252.69,"Hyderabad, Telangana, IN",17.3770227032951,78.48439273850863,17.392998039388615,77.88900237251225,1633100400,0
2021-10-01 18:00:00,18:00:00,4532117045436,Zomato,shopping_net,443.94,"Hyderabad, Telangana, IN",17.374917708255452,78.47772295591244,16.463355830864245,78.17306598666995,1633111200,0
2021-10-01 21:00:00,21:00:00,4532117045436,Netflix,food_dining,261.95,"Hyderabad, Telangana, IN",17.368615361517353,78.50673297233482,17.505212209347405,79.18986119939868,1633122000,0
2021-10-02 00:00:00,00:00:00,4532117045436,Amazon,travel,541.3,"Hyderabad, Telangana, IN",17.39272302055069,78.47917895205903,17.11007398594696,79.11546813530805,1633132800,0
2021-10-02 03:00:00,03:00:00,4532117045436,Shell,entertainment,616.27,"Hyderabad, Telangana, IN",17.3865882589921,78.49574867509224,17.69054021544698,78.98898064066293,1633143600,0
2021-10-02 06:00:00,06:00:00,4532117045436,Netflix,food_dining,445.33,"Hyderabad, Telangana, IN",17.378277187972518,78.4939581233442,17.369331355036433,79.05441816699278,1633154400,0
2021-10-02 09:00:00,09:00:00,4532117045436,Apollo,entertainment,302.4,"Hyderabad, Telangana, IN",17.383354420903295,78.48851052968544,17.295368732164764,79.34309360792284,1633165200,0
2021-10-02 12:00:00,12:00:00,4532117045436,MakeMyTrip,entertainment,492.96,"Hyderabad, Telangana, IN",17.37407117685746,78.48515011397713,17.30626048056083,78.76657133790877,1633176000,0
2021-10-02 15:00:00,15:00:00,4532117045436,Walmart,food_dining,734.02,"Hyderabad, Telangana, IN",17.379638141565596,78.4852495756987,17.22149017732097,79.0312464501645,1633186800,0
2021-10-02 18:00:00,18:00:00,4532117045436,Apollo,travel,687.37,"Hyderabad, Telangana, IN",17.38301653664082,78.4801292056231,16.70422582912499,78.70270840703364,1633197600,0
2021-10-02 21:00:00,21:00:00,4532117045436,Apollo,food_dining,239.09,"Hyderabad, Telangana, IN",17.38563950475086,78.48764441819517,17.861674280667366,79.01482196011425,1633208400,0
2021-10-03 00:00:00,00:00:00,4532117045436,MakeMyTrip,shopping_net,233.52,"Hyderabad, Telangana, IN",17.38892063611975,78.47488613606599,17.068048026613067,78.24438089313213,1633219200,0
2021-10-03 03:00:00,03:00:00,4532117045436,Walmart,health_fitness,195.07,"Hyderabad, Telangana, IN",17.366941475860013,78.49417252556376,17.15112387824508,78.05303239638326,1633230000,0
2021-10-03 06:00:00,06:00:00,4532117045436,Apollo,health_fitness,279.45,"Hyderabad, Telangana, IN",17.38895175959225,78.48441462018668,17.424532727213254,78.15707269703927,1633240800,0
2021-10-03 09:00:00,09:00:00,4532117045436,Netflix,food_dining,487.74,"Hyderabad, Telangana, IN",17.36774503778807,78.47707978958785,16.827223505564266,78.3489958763873,1633251600,0
2021-10-03 12:00:00,12:00:00,4532117045436,Netflix,shopping_net,366.5,"Hyderabad, Telangana, IN",17.389315334785916,78.47393558664704,17.13546012064701,78.89448642980736,1633262400,0
2021-10-03 15:00:00,15:00:00,4532117045436,Netflix,health_fitness,324.2,"Hyderabad, Telangana, IN",17.382866890455517,78.48538099217222,18.343246509245123,79.31120951666473,1633273200,0
2021-10-03 18:00:00,18:00:00,4532117045436,Walmart,shopping_net,605.87,"Hyderabad, Telangana, IN",17.395914598464127,78.48572883000533,17.55336718234489,78.18412352219413,1633284000,0
2021-10-03 21:00:00,21:00:00,4532117045436,Apollo,shopping_net,529.51,"Hyderabad, Telangana, IN",17.378255269106294,78.48151935829361,16.956098586917246,79.750867432415,1633294800,0
2021-10-04 00:00:00,00:00:00,4532117045436,Walmart,entertainment,194.29,"Hyderabad, Telangana, IN",17.392808400104737,78.49172404090284,16.344330142334172,78.37541853367071,1633305600,0
2021-10-04 03:00:00,03:00:00,4532117045436,Netflix,health_fitness,597.26,"Hyderabad, Telangana, IN",17.373326067750412,78.49018442471056,17.885697121466247,78.49645573841961,1633316400,0
2021-10-04 06:00:00,06:00:00,4532117045436,MakeMyTrip,health_fitness,525.91,"Hyderabad, Telangana, IN",17.386058878675932,78.4872677333078,16.87895836040355,78.62997000843853,1633327200,0
2021-10-04 09:00:00,09:00:00,4532117045436,Apollo,entertainment,529.24,"Hyderabad, Telangana, IN",17.364619990304476,78.47744038699486,17.11356512004835,78.1712126514661,1633338000,0
2021-10-04 12:00:00,12:00:00,4532117045436,Apollo,food_dining,364.43,"Hyderabad, Telangana, IN",17.39383062961204,78.4792998595083,17.17688285901875,78.23663621979931,1633348800,0
2021-10-04 15:00:00,15:00:00,4532117045436,Zomato,entertainment,421.9,"Hyderabad, Telangana, IN",17.402268734033395,78.47273409774873,16.92843534685833,78.33456975955532,1633359600,0
2021-10-04 18:00:00,18:00:00,4532117045436,Zomato,health_fitness,154.09,"Hyderabad, Telangana, IN",17.378017777775263,78.48478629778145,17.34688184336085,77.89944281278827,1633370400,0
2021-10-04 21:00:00,21:00:00,4532117045436,Amazon,health_fitness,3685.84,"Delhi, Delhi, IN",17.386226305669815,78.49230741807018,29.808056257435204,76.90744297279457,1633381200,1
2021-10-05 00:00:00,00:00:00,4532117045436,Shell,travel,300.16,"Hyderabad, Telangana, IN",17.389438379247952,78.47458931463225,17.69056688416304,78.44807362491957,1633392000,0
2021-10-05 03:00:00,03:00:00,4532117045436,Zomato,food_dining,319.41,"Hyderabad, Telangana, IN",17.369497450028476,78.48108840451182,17.4552758488259,78.28345548661184,1633402800,0
2021-10-05 06:00:00,06:00:00,4532117045436,Walmart,entertainment,317.38,"Hyderabad, Telangana, IN",17.3775089330321,78.48617101745626,18.10106427007875,78.16241435259754,1633413600,0
2021-10-05 09:00:00,09:00:00,4532117045436,Zomato,grocery_pos,720.06,"Hyderabad, Telangana, IN",17.376889901813627,78.49229243691619,18.11117592077365,78.99929728155098,1633424400,0
2021-10-05 12:00:00,12:00:00,4532117045436,Amazon,grocery_pos,349.69,"Hyderabad, Telangana, IN",17.409070636504353,78.47193101089572,16.907591555286132,77.6111600495051,1633435200,0
2021-10-05 15:00:00,15:00:00,4532117045436,Apollo,food_dining,591.34,"Hyderabad, Telangana, IN",17.395458023643606,78.50889898167723,17.22149239836859,78.7792824732655,1633446000,0
2021-10-05 18:00:00,18:00:00,4532117045436,Amazon,entertainment,446.4,"Hyderabad, Telangana, IN",17.382829171350842,78.49422603523907,18.46215287368816,78.56219218517978,1633456800,0
2021-10-05 21:00:00,21:00:00,4532117045436,Apollo,entertainment,325.63,"Hyderabad, Telangana, IN",17.39279040744034,78.48070945819708,16.80577025348908,78.62834959480286,1633467600,0
2021-10-06 00:00:00,00:00:00,4532117045436,MakeMyTrip,shopping_net,298.44,"Hyderabad, Telangana, IN",17.38711249517709,78.4759965362952,17.783812642589236,77.87280774383909,1633478400,0
2021-10-06 03:00:00,03:00:00,4532117045436,MakeMyTrip,health_fitness,355.67,"Hyderabad, Telangana, IN",17.390930372739298,78.48953663401655,17.65899894096816,78.20915046104763,1633489200,0
2021-10-06 06:00:00,06:00:00,4532117045436,Apollo,gas_transport,438.83,"Hyderabad, Telangana, IN",17.37446485838753,78.49141949330468,16.960525139345823,78.68257204946016,1633500000,0
2021-10-06 09:00:00,09:00:00,4532117045436,Shell,travel,540.26,"Hyderabad, Telangana, IN",17.398733763918795,78.47679732714863,16.984650594225123,78.21635489702969,1633510800,0
2021-10-06 12:00:00,12:00:00,4532117045436,Zomato,food_dining,379.35,"Hyderabad, Telangana, IN",17.3773225960873,78.47555876754346,18.307471931100725,77.71842553986426,1633521600,0
2021-10-06 15:00:00,15:00:00,4532117045436,Walmart,gas_transport,373.74,"Hyderabad, Telangana, IN",17.37784027974582,78.47776553307828,18.297476311638402,78.35208906611591,1633532400,0
2021-10-06 18:00:00,18:00:00,4532117045436,Walmart,gas_transport,317.83,"Hyderabad, Telangana, IN",17.390902271817776,78.48734513927562,17.599957820211554,78.39120166282112,1633543200,0
2021-10-06 21:00:00,21:00:00,4532117045436,Netflix,food_dining,270.89,"Hyderabad, Telangana, IN",17.388457607517438,78.48747186510816,16.691897837079182,78.85132491469014,1633554000,0
2021-10-07 00:00:00,00:00:00,4532117045436,Apollo,entertainment,258.35,"Hyderabad, Telangana, IN",17.38523156736071,78.508343308492,18.013428934852946,79.05462299518184,1633564800,0
2021-10-07 03:00:00,03:00:00,4532117045436,Walmart,food_dining,598.2,"Hyderabad, Telangana, IN",17.393396000835402,78.4650506542478,16.68978235261165,78.55573457068732,1633575600,0
2021-10-07 06:00:00,06:00:00,4532117045436,Shell,gas_transport,370.67,"Hyderabad, Telangana, IN",17.373389447612464,78.47998300024571,17.74259951265326,78.70511988465184,1633586400,0
2021-10-07 09:00:00,09:00:00,4532117045436,Apollo,health_fitness,383.96,"Hyderabad, Telangana, IN",17.403443535466756,78.48140837285369,16.575368862929952,79.01452766202736,1633597200,0
2021-10-07 12:00:00,12:00:00,4532117045436,Shell,travel,350.01,"Hyderabad, Telangana, IN",17.379993447819544,78.49156466263071,17.38880925169329,78.39273676568654,1633608000,0
2021-10-07 15:00:00,15:00:00,4532117045436,Walmart,travel,402.47,"Hyderabad, Telangana, IN",17.38411588862847,78.49196670856335,17.827490391451196,78.75747296475507,1633618800,0
2021-10-07 18:00:00,18:00:00,4532117045436,Walmart,health_fitness,505.66,"Hyderabad, Telangana, IN",17.403598267617927,78.48470406064588,15.972320794484284,77.7768923480539,1633629600,0
2021-10-07 21:00:00,21:00:00,4532117045436,Netflix,health_fitness,376.97,"Hyderabad, Telangana, IN",17.377905599598435,78.50180870407733,17.12081044477432,78.20542897933326,1633640400,0
2021-10-08 00:00:00,00:00:00,4532117045436,Walmart,entertainment,477.11,"Hyderabad, Telangana, IN",17.39523042502523,78.47553860307175,17.461655975339035,79.34378366473533,1633651200,0
2021-10-08 03:00:00,03:00:00,4532117045436,Apollo,grocery_pos,662.73,"Hyderabad, Telangana, IN",17.382856780718026,78.47974076072909,17.212909776745505,78.9988703715547,1633662000,0
2021-10-08 06:00:00,06:00:00,4532117045436,MakeMyTrip,food_dining,327.05,"Hyderabad, Telangana, IN",17.376581654310062,78.47354493431706,17.049462712286733,78.9045863903236,1633672800,0
2021-10-08 09:00:00,09:00:00,4532117045436,Apollo,travel,384.08,"Hyderabad, Telangana, IN",17.381162608076348,78.4852339544199,17.318262265328723,78.04360272395759,1633683600,0
2021-10-08 12:00:00,12:00:00,4532117045436,Apollo,health_fitness,546.16,"Hyderabad, Telangana, IN",17.390662801967725,78.48338289094607,17.903761911568434,77.72498301196504,1633694400,0
2021-10-08 15:00:00,15:00:00,4532117045436,Netflix,food_dining,674.59,"Hyderabad, Telangana, IN",17.39514266329758,78.49456237503135,18.069477453489466,78.00746075237831,1633705200,0
2021-10-08 18:00:00,18:00:00,4532117045436,Netflix,travel,263.65,"Hyderabad, Telangana, IN",17.38725605919918,78.50523497473951,17.737510582336842,78.53833698632738,1633716000,0
2021-10-08 21:00:00,21:00:00,4532117045436,Walmart,health_fitness,194.88,"Hyderabad, Telangana, IN",17.36902056348115,78.50160550731792,18.161680630607187,78.75228071054364,1633726800,0
2021-10-09 00:00:00,00:00:00,4532117045436,Amazon,travel,449.91,"Hyderabad, Telangana, IN",17.391355316496618,78.47447162534644,17.11760971452462,79.27872161785511,1633737600,0
2021-10-09 03:00:00,03:00:00,4532117045436,Amazon,entertainment,434.42,"Hyderabad, Telangana, IN",17.38357868165384,78.48723359864526,17.68339232859721,77.88422927449373,1633748400,0
2021-10-09 06:00:00,06:00:00,4532117045436,Netflix,grocery_pos,555.03,"Hyderabad, Telangana, IN",17.373975172331715,78.4944438047791,16.875576729606937,78.20332786375712,1633759200,0
2021-10-09 09:00:00,09:00:00,4532117045436,Walmart,grocery_pos,532.13,"Hyderabad, Telangana, IN",17.388463936203497,78.49338453009699,18.850562224218926,79.30305199361237,1633770000,0
2021-10-09 12:00:00,12:00:00,4532117045436,Amazon,health_fitness,444.91,"Hyderabad, Telangana, IN",17.396338395186472,78.50984417959154,17.43507353134747,77.69195532607372,1633780800,0
2021-10-09 15:00:00,15:00:00,4532117045436,Walmart,travel,607.38,"Hyderabad, Telangana, IN",17.385067189479972,78.4845017776802,17.78705346551941,78.59639520134122,1633791600,0
2021-10-09 18:00:00,18:00:00,4532117045436,Walmart,entertainment,347.85,"Hyderabad, Telangana, IN",17.394233326917895,78.48748092327376,16.503767546132686,77.52464770593389,1633802400,0
2021-10-09 21:00:00,21:00:00,4532117045436,Walmart,shopping_net,481.74,"Hyderabad, Telangana, IN",17.38962396034441,78.50910839274306,17.775667272956056,78.3129089134895,1633813200,0
2021-10-10 00:00:00,00:00:00,4532117045436,Zomato,food_dining,267.64,"Hyderabad, Telangana, IN",17.389753042948268,78.49089916881566,17.441849619514887,79.4697915091459,1633824000,0
2021-10-10 03:00:00,03:00:00,4532117045436,Apollo,food_dining,443.68,"Hyderabad, Telangana, IN",17.381945130489473,78.48072903746106,17.61705245009703,78.76132121247952,1633834800,0
2021-10-10 06:00:00,06:00:00,4532117045436,Walmart,gas_transport,230.83,"Hyderabad, Telangana, IN",17.393186965388274,78.4769520767295,17.391786091012328,79.14908298629707,1633845600,0
2021-10-10 09:00:00,09:00:00,4532117045436,Zomato,entertainment,282.62,"Hyderabad, Telangana, IN",17.394141788454306,78.48879074617577,17.32510141627465,78.75959675274133,1633856400,0
2021-10-10 12:00:00,12:00:00,4532117045436,Netflix,travel,706.42,"Hyderabad, Telangana, IN",17.39292667840214,78.4973660468897,17.230925712887043,78.7511240159621,1633867200,0
2021-10-10 15:00:00,15:00:00,4532117045436,Amazon,gas_transport,176.32,"Hyderabad, Telangana, IN",17.381862132632765,78.49723762650089,17.340171211044645,77.67072865128738,1633878000,0
2021-10-10 18:00:00,18:00:00,4532117045436,Apollo,health_fitness,417.5,"Hyderabad, Telangana, IN",17.394850797694886,78.4779785076046,18.119137629228646,79.5192739583029,1633888800,0
2021-10-10 21:00:00,21:00:00,4532117045436,MakeMyTrip,travel,574.08,"Hyderabad, Telangana, IN",17.388863145048095,78.4877327828604,17.20130835528923,79.30191096590572,1633899600,0
2021-10-11 00:00:00,00:00:00,4532117045436,Amazon,gas_transport,783.2,"Hyderabad, Telangana, IN",17.37527674538573,78.48219154601648,18.51439187675976,78.11356214305843,1633910400,0
2021-10-11 03:00:00,03:00:00,4532117045436,Apollo,grocery_pos,476.56,"Hyderabad, Telangana, IN",17.381185077157202,78.48522063400397,17.41568844886121,79.25242803314437,1633921200,0
2021-10-11 06:00:00,06:00:00,4532117045436,MakeMyTrip,food_dining,485.13,"Hyderabad, Telangana, IN",17.379695910257706,78.49575570395602,18.08498351488024,79.01880470905272,1633932000,0
2021-10-11 09:00:00,09:00:00,4532117045436,Amazon,travel,455.95,"Hyderabad, Telangana, IN",17.365121031204886,78.48620083588978,17.95696305287763,78.8136152457059,1633942800,0
2021-10-11 12:00:00,12:00:00,4532117045436,Apollo,gas_transport,608.59,"Hyderabad, Telangana, IN",17.395034130501784,78.4932247254544,16.603281559386748,78.59302130994706,1633953600,0
2021-10-11 15:00:00,15:00:00,4532117045436,Amazon,grocery_pos,514.76,"Hyderabad, Telangana, IN",17.41601186717683,78.49352427502461,16.709066166283897,78.43638849799817,1633964400,0
2021-10-11 18:00:00,18:00:00,4532117045436,Amazon,entertainment,363.74,"Hyderabad, Telangana, IN",17.39708347901881,78.48059029209101,17.04588461339639,79.35678048483949,1633975200,0
2021-10-11 21:00:00,21:00:00,4532117045436,MakeMyTrip,gas_transport,617.33,"Hyderabad, Telangana, IN",17.386628593246193,78.49898933826017,16.61315814734439,78.5541645255798,1633986000,0
2021-10-12 00:00:00,00:00:00,4532117045436,Amazon,health_fitness,380.67,"Hyderabad, Telangana, IN",17.379841812693712,78.475747635794,17.178468907000102,78.72282173051637,1633996800,0
2021-10-12 03:00:00,03:00:00,4532117045436,Amazon,health_fitness,210.23,"Hyderabad, Telangana, IN",17.37574916256771,78.4740659588888,17.399058977799246,79.31520082347164,1634007600,0
2021-10-12 06:00:00,06:00:00,4532117045436,MakeMyTrip,health_fitness,210.7,"Hyderabad, Telangana, IN",17.38650645378819,78.48192489062195,17.709304733394465,79.0680845646341,1634018400,0
2021-10-12 09:00:00,09:00:00,4532117045436,Netflix,travel,419.84,"Hyderabad, Telangana, IN",17.3946830651326,78.47694915926802,17.47528820728884,77.86917696633016,1634029200,0
2021-10-12 12:00:00,12:00:00,4532117045436,Walmart,food_dining,465.46,"Hyderabad, Telangana, IN",17.37825417547792,78.49275304092781,17.387619892303633,78.19449477928572,1634040000,0
2021-10-12 15:00:00,15:00:00,4532117045436,Shell,gas_transport,593.34,"Hyderabad, Telangana, IN",17.410642601775507,78.51233499868128,17.89687064502653,78.07553162569747,1634050800,0
2021-10-12 18:00:00,18:00:00,4532117045436,Zomato,entertainment,546.12,"Hyderabad, Telangana, IN",17.37116006867285,78.49798065257389,17.829941587709193,78.70923086480568,1634061600,0
2021-10-12 21:00:00,21:00:00,4532117045436,Shell,gas_transport,461.98,"Hyderabad, Telangana, IN",17.387244982048532,78.47853011452658,18.338920623222197,78.2456297751438,1634072400,0
2021-10-13 00:00:00,00:00:00,4532117045436,Shell,food_dining,601.73,"Hyderabad, Telangana, IN",17.38570294348539,78.47671992818968,17.478311922043748,78.29567639414293,1634083200,0
2021-10-13 03:00:00,03:00:00,4532117045436,Apollo,grocery_pos,451.91,"Hyderabad, Telangana, IN",17.385066264204113,78.49647469658694,16.17951090072616,78.3694709173659,1634094000,0
2021-10-13 06:00:00,06:00:00,4532117045436,Walmart,food_dining,256.43,"Hyderabad, Telangana, IN",17.37931145097763,78.4748626519813,17.59859930882884,78.67217177481453,1634104800,0
2021-10-13 09:00:00,09:00:00,4532117045436,Apollo,health_fitness,223.73,"Hyderabad, Telangana, IN",17.385824663936972,78.47685197199432,18.519515606833497,78.35615558437861,1634115600,0
2021-10-13 12:00:00,12:00:00,4532117045436,Walmart,travel,641.8,"Hyderabad, Telangana, IN",17.380502288582477,78.49039068696385,17.8979930469406,78.97087703146758,1634126400,0
2021-10-13 15:00:00,15:00:00,4532117045436,MakeMyTrip,grocery_pos,113.22,"Hyderabad, Telangana, IN",17.397878894022128,78.48128111694598,18.012650034726914,77.94141073997449,1634137200,0
2021-10-13 18:00:00,18:00:00,4532117045436,MakeMyTrip,travel,419.89,"Hyderabad, Telangana, IN",17.401207740834092,78.4878933277445,17.432414936369867,77.74667537013215,1634148000,0
2021-10-13 21:00:00,21:00:00,4532117045436,Walmart,health_fitness,897.27,"Hyderabad, Telangana, IN",17.38111456750617,78.48339467139913,17.841568324463246,78.1604886719912,1634158800,0
2021-10-14 00:00:00,00:00:00,4532117045436,Amazon,shopping_net,518.89,"Hyderabad, Telangana, IN",17.36855029323425,78.4864212465329,18.038964266179068,77.9783179725357,1634169600,0
2021-10-14 03:00:00,03:00:00,4532117045436,Netflix,food_dining,418.72,"Hyderabad, Telangana, IN",17.38817647123723,78.49544416147982,17.217874842523546,78.51456476921464,1634180400,0
2021-10-14 06:00:00,06:00:00,4532117045436,Amazon,food_dining,197.33,"Hyderabad, Telangana, IN",17.38781594410014,78.49291519862892,17.134608525166765,78.2868299991068,1634191200,0
2021-10-14 09:00:00,09:00:00,4532117045436,Netflix,entertainment,692.61,"Hyderabad, Telangana, IN",17.386052123088845,78.49587001549274,17.612351531013005,77.83733480861878,1634202000,0
2021-10-14 12:00:00,12:00:00,4532117045436,Apollo,gas_transport,632.07,"Hyderabad, Telangana, IN",17.39032952721018,78.49309271470386,17.86963076513574,77.82790396559622,1634212800,0
2021-10-14 15:00:00,15:00:00,4532117045436,Netflix,grocery_pos,552.72,"Hyderabad, Telangana, IN",17.39881527811244,78.493784287005,16.007315484369293,78.5781490099739,1634223600,0
2021-10-14 18:00:00,18:00:00,4532117045436,Apollo,travel,449.92,"Hyderabad, Telangana, IN",17.393329721803344,78.48667823010346,17.287610316512136,78.93709628310884,1634234400,0
2021-10-14 21:00:00,21:00:00,4532117045436,MakeMyTrip,grocery_pos,535.8,"Hyderabad, Telangana, IN",17.390314353199372,78.47215519640713,16.408272875217165,78.13383398104035,1634245200,0
2021-10-15 00:00:00,00:00:00,4532117045436,Shell,entertainment,427.71,"Hyderabad, Telangana, IN",17.392539155447075,78.48562635466001,17.323711385588755,78.44302986954511,1634256000,0
2021-10-15 03:00:00,03:00:00,4532117045436,MakeMyTrip,entertainment,304.01,"Hyderabad, Telangana, IN",17.38751475818998,78.48985926918387,18.229807227463123,78.16563543844896,1634266800,0
2021-10-15 06:00:00,06:00:00,4532117045436,MakeMyTrip,travel,593.45,"Hyderabad, Telangana, IN",17.375545590566478,78.48744220948129,17.072990820400786,78.41085158499503,1634277600,0
2021-10-15 09:00:00,09:00:00,4532117045436,Shell,gas_transport,442.4,"Hyderabad, Telangana, IN",17.39950456415126,78.4908990475361,17.241957862064304,79.36781299719304,1634288400,0
2021-10-15 12:00:00,12:00:00,4532117045436,Netflix,travel,528.29,"Hyderabad, Telangana, IN",17.386025835688432,78.50730976496159,17.715967884013843,79.73646919164855,1634299200,0
2021-10-15 15:00:00,15:00:00,4532117045436,Netflix,travel,431.83,"Hyderabad, Telangana, IN",17.375540607347798,78.48168483536747,17.881892666821084,78.2635381037977,1634310000,0
2021-10-15 18:00:00,18:00:00,4532117045436,Apollo,health_fitness,519.27,"Hyderabad, Telangana, IN",17.373720211844883,78.48265144859884,17.863083316530428,78.23102207621956,1634320800,0
2021-10-15 21:00:00,21:00:00,4532117045436,Amazon,gas_transport,447.83,"Hyderabad, Telangana, IN",17.375822008135003,78.4987868590316,17.40365897575441,78.70276566653716,1634331600,0
2021-10-16 00:00:00,00:00:00,4532117045436,Apollo,food_dining,436.12,"Hyderabad, Telangana, IN",17.372672944794715,78.48794570481024,17.670233420308715,78.54696711489282,1634342400,0
2021-10-16 03:00:00,03:00:00,4532117045436,Amazon,health_fitness,454.5,"Hyderabad, Telangana, IN",17.391688844266707,78.49124647881565,17.648291663425102,78.82731798506408,1634353200,0
2021-10-16 06:00:00,06:00:00,4532117045436,MakeMyTrip,shopping_net,894.13,"Hyderabad, Telangana, IN",17.38324888370591,78.48078183137571,17.033127148901926,78.42426824291725,1634364000,0
2021-10-16 09:00:00,09:00:00,4532117045436,Shell,gas_transport,570.36,"Hyderabad, Telangana, IN",17.39276004744043,78.47937542816969,16.509477314076456,78.39566090915346,1634374800,0
2021-10-16 12:00:00,12:00:00,4532117045436,MakeMyTrip,entertainment,837.91,"Hyderabad, Telangana, IN",17.39669473619917,78.4746292853044,16.93648786403659,78.70748865838743,1634385600,0
2021-10-16 15:00:00,15:00:00,4532117045436,Walmart,health_fitness,448.78,"Hyderabad, Telangana, IN",17.394107819169463,78.48842390434697,18.104365457205613,78.60778504576032,1634396400,0
2021-10-16 18:00:00,18:00:00,4532117045436,Netflix,gas_transport,403.64,"Hyderabad, Telangana, IN",17.39134023406043,78.47691407461467,18.4916065925937,78.24568500714241,1634407200,0
2021-10-16 21:00:00,21:00:00,4532117045436,Amazon,grocery_pos,288.87,"Hyderabad, Telangana, IN",17.387875291201535,78.47568627502295,17.339490796873115,78.54864598622802,1634418000,0
2021-10-17 00:00:00,00:00:00,4532117045436,Apollo,travel,690.48,"Hyderabad, Telangana, IN",17.38309636936682,78.49331046569185,18.085090023784097,78.54997835989379,1634428800,0
2021-10-17 03:00:00,03:00:00,4532117045436,Shell,shopping_net,314.22,"Hyderabad, Telangana, IN",17.383763538727663,78.4803526127163,17.236300912743175,77.10711244874263,1634439600,0
2021-10-17 06:00:00,06:00:00,4532117045436,Amazon,food_dining,721.43,"Hyderabad, Telangana, IN",17.390843634890462,78.47469760059319,17.559516557857634,78.4581502198809,1634450400,0
2021-10-17 09:00:00,09:00:00,4532117045436,Apollo,travel,5461.56,"Kolkata, West Bengal, IN",17.375386846082325,78.47366636315655,18.028431172668455,77.53432281418357,1634461200,1
2021-10-17 12:00:00,12:00:00,4532117045436,Netflix,grocery_pos,583.0,"Hyderabad, Telangana, IN",17.384461152487127,78.49581722885651,17.89227426899882,78.2674084379164,1634472000,0
2021-10-17 15:00:00,15:00:00,4532117045436,MakeMyTrip,grocery_pos,211.35,"Hyderabad, Telangana, IN",17.377571578084726,78.48563499216559,17.065692056703345,78.11468360134994,1634482800,0
2021-10-17 18:00:00,18:00:00,4532117045436,Netflix,shopping_net,383.71,"Hyderabad, Telangana, IN",17.396729820785755,78.48270669633133,16.938693250479574,78.11661042729195,1634493600,0
2021-10-17 21:00:00,21:00:00,4532117045436,Zomato,food_dining,453.31,"Hyderabad, Telangana, IN",17.39217057326913,78.48841461848693,17.40837549415342,78.65099571242737,1634504400,0
2021-10-18 00:00:00,00:00:00,4532117045436,Walmart,entertainment,360.38,"Hyderabad, Telangana, IN",17.40637454445576,78.48746273555307,17.79338320939516,77.99333738285641,1634515200,0
2021-10-18 03:00:00,03:00:00,4532117045436,Zomato,health_fitness,424.6,"Hyderabad, Telangana, IN",17.3774229874276,78.48140665173074,17.466826555954178,78.60572618150306,1634526000,0
2021-10-18 06:00:00,06:00:00,4532117045436,Shell,food_dining,425.32,"Hyderabad, Telangana, IN",17.37849526186618,78.48336317353093,17.150486632517268,78.56617405198199,1634536800,0
2021-10-18 09:00:00,09:00:00,4532117045436,Amazon,gas_transport,571.04,"Hyderabad, Telangana, IN",17.385575011002445,78.49400729682083,16.935160939191707,77.81976680405113,1634547600,0
2021-10-18 12:00:00,12:00:00,4532117045436,Shell,grocery_pos,136.99,"Hyderabad, Telangana, IN",17.37774541507435,78.49494773207473,16.541554138920908,78.95946271370495,1634558400,0
2021-10-18 15:00:00,15:00:00,4532117045436,MakeMyTrip,gas_transport,365.56,"Hyderabad, Telangana, IN",17.3903761980352,78.47831810864574,17.1568734563567,79.11252888566379,1634569200,0
2021-10-18 18:00:00,18:00:00,4532117045436,Apollo,entertainment,638.2,"Hyderabad, Telangana, IN",17.38449046873228,78.49949673954993,17.30854308210053,78.61240190654011,1634580000,0
2021-10-18 21:00:00,21:00:00,4532117045436,Netflix,gas_transport,534.37,"Hyderabad, Telangana, IN",17.380114692983003,78.506790573898,17.661980279282535,78.50601697953566,1634590800,0
2021-10-19 00:00:00,00:00:00,4532117045436,Zomato,food_dining,640.69,"Hyderabad, Telangana, IN",17.395876045646144,78.48378649945998,16.80144631130792,78.23628031429878,1634601600,0
2021-10-19 03:00:00,03:00:00,4532117045436,Zomato,gas_transport,563.82,"Hyderabad, Telangana, IN",17.366504114895587,78.48354679266853,17.719093799868453,78.25551942542198,1634612400,0
2021-10-19 06:00:00,06:00:00,4532117045436,MakeMyTrip,entertainment,287.47,"Hyderabad, Telangana, IN",17.39042113176839,78.47771773669751,17.08792078579581,78.27018337332677,1634623200,0
2021-10-19 09:00:00,09:00:00,4532117045436,Zomato,entertainment,549.13,"Hyderabad, Telangana, IN",17.379488675321305,78.48001412017368,17.128114702559085,78.85835773392381,1634634000,0
2021-10-19 12:00:00,12:00:00,4532117045436,MakeMyTrip,entertainment,465.03,"Hyderabad, Telangana, IN",17.393167564739237,78.48993471761742,18.009359883316254,78.77309049400708,1634644800,0
2021-10-19 15:00:00,15:00:00,4532117045436,Shell,food_dining,790.21,"Hyderabad, Telangana, IN",17.395562557080655,78.50986953896579,16.14632579686426,77.50119174793183,1634655600,0
2021-10-19 18:00:00,18:00:00,4532117045436,Netflix,entertainment,570.32,"Hyderabad, Telangana, IN",17.362236494629474,78.49398339718438,16.771585530393875,77.74589031140773,1634666400,0
2021-10-19 21:00:00,21:00:00,4532117045436,Amazon,grocery_pos,3053.74,"Mumbai, Maharashtra, IN",17.38288377621246,78.48337861470007,18.595205676312197,88.29101577724498,1634677200,1
2021-10-20 00:00:00,00:00:00,4532117045436,Apollo,travel,550.41,"Hyderabad, Telangana, IN",17.385581916279868,78.48245272793616,17.382514502140673,78.25422476164584,1634688000,0
2021-10-20 03:00:00,03:00:00,4532117045436,Amazon,entertainment,520.33,"Hyderabad, Telangana, IN",17.361421642568004,78.48006143064708,16.534007744682217,78.70225918375284,1634698800,0
2021-10-20 06:00:00,06:00:00,4532117045436,Shell,gas_transport,516.27,"Hyderabad, Telangana, IN",17.387277508272096,78.49729897658534,17.137896475569974,78.21705665786548,1634709600,0
2021-10-20 09:00:00,09:00:00,4532117045436,Apollo,health_fitness,410.06,"Hyderabad, Telangana, IN",17.37971947092546,78.48426766481593,17.86400759186635,78.69617805215009,1634720400,0
2021-10-20 12:00:00,12:00:00,4532117045436,Zomato,gas_transport,530.32,"Hyderabad, Telangana, IN",17.372942726837692,78.49124269206668,16.80358478314782,79.28490265065713,1634731200,0
2021-10-20 15:00:00,15:00:00,4532117045436,Walmart,health_fitness,592.27,"Hyderabad, Telangana, IN",17.37849510915911,78.48433253027196,17.92537613844918,78.1954482064143,1634742000,0
2021-10-20 18:00:00,18:00:00,4532117045436,Shell,gas_transport,609.05,"Hyderabad, Telangana, IN",17.37676686363547,78.50788042511778,17.026919871465857,78.02917313409105,1634752800,0
2021-10-20 21:00:00,21:00:00,4532117045436,Shell,food_dining,590.87,"Hyderabad, Telangana, IN",17.379291426856277,78.4813581163449,16.448537970157936,77.9231815659649,1634763600,0
2021-10-21 00:00:00,00:00:00,4532117045436,Netflix,gas_transport,676.21,"Hyderabad, Telangana, IN",17.38685123390953,78.47966644368708,17.794542759619826,77.96936046619626,1634774400,0
2021-10-21 03:00:00,03:00:00,4532117045436,Amazon,food_dining,618.43,"Hyderabad, Telangana, IN",17.394812465300646,78.4818827960329,17.51034588788748,78.76387839924517,1634785200,0
2021-10-21 06:00:00,06:00:00,4532117045436,Shell,food_dining,544.28,"Hyderabad, Telangana, IN",17.384221640501764,78.4909400989193,16.652031687188067,78.86598605585048,1634796000,0
2021-10-21 09:00:00,09:00:00,4532117045436,Shell,entertainment,278.45,"Hyderabad, Telangana, IN",17.396027580706622,78.50104694570754,17.113610510256294,78.800051442389,1634806800,0
2021-10-21 12:00:00,12:00:00,4532117045436,Zomato,grocery_pos,278.51,"Hyderabad, Telangana, IN",17.374540425161097,78.49096167579883,18.247481540851904,77.96208321238119,1634817600,0
2021-10-21 15:00:00,15:00:00,4532117045436,Zomato,health_fitness,412.78,"Hyderabad, Telangana, IN",17.386528892666007,78.4937657577998,17.714176171222228,78.29497550718902,1634828400,0
2021-10-21 18:00:00,18:00:00,4532117045436,Apollo,entertainment,457.01,"Hyderabad, Telangana, IN",17.406066115481764,78.49237580450655,17.942693029632615,78.29651149250219,1634839200,0
2021-10-21 21:00:00,21:00:00,4532117045436,MakeMyTrip,entertainment,659.7,"Hyderabad, Telangana, IN",17.36909435236825,78.47004983367938,16.815841165787724,79.34492181218994,1634850000,0
2021-10-22 00:00:00,00:00:00,4532117045436,MakeMyTrip,travel,33.04,"Hyderabad, Telangana, IN",17.36871242271061,78.48653861971464,17.997639225833495,78.63469613149762,1634860800,0
2021-10-22 03:00:00,03:00:00,4532117045436,Walmart,food_dining,295.02,"Hyderabad, Telangana, IN",17.397799717033337,78.48352909354182,16.67302349509014,78.54191358898382,1634871600,0
2021-10-22 06:00:00,06:00:00,4532117045436,MakeMyTrip,food_dining,420.87,"Hyderabad, Telangana, IN",17.387205251319354,78.48528768708668,16.688840399324,78.6256895976408,1634882400,0
2021-10-22 09:00:00,09:00:00,4532117045436,Netflix,health_fitness,300.47,"Hyderabad, Telangana, IN",17.378984999583402,78.47847146899726,17.802559656742428,78.27197864918098,1634893200,0
2021-10-22 12:00:00,12:00:00,4532117045436,Walmart,gas_transport,330.28,"Hyderabad, Telangana, IN",17.373703263644945,78.49538307817377,16.719459785525324,78.68821653830472,1634904000,0
2021-10-22 15:00:00,15:00:00,4532117045436,Apollo,gas_transport,375.13,"Hyderabad, Telangana, IN",17.384640113971425,78.48718473417087,18.143780477261068,78.2474762332222,1634914800,0
2021-10-22 18:00:00,18:00:00,4532117045436,Zomato,entertainment,308.13,"Hyderabad, Telangana, IN",17.386335790902805,78.4871243194497,16.75879506105831,79.2005566291976,1634925600,0
2021-10-22 21:00:00,21:00:00,4532117045436,MakeMyTrip,shopping_net,334.14,"Hyderabad, Telangana, IN",17.386385272861048,78.48522768277141,16.898968835912157,78.05101318891047,1634936400,0
2021-10-23 00:00:00,00:00:00,4532117045436,Amazon,shopping_net,654.48,"Hyderabad, Telangana, IN",17.373605525824747,78.48040699985245,17.961585781775373,78.58117209036514,1634947200,0
2021-10-23 03:00:00,03:00:00,4532117045436,Zomato,gas_transport,542.15,"Hyderabad, Telangana, IN",17.381630510773714,78.4688795884473,17.074623945115558,78.82190941978985,1634958000,0
2021-10-23 06:00:00,06:00:00,4532117045436,Netflix,shopping_net,564.59,"Hyderabad, Telangana, IN",17.37931917053655,78.48941684018267,17.782577412252536,78.44670394760837,1634968800,0
2021-10-23 09:00:00,09:00:00,4532117045436,Zomato,travel,444.88,"Hyderabad, Telangana, IN",17.391464438913967,78.48783585545763,16.82830681803522,78.55020131366543,1634979600,0
2021-10-23 12:00:00,12:00:00,4532117045436,Netflix,gas_transport,601.67,"Hyderabad, Telangana, IN",17.374195505729062,78.49204241779073,17.246699630237227,78.38611142129832,1634990400,0
2021-10-23 15:00:00,15:00:00,4532117045436,Netflix,food_dining,577.17,"Hyderabad, Telangana, IN",17.385760277731805,78.48742313840059,17.755432458128414,78.03014756108222,1635001200,0
2021-10-23 18:00:00,18:00:00,4532117045436,Netflix,entertainment,539.78,"Hyderabad, Telangana, IN",17.411342264176362,78.47590710186144,16.96213794102328,79.35370402389314,1635012000,0
2021-10-23 21:00:00,21:00:00,4532117045436,Apollo,grocery_pos,351.88,"Hyderabad, Telangana, IN",17.373512695213414,78.47875203390046,17.896363422679,78.307411138619,1635022800,0
2021-10-24 00:00:00,00:00:00,4532117045436,Netflix,entertainment,383.69,"Hyderabad, Telangana, IN",17.377527370220953,78.50009453415896,17.20485724620936,77.83387424456045,1635033600,0
2021-10-24 03:00:00,03:00:00,4532117045436,Netflix,gas_transport,608.72,"Hyderabad, Telangana, IN",17.384061375469013,78.48988936162071,17.44504558406233,78.12516630985188,1635044400,0
2021-10-24 06:00:00,06:00:00,4532117045436,Amazon,travel,372.49,"Hyderabad, Telangana, IN",17.355577455878773,78.49473216270204,16.883668739234118,79.15107341944245,1635055200,0
2021-10-24 09:00:00,09:00:00,4532117045436,Walmart,gas_transport,256.72,"Hyderabad, Telangana, IN",17.370731725428804,78.49588916393277,16.99981912888038,79.62526437937962,1635066000,0
2021-10-24 12:00:00,12:00:00,4532117045436,Shell,entertainment,369.6,"Hyderabad, Telangana, IN",17.388106925500434,78.47686272310816,16.9629288223834,78.67255313469641,1635076800,0
2021-10-24 15:00:00,15:00:00,4532117045436,Walmart,travel,683.91,"Hyderabad, Telangana, IN",17.383243298792337,78.48329495133389,17.080513364990136,78.88156721192675,1635087600,0
2021-10-24 18:00:00,18:00:00,4532117045436,Netflix,travel,369.74,"Hyderabad, Telangana, IN",17.39554707157544,78.49351013287732,18.158101525923932,79.40993200532195,1635098400,0
2021-10-24 21:00:00,21:00:00,4532117045436,Amazon,travel,499.15,"Hyderabad, Telangana, IN",17.38261875161655,78.47854464922986,17.94539495729979,78.00622775209722,1635109200,0
2021-10-25 00:00:00,00:00:00,4532117045436,Zomato,health_fitness,357.65,"Hyderabad, Telangana, IN",17.381738558368042,78.48261755108268,17.610899788844367,78.68286997421531,1635120000,0
2021-10-25 03:00:00,03:00:00,4532117045436,Amazon,gas_transport,6565.36,"Chennai, Tamil Nadu, IN",17.377971292248386,78.48150633119504,13.317704025956138,77.4065858925184,1635130800,1
2021-10-25 06:00:00,06:00:00,4532117045436,Netflix,shopping_net,530.52,"Hyderabad, Telangana, IN",17.38157154921891,78.47931882307802,16.963960522695604,78.90632084391082,1635141600,0
2021-10-25 09:00:00,09:00:00,4532117045436,Amazon,shopping_net,226.32,"Hyderabad, Telangana, IN",17.372884121818032,78.4853985127464,16.90019285399112,78.3505507452289,1635152400,0
2021-10-25 12:00:00,12:00:00,4532117045436,MakeMyTrip,gas_transport,490.2,"Hyderabad, Telangana, IN",17.383525340970355,78.48184167903618,17.23308313128275,78.66755745195024,1635163200,0
2021-10-25 15:00:00,15:00:00,4532117045436,Amazon,gas_transport,197.61,"Hyderabad, Telangana, IN",17.37528743186111,78.48271454266958,17.525064607283745,79.41802659688067,1635174000,0
2021-10-25 18:00:00,18:00:00,4532117045436,Netflix,health_fitness,366.89,"Hyderabad, Telangana, IN",17.372892345787534,78.48938463351116,17.692135778804268,78.56239612539892,1635184800,0
2021-10-25 21:00:00,21:00:00,4532117045436,Apollo,shopping_net,448.28,"Hyderabad, Telangana, IN",17.378605425624986,78.49668088191498,17.39220408329105,78.0248433078099,1635195600,0
2021-10-26 00:00:00,00:00:00,4532117045436,MakeMyTrip,gas_transport,727.03,"Hyderabad, Telangana, IN",17.38951152819739,78.49434579039699,17.667724060333935,78.79247351441536,1635206400,0
2021-10-26 03:00:00,03:00:00,4532117045436,Amazon,gas_transport,497.69,"Hyderabad, Telangana, IN",17.38642255507558,78.48846409415673,17.852975652410322,78.03497839426947,1635217200,0
2021-10-26 06:00:00,06:00:00,4532117045436,Shell,health_fitness,334.94,"Hyderabad, Telangana, IN",17.391676065265543,78.50309378831452,17.199121966244636,78.11955319967737,1635228000,0
2021-10-26 09:00:00,09:00:00,4532117045436,Shell,health_fitness,402.42,"Hyderabad, Telangana, IN",17.375767638643303,78.49329008157135,17.934190070254505,78.25407934673152,1635238800,0
2021-10-26 12:00:00,12:00:00,4532117045436,Amazon,entertainment,588.63,"Hyderabad, Telangana, IN",17.384868038676185,78.49474500367677,16.893133238356388,78.47739510822727,1635249600,0
2021-10-26 15:00:00,15:00:00,4532117045436,Apollo,health_fitness,336.97,"Hyderabad, Telangana, IN",17.402017921015386,78.48506951088252,17.67819095847928,78.0639315634284,1635260400,0
2021-10-26 18:00:00,18:00:00,4532117045436,Zomato,grocery_pos,614.55,"Hyderabad, Telangana, IN",17.398975147319078,78.48283385031388,17.400982045624694,78.69202380679523,1635271200,0
2021-10-26 21:00:00,21:00:00,4532117045436,Netflix,shopping_net,371.54,"Hyderabad, Telangana, IN",17.372253631141447,78.49046030663595,17.472650027022762,78.3130382217875,1635282000,0
2021-10-27 00:00:00,00:00:00,4532117045436,Shell,entertainment,312.7,"Hyderabad, Telangana, IN",17.374915960738285,78.49576215883219,17.201099265743796,78.89608108932808,1635292800,0
2021-10-27 03:00:00,03:00:00,4532117045436,Zomato,grocery_pos,376.35,"Hyderabad, Telangana, IN",17.40197470389281,78.48844443336097,18.008660544203778,78.5071546327548,1635303600,0
2021-10-27 06:00:00,06:00:00,4532117045436,Amazon,gas_transport,207.56,"Hyderabad, Telangana, IN",17.389515504262526,78.48036841446786,17.082881857118238,78.40968537577474,1635314400,0
2021-10-27 09:00:00,09:00:00,4532117045436,Zomato,gas_transport,124.11,"Hyderabad, Telangana, IN",17.38309269913596,78.47386401356346,18.078729113425158,78.42950172402846,1635325200,0
2021-10-27 12:00:00,12:00:00,4532117045436,MakeMyTrip,entertainment,437.62,"Hyderabad, Telangana, IN",17.38197588330444,78.47088473098431,18.082016033134618,79.21664390545703,1635336000,0
2021-10-27 15:00:00,15:00:00,4532117045436,Walmart,health_fitness,439.91,"Hyderabad, Telangana, IN",17.38727459778606,78.48712547147947,17.61055604382141,78.92792102127073,1635346800,0
2021-10-27 18:00:00,18:00:00,4532117045436,Shell,travel,5951.09,"Delhi, Delhi, IN",17.387399935051267,78.49485962369462,12.60772323760312,87.80060291351973,1635357600,1
2021-10-27 21:00:00,21:00:00,4532117045436,Amazon,travel,436.88,"Hyderabad, Telangana, IN",17.379668388709348,78.46366938814829,16.966113302123496,78.23703020123968,1635368400,0
2021-10-28 00:00:00,00:00:00,4532117045436,Netflix,gas_transport,799.39,"Hyderabad, Telangana, IN",17.38336799492252,78.48062526455361,16.38781385163242,78.53488365031458,1635379200,0
2021-10-28 03:00:00,03:00:00,4532117045436,Apollo,travel,475.26,"Hyderabad, Telangana, IN",17.37931779163287,78.47899371635057,17.654939059352188,77.39860842953999,1635390000,0
2021-10-28 06:00:00,06:00:00,4532117045436,MakeMyTrip,food_dining,243.53,"Hyderabad, Telangana, IN",17.386687405096755,78.49049266047291,16.82925247516153,78.70109501481606,1635400800,0
2021-10-28 09:00:00,09:00:00,4532117045436,Amazon,entertainment,282.01,"Hyderabad, Telangana, IN",17.377624324290377,78.48003191667048,16.8992583886456,78.06243706536256,1635411600,0
2021-10-28 12:00:00,12:00:00,4532117045436,Netflix,grocery_pos,450.05,"Hyderabad, Telangana, IN",17.37232253426385,78.47439545825405,17.660503915916806,78.11930018401272,1635422400,0
2021-10-28 15:00:00,15:00:00,4532117045436,Apollo,entertainment,384.69,"Hyderabad, Telangana, IN",17.399753757637104,78.48061013951664,17.170057499716297,78.13575222239874,1635433200,0
2021-10-28 18:00:00,18:00:00,4532117045436,Apollo,shopping_net,265.73,"Hyderabad, Telangana, IN",17.384304244012338,78.47904301029772,17.49379979069799,79.11617379864599,1635444000,0
2021-10-28 21:00:00,21:00:00,4532117045436,Amazon,health_fitness,5076.27,"Mumbai, Maharashtra, IN",17.40197054659724,78.48682989193901,13.447484278010606,88.2159380238134,1635454800,1
2021-10-29 00:00:00,00:00:00,4532117045436,MakeMyTrip,health_fitness,443.37,"Hyderabad, Telangana, IN",17.365677172788168,78.48455208104915,18.187350075769615,78.26140422645102,1635465600,0
2021-10-29 03:00:00,03:00:00,4532117045436,Zomato,entertainment,689.35,"Hyderabad, Telangana, IN",17.370505269641967,78.49112481440768,17.484286835896704,78.20554109189267,1635476400,0
2021-10-29 06:00:00,06:00:00,4532117045436,Zomato,gas_transport,312.59,"Hyderabad, Telangana, IN",17.389667947742563,78.48663749601162,17.1101926732466,78.56907261250838,1635487200,0
2021-10-29 09:00:00,09:00:00,4532117045436,Apollo,gas_transport,387.34,"Hyderabad, Telangana, IN",17.384312674064134,78.4968496748519,17.34746087829837,79.28451491038123,1635498000,0
2021-10-29 12:00:00,12:00:00,4532117045436,Zomato,food_dining,688.89,"Hyderabad, Telangana, IN",17.37342309936946,78.48222058790064,17.096065695240096,78.3582321346611,1635508800,0
2021-10-29 15:00:00,15:00:00,4532117045436,Walmart,food_dining,2644.74,"Kolkata, West Bengal, IN",17.396364953572906,78.49290105919839,18.477911417692606,79.47463383293102,1635519600,1
2021-10-29 18:00:00,18:00:00,4532117045436,Apollo,health_fitness,311.71,"Hyderabad, Telangana, IN",17.376301066707693,78.48987850918215,17.571116797240457,78.57082666501829,1635530400,0
2021-10-29 21:00:00,21:00:00,4532117045436,Apollo,food_dining,2013.44,"Chennai, Tamil Nadu, IN",17.396985507031122,78.48374602030347,12.74692148663858,80.47452635411183,1635541200,1
2021-10-30 00:00:00,00:00:00,4532117045436,Netflix,grocery_pos,267.88,"Hyderabad, Telangana, IN",17.384295651704228,78.49357984010716,18.061250954614945,78.6712932455839,1635552000,0
2021-10-30 03:00:00,03:00:00,4532117045436,Zomato,food_dining,461.59,"Hyderabad, Telangana, IN",17.374300694344043,78.47867776158857,16.961175153852935,78.46776172243254,1635562800,0
2021-10-30 06:00:00,06:00:00,4532117045436,MakeMyTrip,grocery_pos,604.67,"Hyderabad, Telangana, IN",17.37831261481331,78.49909836692215,16.67175564706857,78.55494839141797,1635573600,0
2021-10-30 09:00:00,09:00:00,4532117045436,Apollo,food_dining,694.64,"Hyderabad, Telangana, IN",17.398721530279108,78.4789362778176,17.37362961031413,77.99650349931287,1635584400,0
2021-10-30 12:00:00,12:00:00,4532117045436,MakeMyTrip,health_fitness,227.06,"Hyderabad, Telangana, IN",17.38202252964955,78.47329352061055,16.673160588893264,79.03218317192609,1635595200,0
2021-10-30 15:00:00,15:00:00,4532117045436,Walmart,health_fitness,580.37,"Hyderabad, Telangana, IN",17.394723408713396,78.47251261977765,17.17944720520037,78.22483732735773,1635606000,0
2021-10-30 18:00:00,18:00:00,4532117045436,Netflix,grocery_pos,474.65,"Hyderabad, Telangana, IN",17.399004400847986,78.48761090786485,16.295543596168127,78.35780519025045,1635616800,0
2021-10-30 21:00:00,21:00:00,4532117045436,Amazon,entertainment,410.71,"Hyderabad, Telangana, IN",17.384195767501442,78.48105834747076,16.70915898221204,78.68335380428368,1635627600,0
2021-10-31 00:00:00,00:00:00,4532117045436,MakeMyTrip,health_fitness,387.4,"Hyderabad, Telangana, IN",17.38276807047074,78.48851239778031,17.996465012309017,78.59266271333436,1635638400,0
2021-10-31 03:00:00,03:00:00,4532117045436,Apollo,entertainment,161.86,"Hyderabad, Telangana, IN",17.3809503186242,78.4756731852241,17.587318438988124,79.27485152723129,1635649200,0
2021-10-31 06:00:00,06:00:00,4532117045436,Walmart,gas_transport,545.7,"Hyderabad, Telangana, IN",17.38852097624322,78.49156984634301,18.283825741003184,79.14145460802604,1635660000,0
2021-10-31 09:00:00,09:00:00,4532117045436,Shell,grocery_pos,252.17,"Hyderabad, Telangana, IN",17.400059300240002,78.48854066743809,17.369430965165346,78.24004728627224,1635670800,0
2021-10-31 12:00:00,12:00:00,4532117045436,Walmart,travel,337.77,"Hyderabad, Telangana, IN",17.372729636006937,78.48212513228864,17.350233896478315,79.47578427412195,1635681600,0
2021-10-31 15:00:00,15:00:00,4532117045436,Walmart,health_fitness,512.7,"Hyderabad, Telangana, IN",17.38719152359654,78.4929485374681,17.492737307764333,78.96136863098353,1635692400,0
2021-10-31 18:00:00,18:00:00,4532117045436,Netflix,shopping_net,7113.14,"Delhi, Delhi, IN",17.386758794268584,78.4924505979839,19.014404766618632,88.21564184117734,1635703200,1
2021-10-31 21:00:00,21:00:00,4532117045436,Amazon,gas_transport,251.88,"Hyderabad, Telangana, IN",17.366958128903033,78.4876207564513,17.911302368376145,78.1552521193979,1635714000,0
2021-11-01 00:00:00,00:00:00,4532117045436,Shell,entertainment,632.8,"Hyderabad, Telangana, IN",17.3761253426802,78.49557282036496,16.96469769298093,78.45445620098693,1635724800,0
2021-11-01 03:00:00,03:00:00,4532117045436,Zomato,health_fitness,468.31,"Hyderabad, Telangana, IN",17.378174588933124,78.49780498987235,17.58867107501352,77.5284474369636,1635735600,0
2021-11-01 06:00:00,06:00:00,4532117045436,Zomato,grocery_pos,350.67,"Hyderabad, Telangana, IN",17.392640295328004,78.47881443182317,17.461282858264678,78.75828380330577,1635746400,0
2021-11-01 09:00:00,09:00:00,4532117045436,MakeMyTrip,travel,468.9,"Hyderabad, Telangana, IN",17.39438950911201,78.49802456296678,17.745452511676334,77.82719473723007,1635757200,0
2021-11-01 12:00:00,12:00:00,4532117045436,Walmart,food_dining,550.42,"Hyderabad, Telangana, IN",17.36624621600082,78.4777093200182,18.321610006638654,78.73073529868715,1635768000,0
2021-11-01 15:00:00,15:00:00,4532117045436,Netflix,travel,618.72,"Hyderabad, Telangana, IN",17.391392020829553,78.49441540501083,17.678887792455253,78.24718154110882,1635778800,0
2021-11-01 18:00:00,18:00:00,4532117045436,Netflix,shopping_net,283.13,"Hyderabad, Telangana, IN",17.390099279848204,78.49617209907926,17.199620328425734,78.5504908978394,1635789600,0
2021-11-01 21:00:00,21:00:00,4532117045436,Zomato,entertainment,296.27,"Hyderabad, Telangana, IN",17.390783866764707,78.48495348205245,18.317174459448875,78.17871361118522,1635800400,0
2021-11-02 00:00:00,00:00:00,4532117045436,MakeMyTrip,gas_transport,541.25,"Hyderabad, Telangana, IN",17.386527459642977,78.48616736746786,16.73206335024495,78.12582633129344,1635811200,0
2021-11-02 03:00:00,03:00:00,4532117045436,MakeMyTrip,travel,546.06,"Hyderabad, Telangana, IN",17.394504398451296,78.48370971545113,17.249420333870763,78.85378855359157,1635822000,0
2021-11-02 06:00:00,06:00:00,4532117045436,MakeMyTrip,grocery_pos,248.4,"Hyderabad, Telangana, IN",17.39671520695453,78.47845590485544,17.835729279489527,78.17402165504423,1635832800,0
2021-11-02 09:00:00,09:00:00,4532117045436,Shell,shopping_net,301.9,"Hyderabad, Telangana, IN",17.368661343361065,78.48032217214191,16.989748642079043,78.03574676690982,1635843600,0
2021-11-02 12:00:00,12:00:00,4532117045436,Amazon,grocery_pos,420.94,"Hyderabad, Telangana, IN",17.38451275696728,78.49166619071279,17.359112378615908,77.96167824121737,1635854400,0
2021-11-02 15:00:00,15:00:00,4532117045436,Shell,health_fitness,453.54,"Hyderabad, Telangana, IN",17.38245511254067,78.49525695840103,17.034338329109236,78.9141579012446,1635865200,0
2021-11-02 18:00:00,18:00:00,4532117045436,Apollo,food_dining,457.79,"Hyderabad, Telangana, IN",17.37927252896925,78.48655562411429,17.365830242359408,77.9270304486895,1635876000,0
2021-11-02 21:00:00,21:00:00,4532117045436,Apollo,gas_transport,246.1,"Hyderabad, Telangana, IN",17.380454919526457,78.47659889974537,17.035200512655926,78.48941004250929,1635886800,0
2021-11-03 00:00:00,00:00:00,4532117045436,Amazon,grocery_pos,456.27,"Hyderabad, Telangana, IN",17.386867836263377,78.47523757209908,17.42452238644769,79.59296458896179,1635897600,0
2021-11-03 03:00:00,03:00:00,4532117045436,Zomato,entertainment,342.39,"Hyderabad, Telangana, IN",17.37203391241792,78.4856388260177,17.220188738407014,78.14252895582013,1635908400,0
2021-11-03 06:00:00,06:00:00,4532117045436,Amazon,health_fitness,275.05,"Hyderabad, Telangana, IN",17.39170622060085,78.48142405640706,18.04862063590354,78.09607214057128,1635919200,0
2021-11-03 09:00:00,09:00:00,4532117045436,Netflix,health_fitness,448.35,"Hyderabad, Telangana, IN",17.38130877929161,78.49856213314042,17.577749807876867,79.02998979152648,1635930000,0
2021-11-03 12:00:00,12:00:00,4532117045436,Apollo,gas_transport,433.05,"Hyderabad, Telangana, IN",17.393746466795893,78.47967713262754,17.754064895529623,77.89322310714898,1635940800,0
2021-11-03 15:00:00,15:00:00,4532117045436,Walmart,health_fitness,570.25,"Hyderabad, Telangana, IN",17.37880068829965,78.4926737931959,17.45715510318109,79.02922312795408,1635951600,0
2021-11-03 18:00:00,18:00:00,4532117045436,Walmart,entertainment,320.85,"Hyderabad, Telangana, IN",17.37825886389019,78.48049383975963,17.167789072056213,78.29621128906885,1635962400,0
2021-11-03 21:00:00,21:00:00,4532117045436,Zomato,grocery_pos,3756.76,"Kolkata, West Bengal, IN",17.37554536653828,78.48386501638554,28.92658712794358,76.44096016148089,1635973200,1
2021-11-04 00:00:00,00:00:00,4532117045436,Netflix,gas_transport,214.7,"Hyderabad, Telangana, IN",17.378856453907147,78.48842145408662,17.486396403309445,78.70594380831591,1635984000,0
2021-11-04 03:00:00,03:00:00,4532117045436,Shell,health_fitness,408.77,"Hyderabad, Telangana, IN",17.37698570124552,78.49189582827685,16.17429368084322,78.77406090640869,1635994800,0
2021-11-04 06:00:00,06:00:00,4532117045436,Netflix,health_fitness,519.55,"Hyderabad, Telangana, IN",17.389347471890947,78.49092559977933,17.401776529573432,78.26532048343512,1636005600,0
2021-11-04 09:00:00,09:00:00,4532117045436,Walmart,entertainment,532.2,"Hyderabad, Telangana, IN",17.395471073196852,78.48110120874422,17.720980832283114,78.29072778246805,1636016400,0
2021-11-04 12:00:00,12:00:00,4532117045436,Walmart,food_dining,533.23,"Hyderabad, Telangana, IN",17.388878680896838,78.48770347591751,17.026950458077415,78.22604863730147,1636027200,0
2021-11-04 15:00:00,15:00:00,4532117045436,Apollo,food_dining,570.66,"Hyderabad, Telangana, IN",17.38422577635033,78.48295213810441,17.81876024738496,79.15119270528761,1636038000,0
2021-11-04 18:00:00,18:00:00,4532117045436,Netflix,travel,383.13,"Hyderabad, Telangana, IN",17.389868874441113,78.47238728133011,17.56279584531345,78.48962262716664,1636048800,0
2021-11-04 21:00:00,21:00:00,4532117045436,Netflix,health_fitness,524.36,"Hyderabad, Telangana, IN",17.384635803765914,78.48898927433326,17.186609406630307,79.46108064996163,1636059600,0
2021-11-05 00:00:00,00:00:00,4532117045436,Walmart,grocery_pos,2727.91,"Chennai, Tamil Nadu, IN",17.385285733449585,78.49932704616873,28.66079321330919,77.11449681392581,1636070400,1
2021-11-05 03:00:00,03:00:00,4532117045436,Shell,gas_transport,379.93,"Hyderabad, Telangana, IN",17.381933610617345,78.50214183453956,17.200703990505634,78.3943406121121,1636081200,0
2021-11-05 06:00:00,06:00:00,4532117045436,Zomato,health_fitness,657.03,"Hyderabad, Telangana, IN",17.393365912631197,78.48987384368138,17.523399069652587,78.3785837159898,1636092000,0
2021-11-05 09:00:00,09:00:00,4532117045436,MakeMyTrip,shopping_net,581.47,"Hyderabad, Telangana, IN",17.359340684326533,78.48921925262009,17.255039194566454,78.13812095681612,1636102800,0
2021-11-05 12:00:00,12:00:00,4532117045436,Zomato,gas_transport,410.05,"Hyderabad, Telangana, IN",17.363671519668024,78.46050668529072,17.659502625557234,78.59884390799738,1636113600,0
2021-11-05 15:00:00,15:00:00,4532117045436,Netflix,travel,422.57,"Hyderabad, Telangana, IN",17.395272244357546,78.51397327847552,18.05841237013275,78.44247627475815,1636124400,0
2021-11-05 18:00:00,18:00:00,4532117045436,Zomato,food_dining,467.76,"Hyderabad, Telangana, IN",17.383034728659453,78.50100968457905,17.166940525389883,78.17956763610793,1636135200,0
2021-11-05 21:00:00,21:00:00,4532117045436,Walmart,health_fitness,573.02,"Hyderabad, Telangana, IN",17.394172338451977,78.49429135914396,17.83611341592509,78.45713027145803,1636146000,0
2021-11-06 00:00:00,00:00:00,4532117045436,Walmart,entertainment,510.4,"Hyderabad, Telangana, IN",17.37891921354448,78.4874199755569,17.235518866891407,78.23647707402365,1636156800,0
2021-11-06 03:00:00,03:00:00,4532117045436,Netflix,shopping_net,378.75,"Hyderabad, Telangana, IN",17.40174244132883,78.46439154628636,17.23943873164632,78.63018442203617,1636167600,0
2021-11-06 06:00:00,06:00:00,4532117045436,Netflix,health_fitness,137.69,"Hyderabad, Telangana, IN",17.383634813446406,78.48852305449141,17.187367766775683,78.84424683109204,1636178400,0
2021-11-06 09:00:00,09:00:00,4532117045436,MakeMyTrip,travel,550.83,"Hyderabad, Telangana, IN",17.389493915470602,78.4870176833141,16.540996647702976,78.17297189836258,1636189200,0
2021-11-06 12:00:00,12:00:00,4532117045436,MakeMyTrip,grocery_pos,160.13,"Hyderabad, Telangana, IN",17.38052853752118,78.4726074249239,17.635178159434457,78.25821631222779,1636200000,0
2021-11-06 15:00:00,15:00:00,4532117045436,Apollo,shopping_net,245.1,"Hyderabad, Telangana, IN",17.376028683128443,78.4911816187063,17.527023255609205,78.0346967718812,1636210800,0
2021-11-06 18:00:00,18:00:00,4532117045436,Netflix,travel,389.63,"Hyderabad, Telangana, IN",17.3675907141993,78.49906613869808,17.466475197202282,79.05365078446646,1636221600,0
2021-11-06 21:00:00,21:00:00,4532117045436,Shell,health_fitness,267.89,"Hyderabad, Telangana, IN",17.392857040562635,78.49010562194474,18.16226020348309,77.59925800739012,1636232400,0
2021-11-07 00:00:00,00:00:00,4532117045436,Zomato,grocery_pos,497.63,"Hyderabad, Telangana, IN",17.388954175754343,78.49007290135111,18.217310565054753,78.15747598870503,1636243200,0
2021-11-07 03:00:00,03:00:00,4532117045436,Netflix,shopping_net,405.57,"Hyderabad, Telangana, IN",17.385936925799445,78.49071493931736,18.038974030723924,78.84129508194937,1636254000,0
2021-11-07 06:00:00,06:00:00,4532117045436,Amazon,grocery_pos,567.78,"Hyderabad, Telangana, IN",17.373613841662188,78.483472287064,17.267335800942522,78.17109377106426,1636264800,0
2021-11-07 09:00:00,09:00:00,4532117045436,Apollo,grocery_pos,208.84,"Hyderabad, Telangana, IN",17.399154660000846,78.49428337354418,17.241973790423415,78.1527999305525,1636275600,0
2021-11-07 12:00:00,12:00:00,4532117045436,Amazon,shopping_net,350.72,"Hyderabad, Telangana, IN",17.386058725935413,78.5019379508574,16.87592132489628,78.82288040420735,1636286400,0
2021-11-07 15:00:00,15:00:00,4532117045436,Walmart,shopping_net,450.63,"Hyderabad, Telangana, IN",17.39202888830136,78.48711260523558,17.415918384542167,77.3529056334234,1636297200,0
2021-11-07 18:00:00,18:00:00,4532117045436,MakeMyTrip,grocery_pos,6735.16,"Chennai, Tamil Nadu, IN",17.384970128297955,78.47914628511609,22.73777189490567,79.95032196750363,1636308000,1
2021-11-07 21:00:00,21:00:00,4532117045436,Zomato,travel,554.11,"Hyderabad, Telangana, IN",17.37410578452802,78.47284469837466,17.65422244785613,78.21162222872802,1636318800,0
2021-11-08 00:00:00,00:00:00,4532117045436,Netflix,food_dining,312.81,"Hyderabad, Telangana, IN",17.394924363611853,78.49170947526788,16.850576796320595,78.22177994534847,1636329600,0
2021-11-08 03:00:00,03:00:00,4532117045436,Amazon,shopping_net,379.8,"Hyderabad, Telangana, IN",17.38950768444522,78.49284218513145,17.19786937543338,79.02037415647733,1636340400,0
2021-11-08 06:00:00,06:00:00,4532117045436,Zomato,health_fitness,526.1,"Hyderabad, Telangana, IN",17.383185900260766,78.49033945990537,16.537527206288313,78.47644208343316,1636351200,0
2021-11-08 09:00:00,09:00:00,4532117045436,Walmart,gas_transport,120.22,"Hyderabad, Telangana, IN",17.38933670532378,78.48434377610407,17.02698063493231,77.90964983743339,1636362000,0
2021-11-08 12:00:00,12:00:00,4532117045436,MakeMyTrip,entertainment,507.74,"Hyderabad, Telangana, IN",17.393175435422524,78.48947128271222,17.831317280567447,77.74698157015277,1636372800,0
2021-11-08 15:00:00,15:00:00,4532117045436,Shell,grocery_pos,564.59,"Hyderabad, Telangana, IN",17.3916020605698,78.48134389388967,16.834287532423655,78.45642269141823,1636383600,0
2021-11-08 18:00:00,18:00:00,4532117045436,Apollo,grocery_pos,249.95,"Hyderabad, Telangana, IN",17.36788673781591,78.4795921338185,18.25698908426058,77.7980804459486,1636394400,0
2021-11-08 21:00:00,21:00:00,4532117045436,Zomato,entertainment,402.75,"Hyderabad, Telangana, IN",17.370097982152185,78.47673701926526,17.889451240193555,79.08979861290184,1636405200,0
2021-11-09 00:00:00,00:00:00,4532117045436,Zomato,food_dining,673.9,"Hyderabad, Telangana, IN",17.392328491296723,78.47684111878783,17.635620575911485,77.93477561132514,1636416000,0
2021-11-09 03:00:00,03:00:00,4532117045436,Shell,entertainment,548.97,"Hyderabad, Telangana, IN",17.378038798864623,78.49200441521644,18.051768065054986,78.48055691958214,1636426800,0
2021-11-09 06:00:00,06:00:00,4532117045436,Zomato,shopping_net,517.05,"Hyderabad, Telangana, IN",17.37451387401559,78.48400730575648,17.32448311677051,77.5140934705452,1636437600,0
2021-11-09 09:00:00,09:00:00,4532117045436,Walmart,entertainment,598.64,"Hyderabad, Telangana, IN",17.388721042297462,78.47988610780577,17.016237759473537,77.53903788564546,1636448400,0
2021-11-09 12:00:00,12:00:00,4532117045436,Walmart,grocery_pos,720.68,"Hyderabad, Telangana, IN",17.374210560928592,78.47308086471507,17.337028838034783,78.38189075298666,1636459200,0
2021-11-09 15:00:00,15:00:00,4532117045436,Shell,entertainment,452.78,"Hyderabad, Telangana, IN",17.38020858787171,78.49341061658444,16.525577376380554,80.08619010483902,1636470000,0
2021-11-09 18:00:00,18:00:00,4532117045436,Apollo,gas_transport,388.92,"Hyderabad, Telangana, IN",17.39352269849519,78.49739744328198,17.980369048748326,78.20569594863191,1636480800,0
2021-11-09 21:00:00,21:00:00,4532117045436,Netflix,health_fitness,598.28,"Hyderabad, Telangana, IN",17.369858581814352,78.47645861256215,17.210555711010592,78.8319914968166,1636491600,0
2021-11-10 00:00:00,00:00:00,4532117045436,Amazon,shopping_net,421.88,"Hyderabad, Telangana, IN",17.371317362403044,78.48545342860261,17.007396614520875,78.24000026879422,1636502400,0
2021-11-10 03:00:00,03:00:00,4532117045436,Netflix,entertainment,310.8,"Hyderabad, Telangana, IN",17.368890035679513,78.47737437663052,17.065227521329906,78.99512190579557,1636513200,0
2021-11-10 06:00:00,06:00:00,4532117045436,Zomato,grocery_pos,368.99,"Hyderabad, Telangana, IN",17.376388351693155,78.48528214262987,17.393288219094156,78.44085424358818,1636524000,0
2021-11-10 09:00:00,09:00:00,4532117045436,Amazon,travel,496.85,"Hyderabad, Telangana, IN",17.385827152390597,78.49277907080238,17.44481151039756,77.86347244553947,1636534800,0
2021-11-10 12:00:00,12:00:00,4532117045436,Shell,health_fitness,382.56,"Hyderabad, Telangana, IN",17.378812120687453,78.50288337627008,17.311947971742086,78.36201389290375,1636545600,0
2021-11-10 15:00:00,15:00:00,4532117045436,Shell,shopping_net,393.75,"Hyderabad, Telangana, IN",17.40003349064326,78.48222967974843,17.309725194276222,77.5960125387458,1636556400,0
2021-11-10 18:00:00,18:00:00,4532117045436,Apollo,grocery_pos,295.9,"Hyderabad, Telangana, IN",17.389553097520487,78.49369912684976,17.65987967583401,78.04234496042287,1636567200,0
2021-11-10 21:00:00,21:00:00,4532117045436,Amazon,food_dining,665.3,"Hyderabad, Telangana, IN",17.38481181948108,78.4939432891403,16.835662123438745,78.67743993843735,1636578000,0
2021-11-11 00:00:00,00:00:00,4532117045436,Walmart,gas_transport,398.61,"Hyderabad, Telangana, IN",17.397674089501777,78.48518869551478,17.497595710609644,78.15937481393934,1636588800,0
2021-11-11 03:00:00,03:00:00,4532117045436,Amazon,food_dining,343.27,"Hyderabad, Telangana, IN",17.37169192992155,78.49830099792574,17.22606855387087,78.26904800783146,1636599600,0
2021-11-11 06:00:00,06:00:00,4532117045436,Zomato,gas_transport,359.23,"Hyderabad, Telangana, IN",17.393665715237827,78.4834228573525,16.38600601364121,78.95602898696666,1636610400,0
2021-11-11 09:00:00,09:00:00,4532117045436,Walmart,entertainment,570.38,"Hyderabad, Telangana, IN",17.382637413633752,78.49105401541485,16.84334838171061,78.23593192375125,1636621200,0
2021-11-11 12:00:00,12:00:00,4532117045436,MakeMyTrip,shopping_net,535.98,"Hyderabad, Telangana, IN",17.38044677356033,78.48096377466685,16.989009570800704,78.74283499053652,1636632000,0
2021-11-11 15:00:00,15:00:00,4532117045436,MakeMyTrip,entertainment,374.72,"Hyderabad, Telangana, IN",17.39111071254167,78.49201514351365,18.220196552553933,78.18879114193965,1636642800,0
2021-11-11 18:00:00,18:00:00,4532117045436,MakeMyTrip,gas_transport,454.85,"Hyderabad, Telangana, IN",17.3808749141913,78.49101210639917,17.611252027617617,78.94499013930614,1636653600,0
2021-11-11 21:00:00,21:00:00,4532117045436,Shell,gas_transport,491.51,"Hyderabad, Telangana, IN",17.386819035366877,78.49857361219338,17.520494710434306,79.14147621845832,1636664400,0
2021-11-12 00:00:00,00:00:00,4532117045436,Amazon,gas_transport,344.39,"Hyderabad, Telangana, IN",17.38400089143029,78.50505573972383,17.141514117479957,77.50272173974322,1636675200,0
2021-11-12 03:00:00,03:00:00,4532117045436,MakeMyTrip,health_fitness,218.91,"Hyderabad, Telangana, IN",17.388064517734293,78.4958582576553,17.128825709788355,77.99421129395756,1636686000,0
2021-11-12 06:00:00,06:00:00,4532117045436,Netflix,grocery_pos,527.26,"Hyderabad, Telangana, IN",17.379929195704623,78.49340660131212,16.79356010793464,78.36896162139641,1636696800,0
2021-11-12 09:00:00,09:00:00,4532117045436,Apollo,shopping_net,352.69,"Hyderabad, Telangana, IN",17.394267623599184,78.48279318306881,17.221795333516642,78.14437238718985,1636707600,0
2021-11-12 12:00:00,12:00:00,4532117045436,Netflix,entertainment,516.05,"Hyderabad, Telangana, IN",17.364558210969047,78.4640433378608,18.0728046844761,78.91556107268096,1636718400,0
2021-11-12 15:00:00,15:00:00,4532117045436,MakeMyTrip,entertainment,498.15,"Hyderabad, Telangana, IN",17.391408925551545,78.4996830308796,16.72594133521587,78.59638100303842,1636729200,0
2021-11-12 18:00:00,18:00:00,4532117045436,Apollo,food_dining,458.37,"Hyderabad, Telangana, IN",17.366087602575234,78.50526183639819,17.09178601419316,78.01383596572273,1636740000,0
2021-11-12 21:00:00,21:00:00,4532117045436,Zomato,gas_transport,386.08,"Hyderabad, Telangana, IN",17.37746551808011,78.48982981408662,17.84809353244781,79.19547389132364,1636750800,0
2021-11-13 00:00:00,00:00:00,4532117045436,Netflix,travel,354.91,"Hyderabad, Telangana, IN",17.39022359055291,78.47663892108501,17.84673723761058,79.18614655399895,1636761600,0
2021-11-13 03:00:00,03:00:00,4532117045436,Amazon,gas_transport,279.24,"Hyderabad, Telangana, IN",17.36486330428965,78.50047862747358,17.024729737850013,77.82137262926837,1636772400,0
2021-11-13 06:00:00,06:00:00,4532117045436,Amazon,gas_transport,357.79,"Hyderabad, Telangana, IN",17.386664807447158,78.49775083044729,17.9668100438157,78.18389007868306,1636783200,0
2021-11-13 09:00:00,09:00:00,4532117045436,Netflix,travel,535.32,"Hyderabad, Telangana, IN",17.371286541511324,78.46632679772743,17.167651521448573,78.9038943836132,1636794000,0
2021-11-13 12:00:00,12:00:00,4532117045436,MakeMyTrip,entertainment,659.67,"Hyderabad, Telangana, IN",17.37530930152297,78.48810409855055,16.810370209037842,78.95111100597508,1636804800,0
2021-11-13 15:00:00,15:00:00,4532117045436,Amazon,food_dining,637.66,"Hyderabad, Telangana, IN",17.37484926176992,78.48912801929204,18.13415599550316,79.18857966077282,1636815600,0
2021-11-13 18:00:00,18:00:00,4532117045436,Zomato,grocery_pos,471.81,"Hyderabad, Telangana, IN",17.371566668977216,78.47065581220383,17.43098034067965,79.72269601778771,1636826400,0
2021-11-13 21:00:00,21:00:00,4532117045436,Walmart,travel,659.59,"Hyderabad, Telangana, IN",17.36770389597425,78.47591132176804,17.301069269090846,78.6957125677955,1636837200,0
2021-11-14 00:00:00,00:00:00,4532117045436,MakeMyTrip,health_fitness,403.98,"Hyderabad, Telangana, IN",17.405711874604663,78.49761560841986,17.472414867386302,79.12502853637686,1636848000,0
2021-11-14 03:00:00,03:00:00,4532117045436,Zomato,shopping_net,256.34,"Hyderabad, Telangana, IN",17.383175285194966,78.48739733702163,16.900037902044577,79.82218016288817,1636858800,0
2021-11-14 06:00:00,06:00:00,4532117045436,Apollo,travel,738.13,"Hyderabad, Telangana, IN",17.37262577553271,78.4772005726929,17.10404820620898,78.4794073223827,1636869600,0
2021-11-14 09:00:00,09:00:00,4532117045436,Zomato,grocery_pos,529.92,"Hyderabad, Telangana, IN",17.379378760635575,78.48000590183715,18.103450914666567,78.0946455470955,1636880400,0
2021-11-14 12:00:00,12:00:00,4532117045436,MakeMyTrip,entertainment,219.81,"Hyderabad, Telangana, IN",17.385366610283917,78.47468886852815,18.3145663303357,78.61415168353679,1636891200,0
2021-11-14 15:00:00,15:00:00,4532117045436,Apollo,health_fitness,683.86,"Hyderabad, Telangana, IN",17.381213051975312,78.48745419530836,16.828414943997437,79.28331478150025,1636902000,0
2021-11-14 18:00:00,18:00:00,4532117045436,MakeMyTrip,health_fitness,338.49,"Hyderabad, Telangana, IN",17.37233158225733,78.49422303800807,17.19032071367432,79.39329047595638,1636912800,0
2021-11-14 21:00:00,21:00:00,4532117045436,Amazon,health_fitness,371.12,"Hyderabad, Telangana, IN",17.376007683194196,78.49846672705704,17.38719413087624,78.55998283026283,1636923600,0
2021-11-15 00:00:00,00:00:00,4532117045436,Walmart,gas_transport,603.21,"Hyderabad, Telangana, IN",17.39685716409589,78.48002016724267,17.48534693262974,78.40414191481315,1636934400,0
2021-11-15 03:00:00,03:00:00,4532117045436,MakeMyTrip,shopping_net,7963.3,"Delhi, Delhi, IN",17.370972870433025,78.48316216260612,19.652800904903426,72.26426153939275,1636945200,1
2021-11-15 06:00:00,06:00:00,4532117045436,MakeMyTrip,entertainment,299.89,"Hyderabad, Telangana, IN",17.365030291144294,78.49171159178609,17.710220251626108,78.52661509749518,1636956000,0
2021-11-15 09:00:00,09:00:00,4532117045436,Amazon,entertainment,670.65,"Hyderabad, Telangana, IN",17.381120451866494,78.49622607825104,17.747994502179072,77.89743706608984,1636966800,0
2021-11-15 12:00:00,12:00:00,4532117045436,Shell,health_fitness,581.14,"Hyderabad, Telangana, IN",17.365682836198605,78.49040779857506,17.810155891665392,78.00068652741739,1636977600,0
2021-11-15 15:00:00,15:00:00,4532117045436,Amazon,entertainment,330.04,"Hyderabad, Telangana, IN",17.375902265956565,78.49937533066927,17.761232079534004,78.60481160845741,1636988400,0
2021-11-15 18:00:00,18:00:00,4532117045436,Apollo,shopping_net,413.11,"Hyderabad, Telangana, IN",17.37248062801587,78.50486905684853,17.425616320274667,77.8479702809119,1636999200,0
2021-11-15 21:00:00,21:00:00,4532117045436,Amazon,shopping_net,677.42,"Hyderabad, Telangana, IN",17.372568113585345,78.4703998579794,17.880277931290074,78.66437335799246,1637010000,0
2021-11-16 00:00:00,00:00:00,4532117045436,Amazon,food_dining,215.92,"Hyderabad, Telangana, IN",17.385695297843718,78.50189016825685,17.657033131439107,78.9611779142908,1637020800,0
2021-11-16 03:00:00,03:00:00,4532117045436,Walmart,travel,657.11,"Hyderabad, Telangana, IN",17.38757056969644,78.49968569048978,16.64306244136166,77.96019187916387,1637031600,0
2021-11-16 06:00:00,06:00:00,4532117045436,Amazon,travel,576.96,"Hyderabad, Telangana, IN",17.376940983579413,78.47494448104406,16.646578605207814,78.19219122897644,1637042400,0
2021-11-16 09:00:00,09:00:00,4532117045436,MakeMyTrip,food_dining,526.37,"Hyderabad, Telangana, IN",17.384056178506945,78.49133779682462,17.53928737970949,77.76343974523331,1637053200,0
2021-11-16 12:00:00,12:00:00,4532117045436,Walmart,grocery_pos,469.75,"Hyderabad, Telangana, IN",17.376442793652465,78.49305973939698,18.0279092384814,78.78352037897854,1637064000,0
2021-11-16 15:00:00,15:00:00,4532117045436,Netflix,travel,745.52,"Hyderabad, Telangana, IN",17.389008386375032,78.47580183896513,17.60802272802817,77.74285963859792,1637074800,0
2021-11-16 18:00:00,18:00:00,4532117045436,Shell,shopping_net,767.69,"Hyderabad, Telangana, IN",17.370223363099964,78.48608914550056,17.679157848785806,78.83648915504028,1637085600,0
2021-11-16 21:00:00,21:00:00,4532117045436,Walmart,shopping_net,357.72,"Hyderabad, Telangana, IN",17.38665240647119,78.48826398599341,16.855455301709945,78.63160398298847,1637096400,0
2021-11-17 00:00:00,00:00:00,4532117045436,Apollo,travel,541.83,"Hyderabad, Telangana, IN",17.387410805961753,78.47590069025048,17.418671509922195,79.5661206433157,1637107200,0
2021-11-17 03:00:00,03:00:00,4532117045436,Netflix,shopping_net,731.16,"Hyderabad, Telangana, IN",17.40835979169853,78.48331083361458,17.95605329864938,79.32272238567106,1637118000,0
2021-11-17 06:00:00,06:00:00,4532117045436,Walmart,food_dining,332.24,"Hyderabad, Telangana, IN",17.367455569067427,78.50071177469489,17.607905752670735,77.89312910556642,1637128800,0
2021-11-17 09:00:00,09:00:00,4532117045436,Walmart,health_fitness,3341.88,"Chennai, Tamil Nadu, IN",17.41155760448913,78.50353324093136,28.55895712430113,80.3043756488904,1637139600,1
2021-11-17 12:00:00,12:00:00,4532117045436,Shell,health_fitness,600.58,"Hyderabad, Telangana, IN",17.39256684610589,78.47566417070216,17.68206271203742,78.21934792769247,1637150400,0
2021-11-17 15:00:00,15:00:00,4532117045436,MakeMyTrip,entertainment,147.77,"Hyderabad, Telangana, IN",17.40327314706141,78.46005264336333,17.49827062855489,78.0832795987994,1637161200,0
2021-11-17 18:00:00,18:00:00,4532117045436,Apollo,health_fitness,574.28,"Hyderabad, Telangana, IN",17.394052651392524,78.49907357796427,17.972269199129943,78.23276867140025,1637172000,0
2021-11-17 21:00:00,21:00:00,4532117045436,Zomato,gas_transport,286.74,"Hyderabad, Telangana, IN",17.37556459790972,78.50492412855124,17.497893773978905,78.34265864996667,1637182800,0
2021-11-18 00:00:00,00:00:00,4532117045436,Zomato,food_dining,478.85,"Hyderabad, Telangana, IN",17.39157840006489,78.49546765606182,17.36962622450955,79.56627196303921,1637193600,0
2021-11-18 03:00:00,03:00:00,4532117045436,Walmart,shopping_net,621.65,"Hyderabad, Telangana, IN",17.37834347260545,78.48382998141628,16.861319001819396,77.07910858399373,1637204400,0
2021-11-18 06:00:00,06:00:00,4532117045436,Amazon,travel,91.62,"Hyderabad, Telangana, IN",17.38411855324308,78.47586273149311,17.992195921911726,79.41282330016034,1637215200,0
2021-11-18 09:00:00,09:00:00,4532117045436,Apollo,health_fitness,567.88,"Hyderabad, Telangana, IN",17.373253149060456,78.49286775679816,16.914790486473233,78.90144928934167,1637226000,0
2021-11-18 12:00:00,12:00:00,4532117045436,Netflix,food_dining,755.75,"Hyderabad, Telangana, IN",17.378213023388625,78.49724678978302,17.503739181213195,78.57060401084259,1637236800,0
2021-11-18 15:00:00,15:00:00,4532117045436,Amazon,health_fitness,370.0,"Hyderabad, Telangana, IN",17.39396976538306,78.4801019112367,17.78547803221003,78.18728852746098,1637247600,0
2021-11-18 18:00:00,18:00:00,4532117045436,Amazon,grocery_pos,536.5,"Hyderabad, Telangana, IN",17.38937956506849,78.48945058068317,18.279667914316644,78.44040295646961,1637258400,0
2021-11-18 21:00:00,21:00:00,4532117045436,Apollo,shopping_net,650.29,"Hyderabad, Telangana, IN",17.395242302339273,78.48235289470094,17.498314710186204,78.91235126267735,1637269200,0
2021-11-19 00:00:00,00:00:00,4532117045436,MakeMyTrip,grocery_pos,211.06,"Hyderabad, Telangana, IN",17.371021879975157,78.49423935604983,18.080646106437822,78.9676923130106,1637280000,0
2021-11-19 03:00:00,03:00:00,4532117045436,Walmart,shopping_net,563.61,"Hyderabad, Telangana, IN",17.366295591105708,78.46611157752747,17.398693194036078,78.07099605297898,1637290800,0
2021-11-19 06:00:00,06:00:00,4532117045436,Walmart,food_dining,603.56,"Hyderabad, Telangana, IN",17.396017157121694,78.49066672526541,17.104786588891727,78.87344464301856,1637301600,0
2021-11-19 09:00:00,09:00:00,4532117045436,Walmart,entertainment,545.79,"Hyderabad, Telangana, IN",17.39527672869688,78.48304051752775,18.768210819757776,78.19264014343409,1637312400,0
2021-11-19 12:00:00,12:00:00,4532117045436,Walmart,health_fitness,462.99,"Hyderabad, Telangana, IN",17.387115374452918,78.50502068869993,16.77595671194404,78.39865039049121,1637323200,0
2021-11-19 15:00:00,15:00:00,4532117045436,Zomato,health_fitness,299.94,"Hyderabad, Telangana, IN",17.38919225648751,78.48981989687196,18.8456621864578,79.14296181618778,1637334000,0
2021-11-19 18:00:00,18:00:00,4532117045436,Walmart,gas_transport,658.71,"Hyderabad, Telangana, IN",17.39365038145131,78.49377741169643,18.19918346013983,78.88351008285115,1637344800,0
2021-11-19 21:00:00,21:00:00,4532117045436,Zomato,travel,455.18,"Hyderabad, Telangana, IN",17.386815240925884,78.47726846776327,17.09759877955062,77.6773286447436,1637355600,0
2021-11-20 00:00:00,00:00:00,4532117045436,Zomato,grocery_pos,314.42,"Hyderabad, Telangana, IN",17.390366672481026,78.48448572496906,17.70992402652769,78.55417141787613,1637366400,0
2021-11-20 03:00:00,03:00:00,4532117045436,MakeMyTrip,health_fitness,402.3,"Hyderabad, Telangana, IN",17.39314822720248,78.49064506744821,16.686122895675446,78.6963852070972,1637377200,0
2021-11-20 06:00:00,06:00:00,4532117045436,Walmart,food_dining,505.26,"Hyderabad, Telangana, IN",17.38406485503649,78.4831057842856,17.681516151014293,78.5610741991001,1637388000,0
2021-11-20 09:00:00,09:00:00,4532117045436,Shell,entertainment,215.82,"Hyderabad, Telangana, IN",17.381544051099297,78.48427735728664,17.546049753915327,77.2282047965395,1637398800,0
2021-11-20 12:00:00,12:00:00,4532117045436,Netflix,travel,452.69,"Hyderabad, Telangana, IN",17.3888205303576,78.48932963163617,17.81823708592751,77.80938426390685,1637409600,0
2021-11-20 15:00:00,15:00:00,4532117045436,Amazon,food_dining,387.47,"Hyderabad, Telangana, IN",17.40764614030758,78.46956745478387,17.183010995141423,77.59997480472404,1637420400,0
2021-11-20 18:00:00,18:00:00,4532117045436,Zomato,grocery_pos,650.4,"Hyderabad, Telangana, IN",17.376523163577488,78.48145584543882,17.4645122706945,78.1696331127049,1637431200,0
2021-11-20 21:00:00,21:00:00,4532117045436,Apollo,gas_transport,168.77,"Hyderabad, Telangana, IN",17.380692598412463,78.49458796441753,17.623137336188968,78.55563963849957,1637442000,0
2021-11-21 00:00:00,00:00:00,4532117045436,Apollo,health_fitness,590.81,"Hyderabad, Telangana, IN",17.367435892936157,78.48276355640897,17.140768455466525,78.22562342751276,1637452800,0
2021-11-21 03:00:00,03:00:00,4532117045436,Netflix,food_dining,662.56,"Hyderabad, Telangana, IN",17.38934803396923,78.51006572222558,18.088047676000947,78.17621020666667,1637463600,0
2021-11-21 06:00:00,06:00:00,4532117045436,Apollo,travel,174.44,"Hyderabad, Telangana, IN",17.37970066208256,78.48760744452201,17.450069263979632,77.61616509245609,1637474400,0
2021-11-21 09:00:00,09:00:00,4532117045436,Shell,shopping_net,192.42,"Hyderabad, Telangana, IN",17.370996676552156,78.46817974826867,17.557186986056216,77.86229709825392,1637485200,0
2021-11-21 12:00:00,12:00:00,4532117045436,Apollo,entertainment,717.89,"Hyderabad, Telangana, IN",17.384364095147667,78.49113874800894,16.968611061115325,78.00893502437619,1637496000,0
2021-11-21 15:00:00,15:00:00,4532117045436,Amazon,travel,314.34,"Hyderabad, Telangana, IN",17.399946315650503,78.47614077218796,16.559329252289004,78.92753247960796,1637506800,0
2021-11-21 18:00:00,18:00:00,4532117045436,Amazon,food_dining,914.22,"Hyderabad, Telangana, IN",17.38147974018736,78.49009993548866,16.711829599102153,78.70226416122624,1637517600,0
2021-11-21 21:00:00,21:00:00,4532117045436,Zomato,entertainment,179.12,"Hyderabad, Telangana, IN",17.38239485966058,78.48104271805795,17.683157244114188,78.87867548072762,1637528400,0
2021-11-22 00:00:00,00:00:00,4532117045436,Walmart,health_fitness,475.51,"Hyderabad, Telangana, IN",17.399557069282366,78.48170575854267,16.989854601285167,78.71767039018272,1637539200,0
2021-11-22 03:00:00,03:00:00,4532117045436,MakeMyTrip,shopping_net,446.49,"Hyderabad, Telangana, IN",17.38494991795438,78.49705157682362,17.749438854854734,78.89785236997412,1637550000,0
2021-11-22 06:00:00,06:00:00,4532117045436,Shell,gas_transport,418.77,"Hyderabad, Telangana, IN",17.372923596965954,78.47086514099456,18.212370773059277,77.80372226489872,1637560800,0
2021-11-22 09:00:00,09:00:00,4532117045436,Zomato,travel,519.44,"Hyderabad, Telangana, IN",17.391889991893628,78.48184745242703,17.770488259799237,79.15479908770236,1637571600,0
2021-11-22 12:00:00,12:00:00,4532117045436,Shell,gas_transport,528.1,"Hyderabad, Telangana, IN",17.396245932947235,78.48072980102891,17.59815532169672,79.01072262271903,1637582400,0
2021-11-22 15:00:00,15:00:00,4532117045436,Walmart,shopping_net,424.85,"Hyderabad, Telangana, IN",17.382996248162357,78.50007039125904,17.71284113773722,78.29976458831295,1637593200,0
2021-11-22 18:00:00,18:00:00,4532117045436,Apollo,entertainment,297.87,"Hyderabad, Telangana, IN",17.386304930197156,78.48321085598892,17.93701180873323,78.97169031446256,1637604000,0
2021-11-22 21:00:00,21:00:00,4532117045436,Apollo,health_fitness,607.16,"Hyderabad, Telangana, IN",17.37188812166483,78.477284227494,17.54085957806137,79.09461270607041,1637614800,0
2021-11-23 00:00:00,00:00:00,4532117045436,MakeMyTrip,food_dining,544.21,"Hyderabad, Telangana, IN",17.376294126731633,78.48901243517292,17.71684747920994,78.46020715489693,1637625600,0
2021-11-23 03:00:00,03:00:00,4532117045436,Walmart,shopping_net,467.19,"Hyderabad, Telangana, IN",17.38166960393753,78.47775713816051,17.102292193839677,78.75530779902122,1637636400,0
2021-11-23 06:00:00,06:00:00,4532117045436,Zomato,grocery_pos,539.46,"Hyderabad, Telangana, IN",17.385769306052055,78.47920629244233,16.896893853015925,78.22712734395402,1637647200,0
2021-11-23 09:00:00,09:00:00,4532117045436,MakeMyTrip,entertainment,565.34,"Hyderabad, Telangana, IN",17.378802522707392,78.49360118216559,17.13210338589868,79.14666961791362,1637658000,0
2021-11-23 12:00:00,12:00:00,4532117045436,Walmart,gas_transport,335.74,"Hyderabad, Telangana, IN",17.381292207352917,78.45803928392111,17.221821305342193,78.26064411074327,1637668800,0
2021-11-23 15:00:00,15:00:00,4532117045436,Netflix,travel,534.1,"Hyderabad, Telangana, IN",17.383761829068167,78.4770597166767,17.20141745450374,78.64361626886482,1637679600,0
2021-11-23 18:00:00,18:00:00,4532117045436,Amazon,shopping_net,367.04,"Hyderabad, Telangana, IN",17.37501974393675,78.47993231697396,17.958321263762198,78.46518408563136,1637690400,0
2021-11-23 21:00:00,21:00:00,4532117045436,MakeMyTrip,gas_transport,570.31,"Hyderabad, Telangana, IN",17.38231199102543,78.50215126867025,16.02711812945873,78.19543637699083,1637701200,0
2021-11-24 00:00:00,00:00:00,4532117045436,MakeMyTrip,entertainment,421.14,"Hyderabad, Telangana, IN",17.39655939966211,78.49115330815854,17.27813387573922,77.63434539702253,1637712000,0
2021-11-24 03:00:00,03:00:00,4532117045436,Zomato,gas_transport,541.76,"Hyderabad, Telangana, IN",17.37903977603501,78.48638273347548,17.756640248399815,78.92978505747661,1637722800,0
2021-11-24 06:00:00,06:00:00,4532117045436,Shell,shopping_net,384.93,"Hyderabad, Telangana, IN",17.375990690551507,78.48566798050076,17.738381564948995,78.46897522661324,1637733600,0
2021-11-24 09:00:00,09:00:00,4532117045436,Netflix,entertainment,549.56,"Hyderabad, Telangana, IN",17.405851244612773,78.48793468538138,16.97553363716767,79.40256399759289,1637744400,0
2021-11-24 12:00:00,12:00:00,4532117045436,Zomato,grocery_pos,303.18,"Hyderabad, Telangana, IN",17.387256024917193,78.48915602462327,18.254358908481034,79.09506022385018,1637755200,0
2021-11-24 15:00:00,15:00:00,4532117045436,Walmart,shopping_net,455.43,"Hyderabad, Telangana, IN",17.37727161677891,78.48795535537991,16.69312361439729,79.08791015873123,1637766000,0
2021-11-24 18:00:00,18:00:00,4532117045436,Walmart,food_dining,597.09,"Hyderabad, Telangana, IN",17.391435005365974,78.50616573926463,17.21001643294772,78.8534003724366,1637776800,0
2021-11-24 21:00:00,21:00:00,4532117045436,Walmart,health_fitness,520.08,"Hyderabad, Telangana, IN",17.38756107245071,78.48230796561644,17.230085758156786,78.86381979250565,1637787600,0
2021-11-25 00:00:00,00:00:00,4532117045436,Walmart,shopping_net,478.8,"Hyderabad, Telangana, IN",17.379298136648522,78.48844387629008,17.225074917318683,78.56491543390223,1637798400,0
2021-11-25 03:00:00,03:00:00,4532117045436,Shell,entertainment,720.53,"Hyderabad, Telangana, IN",17.38451048183692,78.48707992106468,18.064850211588936,78.89895784247719,1637809200,0
2021-11-25 06:00:00,06:00:00,4532117045436,Netflix,travel,603.55,"Hyderabad, Telangana, IN",17.382085606590532,78.49609279041483,17.39298151151601,78.26274300219542,1637820000,0
2021-11-25 09:00:00,09:00:00,4532117045436,Apollo,health_fitness,578.33,"Hyderabad, Telangana, IN",17.394900831639937,78.47976775719422,17.544887737529024,77.26572775345647,1637830800,0
2021-11-25 12:00:00,12:00:00,4532117045436,Amazon,shopping_net,548.7,"Hyderabad, Telangana, IN",17.39181342425655,78.4830318360324,17.824658645744382,78.840562910456,1637841600,0
2021-11-25 15:00:00,15:00:00,4532117045436,Shell,grocery_pos,567.4,"Hyderabad, Telangana, IN",17.36357055438307,78.47158346284066,17.065209132940378,78.85176980447416,1637852400,0
2021-11-25 18:00:00,18:00:00,4532117045436,Shell,travel,698.57,"Hyderabad, Telangana, IN",17.404029089661993,78.49657014836063,17.307635018897678,77.8259055302846,1637863200,0
2021-11-25 21:00:00,21:00:00,4532117045436,Apollo,grocery_pos,387.35,"Hyderabad, Telangana, IN",17.3821168313026,78.47147102753515,18.22303396323495,78.74356125799503,1637874000,0
2021-11-26 00:00:00,00:00:00,4532117045436,Apollo,food_dining,601.41,"Hyderabad, Telangana, IN",17.40222363186052,78.49209556453117,17.57412146538904,78.73582028281913,1637884800,0
2021-11-26 03:00:00,03:00:00,4532117045436,Amazon,travel,503.47,"Hyderabad, Telangana, IN",17.392160511352632,78.50351095693328,16.837511499800794,79.026224918055,1637895600,0
2021-11-26 06:00:00,06:00:00,4532117045436,Amazon,gas_transport,392.53,"Hyderabad, Telangana, IN",17.387482299350776,78.50595735420458,16.956820674455834,78.43385541666477,1637906400,0
2021-11-26 09:00:00,09:00:00,4532117045436,Apollo,travel,435.04,"Hyderabad, Telangana, IN",17.384058374064,78.48364031502855,17.830966434013792,77.72568870448829,1637917200,0
2021-11-26 12:00:00,12:00:00,4532117045436,Walmart,health_fitness,482.87,"Hyderabad, Telangana, IN",17.412587772478112,78.48324122399995,16.82026292383302,78.24470901618014,1637928000,0
2021-11-26 15:00:00,15:00:00,4532117045436,Shell,travel,321.01,"Hyderabad, Telangana, IN",17.382283504475932,78.48595881079305,17.148504954735355,78.24290475484268,1637938800,0
2021-11-26 18:00:00,18:00:00,4532117045436,Zomato,entertainment,579.6,"Hyderabad, Telangana, IN",17.378286688965353,78.49570739330274,17.48665109837115,78.4280669211996,1637949600,0
2021-11-26 21:00:00,21:00:00,4532117045436,Amazon,entertainment,434.57,"Hyderabad, Telangana, IN",17.37918690972883,78.48537904045126,17.391810753301353,78.54775844211831,1637960400,0
2021-11-27 00:00:00,00:00:00,4532117045436,Amazon,gas_transport,462.74,"Hyderabad, Telangana, IN",17.38501059167962,78.48396261653596,18.126608796551466,78.36804597597872,1637971200,0
2021-11-27 03:00:00,03:00:00,4532117045436,Apollo,travel,653.58,"Hyderabad, Telangana, IN",17.384993137532256,78.49742705673627,16.15969129715295,78.68473273555368,1637982000,0
2021-11-27 06:00:00,06:00:00,4532117045436,Netflix,grocery_pos,3932.42,"Chennai, Tamil Nadu, IN",17.395040239723365,78.48713675284344,28.309522876940832,72.30722775606677,1637992800,1
2021-11-27 09:00:00,09:00:00,4532117045436,Zomato,grocery_pos,682.9,"Hyderabad, Telangana, IN",17.39258249034212,78.48516911217372,17.243708560481608,78.66662041480025,1638003600,0
2021-11-27 12:00:00,12:00:00,4532117045436,Zomato,shopping_net,371.28,"Hyderabad, Telangana, IN",17.39259490686454,78.4779386823818,18.04350410420222,78.10722752334769,1638014400,0
2021-11-27 15:00:00,15:00:00,4532117045436,Amazon,food_dining,285.44,"Hyderabad, Telangana, IN",17.382717620068487,78.49697030383464,17.267186439234973,78.38598146045986,1638025200,0
2021-11-27 18:00:00,18:00:00,4532117045436,Walmart,health_fitness,406.5,"Hyderabad, Telangana, IN",17.391765221080114,78.48917078134856,17.281675368953323,77.57227038217894,1638036000,0
2021-11-27 21:00:00,21:00:00,4532117045436,Netflix,food_dining,27.79,"Hyderabad, Telangana, IN",17.392812966426817,78.48658277450866,17.382961706857568,78.95855154061142,1638046800,0
2021-11-28 00:00:00,00:00:00,4532117045436,Zomato,travel,585.86,"Hyderabad, Telangana, IN",17.38420673881515,78.46808025235998,17.05442967377193,78.33363921990835,1638057600,0
2021-11-28 03:00:00,03:00:00,4532117045436,Amazon,food_dining,294.17,"Hyderabad, Telangana, IN",17.387792001487227,78.49624498395391,17.089543663995528,78.65610024492439,1638068400,0
2021-11-28 06:00:00,06:00:00,4532117045436,Zomato,shopping_net,357.35,"Hyderabad, Telangana, IN",17.39280031392825,78.47535752131148,17.310522150311154,78.07611482734785,1638079200,0
2021-11-28 09:00:00,09:00:00,4532117045436,MakeMyTrip,food_dining,557.44,"Hyderabad, Telangana, IN",17.38711165301009,78.49121918961019,18.20748621572271,78.20680860507277,1638090000,0
2021-11-28 12:00:00,12:00:00,4532117045436,Netflix,gas_transport,6715.6,"Kolkata, West Bengal, IN",17.388065782751486,78.47891465685285,19.649693042444238,77.96524913375444,1638100800,1
2021-11-28 15:00:00,15:00:00,4532117045436,Netflix,shopping_net,383.92,"Hyderabad, Telangana, IN",17.39907095240415,78.47596901056693,17.041251312297973,78.56610215789401,1638111600,0
2021-11-28 18:00:00,18:00:00,4532117045436,MakeMyTrip,gas_transport,144.52,"Hyderabad, Telangana, IN",17.387190135234754,78.49598151484473,17.18492594680454,78.77432945246161,1638122400,0
2021-11-28 21:00:00,21:00:00,4532117045436,Shell,travel,645.12,"Hyderabad, Telangana, IN",17.378922679166546,78.48771657899243,17.386698017946237,77.98611115580617,1638133200,0
2021-11-29 00:00:00,00:00:00,4532117045436,MakeMyTrip,shopping_net,558.46,"Hyderabad, Telangana, IN",17.371543199887647,78.48711040118651,18.281222287132,78.55666037390243,1638144000,0
2021-11-29 03:00:00,03:00:00,4532117045436,Apollo,travel,758.36,"Hyderabad, Telangana, IN",17.386131509539666,78.50620509489059,17.00310736311723,78.36425523432207,1638154800,0
2021-11-29 06:00:00,06:00:00,4532117045436,Apollo,travel,360.54,"Hyderabad, Telangana, IN",17.381685328733518,78.50605035735434,18.634546474653945,78.58376061214717,1638165600,0
2021-11-29 09:00:00,09:00:00,4532117045436,Amazon,food_dining,231.83,"Hyderabad, Telangana, IN",17.393083139309972,78.48423045898546,17.611149676233843,78.03747563480194,1638176400,0
2021-11-29 12:00:00,12:00:00,4532117045436,Netflix,gas_transport,599.21,"Hyderabad, Telangana, IN",17.40077698098693,78.4736285373327,16.884836932217443,78.71921035028643,1638187200,0
2021-11-29 15:00:00,15:00:00,4532117045436,Shell,travel,421.79,"Hyderabad, Telangana, IN",17.37470294876689,78.50083811822228,17.11137244583064,78.34727683847466,1638198000,0
2021-11-29 18:00:00,18:00:00,4532117045436,Shell,gas_transport,544.23,"Hyderabad, Telangana, IN",17.376141527566453,78.47325391446927,16.416775122404903,78.41748949122119,1638208800,0
2021-11-29 21:00:00,21:00:00,4532117045436,Zomato,gas_transport,692.99,"Hyderabad, Telangana, IN",17.384758408904197,78.49145198942766,17.438340952589144,79.65696442428806,1638219600,0
2021-11-30 00:00:00,00:00:00,4532117045436,Zomato,shopping_net,508.22,"Hyderabad, Telangana, IN",17.37700068128408,78.48402107558302,17.910767632844532,77.60572189094108,1638230400,0
2021-11-30 03:00:00,03:00:00,4532117045436,MakeMyTrip,entertainment,475.09,"Hyderabad, Telangana, IN",17.3827797406906,78.48745999420652,17.40054449014883,78.75682499017988,1638241200,0
2021-11-30 06:00:00,06:00:00,4532117045436,Shell,food_dining,484.5,"Hyderabad, Telangana, IN",17.379638267810996,78.49896291570849,17.786403699283774,78.70432256696198,1638252000,0
2021-11-30 09:00:00,09:00:00,4532117045436,MakeMyTrip,travel,204.41,"Hyderabad, Telangana, IN",17.374922222097304,78.47883155603122,17.599243640595116,78.80197029666834,1638262800,0
2021-11-30 12:00:00,12:00:00,4532117045436,MakeMyTrip,gas_transport,616.21,"Hyderabad, Telangana, IN",17.39325885381676,78.48061839275853,17.990067244253222,78.77955127127697,1638273600,0
2021-11-30 15:00:00,15:00:00,4532117045436,Zomato,health_fitness,625.81,"Hyderabad, Telangana, IN",17.38575282044643,78.49428052400032,16.895131066441678,78.5833350691236,1638284400,0
2021-11-30 18:00:00,18:00:00,4532117045436,Netflix,entertainment,529.59,"Hyderabad, Telangana, IN",17.403303687293757,78.50458818307037,17.8264411077044,78.69089260126832,1638295200,0
2021-11-30 21:00:00,21:00:00,4532117045436,MakeMyTrip,travel,222.69,"Hyderabad, Telangana, IN",17.388590066409545,78.51144173963304,18.32838797119421,79.82959080045532,1638306000,0
2021-12-01 00:00:00,00:00:00,4532117045436,Walmart,health_fitness,431.83,"Hyderabad, Telangana, IN",17.397885323390486,78.47219189327457,18.66764955783208,78.40054096054939,1638316800,0
2021-12-01 03:00:00,03:00:00,4532117045436,Netflix,food_dining,665.78,"Hyderabad, Telangana, IN",17.37771203385563,78.48250389373733,18.095163087954152,78.39535823641387,1638327600,0
2021-12-01 06:00:00,06:00:00,4532117045436,Shell,food_dining,365.14,"Hyderabad, Telangana, IN",17.37758792864798,78.47638457138653,17.470735705032897,77.95319450871543,1638338400,0
2021-12-01 09:00:00,09:00:00,4532117045436,Shell,gas_transport,627.64,"Hyderabad, Telangana, IN",17.40720870606973,78.49516551675399,16.902363390589084,78.0742217010969,1638349200,0
2021-12-01 12:00:00,12:00:00,4532117045436,MakeMyTrip,gas_transport,458.26,"Hyderabad, Telangana, IN",17.378910840704044,78.48730867413528,16.976688510573027,78.59849584636561,1638360000,0
2021-12-01 15:00:00,15:00:00,4532117045436,Netflix,travel,556.88,"Hyderabad, Telangana, IN",17.375508504491744,78.49547787374964,17.298412503855772,78.67119018962329,1638370800,0
2021-12-01 18:00:00,18:00:00,4532117045436,Zomato,shopping_net,388.18,"Hyderabad, Telangana, IN",17.373287538569627,78.48274885597385,18.31496119376016,78.43035282779574,1638381600,0
2021-12-01 21:00:00,21:00:00,4532117045436,Zomato,entertainment,462.66,"Hyderabad, Telangana, IN",17.404157505646968,78.4936952800443,17.119815146272963,78.81292194690971,1638392400,0
2021-12-02 00:00:00,00:00:00,4532117045436,Apollo,travel,515.51,"Hyderabad, Telangana, IN",17.382253029603355,78.4849105976825,17.474798615413185,78.2862739149276,1638403200,0
2021-12-02 03:00:00,03:00:00,4532117045436,Shell,entertainment,287.51,"Hyderabad, Telangana, IN",17.38903392080101,78.48812230484207,17.85538188850644,79.72933008950322,1638414000,0
2021-12-02 06:00:00,06:00:00,4532117045436,Amazon,gas_transport,491.09,"Hyderabad, Telangana, IN",17.3865139721949,78.48093759030449,15.742166897958342,78.563042702402,1638424800,0
2021-12-02 09:00:00,09:00:00,4532117045436,Apollo,food_dining,46.72,"Hyderabad, Telangana, IN",17.377765904516774,78.50030043615224,16.853293739524144,78.82364297312957,1638435600,0
2021-12-02 12:00:00,12:00:00,4532117045436,Zomato,gas_transport,359.77,"Hyderabad, Telangana, IN",17.38203697002496,78.47407282630397,18.361585601206748,78.56746561038325,1638446400,0
2021-12-02 15:00:00,15:00:00,4532117045436,Netflix,food_dining,531.58,"Hyderabad, Telangana, IN",17.39345683870695,78.48556269902032,17.906451224222852,78.18556538996523,1638457200,0
2021-12-02 18:00:00,18:00:00,4532117045436,Zomato,travel,618.04,"Hyderabad, Telangana, IN",17.37274142281542,78.50450883982938,17.909822270099525,78.23311859287803,1638468000,0
2021-12-02 21:00:00,21:00:00,4532117045436,Netflix,food_dining,520.91,"Hyderabad, Telangana, IN",17.391741682405915,78.49945981735229,16.915252777862953,77.91332656735212,1638478800,0
2021-12-03 00:00:00,00:00:00,4532117045436,Apollo,gas_transport,241.45,"Hyderabad, Telangana, IN",17.399340376645217,78.47826782178285,18.110750792985055,77.62550955001865,1638489600,0
2021-12-03 03:00:00,03:00:00,4532117045436,Shell,grocery_pos,604.93,"Hyderabad, Telangana, IN",17.387923753399882,78.47877637029751,16.9765292453503,78.96160170038169,1638500400,0
2021-12-03 06:00:00,06:00:00,4532117045436,Zomato,entertainment,279.13,"Hyderabad, Telangana, IN",17.39833400234333,78.49184074698613,17.430773928470906,78.18207777236724,1638511200,0
2021-12-03 09:00:00,09:00:00,4532117045436,MakeMyTrip,health_fitness,5000.15,"Mumbai, Maharashtra, IN",17.371285866377793,78.4931993373269,19.01112719079661,76.98818522768467,1638522000,1
2021-12-03 12:00:00,12:00:00,4532117045436,Netflix,food_dining,284.12,"Hyderabad, Telangana, IN",17.366699575473163,78.49859903720454,17.80144328755046,79.25307888900949,1638532800,0
2021-12-03 15:00:00,15:00:00,4532117045436,Shell,food_dining,334.02,"Hyderabad, Telangana, IN",17.387426443400578,78.47260740253404,17.631773984342573,79.0711667795315,1638543600,0
2021-12-03 18:00:00,18:00:00,4532117045436,Amazon,grocery_pos,6005.92,"Mumbai, Maharashtra, IN",17.37913654955741,78.49985793412719,23.217935897787697,87.64455479259391,1638554400,1
2021-12-03 21:00:00,21:00:00,4532117045436,Netflix,travel,470.84,"Hyderabad, Telangana, IN",17.393787649616602,78.47768569799227,16.461207917750176,78.3813630205349,1638565200,0
2021-12-04 00:00:00,00:00:00,4532117045436,Apollo,travel,420.67,"Hyderabad, Telangana, IN",17.381895560194565,78.50004673784136,17.426176402534573,78.40999785465588,1638576000,0
2021-12-04 03:00:00,03:00:00,4532117045436,Amazon,travel,526.34,"Hyderabad, Telangana, IN",17.386471923749585,78.47054576917101,16.300752152169636,79.58794984618869,1638586800,0
2021-12-04 06:00:00,06:00:00,4532117045436,Amazon,health_fitness,447.2,"Hyderabad, Telangana, IN",17.385809838280746,78.47556045827902,17.668789665092397,78.57289538272241,1638597600,0
2021-12-04 09:00:00,09:00:00,4532117045436,Walmart,shopping_net,222.32,"Hyderabad, Telangana, IN",17.386128839949006,78.50391015474425,16.895669910362454,79.98265344136422,1638608400,0
2021-12-04 12:00:00,12:00:00,4532117045436,Zomato,grocery_pos,491.37,"Hyderabad, Telangana, IN",17.379573545121872,78.5044603763726,17.305235576746878,77.83638687042752,1638619200,0
2021-12-04 15:00:00,15:00:00,4532117045436,Netflix,health_fitness,185.68,"Hyderabad, Telangana, IN",17.371353518683634,78.48770335340828,17.12923367247576,78.51017546517103,1638630000,0
2021-12-04 18:00:00,18:00:00,4532117045436,Amazon,grocery_pos,317.42,"Hyderabad, Telangana, IN",17.382808084552813,78.48340710515996,17.668006153461615,79.06958381065404,1638640800,0
2021-12-04 21:00:00,21:00:00,4532117045436,Walmart,food_dining,395.41,"Hyderabad, Telangana, IN",17.39950041705032,78.48653946270457,16.98994813962475,79.02674952929108,1638651600,0
2021-12-05 00:00:00,00:00:00,4532117045436,Apollo,entertainment,385.02,"Hyderabad, Telangana, IN",17.378911717075383,78.49084727950923,17.51310585506384,78.80249732995311,1638662400,0
2021-12-05 03:00:00,03:00:00,4532117045436,Shell,grocery_pos,202.89,"Hyderabad, Telangana, IN",17.37885653401274,78.49174810623681,17.47727435206613,78.1815436108988,1638673200,0
2021-12-05 06:00:00,06:00:00,4532117045436,MakeMyTrip,shopping_net,4024.0,"Kolkata, West Bengal, IN",17.386576474268686,78.48375267430706,18.197839866432073,79.38946366462068,1638684000,1
2021-12-05 09:00:00,09:00:00,4532117045436,MakeMyTrip,gas_transport,697.2,"Hyderabad, Telangana, IN",17.37322897491358,78.46734526753829,17.581337817911855,78.39729428604285,1638694800,0
2021-12-05 12:00:00,12:00:00,4532117045436,Netflix,health_fitness,787.62,"Hyderabad, Telangana, IN",17.395034881670245,78.4812629643184,16.783756547566878,79.00832806722077,1638705600,0
2021-12-05 15:00:00,15:00:00,4532117045436,Amazon,grocery_pos,622.15,"Hyderabad, Telangana, IN",17.374182645462124,78.47114996716331,16.8020555698619,79.33671134977534,1638716400,0
2021-12-05 18:00:00,18:00:00,4532117045436,MakeMyTrip,grocery_pos,390.68,"Hyderabad, Telangana, IN",17.382107027849028,78.49435810621655,18.101737859632866,78.54212311395443,1638727200,0
2021-12-05 21:00:00,21:00:00,4532117045436,Zomato,shopping_net,388.1,"Hyderabad, Telangana, IN",17.41038908373627,78.4903889350158,16.615063703642548,78.43764088427963,1638738000,0
2021-12-06 00:00:00,00:00:00,4532117045436,MakeMyTrip,entertainment,379.82,"Hyderabad, Telangana, IN",17.373574357629444,78.48558751218978,18.468173907469808,78.59108814565215,1638748800,0
2021-12-06 03:00:00,03:00:00,4532117045436,MakeMyTrip,grocery_pos,747.85,"Hyderabad, Telangana, IN",17.399723707175276,78.48419232575313,17.316118598572874,78.59676625206139,1638759600,0
2021-12-06 06:00:00,06:00:00,4532117045436,MakeMyTrip,grocery_pos,432.67,"Hyderabad, Telangana, IN",17.386212481671915,78.50636104240584,16.959760307588503,79.08001360688353,1638770400,0
2021-12-06 09:00:00,09:00:00,4532117045436,Walmart,entertainment,640.38,"Hyderabad, Telangana, IN",17.387623181374824,78.49816393675539,17.8155742712324,78.30251858353328,1638781200,0
2021-12-06 12:00:00,12:00:00,4532117045436,Amazon,shopping_net,628.72,"Hyderabad, Telangana, IN",17.376906387677494,78.48875321067554,17.103883307464336,78.42755994848076,1638792000,0
2021-12-06 15:00:00,15:00:00,4532117045436,Zomato,health_fitness,478.43,"Hyderabad, Telangana, IN",17.39298750611235,78.48131950850505,17.55409841040654,78.71770422600662,1638802800,0
2021-12-06 18:00:00,18:00:00,4532117045436,Amazon,health_fitness,232.25,"Hyderabad, Telangana, IN",17.38134075187085,78.49959997237029,18.00654074926119,78.17058414715798,1638813600,0
2021-12-06 21:00:00,21:00:00,4532117045436,Netflix,grocery_pos,435.91,"Hyderabad, Telangana, IN",17.37352214852653,78.48780500392746,17.741627603053196,78.02701261002784,1638824400,0
2021-12-07 00:00:00,00:00:00,4532117045436,Netflix,entertainment,7574.51,"Chennai, Tamil Nadu, IN",17.39955660403143,78.48021671358653,19.83255607694957,73.06937896838879,1638835200,1
2021-12-07 03:00:00,03:00:00,4532117045436,Netflix,grocery_pos,641.69,"Hyderabad, Telangana, IN",17.381141511072713,78.48079414259313,17.712315717537884,78.47470987269773,1638846000,0
2021-12-07 06:00:00,06:00:00,4532117045436,Apollo,travel,452.92,"Hyderabad, Telangana, IN",17.366406165528446,78.4933186171839,17.40503698862413,78.93202719704263,1638856800,0
2021-12-07 09:00:00,09:00:00,4532117045436,MakeMyTrip,gas_transport,268.71,"Hyderabad, Telangana, IN",17.38231293098751,78.49622320141765,17.79054732384426,78.8318388980174,1638867600,0
2021-12-07 12:00:00,12:00:00,4532117045436,Apollo,health_fitness,598.19,"Hyderabad, Telangana, IN",17.393080695126603,78.4930560040827,16.84861083695242,77.79902100490267,1638878400,0
2021-12-07 15:00:00,15:00:00,4532117045436,Walmart,travel,415.87,"Hyderabad, Telangana, IN",17.391483618046667,78.49327556783966,18.114558022453817,78.16045098240363,1638889200,0
2021-12-07 18:00:00,18:00:00,4532117045436,Netflix,food_dining,68.21,"Hyderabad, Telangana, IN",17.378591208636188,78.48365729154662,17.306896722414713,78.5185971680203,1638900000,0
2021-12-07 21:00:00,21:00:00,4532117045436,Zomato,gas_transport,498.75,"Hyderabad, Telangana, IN",17.37522518870215,78.48125818320825,17.473590914717082,78.36640771877352,1638910800,0
2021-12-08 00:00:00,00:00:00,4532117045436,Amazon,grocery_pos,525.12,"Hyderabad, Telangana, IN",17.371338227907913,78.48818581331483,17.22822447967903,78.60909742162494,1638921600,0
2021-12-08 03:00:00,03:00:00,4532117045436,MakeMyTrip,shopping_net,323.56,"Hyderabad, Telangana, IN",17.38477236828322,78.48587975349396,17.68805541897398,78.57949902425081,1638932400,0
2021-12-08 06:00:00,06:00:00,4532117045436,Shell,health_fitness,421.19,"Hyderabad, Telangana, IN",17.386509957412727,78.47669206938802,17.912061799241243,78.87950419068777,1638943200,0
2021-12-08 09:00:00,09:00:00,4532117045436,Zomato,food_dining,6168.56,"Kolkata, West Bengal, IN",17.39208960680737,78.48637750107335,12.572784429582011,77.07664161588637,1638954000,1
2021-12-08 12:00:00,12:00:00,4532117045436,MakeMyTrip,gas_transport,499.77,"Hyderabad, Telangana, IN",17.383509657694525,78.49359967170638,17.350358680290718,78.52142428149398,1638964800,0
2021-12-08 15:00:00,15:00:00,4532117045436,Apollo,health_fitness,215.6,"Hyderabad, Telangana, IN",17.383213322343455,78.48279616312634,17.469927712708838,77.76800207001175,1638975600,0
2021-12-08 18:00:00,18:00:00,4532117045436,Apollo,entertainment,638.03,"Hyderabad, Telangana, IN",17.38221506931741,78.50257252078575,17.603161698456624,78.18613711671463,1638986400,0
2021-12-08 21:00:00,21:00:00,4532117045436,Zomato,shopping_net,2833.11,"Chennai, Tamil Nadu, IN",17.38652701699419,78.47418183574604,21.805080803478592,76.80572140845386,1638997200,1
2021-12-09 00:00:00,00:00:00,4532117045436,Apollo,gas_transport,373.47,"Hyderabad, Telangana, IN",17.383663355443602,78.478458466065,17.16902080628367,78.2646789020737,1639008000,0
2021-12-09 03:00:00,03:00:00,4532117045436,Netflix,entertainment,163.52,"Hyderabad, Telangana, IN",17.39439087255516,78.4809721420418,17.82805109176536,78.30117283466662,1639018800,0
2021-12-09 06:00:00,06:00:00,4532117045436,Walmart,travel,565.67,"Hyderabad, Telangana, IN",17.388108449717716,78.49492490317205,17.63931895383444,78.78668502173355,1639029600,0
2021-12-09 09:00:00,09:00:00,4532117045436,Amazon,grocery_pos,349.04,"Hyderabad, Telangana, IN",17.386080019382295,78.48882381312576,17.49273236389102,79.37273670601145,1639040400,0
2021-12-09 12:00:00,12:00:00,4532117045436,Walmart,entertainment,530.32,"Hyderabad, Telangana, IN",17.384582675447014,78.47783945710644,18.009702643658745,77.811789997047,1639051200,0
2021-12-09 15:00:00,15:00:00,4532117045436,MakeMyTrip,gas_transport,780.33,"Hyderabad, Telangana, IN",17.37558175456297,78.46797728652977,16.716136177586705,78.38657206293487,1639062000,0
2021-12-09 18:00:00,18:00:00,4532117045436,Amazon,gas_transport,218.05,"Hyderabad, Telangana, IN",17.38499347457903,78.47483257186346,17.784226343067278,78.05367511675755,1639072800,0
2021-12-09 21:00:00,21:00:00,4532117045436,Amazon,travel,330.51,"Hyderabad, Telangana, IN",17.37853471780181,78.46916717523345,17.571813809812227,77.81750182613476,1639083600,0
2021-12-10 00:00:00,00:00:00,4532117045436,Walmart,grocery_pos,420.83,"Hyderabad, Telangana, IN",17.388465510270926,78.4954347565608,16.657539949213348,78.2227807169855,1639094400,0
2021-12-10 03:00:00,03:00:00,4532117045436,Zomato,entertainment,643.75,"Hyderabad, Telangana, IN",17.382911409504477,78.47610916579659,17.96816359087031,77.96041306316475,1639105200,0
2021-12-10 06:00:00,06:00:00,4532117045436,Amazon,entertainment,983.34,"Hyderabad, Telangana, IN",17.401643146214244,78.49350562842938,17.679931642196525,78.60299889613816,1639116000,0
2021-12-10 09:00:00,09:00:00,4532117045436,Walmart,grocery_pos,487.06,"Hyderabad, Telangana, IN",17.372380493077728,78.49213803223265,17.746670905196954,78.40539172489457,1639126800,0
2021-12-10 12:00:00,12:00:00,4532117045436,Amazon,entertainment,6632.2,"Mumbai, Maharashtra, IN",17.35399481684625,78.49861588396315,22.878997590627346,77.24623748671554,1639137600,1
2021-12-10 15:00:00,15:00:00,4532117045436,Shell,health_fitness,398.17,"Hyderabad, Telangana, IN",17.387676630379246,78.4795534288368,17.76629466325555,78.640624901241,1639148400,0
2021-12-10 18:00:00,18:00:00,4532117045436,Zomato,grocery_pos,333.77,"Hyderabad, Telangana, IN",17.37856753410307,78.49074726014933,17.01953031896485,77.77081261143366,1639159200,0
2021-12-10 21:00:00,21:00:00,4532117045436,Netflix,shopping_net,558.24,"Hyderabad, Telangana, IN",17.38661060606413,78.48791683427133,16.71229104777641,77.98028478526471,1639170000,0
2021-12-11 00:00:00,00:00:00,4532117045436,Amazon,gas_transport,506.53,"Hyderabad, Telangana, IN",17.37264362176513,78.48794466650597,17.378472335256408,78.66424232294817,1639180800,0
2021-12-11 03:00:00,03:00:00,4532117045436,Shell,shopping_net,293.73,"Hyderabad, Telangana, IN",17.404089597412657,78.48650984047549,17.722504597104304,77.97494293062427,1639191600,0
2021-12-11 06:00:00,06:00:00,4532117045436,Netflix,health_fitness,324.98,"Hyderabad, Telangana, IN",17.381134887974206,78.4951191486777,17.892462802493807,77.46582961531558,1639202400,0
2021-12-11 09:00:00,09:00:00,4532117045436,Netflix,travel,395.99,"Hyderabad, Telangana, IN",17.377920544292067,78.49402564617867,17.460345387631527,79.2878868845113,1639213200,0
2021-12-11 12:00:00,12:00:00,4532117045436,MakeMyTrip,health_fitness,414.1,"Hyderabad, Telangana, IN",17.40390492161677,78.48667480065338,17.42176686052448,78.6577809299839,1639224000,0
2021-12-11 15:00:00,15:00:00,4532117045436,Amazon,food_dining,443.67,"Hyderabad, Telangana, IN",17.393403431504005,78.4821060178067,17.892160233022018,78.99474697845598,1639234800,0
2021-12-11 18:00:00,18:00:00,4532117045436,Walmart,food_dining,457.33,"Hyderabad, Telangana, IN",17.398895106441202,78.48095632467054,17.218031778973934,78.12403247164296,1639245600,0
2021-12-11 21:00:00,21:00:00,4532117045436,Amazon,food_dining,635.23,"Hyderabad, Telangana, IN",17.38327823238921,78.48705428147917,17.103937765200346,77.79543402043643,1639256400,0
2021-12-12 00:00:00,00:00:00,4532117045436,Shell,grocery_pos,390.57,"Hyderabad, Telangana, IN",17.38546909808165,78.48891822585267,18.194119406646823,78.63057120744833,1639267200,0
2021-12-12 03:00:00,03:00:00,4532117045436,Netflix,entertainment,368.46,"Hyderabad, Telangana, IN",17.37903273704501,78.48578539295643,17.246119305089906,77.93585649849724,1639278000,0
2021-12-12 06:00:00,06:00:00,4532117045436,Amazon,health_fitness,249.18,"Hyderabad, Telangana, IN",17.37786527581039,78.47378203775669,17.84330699407759,78.9963339607214,1639288800,0
2021-12-12 09:00:00,09:00:00,4532117045436,Walmart,shopping_net,416.42,"Hyderabad, Telangana, IN",17.38898238579059,78.48365341295423,18.06481518777819,78.60596275222036,1639299600,0
2021-12-12 12:00:00,12:00:00,4532117045436,MakeMyTrip,travel,488.43,"Hyderabad, Telangana, IN",17.38131547644828,78.48142918954599,17.490003005977027,78.5842521303422,1639310400,0
2021-12-12 15:00:00,15:00:00,4532117045436,Amazon,shopping_net,191.39,"Hyderabad, Telangana, IN",17.407208191203697,78.48685079494993,17.51692598918321,78.58971676178999,1639321200,0
2021-12-12 18:00:00,18:00:00,4532117045436,Zomato,shopping_net,398.64,"Hyderabad, Telangana, IN",17.393425253578304,78.51206158100872,18.28390198172921,79.50357970581058,1639332000,0
2021-12-12 21:00:00,21:00:00,4532117045436,MakeMyTrip,shopping_net,624.04,"Hyderabad, Telangana, IN",17.40383261566867,78.49100153809495,16.731013863940532,78.81414824644114,1639342800,0
2021-12-13 00:00:00,00:00:00,4532117045436,Walmart,travel,547.25,"Hyderabad, Telangana, IN",17.36271319815575,78.49932241357074,16.722534203070612,78.38541121048667,1639353600,0
2021-12-13 03:00:00,03:00:00,4532117045436,Shell,food_dining,506.01,"Hyderabad, Telangana, IN",17.403954210067873,78.4798591643784,17.79276936655964,78.55505237111083,1639364400,0
2021-12-13 06:00:00,06:00:00,4532117045436,Netflix,shopping_net,543.18,"Hyderabad, Telangana, IN",17.361150536189765,78.48691887291311,17.180622211908712,78.05174894939812,1639375200,0
2021-12-13 09:00:00,09:00:00,4532117045436,Amazon,travel,363.94,"Hyderabad, Telangana, IN",17.372390888643235,78.49898675815437,17.815747597153404,78.22460414312685,1639386000,0
2021-12-13 12:00:00,12:00:00,4532117045436,Walmart,travel,343.96,"Hyderabad, Telangana, IN",17.367473529838676,78.47089557669634,17.356786286030957,79.1124133022825,1639396800,0
2021-12-13 15:00:00,15:00:00,4532117045436,MakeMyTrip,entertainment,640.79,"Hyderabad, Telangana, IN",17.38743049140347,78.48436585177076,17.801386024923268,78.5079501327352,1639407600,0
2021-12-13 18:00:00,18:00:00,4532117045436,Zomato,travel,574.3,"Hyderabad, Telangana, IN",17.384818029524684,78.49290654611588,16.944269478691645,78.86806640388733,1639418400,0
2021-12-13 21:00:00,21:00:00,4532117045436,Walmart,food_dining,338.06,"Hyderabad, Telangana, IN",17.39294919194263,78.48597417882834,17.691561023803217,78.04193674564516,1639429200,0
2021-12-14 00:00:00,00:00:00,4532117045436,Apollo,shopping_net,168.19,"Hyderabad, Telangana, IN",17.38411535718366,78.48102106825525,17.134517320791595,78.90993897048533,1639440000,0
2021-12-14 03:00:00,03:00:00,4532117045436,Zomato,travel,341.17,"Hyderabad, Telangana, IN",17.39725100292468,78.48158277784167,17.745115363537636,78.38781278380685,1639450800,0
2021-12-14 06:00:00,06:00:00,4532117045436,MakeMyTrip,grocery_pos,531.53,"Hyderabad, Telangana, IN",17.375673067464692,78.4898539644051,18.567298243402735,78.60035934903284,1639461600,0
2021-12-14 09:00:00,09:00:00,4532117045436,Shell,travel,351.26,"Hyderabad, Telangana, IN",17.397481628112686,78.4709951186909,16.982753636977982,78.51693969318751,1639472400,0
2021-12-14 12:00:00,12:00:00,4532117045436,Netflix,gas_transport,499.51,"Hyderabad, Telangana, IN",17.384692593266394,78.48794627574853,17.207956032707525,78.57776451532015,1639483200,0
2021-12-14 15:00:00,15:00:00,4532117045436,MakeMyTrip,gas_transport,662.97,"Hyderabad, Telangana, IN",17.408558602006483,78.49395853651794,17.32112874293748,78.43207091423731,1639494000,0
2021-12-14 18:00:00,18:00:00,4532117045436,Shell,gas_transport,436.05,"Hyderabad, Telangana, IN",17.393719070099618,78.48307868443045,17.54637552686363,79.1288203791861,1639504800,0
2021-12-14 21:00:00,21:00:00,4532117045436,Amazon,travel,485.09,"Hyderabad, Telangana, IN",17.381963383304786,78.47110021797086,16.239324816856975,77.73414349947525,1639515600,0
2021-12-15 00:00:00,00:00:00,4532117045436,Walmart,food_dining,552.74,"Hyderabad, Telangana, IN",17.38465927041531,78.48157962647159,17.401619559210616,78.75343304359174,1639526400,0
2021-12-15 03:00:00,03:00:00,4532117045436,Apollo,shopping_net,287.69,"Hyderabad, Telangana, IN",17.374908841155847,78.48546234124828,17.275758515441293,78.15250297268398,1639537200,0
2021-12-15 06:00:00,06:00:00,4532117045436,Zomato,health_fitness,334.04,"Hyderabad, Telangana, IN",17.38859360163022,78.47593468302234,17.279278906179297,78.00857573042407,1639548000,0
2021-12-15 09:00:00,09:00:00,4532117045436,Zomato,health_fitness,558.92,"Hyderabad, Telangana, IN",17.38195803819619,78.48700632307224,17.532267236436763,79.55581533305842,1639558800,0
2021-12-15 12:00:00,12:00:00,4532117045436,Walmart,health_fitness,455.55,"Hyderabad, Telangana, IN",17.392241682883594,78.48842047220606,17.562036172620136,78.01121708346375,1639569600,0
2021-12-15 15:00:00,15:00:00,4532117045436,Apollo,food_dining,468.26,"Hyderabad, Telangana, IN",17.3716200084242,78.49872586550849,17.554291455252702,77.57807092007933,1639580400,0
2021-12-15 18:00:00,18:00:00,4532117045436,Walmart,entertainment,454.99,"Hyderabad, Telangana, IN",17.381703272043612,78.48505076421085,16.84647761535958,78.96463489728495,1639591200,0
2021-12-15 21:00:00,21:00:00,4532117045436,Amazon,grocery_pos,596.74,"Hyderabad, Telangana, IN",17.373404788539855,78.48781723730323,17.259803581210775,78.24003762013118,1639602000,0
2021-12-16 00:00:00,00:00:00,4532117045436,Shell,grocery_pos,5218.32,"Kolkata, West Bengal, IN",17.374026585761765,78.48119048520952,19.387268593872463,87.93924149768775,1639612800,1
2021-12-16 03:00:00,03:00:00,4532117045436,MakeMyTrip,gas_transport,517.32,"Hyderabad, Telangana, IN",17.39106050167266,78.48192826031354,17.64864669368977,77.36102337756874,1639623600,0
2021-12-16 06:00:00,06:00:00,4532117045436,Zomato,gas_transport,633.33,"Hyderabad, Telangana, IN",17.396245063381674,78.49374188744012,16.901955615979386,79.41355443348411,1639634400,0
2021-12-16 09:00:00,09:00:00,4532117045436,Amazon,travel,690.99,"Hyderabad, Telangana, IN",17.361674546587473,78.4843550384072,17.481684393317845,78.95841700092318,1639645200,0
2021-12-16 12:00:00,12:00:00,4532117045436,Shell,health_fitness,786.54,"Hyderabad, Telangana, IN",17.403618745314287,78.49496602274192,18.189428994481496,78.38269412402555,1639656000,0
2021-12-16 15:00:00,15:00:00,4532117045436,Amazon,travel,363.15,"Hyderabad, Telangana, IN",17.399040871437155,78.4862321136727,16.054568460213392,77.62038321826854,1639666800,0
2021-12-16 18:00:00,18:00:00,4532117045436,Apollo,health_fitness,820.41,"Hyderabad, Telangana, IN",17.371533242772635,78.4752616686122,17.300045208284338,77.82093870319716,1639677600,0
2021-12-16 21:00:00,21:00:00,4532117045436,Zomato,gas_transport,285.48,"Hyderabad, Telangana, IN",17.39326843527493,78.47977098204385,16.39258388676009,78.14104307787237,1639688400,0
2021-12-17 00:00:00,00:00:00,4532117045436,MakeMyTrip,shopping_net,740.29,"Hyderabad, Telangana, IN",17.380398140081756,78.51088389933231,17.385136913933923,78.84350636972201,1639699200,0
2021-12-17 03:00:00,03:00:00,4532117045436,Walmart,entertainment,354.91,"Hyderabad, Telangana, IN",17.3840189943307,78.4856953838315,17.802731796208825,78.0557139380933,1639710000,0
2021-12-17 06:00:00,06:00:00,4532117045436,Walmart,travel,439.66,"Hyderabad, Telangana, IN",17.391020545576346,78.47054670721744,17.129543229664467,77.46161492173357,1639720800,0
2021-12-17 09:00:00,09:00:00,4532117045436,Shell,entertainment,452.79,"Hyderabad, Telangana, IN",17.38979995852139,78.47531691080498,17.848030033763283,78.60063948865131,1639731600,0
2021-12-17 12:00:00,12:00:00,4532117045436,MakeMyTrip,entertainment,319.95,"Hyderabad, Telangana, IN",17.37927003808733,78.47957143887756,18.065419550240055,78.98484766121902,1639742400,0
2021-12-17 15:00:00,15:00:00,4532117045436,Netflix,entertainment,463.01,"Hyderabad, Telangana, IN",17.379227676932334,78.47776714638637,17.585887476884885,79.58523286790584,1639753200,0
2021-12-17 18:00:00,18:00:00,4532117045436,Apollo,gas_transport,327.7,"Hyderabad, Telangana, IN",17.37981773495893,78.47570792878687,17.12751352480554,77.97385761506433,1639764000,0
2021-12-17 21:00:00,21:00:00,4532117045436,Shell,grocery_pos,264.76,"Hyderabad, Telangana, IN",17.396428275784167,78.50132365885437,17.653002135506156,78.0266439908556,1639774800,0
2021-12-18 00:00:00,00:00:00,4532117045436,Netflix,gas_transport,444.19,"Hyderabad, Telangana, IN",17.366381838285367,78.4933466256821,18.225445378615934,76.98974687116184,1639785600,0
2021-12-18 03:00:00,03:00:00,4532117045436,Amazon,entertainment,688.48,"Hyderabad, Telangana, IN",17.38338085946095,78.48470178348964,16.719429904863034,77.71296833758942,1639796400,0
2021-12-18 06:00:00,06:00:00,4532117045436,Apollo,gas_transport,411.9,"Hyderabad, Telangana, IN",17.400725469048613,78.48082730757228,17.939077119652712,77.95355461588228,1639807200,0
2021-12-18 09:00:00,09:00:00,4532117045436,Amazon,entertainment,591.15,"Hyderabad, Telangana, IN",17.392037035509084,78.48508305392949,16.740541719038333,78.04002795162812,1639818000,0
2021-12-18 12:00:00,12:00:00,4532117045436,MakeMyTrip,food_dining,323.15,"Hyderabad, Telangana, IN",17.395509640551666,78.50450774190338,16.626212753066046,78.21982363898586,1639828800,0
2021-12-18 15:00:00,15:00:00,4532117045436,Zomato,health_fitness,257.48,"Hyderabad, Telangana, IN",17.383519413877615,78.47804961554651,16.768240041523296,78.78259097724533,1639839600,0
2021-12-18 18:00:00,18:00:00,4532117045436,Apollo,grocery_pos,518.08,"Hyderabad, Telangana, IN",17.37336436820274,78.47092834710764,17.365306817539416,78.74244753049086,1639850400,0
2021-12-18 21:00:00,21:00:00,4532117045436,Netflix,food_dining,713.34,"Hyderabad, Telangana, IN",17.385556875570707,78.49337353310149,18.01649566903135,78.22981155500072,1639861200,0
2021-12-19 00:00:00,00:00:00,4532117045436,Zomato,shopping_net,481.34,"Hyderabad, Telangana, IN",17.378110644608327,78.49678133896167,16.379463744868048,78.49431271606986,1639872000,0
2021-12-19 03:00:00,03:00:00,4532117045436,Walmart,gas_transport,574.0,"Hyderabad, Telangana, IN",17.40730686512729,78.50121634279331,17.87977008007431,77.80781756919139,1639882800,0
2021-12-19 06:00:00,06:00:00,4532117045436,Netflix,shopping_net,674.27,"Hyderabad, Telangana, IN",17.383418231743928,78.48317661741521,17.308447718100727,78.20395048551778,1639893600,0
2021-12-19 09:00:00,09:00:00,4532117045436,Shell,travel,444.52,"Hyderabad, Telangana, IN",17.39137458993105,78.48328119588388,16.833555880386378,77.8406923334266,1639904400,0
2021-12-19 12:00:00,12:00:00,4532117045436,Walmart,gas_transport,427.19,"Hyderabad, Telangana, IN",17.402023920351482,78.50682281004744,17.680788018195045,78.1167892660803,1639915200,0
2021-12-19 15:00:00,15:00:00,4532117045436,Walmart,health_fitness,520.81,"Hyderabad, Telangana, IN",17.374032508173336,78.49265499728082,17.147584324264738,79.41454186891256,1639926000,0
2021-12-19 18:00:00,18:00:00,4532117045436,Shell,food_dining,547.5,"Hyderabad, Telangana, IN",17.36220270194864,78.48584923900702,18.51445142880246,78.55936071139482,1639936800,0
2021-12-19 21:00:00,21:00:00,4532117045436,Apollo,health_fitness,240.15,"Hyderabad, Telangana, IN",17.389900137494134,78.4917336708433,17.634231055135267,78.1895793433943,1639947600,0
2021-12-20 00:00:00,00:00:00,4532117045436,Walmart,travel,494.36,"Hyderabad, Telangana, IN",17.391783273957838,78.48234000163953,17.41297711884635,78.72562542544448,1639958400,0
2021-12-20 03:00:00,03:00:00,4532117045436,MakeMyTrip,entertainment,449.9,"Hyderabad, Telangana, IN",17.380859031989928,78.4897122481006,17.709109383187563,78.28927474271464,1639969200,0
2021-12-20 06:00:00,06:00:00,4532117045436,Netflix,health_fitness,331.57,"Hyderabad, Telangana, IN",17.37343746768857,78.48954990262152,18.056761679628984,79.32864485263035,1639980000,0
2021-12-20 09:00:00,09:00:00,4532117045436,Zomato,health_fitness,439.53,"Hyderabad, Telangana, IN",17.38809819105571,78.49504173463535,18.105414917217903,78.66301632996068,1639990800,0
2021-12-20 12:00:00,12:00:00,4532117045436,Walmart,entertainment,275.2,"Hyderabad, Telangana, IN",17.38476253337723,78.47685069644837,17.849019296789923,77.90635857445115,1640001600,0
2021-12-20 15:00:00,15:00:00,4532117045436,Netflix,gas_transport,223.36,"Hyderabad, Telangana, IN",17.388222014308326,78.4902542797355,18.073399771618043,79.14620836299632,1640012400,0
2021-12-20 18:00:00,18:00:00,4532117045436,Amazon,entertainment,460.03,"Hyderabad, Telangana, IN",17.37367044136779,78.47503411253469,17.986632489483355,78.79634504636147,1640023200,0
2021-12-20 21:00:00,21:00:00,4532117045436,Netflix,food_dining,585.31,"Hyderabad, Telangana, IN",17.388247955865047,78.50545519444816,17.83964553685307,78.72033568999836,1640034000,0
2021-12-21 00:00:00,00:00:00,4532117045436,Zomato,health_fitness,6043.89,"Delhi, Delhi, IN",17.393195353648125,78.48250795938984,22.45096867404668,72.9850493155891,1640044800,1
2021-12-21 03:00:00,03:00:00,4532117045436,Netflix,entertainment,305.89,"Hyderabad, Telangana, IN",17.369941119110152,78.47015105896574,18.013618724555368,78.8511531155804,1640055600,0
2021-12-21 06:00:00,06:00:00,4532117045436,Shell,travel,329.21,"Hyderabad, Telangana, IN",17.399604166086647,78.51447360856838,17.170680092656497,78.74266521680075,1640066400,0
2021-12-21 09:00:00,09:00:00,4532117045436,Zomato,travel,532.34,"Hyderabad, Telangana, IN",17.38754492774218,78.48148925144206,17.51678492278246,78.40594244476067,1640077200,0
2021-12-21 12:00:00,12:00:00,4532117045436,Apollo,health_fitness,700.11,"Hyderabad, Telangana, IN",17.393509444859152,78.48764964291232,17.19692090512676,78.93991740704503,1640088000,0
2021-12-21 15:00:00,15:00:00,4532117045436,Amazon,food_dining,565.57,"Hyderabad, Telangana, IN",17.372210693712677,78.4697465480841,17.721990736995313,78.4006020019616,1640098800,0
2021-12-21 18:00:00,18:00:00,4532117045436,Shell,shopping_net,645.12,"Hyderabad, Telangana, IN",17.391825849883777,78.48616992871743,18.024781340480217,79.1507879532668,1640109600,0
2021-12-21 21:00:00,21:00:00,4532117045436,Apollo,food_dining,292.86,"Hyderabad, Telangana, IN",17.368553582312956,78.50342713830509,17.181567287919567,78.7356866496327,1640120400,0
2021-12-22 00:00:00,00:00:00,4532117045436,Netflix,grocery_pos,438.91,"Hyderabad, Telangana, IN",17.37551753373335,78.4937494106649,16.67913477365454,78.58037829951918,1640131200,0
2021-12-22 03:00:00,03:00:00,4532117045436,Zomato,grocery_pos,602.8,"Hyderabad, Telangana, IN",17.387633674285027,78.46969164372912,17.890269221832924,78.80295936842518,1640142000,0
2021-12-22 06:00:00,06:00:00,4532117045436,Amazon,grocery_pos,240.12,"Hyderabad, Telangana, IN",17.38224049834608,78.4790682109851,17.902799533460804,78.56573041875234,1640152800,0
2021-12-22 09:00:00,09:00:00,4532117045436,Shell,health_fitness,351.24,"Hyderabad, Telangana, IN",17.385274971687725,78.4958818117831,18.167232451431385,79.12414101048594,1640163600,0
2021-12-22 12:00:00,12:00:00,4532117045436,Apollo,travel,591.3,"Hyderabad, Telangana, IN",17.404273868433712,78.49306642651199,17.831946217342274,78.96114135696304,1640174400,0
2021-12-22 15:00:00,15:00:00,4532117045436,Apollo,gas_transport,488.76,"Hyderabad, Telangana, IN",17.385118143173226,78.48183984739457,17.843485106390908,78.52315695761924,1640185200,0
2021-12-22 18:00:00,18:00:00,4532117045436,Amazon,travel,305.23,"Hyderabad, Telangana, IN",17.392097017188778,78.49067069026518,17.026290325199287,76.85735430079706,1640196000,0
2021-12-22 21:00:00,21:00:00,4532117045436,MakeMyTrip,gas_transport,205.38,"Hyderabad, Telangana, IN",17.384332340712042,78.47471842695144,17.753514486027843,78.9182567014859,1640206800,0
2021-12-23 00:00:00,00:00:00,4532117045436,Netflix,gas_transport,650.6,"Hyderabad, Telangana, IN",17.384036152968324,78.4736299171891,18.458413867419743,78.69500706810578,1640217600,0
2021-12-23 03:00:00,03:00:00,4532117045436,Amazon,travel,141.99,"Hyderabad, Telangana, IN",17.37521732173271,78.46176708485042,17.10850392063445,79.70029808007017,1640228400,0
2021-12-23 06:00:00,06:00:00,4532117045436,Apollo,health_fitness,544.86,"Hyderabad, Telangana, IN",17.388681222254732,78.49595387007342,16.77600874445053,77.83704046788773,1640239200,0
2021-12-23 09:00:00,09:00:00,4532117045436,Walmart,food_dining,370.04,"Hyderabad, Telangana, IN",17.410354794186862,78.48564824529898,17.455281236205316,78.37747372891428,1640250000,0
2021-12-23 12:00:00,12:00:00,4532117045436,Shell,gas_transport,607.06,"Hyderabad, Telangana, IN",17.385878629733433,78.48674222119759,17.853719857837298,77.71353815634127,1640260800,0
2021-12-23 15:00:00,15:00:00,4532117045436,Amazon,shopping_net,293.68,"Hyderabad, Telangana, IN",17.382329919987857,78.4560015992816,17.493255991591006,78.12274283636387,1640271600,0
2021-12-23 18:00:00,18:00:00,4532117045436,MakeMyTrip,travel,842.22,"Hyderabad, Telangana, IN",17.396401405600525,78.4862036626133,18.27688550664661,79.26567820546055,1640282400,0
2021-12-23 21:00:00,21:00:00,4532117045436,Apollo,travel,510.34,"Hyderabad, Telangana, IN",17.395228027499616,78.49221055507914,16.954809432512214,77.65439828753586,1640293200,0
2021-12-24 00:00:00,00:00:00,4532117045436,Netflix,grocery_pos,535.06,"Hyderabad, Telangana, IN",17.38939057397129,78.4658055321855,16.627219665845264,77.79048765178993,1640304000,0
2021-12-24 03:00:00,03:00:00,4532117045436,Apollo,food_dining,334.04,"Hyderabad, Telangana, IN",17.381916311860508,78.48714199918348,18.09950035359577,78.7766837459715,1640314800,0
2021-12-24 06:00:00,06:00:00,4532117045436,Netflix,grocery_pos,429.99,"Hyderabad, Telangana, IN",17.396444274596444,78.48603493454698,16.68103014617142,78.58354837545659,1640325600,0
2021-12-24 09:00:00,09:00:00,4532117045436,Amazon,travel,433.88,"Hyderabad, Telangana, IN",17.38620930001412,78.48204698161129,17.543560628906917,78.32206676278614,1640336400,0
2021-12-24 12:00:00,12:00:00,4532117045436,Netflix,travel,719.41,"Hyderabad, Telangana, IN",17.39413760402158,78.49977622793779,18.085910492869363,77.20369034114715,1640347200,0
2021-12-24 15:00:00,15:00:00,4532117045436,Zomato,gas_transport,510.09,"Hyderabad, Telangana, IN",17.376807025601835,78.49737677279948,17.493145452944827,79.11981449444782,1640358000,0
2021-12-24 18:00:00,18:00:00,4532117045436,Zomato,food_dining,531.57,"Hyderabad, Telangana, IN",17.379132900918513,78.51987687053985,17.036043416816913,78.3691496152402,1640368800,0
2021-12-24 21:00:00,21:00:00,4532117045436,Zomato,entertainment,6251.71,"Kolkata, West Bengal, IN",17.385968800078487,78.47457072524324,13.376045108276925,76.51405828896394,1640379600,1
2021-12-25 00:00:00,00:00:00,4532117045436,MakeMyTrip,shopping_net,544.29,"Hyderabad, Telangana, IN",17.37264792734482,78.49098641434101,17.470391744244463,78.64744535878211,1640390400,0
2021-12-25 03:00:00,03:00:00,4532117045436,MakeMyTrip,gas_transport,241.58,"Hyderabad, Telangana, IN",17.38130098954532,78.50169873158627,17.274563123434802,79.11474477397178,1640401200,0
2021-12-25 06:00:00,06:00:00,4532117045436,Walmart,travel,757.39,"Hyderabad, Telangana, IN",17.37220461048688,78.47977804876993,18.20675365270224,78.3535725458079,1640412000,0
2021-12-25 09:00:00,09:00:00,4532117045436,MakeMyTrip,gas_transport,318.38,"Hyderabad, Telangana, IN",17.369552472848838,78.50361255854315,17.19692723287672,78.16204695536207,1640422800,0
2021-12-25 12:00:00,12:00:00,4532117045436,Amazon,shopping_net,444.24,"Hyderabad, Telangana, IN",17.409359926764665,78.49034903928013,17.085331294063835,78.5044549973957,1640433600,0
2021-12-25 15:00:00,15:00:00,4532117045436,Apollo,travel,679.72,"Hyderabad, Telangana, IN",17.378910252388142,78.46923303570556,16.933630101584367,78.67810345322223,1640444400,0
2021-12-25 18:00:00,18:00:00,4532117045436,Apollo,shopping_net,740.19,"Hyderabad, Telangana, IN",17.379789670714125,78.47384127381494,17.993020726154153,78.72474272099679,1640455200,0
2021-12-25 21:00:00,21:00:00,4532117045436,Walmart,entertainment,570.89,"Hyderabad, Telangana, IN",17.385802190989992,78.4808964545907,17.598823157523807,78.3637165568781,1640466000,0
2021-12-26 00:00:00,00:00:00,4532117045436,MakeMyTrip,gas_transport,374.3,"Hyderabad, Telangana, IN",17.374382624675853,78.48581769000441,17.141263238632472,79.10201368688351,1640476800,0
2021-12-26 03:00:00,03:00:00,4532117045436,Netflix,health_fitness,469.16,"Hyderabad, Telangana, IN",17.379983319271144,78.4990844103225,16.66550954500472,78.04777944638752,1640487600,0
2021-12-26 06:00:00,06:00:00,4532117045436,Walmart,gas_transport,475.05,"Hyderabad, Telangana, IN",17.403344091685018,78.48580330137214,18.089361171642114,78.4003180169406,1640498400,0
2021-12-26 09:00:00,09:00:00,4532117045436,Netflix,grocery_pos,480.36,"Hyderabad, Telangana, IN",17.388580995828914,78.49869293514854,17.14861183869232,78.39798622583847,1640509200,0
2021-12-26 12:00:00,12:00:00,4532117045436,Netflix,food_dining,265.49,"Hyderabad, Telangana, IN",17.394860817424323,78.4877795164817,16.475406138478625,77.71645741715508,1640520000,0
2021-12-26 15:00:00,15:00:00,4532117045436,Shell,food_dining,639.02,"Hyderabad, Telangana, IN",17.40073593033335,78.48682379668254,17.42867311332094,78.66821768684282,1640530800,0
2021-12-26 18:00:00,18:00:00,4532117045436,Apollo,grocery_pos,470.19,"Hyderabad, Telangana, IN",17.38710649486364,78.48378056698058,17.901339039478525,78.5334049971156,1640541600,0
2021-12-26 21:00:00,21:00:00,4532117045436,Zomato,travel,341.67,"Hyderabad, Telangana, IN",17.382787544934487,78.49652024560899,17.745065926609108,78.3913279047024,1640552400,0
2021-12-27 00:00:00,00:00:00,4532117045436,MakeMyTrip,food_dining,375.24,"Hyderabad, Telangana, IN",17.37066145542362,78.48799477723217,17.425598542949842,78.73969593265444,1640563200,0
2021-12-27 03:00:00,03:00:00,4532117045436,Netflix,shopping_net,490.48,"Hyderabad, Telangana, IN",17.381171065532254,78.47937445317675,17.164102194122645,78.3892295880004,1640574000,0
2021-12-27 06:00:00,06:00:00,4532117045436,Shell,food_dining,239.56,"Hyderabad, Telangana, IN",17.383375022356645,78.4900207960596,17.10468397897895,79.19170187944749,1640584800,0
2021-12-27 09:00:00,09:00:00,4532117045436,Apollo,food_dining,581.77,"Hyderabad, Telangana, IN",17.37692721990341,78.48212675289523,18.022987979417152,78.72198961956822,1640595600,0
2021-12-27 12:00:00,12:00:00,4532117045436,Zomato,grocery_pos,485.21,"Hyderabad, Telangana, IN",17.400452254093715,78.48157411329007,16.408597090127994,78.67412555270761,1640606400,0
2021-12-27 15:00:00,15:00:00,4532117045436,Netflix,travel,684.85,"Hyderabad, Telangana, IN",17.396022945628207,78.49852648528496,16.91041089999307,78.14972905382572,1640617200,0
2021-12-27 18:00:00,18:00:00,4532117045436,Netflix,entertainment,461.64,"Hyderabad, Telangana, IN",17.394855421740765,78.48510633714048,17.337084903960253,77.54264249064724,1640628000,0
2021-12-27 21:00:00,21:00:00,4532117045436,Walmart,food_dining,6669.99,"Chennai, Tamil Nadu, IN",17.383837973597412,78.50804595551422,29.48151377775924,80.26208690861183,1640638800,1
2021-12-28 00:00:00,00:00:00,4532117045436,Walmart,health_fitness,270.33,"Hyderabad, Telangana, IN",17.374669681493458,78.49405264379855,17.276024032135147,77.542481225936,1640649600,0
2021-12-28 03:00:00,03:00:00,4532117045436,Apollo,food_dining,391.39,"Hyderabad, Telangana, IN",17.398280015142173,78.47904221716689,16.771518610515663,78.35274449969845,1640660400,0
2021-12-28 06:00:00,06:00:00,4532117045436,Zomato,entertainment,407.26,"Hyderabad, Telangana, IN",17.388353612846746,78.47835571016579,17.62239626211512,78.92703367491146,1640671200,0
2021-12-28 09:00:00,09:00:00,4532117045436,Netflix,grocery_pos,364.91,"Hyderabad, Telangana, IN",17.392730823723543,78.47429240182363,17.098403043665876,78.05302833014677,1640682000,0
2021-12-28 12:00:00,12:00:00,4532117045436,Apollo,entertainment,469.27,"Hyderabad, Telangana, IN",17.391192473345832,78.49275942871178,17.18513602754458,78.25612430743105,1640692800,0
2021-12-28 15:00:00,15:00:00,4532117045436,Apollo,grocery_pos,361.1,"Hyderabad, Telangana, IN",17.388106272543574,78.47813384772688,17.06347664892537,77.78962079596629,1640703600,0
2021-12-28 18:00:00,18:00:00,4532117045436,Amazon,shopping_net,488.13,"Hyderabad, Telangana, IN",17.404996158165083,78.46404384233654,17.723111294394137,78.02572589017446,1640714400,0
2021-12-28 21:00:00,21:00:00,4532117045436,MakeMyTrip,grocery_pos,371.9,"Hyderabad, Telangana, IN",17.378426063276702,78.47018564196189,17.35054429086793,78.08908217387453,1640725200,0
2021-12-29 00:00:00,00:00:00,4532117045436,Walmart,shopping_net,544.76,"Hyderabad, Telangana, IN",17.38191070448159,78.47565860623797,17.85802678506573,78.25552652050936,1640736000,0
2021-12-29 03:00:00,03:00:00,4532117045436,Zomato,shopping_net,403.49,"Hyderabad, Telangana, IN",17.401411586017556,78.49006853416114,17.988979087977413,78.55133506341409,1640746800,0
2021-12-29 06:00:00,06:00:00,4532117045436,Netflix,grocery_pos,636.93,"Hyderabad, Telangana, IN",17.385820634155074,78.48587376802138,17.24147791387003,78.60238093526893,1640757600,0
2021-12-29 09:00:00,09:00:00,4532117045436,Apollo,health_fitness,547.84,"Hyderabad, Telangana, IN",17.383740665665208,78.49612842175333,17.036445845687528,79.20954530575322,1640768400,0
2021-12-29 12:00:00,12:00:00,4532117045436,Netflix,gas_transport,479.04,"Hyderabad, Telangana, IN",17.382469928652014,78.47762809376202,17.17552362150186,78.24350199511623,1640779200,0
2021-12-29 15:00:00,15:00:00,4532117045436,Amazon,grocery_pos,418.85,"Hyderabad, Telangana, IN",17.391793026129438,78.48345642817402,18.715911857584427,78.76502671801138,1640790000,0
2021-12-29 18:00:00,18:00:00,4532117045436,Zomato,food_dining,222.15,"Hyderabad, Telangana, IN",17.38270715173912,78.5041733346054,17.076260581169894,78.16891303366448,1640800800,0
2021-12-29 21:00:00,21:00:00,4532117045436,Apollo,health_fitness,662.03,"Hyderabad, Telangana, IN",17.38158446667984,78.48328820902175,17.297632222195293,79.32464673087748,1640811600,0
2021-12-30 00:00:00,00:00:00,4532117045436,Netflix,health_fitness,347.88,"Hyderabad, Telangana, IN",17.391628156164003,78.48894454503642,17.492231867952594,78.54845963721904,1640822400,0
2021-12-30 03:00:00,03:00:00,4532117045436,Walmart,food_dining,463.61,"Hyderabad, Telangana, IN",17.385932571663883,78.48013705481914,17.65828432620596,78.38317969612618,1640833200,0
2021-12-30 06:00:00,06:00:00,4532117045436,MakeMyTrip,gas_transport,501.57,"Hyderabad, Telangana, IN",17.374905530097458,78.48444456307608,17.436683803267986,78.0908677470098,1640844000,0
2021-12-30 09:00:00,09:00:00,4532117045436,Amazon,health_fitness,422.47,"Hyderabad, Telangana, IN",17.385320164176353,78.49145268122115,18.271970789278377,78.93973275815941,1640854800,0
2021-12-30 12:00:00,12:00:00,4532117045436,Zomato,shopping_net,653.19,"Hyderabad, Telangana, IN",17.398945315019628,78.49327093522729,17.50298437026436,78.55157584391574,1640865600,0
2021-12-30 15:00:00,15:00:00,4532117045436,Amazon,gas_transport,266.79,"Hyderabad, Telangana, IN",17.392653061459118,78.48788129154083,17.310358030189885,78.58895160953374,1640876400,0
2021-12-30 18:00:00,18:00:00,4532117045436,Walmart,travel,710.09,"Hyderabad, Telangana, IN",17.400179796714237,78.48410164462508,17.86293939882177,77.95865075125948,1640887200,0
2021-12-30 21:00:00,21:00:00,4532117045436,Zomato,food_dining,550.73,"Hyderabad, Telangana, IN",17.377687000708576,78.48800205881224,16.941684410044687,78.09557265742316,1640898000,0
2021-12-31 00:00:00,00:00:00,4532117045436,Amazon,gas_transport,413.04,"Hyderabad, Telangana, IN",17.395702297747473,78.47933871429623,17.654597148979402,77.6058636720492,1640908800,0
2021-12-31 03:00:00,03:00:00,4532117045436,Shell,grocery_pos,414.72,"Hyderabad, Telangana, IN",17.37851483134036,78.48454502222539,17.199588391348424,78.23202479813011,1640919600,0
2021-12-31 06:00:00,06:00:00,4532117045436,Walmart,gas_transport,117.48,"Hyderabad, Telangana, IN",17.372676070789392,78.49002339402834,18.02781995933508,78.24699408967383,1640930400,0
2021-12-31 09:00:00,09:00:00,4532117045436,Walmart,shopping_net,322.77,"Hyderabad, Telangana, IN",17.376969362832618,78.49656991682467,18.06631127987466,77.81443284915368,1640941200,0
2021-12-31 12:00:00,12:00:00,4532117045436,Walmart,grocery_pos,396.91,"Hyderabad, Telangana, IN",17.386314102633946,78.47758482971044,17.297956231561205,78.45050717774205,1640952000,0
2021-12-31 15:00:00,15:00:00,4532117045436,Shell,entertainment,476.42,"Hyderabad, Telangana, IN",17.395279515498235,78.48492798760074,16.949805716175142,78.31258204497624,1640962800,0
2021-12-31 18:00:00,18:00:00,4532117045436,Shell,food_dining,638.94,"Hyderabad, Telangana, IN",17.388104156445866,78.47664918229813,16.453888665050577,78.12373359444985,1640973600,0
2021-12-31 21:00:00,21:00:00,4532117045436,Netflix,food_dining,755.63,"Hyderabad, Telangana, IN",17.38346718320633,78.48225557208987,17.497605242628364,78.05801196048385,1640984400,0
2022-01-01 00:00:00,00:00:00,4532117045436,Apollo,gas_transport,490.84,"Hyderabad, Telangana, IN",17.37467788600014,78.4967050417713,16.31868542107597,78.56958979918562,1640995200,0
2022-01-01 03:00:00,03:00:00,4532117045436,MakeMyTrip,health_fitness,480.84,"Hyderabad, Telangana, IN",17.392053313315664,78.48133473398826,17.342478494044926,78.09761398632816,1641006000,0
2022-01-01 06:00:00,06:00:00,4532117045436,Amazon,grocery_pos,376.45,"Hyderabad, Telangana, IN",17.394636226357896,78.48574004733811,17.104519948235787,79.30889884477942,1641016800,0
2022-01-01 09:00:00,09:00:00,4532117045436,Netflix,entertainment,192.73,"Hyderabad, Telangana, IN",17.387982836065266,78.47433206460128,17.664030701625453,78.39487451410123,1641027600,0
2022-01-01 12:00:00,12:00:00,4532117045436,Amazon,grocery_pos,359.13,"Hyderabad, Telangana, IN",17.374476813760108,78.48108879380183,17.3781794629563,78.94590718492502,1641038400,0
2022-01-01 15:00:00,15:00:00,4532117045436,MakeMyTrip,food_dining,419.17,"Hyderabad, Telangana, IN",17.393087091296856,78.47121631696565,17.101827411601498,77.91393118747118,1641049200,0
2022-01-01 18:00:00,18:00:00,4532117045436,Apollo,grocery_pos,596.31,"Hyderabad, Telangana, IN",17.397272447425948,78.48948732427199,17.809535011384636,78.40563177851641,1641060000,0
2022-01-01 21:00:00,21:00:00,4532117045436,Shell,entertainment,527.93,"Hyderabad, Telangana, IN",17.40033016871978,78.49038093505786,16.839351348321788,78.01011692466581,1641070800,0
2022-01-02 00:00:00,00:00:00,4532117045436,Apollo,health_fitness,483.23,"Hyderabad, Telangana, IN",17.380623029942743,78.49006889110919,17.666537985777556,78.69973663469881,1641081600,0
2022-01-02 03:00:00,03:00:00,4532117045436,Shell,gas_transport,362.88,"Hyderabad, Telangana, IN",17.389363048558014,78.49071102368802,18.416087968048153,78.45547988918187,1641092400,0
2022-01-02 06:00:00,06:00:00,4532117045436,MakeMyTrip,shopping_net,152.68,"Hyderabad, Telangana, IN",17.379654682419776,78.49008713307502,17.86778580755905,79.47599375318342,1641103200,0
2022-01-02 09:00:00,09:00:00,4532117045436,Apollo,grocery_pos,4565.16,"Kolkata, West Bengal, IN",17.37577638564222,78.47143710568945,18.671522286086052,87.5963312907878,1641114000,1
2022-01-02 12:00:00,12:00:00,4532117045436,Netflix,shopping_net,200.44,"Hyderabad, Telangana, IN",17.400832041782834,78.47882214853308,16.875838179147095,77.60652376368242,1641124800,0
2022-01-02 15:00:00,15:00:00,4532117045436,Zomato,food_dining,406.2,"Hyderabad, Telangana, IN",17.390645671946775,78.464262682401,17.852329734113315,78.45686495056508,1641135600,0
2022-01-02 18:00:00,18:00:00,4532117045436,Netflix,gas_transport,599.11,"Hyderabad, Telangana, IN",17.397927476316443,78.48206425553234,16.772844759994292,78.58561423613983,1641146400,0
2022-01-02 21:00:00,21:00:00,4532117045436,Amazon,travel,595.06,"Hyderabad, Telangana, IN",17.37275174909929,78.4779926835727,17.38800738113988,78.1735361519534,1641157200,0
2022-01-03 00:00:00,00:00:00,4532117045436,Netflix,gas_transport,569.06,"Hyderabad, Telangana, IN",17.38788419074909,78.48631311871311,17.747254459197055,78.10966080303245,1641168000,0
2022-01-03 03:00:00,03:00:00,4532117045436,MakeMyTrip,grocery_pos,372.74,"Hyderabad, Telangana, IN",17.3900829906615,78.51129462648083,16.880524587799457,77.88793933891482,1641178800,0
2022-01-03 06:00:00,06:00:00,4532117045436,Walmart,health_fitness,621.64,"Hyderabad, Telangana, IN",17.376678213771356,78.49452277479196,16.85293336844726,78.72743818111782,1641189600,0
2022-01-03 09:00:00,09:00:00,4532117045436,Amazon,gas_transport,310.34,"Hyderabad, Telangana, IN",17.399878384660255,78.50199579451034,16.726064719453746,78.78248445024536,1641200400,0
2022-01-03 12:00:00,12:00:00,4532117045436,Apollo,grocery_pos,578.01,"Hyderabad, Telangana, IN",17.382544798824455,78.49491415070547,18.18224545336117,79.70247931954708,1641211200,0
2022-01-03 15:00:00,15:00:00,4532117045436,Amazon,grocery_pos,198.81,"Hyderabad, Telangana, IN",17.389536352921176,78.48569924972459,18.234254037044835,78.40327924219827,1641222000,0
2022-01-03 18:00:00,18:00:00,4532117045436,Zomato,shopping_net,273.43,"Hyderabad, Telangana, IN",17.379497416173486,78.48660299762935,18.226809090105803,78.56305233142845,1641232800,0
2022-01-03 21:00:00,21:00:00,4532117045436,Shell,gas_transport,697.89,"Hyderabad, Telangana, IN",17.373055924821433,78.49534585243919,18.293709645300158,78.36580965182638,1641243600,0
2022-01-04 00:00:00,00:00:00,4532117045436,Apollo,grocery_pos,419.42,"Hyderabad, Telangana, IN",17.394130600941846,78.4891835099787,17.068482471419156,79.84016061259759,1641254400,0
2022-01-04 03:00:00,03:00:00,4532117045436,Amazon,shopping_net,347.85,"Hyderabad, Telangana, IN",17.388790710474044,78.48382039198475,16.47866759180165,78.79557653024742,1641265200,0
2022-01-04 06:00:00,06:00:00,4532117045436,Apollo,entertainment,615.41,"Hyderabad, Telangana, IN",17.3873725168712,78.50096465435473,18.236623803944543,78.48781348622641,1641276000,0
2022-01-04 09:00:00,09:00:00,4532117045436,Apollo,travel,632.61,"Hyderabad, Telangana, IN",17.382218313449023,78.49114730265848,17.849588584159658,79.53811437268885,1641286800,0
2022-01-04 12:00:00,12:00:00,4532117045436,Apollo,shopping_net,385.01,"Hyderabad, Telangana, IN",17.388518296433197,78.47244829020866,17.80938831733434,78.45694828049452,1641297600,0
2022-01-04 15:00:00,15:00:00,4532117045436,Shell,shopping_net,491.77,"Hyderabad, Telangana, IN",17.397662374376225,78.48489630756741,16.86498942566965,80.25774750671506,1641308400,0
2022-01-04 18:00:00,18:00:00,4532117045436,MakeMyTrip,grocery_pos,6645.03,"Mumbai, Maharashtra, IN",17.37816190460861,78.48720237688526,28.838697237774134,73.67572051726151,1641319200,1
2022-01-04 21:00:00,21:00:00,4532117045436,Netflix,food_dining,25.93,"Hyderabad, Telangana, IN",17.39060272659989,78.48265631181782,17.4646335112829,78.47611795005201,1641330000,0
2022-01-05 00:00:00,00:00:00,4532117045436,Apollo,food_dining,240.62,"Hyderabad, Telangana, IN",17.387024902510092,78.48284839527636,17.353430876881745,78.74300720477441,1641340800,0
2022-01-05 03:00:00,03:00:00,4532117045436,Walmart,health_fitness,591.34,"Hyderabad, Telangana, IN",17.38315585426304,78.4825271927043,16.95986884098765,78.55015257453607,1641351600,0
2022-01-05 06:00:00,06:00:00,4532117045436,MakeMyTrip,food_dining,325.11,"Hyderabad, Telangana, IN",17.368544433605017,78.46885294624923,16.434541333973964,78.86372550090755,1641362400,0
2022-01-05 09:00:00,09:00:00,4532117045436,Zomato,shopping_net,3832.6,"Kolkata, West Bengal, IN",17.384880074864444,78.46707466517287,13.425539182509937,77.20262926769048,1641373200,1
2022-01-05 12:00:00,12:00:00,4532117045436,Shell,health_fitness,489.46,"Hyderabad, Telangana, IN",17.391726885246086,78.48016606738946,15.949267005761344,79.53509434154644,1641384000,0
2022-01-05 15:00:00,15:00:00,4532117045436,Amazon,grocery_pos,632.31,"Hyderabad, Telangana, IN",17.38823972419075,78.48269503261974,17.17856070060194,78.16033870302455,1641394800,0
2022-01-05 18:00:00,18:00:00,4532117045436,Shell,gas_transport,245.43,"Hyderabad, Telangana, IN",17.37061326002609,78.47330704458385,17.077500841567335,78.61404909251826,1641405600,0
2022-01-05 21:00:00,21:00:00,4532117045436,Amazon,travel,509.13,"Hyderabad, Telangana, IN",17.397470551474537,78.47645772274363,16.80113717923041,78.67037127183883,1641416400,0
2022-01-06 00:00:00,00:00:00,4532117045436,Shell,travel,440.19,"Hyderabad, Telangana, IN",17.40147920165295,78.48416870629795,17.585432967699127,78.32899138659452,1641427200,0
2022-01-06 03:00:00,03:00:00,4532117045436,Amazon,shopping_net,331.53,"Hyderabad, Telangana, IN",17.383905027010186,78.4970105854641,17.21331435796399,77.8421311278639,1641438000,0
2022-01-06 06:00:00,06:00:00,4532117045436,Apollo,shopping_net,330.48,"Hyderabad, Telangana, IN",17.408110763408253,78.49635299364714,17.249422521021533,78.60721169408772,1641448800,0
2022-01-06 09:00:00,09:00:00,4532117045436,Netflix,health_fitness,484.12,"Hyderabad, Telangana, IN",17.37670449805098,78.49668819207248,18.080495687700218,78.61057707950465,1641459600,0
2022-01-06 12:00:00,12:00:00,4532117045436,Amazon,grocery_pos,544.45,"Hyderabad, Telangana, IN",17.372279010172303,78.47659675484621,17.224462778920284,78.3222762407913,1641470400,0
2022-01-06 15:00:00,15:00:00,4532117045436,Amazon,entertainment,459.54,"Hyderabad, Telangana, IN",17.374851781976933,78.48447717552139,17.61188206137471,78.3419919210402,1641481200,0
2022-01-06 18:00:00,18:00:00,4532117045436,Walmart,shopping_net,464.21,"Hyderabad, Telangana, IN",17.387451387716446,78.49905643080817,16.843439112995302,78.56379306519482,1641492000,0
2022-01-06 21:00:00,21:00:00,4532117045436,Amazon,entertainment,375.23,"Hyderabad, Telangana, IN",17.36721651688823,78.46905308564831,17.51271647779034,79.1094507252403,1641502800,0
2022-01-07 00:00:00,00:00:00,4532117045436,Walmart,entertainment,385.17,"Hyderabad, Telangana, IN",17.38189087146791,78.48210551289468,17.3337244392563,79.07401314348624,1641513600,0
2022-01-07 03:00:00,03:00:00,4532117045436,Zomato,food_dining,331.13,"Hyderabad, Telangana, IN",17.414345503335255,78.48892167340993,17.431276269243394,78.7274893955488,1641524400,0
2022-01-07 06:00:00,06:00:00,4532117045436,Apollo,grocery_pos,372.21,"Hyderabad, Telangana, IN",17.369961755910005,78.46964870353068,16.77257633893048,78.27230305431041,1641535200,0
2022-01-07 09:00:00,09:00:00,4532117045436,Walmart,travel,539.2,"Hyderabad, Telangana, IN",17.37952890490417,78.49098860490325,16.820130702256733,78.31669148928314,1641546000,0
2022-01-07 12:00:00,12:00:00,4532117045436,Netflix,travel,555.96,"Hyderabad, Telangana, IN",17.37463931699926,78.5021699307458,17.211914190050955,78.36483622191146,1641556800,0
2022-01-07 15:00:00,15:00:00,4532117045436,MakeMyTrip,entertainment,258.62,"Hyderabad, Telangana, IN",17.38215182865716,78.4989458474159,18.050319600530855,78.26157550988447,1641567600,0
2022-01-07 18:00:00,18:00:00,4532117045436,Apollo,travel,315.53,"Hyderabad, Telangana, IN",17.381518428794408,78.48492243673641,16.664869479988784,77.93582148149116,1641578400,0
2022-01-07 21:00:00,21:00:00,4532117045436,Walmart,grocery_pos,343.44,"Hyderabad, Telangana, IN",17.378304387702673,78.4948439502948,18.225256882732705,78.09694407876934,1641589200,0
2022-01-08 00:00:00,00:00:00,4532117045436,Apollo,food_dining,440.39,"Hyderabad, Telangana, IN",17.383436952396305,78.46953669869531,17.031726152995276,78.78787955151897,1641600000,0
2022-01-08 03:00:00,03:00:00,4532117045436,Apollo,grocery_pos,197.53,"Hyderabad, Telangana, IN",17.391332055895518,78.48948352856247,17.42654504015933,78.16569151388252,1641610800,0
2022-01-08 06:00:00,06:00:00,4532117045436,Apollo,shopping_net,318.16,"Hyderabad, Telangana, IN",17.398853458398015,78.48365325663146,17.88630110455821,78.50471917789744,1641621600,0
2022-01-08 09:00:00,09:00:00,4532117045436,Zomato,entertainment,242.16,"Hyderabad, Telangana, IN",17.382155745138867,78.48520564900574,17.20716799868998,78.4872452333666,1641632400,0
2022-01-08 12:00:00,12:00:00,4532117045436,Netflix,grocery_pos,510.07,"Hyderabad, Telangana, IN",17.38505785161009,78.48773830027528,17.263191363026554,78.71618013617571,1641643200,0
2022-01-08 15:00:00,15:00:00,4532117045436,Shell,travel,445.55,"Hyderabad, Telangana, IN",17.3896325582838,78.49057631862004,18.108260057711327,78.15656999499998,1641654000,0
2022-01-08 18:00:00,18:00:00,4532117045436,Shell,gas_transport,380.62,"Hyderabad, Telangana, IN",17.372642215833697,78.47217910518886,17.933312639777178,76.83258525687044,1641664800,0
2022-01-08 21:00:00,21:00:00,4532117045436,Walmart,grocery_pos,290.51,"Hyderabad, Telangana, IN",17.383473489988383,78.47689542742177,17.735315376217752,78.1784477805023,1641675600,0
2022-01-09 00:00:00,00:00:00,4532117045436,Apollo,entertainment,382.94,"Hyderabad, Telangana, IN",17.379944695021877,78.48413738693009,17.312016914619424,78.0246601306244,1641686400,0
2022-01-09 03:00:00,03:00:00,4532117045436,Walmart,food_dining,365.3,"Hyderabad, Telangana, IN",17.39451932973759,78.4689133887964,17.346795725885265,77.43636805145788,1641697200,0
2022-01-09 06:00:00,06:00:00,4532117045436,Zomato,travel,695.2,"Hyderabad, Telangana, IN",17.40251825451986,78.48807249402883,16.848848147184107,78.21004104857228,1641708000,0
2022-01-09 09:00:00,09:00:00,4532117045436,Zomato,food_dining,599.55,"Hyderabad, Telangana, IN",17.37722937466837,78.49502718244943,17.242933158077914,78.14440692477332,1641718800,0
2022-01-09 12:00:00,12:00:00,4532117045436,Amazon,entertainment,346.39,"Hyderabad, Telangana, IN",17.39779990230121,78.50062142826253,17.41869105823152,78.47298172847876,1641729600,0
2022-01-09 15:00:00,15:00:00,4532117045436,Zomato,travel,7020.41,"Kolkata, West Bengal, IN",17.370416275568587,78.48766419630344,28.56096863796242,80.76436356475523,1641740400,1
2022-01-09 18:00:00,18:00:00,4532117045436,Amazon,shopping_net,591.63,"Hyderabad, Telangana, IN",17.387006736846427,78.5055638500865,17.533050049162565,79.4239799411517,1641751200,0
2022-01-09 21:00:00,21:00:00,4532117045436,Netflix,travel,346.35,"Hyderabad, Telangana, IN",17.387599968095728,78.4863495626558,17.94073722667172,78.53328834572812,1641762000,0
2022-01-10 00:00:00,00:00:00,4532117045436,Walmart,shopping_net,237.43,"Hyderabad, Telangana, IN",17.370160855561533,78.47413211711486,16.629316794982888,78.50175675938442,1641772800,0
2022-01-10 03:00:00,03:00:00,4532117045436,MakeMyTrip,food_dining,180.47,"Hyderabad, Telangana, IN",17.376715732184085,78.48614046138944,17.068376065973656,79.48564099745704,1641783600,0
2022-01-10 06:00:00,06:00:00,4532117045436,Netflix,food_dining,640.84,"Hyderabad, Telangana, IN",17.37574279154531,78.48464327128025,17.95722206977347,77.85218331779083,1641794400,0
2022-01-10 09:00:00,09:00:00,4532117045436,Zomato,entertainment,421.34,"Hyderabad, Telangana, IN",17.3718860077049,78.49186157636673,18.61810304133485,77.88518340064934,1641805200,0
2022-01-10 12:00:00,12:00:00,4532117045436,Netflix,shopping_net,493.7,"Hyderabad, Telangana, IN",17.358337820896764,78.48940626018425,16.848139330199448,78.78783753915104,1641816000,0
2022-01-10 15:00:00,15:00:00,4532117045436,Netflix,food_dining,363.86,"Hyderabad, Telangana, IN",17.38292750551769,78.48869274412517,17.072313818319955,79.14441584303954,1641826800,0
2022-01-10 18:00:00,18:00:00,4532117045436,Netflix,shopping_net,259.82,"Hyderabad, Telangana, IN",17.384132261651928,78.49636910159406,16.730682203202385,79.20271740854824,1641837600,0
2022-01-10 21:00:00,21:00:00,4532117045436,Zomato,food_dining,287.8,"Hyderabad, Telangana, IN",17.38405374527395,78.48240041728307,16.36672802828771,77.58441876951399,1641848400,0
2022-01-11 00:00:00,00:00:00,4532117045436,MakeMyTrip,travel,248.84,"Hyderabad, Telangana, IN",17.39265706104464,78.49208724520388,17.522241202618435,77.59890137216821,1641859200,0
2022-01-11 03:00:00,03:00:00,4532117045436,Apollo,grocery_pos,577.5,"Hyderabad, Telangana, IN",17.365621686804406,78.48950866519205,17.682121763397102,78.42814494092667,1641870000,0
2022-01-11 06:00:00,06:00:00,4532117045436,Netflix,gas_transport,673.88,"Hyderabad, Telangana, IN",17.38118949882121,78.48783945450646,17.235185563412504,78.84118179180244,1641880800,0
2022-01-11 09:00:00,09:00:00,4532117045436,Amazon,travel,455.59,"Hyderabad, Telangana, IN",17.410599779058547,78.48604295187694,17.23972229643875,78.29602933765489,1641891600,0
2022-01-11 12:00:00,12:00:00,4532117045436,Zomato,health_fitness,222.33,"Hyderabad, Telangana, IN",17.393867559129628,78.47398719456176,17.329445857421664,77.89813453290026,1641902400,0
2022-01-11 15:00:00,15:00:00,4532117045436,Netflix,grocery_pos,524.49,"Hyderabad, Telangana, IN",17.39392463669228,78.484160873644,17.100692402839062,77.85005886850372,1641913200,0
2022-01-11 18:00:00,18:00:00,4532117045436,MakeMyTrip,health_fitness,639.75,"Hyderabad, Telangana, IN",17.374834055381175,78.48480206134967,17.36321010811654,79.00477311240311,1641924000,0
2022-01-11 21:00:00,21:00:00,4532117045436,Apollo,food_dining,595.75,"Hyderabad, Telangana, IN",17.383040960956805,78.47947275310044,18.078446513994056,79.01997574467664,1641934800,0
2022-01-12 00:00:00,00:00:00,4532117045436,Zomato,gas_transport,445.63,"Hyderabad, Telangana, IN",17.36200139340403,78.47312114988506,16.971309778287914,78.80199281006622,1641945600,0
2022-01-12 03:00:00,03:00:00,4532117045436,Shell,gas_transport,414.83,"Hyderabad, Telangana, IN",17.39085482307304,78.48113475292102,17.243478815900353,78.46163961630583,1641956400,0
2022-01-12 06:00:00,06:00:00,4532117045436,Apollo,food_dining,444.43,"Hyderabad, Telangana, IN",17.3990029906869,78.48196574660284,17.32117779853836,78.05284085830972,1641967200,0
2022-01-12 09:00:00,09:00:00,4532117045436,Amazon,food_dining,633.79,"Hyderabad, Telangana, IN",17.370502023910582,78.47329687731079,17.101248288467403,77.53262472448972,1641978000,0
2022-01-12 12:00:00,12:00:00,4532117045436,Netflix,shopping_net,564.05,"Hyderabad, Telangana, IN",17.373411156777266,78.47328641815476,17.418962821659726,77.73554794396037,1641988800,0
2022-01-12 15:00:00,15:00:00,4532117045436,MakeMyTrip,food_dining,392.14,"Hyderabad, Telangana, IN",17.38467971966496,78.46578058327422,16.135020344698095,77.46763520782076,1641999600,0
2022-01-12 18:00:00,18:00:00,4532117045436,Shell,entertainment,388.36,"Hyderabad, Telangana, IN",17.38653294001881,78.48965073172181,17.671457024145862,78.3366057606473,1642010400,0
2022-01-12 21:00:00,21:00:00,4532117045436,MakeMyTrip,food_dining,377.75,"Hyderabad, Telangana, IN",17.37958274520953,78.49648036805085,16.89889739638602,78.71955419771514,1642021200,0
2022-01-13 00:00:00,00:00:00,4532117045436,Shell,entertainment,290.31,"Hyderabad, Telangana, IN",17.376846304208577,78.48686102245982,16.96467671363604,78.51959730398399,1642032000,0
2022-01-13 03:00:00,03:00:00,4532117045436,Zomato,food_dining,652.78,"Hyderabad, Telangana, IN",17.37695342736786,78.48265685356473,17.301252063293813,79.19477840328125,1642042800,0
2022-01-13 06:00:00,06:00:00,4532117045436,Shell,shopping_net,331.83,"Hyderabad, Telangana, IN",17.384509688061854,78.47279991135844,16.69015134689846,78.57610983453942,1642053600,0
2022-01-13 09:00:00,09:00:00,4532117045436,Amazon,entertainment,523.54,"Hyderabad, Telangana, IN",17.390861371934655,78.46465120932764,18.050603133090544,77.66474194309804,1642064400,0
2022-01-13 12:00:00,12:00:00,4532117045436,Amazon,grocery_pos,350.79,"Hyderabad, Telangana, IN",17.384506977556292,78.48637026546348,16.973076534425836,78.41833582614217,1642075200,0
2022-01-13 15:00:00,15:00:00,4532117045436,Walmart,entertainment,378.42,"Hyderabad, Telangana, IN",17.383551402074172,78.49285668444145,18.701345739731146,78.43356119987631,1642086000,0
2022-01-13 18:00:00,18:00:00,4532117045436,Amazon,travel,432.92,"Hyderabad, Telangana, IN",17.367407457237277,78.47837591526093,17.70010010525979,78.7364627657546,1642096800,0
2022-01-13 21:00:00,21:00:00,4532117045436,Apollo,shopping_net,531.79,"Hyderabad, Telangana, IN",17.393670586753718,78.49725409714893,17.100853067509714,78.91045712296973,1642107600,0
2022-01-14 00:00:00,00:00:00,4532117045436,Shell,health_fitness,411.12,"Hyderabad, Telangana, IN",17.384486098220034,78.479811119015,17.231801429143534,78.72275637940416,1642118400,0
2022-01-14 03:00:00,03:00:00,4532117045436,Amazon,entertainment,279.12,"Hyderabad, Telangana, IN",17.380633737684136,78.49754998282853,17.45929553617352,78.24335221020168,1642129200,0
2022-01-14 06:00:00,06:00:00,4532117045436,Zomato,travel,452.86,"Hyderabad, Telangana, IN",17.38755138340438,78.47889204046254,18.234360227009617,79.17683439609647,1642140000,0
2022-01-14 09:00:00,09:00:00,4532117045436,MakeMyTrip,travel,335.0,"Hyderabad, Telangana, IN",17.376561901430453,78.46007067957287,17.860143118446256,78.90504958120724,1642150800,0
2022-01-14 12:00:00,12:00:00,4532117045436,MakeMyTrip,travel,681.58,"Hyderabad, Telangana, IN",17.380841407219243,78.49296355706086,17.82262722444367,77.19146251806339,1642161600,0
2022-01-14 15:00:00,15:00:00,4532117045436,Walmart,food_dining,411.01,"Hyderabad, Telangana, IN",17.38607587644075,78.47747153420104,17.232214686034794,78.86831610102746,1642172400,0
2022-01-14 18:00:00,18:00:00,4532117045436,MakeMyTrip,travel,349.8,"Hyderabad, Telangana, IN",17.378214453063286,78.4712753600925,17.101536790399003,78.04399674680376,1642183200,0
2022-01-14 21:00:00,21:00:00,4532117045436,Shell,food_dining,746.22,"Hyderabad, Telangana, IN",17.368543246198264,78.49151593015127,17.703702504364177,77.60933756359222,1642194000,0
2022-01-15 00:00:00,00:00:00,4532117045436,Walmart,health_fitness,560.83,"Hyderabad, Telangana, IN",17.36691527816592,78.47780629959693,18.05178526996284,78.61261188631947,1642204800,0
2022-01-15 03:00:00,03:00:00,4532117045436,Shell,shopping_net,315.48,"Hyderabad, Telangana, IN",17.38945732821104,78.47257100094917,17.315985164877283,79.64841314045553,1642215600,0
2022-01-15 06:00:00,06:00:00,4532117045436,Zomato,gas_transport,331.36,"Hyderabad, Telangana, IN",17.384688912132194,78.49981409195654,17.042664777425852,78.46015753596501,1642226400,0
2022-01-15 09:00:00,09:00:00,4532117045436,Walmart,food_dining,521.13,"Hyderabad, Telangana, IN",17.38433530268629,78.48465251972144,16.868352184669988,78.3421807560144,1642237200,0
2022-01-15 12:00:00,12:00:00,4532117045436,Netflix,travel,456.52,"Hyderabad, Telangana, IN",17.37338197274303,78.47234907575798,16.548245993635923,78.53497726767311,1642248000,0
2022-01-15 15:00:00,15:00:00,4532117045436,Apollo,travel,583.53,"Hyderabad, Telangana, IN",17.38479450664863,78.48206872046292,17.16159676990869,79.68193022857601,1642258800,0
2022-01-15 18:00:00,18:00:00,4532117045436,Apollo,grocery_pos,350.6,"Hyderabad, Telangana, IN",17.380995454077905,78.50802563088627,17.257805064172707,78.35269025140023,1642269600,0
2022-01-15 21:00:00,21:00:00,4532117045436,Shell,travel,555.17,"Hyderabad, Telangana, IN",17.378999381217287,78.48782360541679,17.374968014974176,78.97839416346382,1642280400,0
2022-01-16 00:00:00,00:00:00,4532117045436,MakeMyTrip,shopping_net,114.26,"Hyderabad, Telangana, IN",17.3842494924548,78.48028154518954,17.6558196310475,78.28764701399633,1642291200,0
2022-01-16 03:00:00,03:00:00,4532117045436,Netflix,entertainment,426.83,"Hyderabad, Telangana, IN",17.38796430933193,78.49171376595737,17.150616119140967,78.19635069704529,1642302000,0
2022-01-16 06:00:00,06:00:00,4532117045436,Walmart,entertainment,357.42,"Hyderabad, Telangana, IN",17.402499029842044,78.4821566115081,18.28264224888037,79.19280531084647,1642312800,0
2022-01-16 09:00:00,09:00:00,4532117045436,Netflix,travel,381.74,"Hyderabad, Telangana, IN",17.390652933167182,78.48160592499687,16.815652745739897,77.93545591800205,1642323600,0
2022-01-16 12:00:00,12:00:00,4532117045436,Netflix,grocery_pos,2276.4,"Mumbai, Maharashtra, IN",17.39357562682002,78.48013631467354,13.021513507604215,79.36452135866395,1642334400,1
2022-01-16 15:00:00,15:00:00,4532117045436,MakeMyTrip,food_dining,620.78,"Hyderabad, Telangana, IN",17.396046550703748,78.49523948956534,16.77522094941217,78.31581509858133,1642345200,0
2022-01-16 18:00:00,18:00:00,4532117045436,Walmart,shopping_net,276.89,"Hyderabad, Telangana, IN",17.377359773772312,78.48864754407214,16.95977227183378,78.1081109540389,1642356000,0
2022-01-16 21:00:00,21:00:00,4532117045436,Zomato,grocery_pos,121.79,"Hyderabad, Telangana, IN",17.38179115429033,78.50092243839131,17.525500399813996,78.27769868591119,1642366800,0
2022-01-17 00:00:00,00:00:00,4532117045436,MakeMyTrip,food_dining,294.29,"Hyderabad, Telangana, IN",17.37595089471818,78.48976885318957,17.906837182825747,77.36104535379843,1642377600,0
2022-01-17 03:00:00,03:00:00,4532117045436,Netflix,shopping_net,603.37,"Hyderabad, Telangana, IN",17.378181780976647,78.501976003802,17.245228276876254,77.96165369181007,1642388400,0
2022-01-17 06:00:00,06:00:00,4532117045436,Netflix,travel,203.25,"Hyderabad, Telangana, IN",17.380717575758723,78.4932008663711,17.427306986783883,78.55370575214984,1642399200,0
2022-01-17 09:00:00,09:00:00,4532117045436,Zomato,entertainment,364.21,"Hyderabad, Telangana, IN",17.377943447175806,78.4841005169793,18.016366145514663,78.36289583236126,1642410000,0
2022-01-17 12:00:00,12:00:00,4532117045436,Netflix,shopping_net,4422.99,"Mumbai, Maharashtra, IN",17.387241024573957,78.48534624388466,18.89782707343437,79.66455143318892,1642420800,1
2022-01-17 15:00:00,15:00:00,4532117045436,Netflix,travel,441.24,"Hyderabad, Telangana, IN",17.3893284313104,78.50497872117174,17.76994136781362,79.22752908890264,1642431600,0
2022-01-17 18:00:00,18:00:00,4532117045436,Netflix,health_fitness,619.31,"Hyderabad, Telangana, IN",17.37193857334664,78.49973817251505,17.04046707213384,77.99000505530842,1642442400,0
2022-01-17 21:00:00,21:00:00,4532117045436,Apollo,gas_transport,144.77,"Hyderabad, Telangana, IN",17.38187918148816,78.50216757835199,17.506547889715495,79.20529110368426,1642453200,0
2022-01-18 00:00:00,00:00:00,4532117045436,MakeMyTrip,shopping_net,2386.21,"Mumbai, Maharashtra, IN",17.38198868374222,78.47662549791933,28.499842360237604,88.79658235010857,1642464000,1
2022-01-18 03:00:00,03:00:00,4532117045436,Amazon,gas_transport,650.58,"Hyderabad, Telangana, IN",17.370275936710243,78.46794831133272,16.797128517715304,78.3550098256646,1642474800,0
2022-01-18 06:00:00,06:00:00,4532117045436,MakeMyTrip,shopping_net,280.97,"Hyderabad, Telangana, IN",17.377338545837773,78.47826833344183,17.01171997472045,78.53350536297343,1642485600,0
2022-01-18 09:00:00,09:00:00,4532117045436,Zomato,gas_transport,605.22,"Hyderabad, Telangana, IN",17.393734523311544,78.48835482432808,17.717928928642365,78.63353281299457,1642496400,0
2022-01-18 12:00:00,12:00:00,4532117045436,Netflix,health_fitness,414.65,"Hyderabad, Telangana, IN",17.3936057750948,78.48024437578482,17.254944712292975,78.00888311862197,1642507200,0
2022-01-18 15:00:00,15:00:00,4532117045436,MakeMyTrip,entertainment,7374.75,"Mumbai, Maharashtra, IN",17.368708101543746,78.48697408527303,13.166256035655069,88.34940215772933,1642518000,1
2022-01-18 18:00:00,18:00:00,4532117045436,Apollo,food_dining,639.7,"Hyderabad, Telangana, IN",17.389721290071623,78.48218789691263,17.48236612640081,78.38650619589559,1642528800,0
2022-01-18 21:00:00,21:00:00,4532117045436,Zomato,gas_transport,514.48,"Hyderabad, Telangana, IN",17.37029712622998,78.46905300816177,16.84529114904451,78.70519913290497,1642539600,0
2022-01-19 00:00:00,00:00:00,4532117045436,Shell,health_fitness,361.31,"Hyderabad, Telangana, IN",17.38098517605936,78.49098895853957,16.793679648014177,78.81854742355414,1642550400,0
2022-01-19 03:00:00,03:00:00,4532117045436,MakeMyTrip,gas_transport,534.31,"Hyderabad, Telangana, IN",17.384026807023076,78.48700867374545,16.190812163681258,79.10944017902473,1642561200,0
2022-01-19 06:00:00,06:00:00,4532117045436,Shell,entertainment,350.73,"Hyderabad, Telangana, IN",17.392527753704833,78.49999352424074,17.564894981142196,77.87239803916086,1642572000,0
2022-01-19 09:00:00,09:00:00,4532117045436,Netflix,gas_transport,3670.64,"Delhi, Delhi, IN",17.38325412010003,78.48829855752439,13.27358261811148,73.37193117367669,1642582800,1
2022-01-19 12:00:00,12:00:00,4532117045436,Apollo,health_fitness,262.22,"Hyderabad, Telangana, IN",17.374861375659403,78.4945265004635,17.655295049410867,78.48022137244003,1642593600,0
2022-01-19 15:00:00,15:00:00,4532117045436,Apollo,travel,454.36,"Hyderabad, Telangana, IN",17.37316058459373,78.47850729027768,17.995929625241033,78.22030307206855,1642604400,0
2022-01-19 18:00:00,18:00:00,4532117045436,MakeMyTrip,health_fitness,628.39,"Hyderabad, Telangana, IN",17.386679886674568,78.49017008172679,17.264344272743205,79.48852887149509,1642615200,0
2022-01-19 21:00:00,21:00:00,4532117045436,Zomato,grocery_pos,405.18,"Hyderabad, Telangana, IN",17.378662005310062,78.4947857906439,17.350228097787507,78.7027465614579,1642626000,0
2022-01-20 00:00:00,00:00:00,4532117045436,Zomato,entertainment,614.05,"Hyderabad, Telangana, IN",17.380913063838896,78.49226365388975,17.556605852283766,79.2011657813804,1642636800,0
2022-01-20 03:00:00,03:00:00,4532117045436,Apollo,travel,914.01,"Hyderabad, Telangana, IN",17.394704645934763,78.48443451733755,17.099961277374096,76.80483696340137,1642647600,0
2022-01-20 06:00:00,06:00:00,4532117045436,Zomato,grocery_pos,445.66,"Hyderabad, Telangana, IN",17.389348979311496,78.4902044981125,16.656145488584432,79.01023415637562,1642658400,0
2022-01-20 09:00:00,09:00:00,4532117045436,Apollo,entertainment,542.13,"Hyderabad, Telangana, IN",17.400868958435886,78.49292746882477,16.809197689486716,78.75474265481935,1642669200,0
2022-01-20 12:00:00,12:00:00,4532117045436,MakeMyTrip,travel,521.53,"Hyderabad, Telangana, IN",17.374818025793232,78.49871388571552,17.36509159646265,78.83760954735118,1642680000,0
2022-01-20 15:00:00,15:00:00,4532117045436,Amazon,gas_transport,483.77,"Hyderabad, Telangana, IN",17.37790808527237,78.48108884509861,17.884895642530118,78.34018210092148,1642690800,0
2022-01-20 18:00:00,18:00:00,4532117045436,Apollo,travel,568.18,"Hyderabad, Telangana, IN",17.38683687329379,78.47553179868669,18.16866184634924,79.54204223474218,1642701600,0
2022-01-20 21:00:00,21:00:00,4532117045436,Shell,health_fitness,2782.47,"Chennai, Tamil Nadu, IN",17.403187975099165,78.47838688274534,19.417761265285478,78.35975883853521,1642712400,1
2022-01-21 00:00:00,00:00:00,4532117045436,Zomato,grocery_pos,350.62,"Hyderabad, Telangana, IN",17.37705134613954,78.48815401514568,17.468923047505303,78.47735039788199,1642723200,0
2022-01-21 03:00:00,03:00:00,4532117045436,Apollo,gas_transport,221.05,"Hyderabad, Telangana, IN",17.38538410646205,78.48674391097403,18.32040348945931,77.9975255486108,1642734000,0
2022-01-21 06:00:00,06:00:00,4532117045436,Apollo,health_fitness,7047.05,"Mumbai, Maharashtra, IN",17.398212300927582,78.49297317429118,13.166922942986046,80.33144140503582,1642744800,1
2022-01-21 09:00:00,09:00:00,4532117045436,MakeMyTrip,entertainment,585.22,"Hyderabad, Telangana, IN",17.385499210151412,78.49500776744611,17.453608862011095,78.39940661949754,1642755600,0
2022-01-21 12:00:00,12:00:00,4532117045436,Zomato,travel,309.03,"Hyderabad, Telangana, IN",17.395200038546363,78.4678479514881,17.49007952838896,79.02272252246458,1642766400,0
2022-01-21 15:00:00,15:00:00,4532117045436,Amazon,health_fitness,487.0,"Hyderabad, Telangana, IN",17.404574894226858,78.48188926843143,17.675980641439494,78.80405162786616,1642777200,0
2022-01-21 18:00:00,18:00:00,4532117045436,MakeMyTrip,gas_transport,431.53,"Hyderabad, Telangana, IN",17.38795123836303,78.48882233779581,16.774850422440224,79.07335493842324,1642788000,0
2022-01-21 21:00:00,21:00:00,4532117045436,Amazon,grocery_pos,356.89,"Hyderabad, Telangana, IN",17.389584806238016,78.49785178856388,17.76527143151597,78.43281789739784,1642798800,0
2022-01-22 00:00:00,00:00:00,4532117045436,MakeMyTrip,grocery_pos,172.04,"Hyderabad, Telangana, IN",17.392429450628804,78.48616619451577,17.60455804480713,78.31702686475748,1642809600,0
2022-01-22 03:00:00,03:00:00,4532117045436,Zomato,travel,654.43,"Hyderabad, Telangana, IN",17.375956285021005,78.50035451945125,17.929118540194363,78.92876026226558,1642820400,0
2022-01-22 06:00:00,06:00:00,4532117045436,Walmart,health_fitness,527.58,"Hyderabad, Telangana, IN",17.370184332781264,78.49221379695052,17.632060753335377,78.56567465667577,1642831200,0
2022-01-22 09:00:00,09:00:00,4532117045436,Zomato,gas_transport,849.79,"Hyderabad, Telangana, IN",17.386584523915964,78.4905077609857,17.89562427351499,77.30654163014474,1642842000,0
2022-01-22 12:00:00,12:00:00,4532117045436,Zomato,shopping_net,611.91,"Hyderabad, Telangana, IN",17.378748706221756,78.48559775787287,16.923562167577927,78.26036746851578,1642852800,0
2022-01-22 15:00:00,15:00:00,4532117045436,Amazon,entertainment,651.08,"Hyderabad, Telangana, IN",17.395527582199637,78.48645389186028,17.086784907529342,77.39357621056811,1642863600,0
2022-01-22 18:00:00,18:00:00,4532117045436,Amazon,entertainment,187.6,"Hyderabad, Telangana, IN",17.388142971603692,78.49000782566097,17.46135348750755,78.07893275459627,1642874400,0
2022-01-22 21:00:00,21:00:00,4532117045436,Zomato,gas_transport,184.97,"Hyderabad, Telangana, IN",17.39535811403344,78.48474620196072,17.009394923288397,78.99972972036561,1642885200,0
2022-01-23 00:00:00,00:00:00,4532117045436,Zomato,shopping_net,456.35,"Hyderabad, Telangana, IN",17.372983511001525,78.49782561592598,17.812743162509282,78.31846188461381,1642896000,0
2022-01-23 03:00:00,03:00:00,4532117045436,Zomato,grocery_pos,277.78,"Hyderabad, Telangana, IN",17.395015364334938,78.49549577797289,16.677231255564713,78.35196108363273,1642906800,0
2022-01-23 06:00:00,06:00:00,4532117045436,Amazon,travel,347.81,"Hyderabad, Telangana, IN",17.36201241715244,78.49867994981297,17.305202586495337,78.3896188200208,1642917600,0
2022-01-23 09:00:00,09:00:00,4532117045436,Zomato,food_dining,828.94,"Hyderabad, Telangana, IN",17.37380389855806,78.47630102054315,17.101752916847904,78.49220039232769,1642928400,0
2022-01-23 12:00:00,12:00:00,4532117045436,Zomato,food_dining,628.48,"Hyderabad, Telangana, IN",17.39132238439342,78.47597258732463,17.013789470886994,78.31931223329242,1642939200,0
2022-01-23 15:00:00,15:00:00,4532117045436,Netflix,travel,309.65,"Hyderabad, Telangana, IN",17.379974385828916,78.49157904366854,16.699506338698946,79.39503325059923,1642950000,0
2022-01-23 18:00:00,18:00:00,4532117045436,Walmart,gas_transport,95.08,"Hyderabad, Telangana, IN",17.380936982553287,78.4858938369474,17.405900235955613,77.63501831618566,1642960800,0
2022-01-23 21:00:00,21:00:00,4532117045436,Shell,shopping_net,297.01,"Hyderabad, Telangana, IN",17.386072342775307,78.48928840708126,17.343446237266733,78.60115713610874,1642971600,0
2022-01-24 00:00:00,00:00:00,4532117045436,Walmart,shopping_net,366.42,"Hyderabad, Telangana, IN",17.399219550071304,78.47552579922599,18.337192540165077,78.76479324386638,1642982400,0
2022-01-24 03:00:00,03:00:00,4532117045436,Netflix,entertainment,401.81,"Hyderabad, Telangana, IN",17.365782305235047,78.47212032907812,18.62896020361745,78.0392986362984,1642993200,0
2022-01-24 06:00:00,06:00:00,4532117045436,Shell,grocery_pos,258.14,"Hyderabad, Telangana, IN",17.39748706362698,78.48902580071294,16.85101636069154,78.80952630278078,1643004000,0
2022-01-24 09:00:00,09:00:00,4532117045436,MakeMyTrip,health_fitness,619.48,"Hyderabad, Telangana, IN",17.398074601191414,78.47910115169728,16.433492797982453,78.15276207435171,1643014800,0
2022-01-24 12:00:00,12:00:00,4532117045436,Zomato,shopping_net,343.28,"Hyderabad, Telangana, IN",17.37995626378039,78.49384105932346,16.78467108604492,78.72661556298473,1643025600,0
2022-01-24 15:00:00,15:00:00,4532117045436,Netflix,travel,547.29,"Hyderabad, Telangana, IN",17.37805115193012,78.48054628657438,17.354070179970787,77.85578398524801,1643036400,0
2022-01-24 18:00:00,18:00:00,4532117045436,MakeMyTrip,health_fitness,458.08,"Hyderabad, Telangana, IN",17.383820293235036,78.4778252722221,17.94758542493945,78.5304490437324,1643047200,0
2022-01-24 21:00:00,21:00:00,4532117045436,Zomato,food_dining,590.77,"Hyderabad, Telangana, IN",17.37783828297399,78.46403347762813,17.144268854028258,79.6015992547709,1643058000,0
2022-01-25 00:00:00,00:00:00,4532117045436,Amazon,health_fitness,414.31,"Hyderabad, Telangana, IN",17.38844776570453,78.49917546540314,17.67413890191875,78.03418286648693,1643068800,0
2022-01-25 03:00:00,03:00:00,4532117045436,Apollo,grocery_pos,311.25,"Hyderabad, Telangana, IN",17.38975012250352,78.49367550448878,16.985479609627298,78.27897851193423,1643079600,0
2022-01-25 06:00:00,06:00:00,4532117045436,Netflix,travel,360.21,"Hyderabad, Telangana, IN",17.369460904754227,78.47174302547666,17.141438777918708,79.31155038608549,1643090400,0
2022-01-25 09:00:00,09:00:00,4532117045436,Amazon,grocery_pos,362.33,"Hyderabad, Telangana, IN",17.375796438245292,78.46672543645838,17.46839831053716,79.10492939082404,1643101200,0
2022-01-25 12:00:00,12:00:00,4532117045436,Netflix,health_fitness,759.68,"Hyderabad, Telangana, IN",17.373148609709414,78.48072923338276,17.379432678821406,79.36096551368678,1643112000,0
2022-01-25 15:00:00,15:00:00,4532117045436,Netflix,gas_transport,461.48,"Hyderabad, Telangana, IN",17.387146874896978,78.49617321039703,17.36697081334122,78.30206305841395,1643122800,0
2022-01-25 18:00:00,18:00:00,4532117045436,Amazon,shopping_net,450.69,"Hyderabad, Telangana, IN",17.393723321094036,78.48142915956339,16.844100501960764,78.66015312400162,1643133600,0
2022-01-25 21:00:00,21:00:00,4532117045436,Shell,travel,582.3,"Hyderabad, Telangana, IN",17.374265645061673,78.48462883383502,17.99794690423876,78.71728513834046,1643144400,0
2022-01-26 00:00:00,00:00:00,4532117045436,Walmart,gas_transport,6234.68,"Delhi, Delhi, IN",17.393652761061766,78.49660586245314,28.509583478805975,73.36875631486556,1643155200,1
2022-01-26 03:00:00,03:00:00,4532117045436,Zomato,health_fitness,7918.07,"Kolkata, West Bengal, IN",17.375752004944093,78.47681731889178,28.966007350956954,89.09816695112097,1643166000,1
2022-01-26 06:00:00,06:00:00,4532117045436,Netflix,shopping_net,394.19,"Hyderabad, Telangana, IN",17.392186219599626,78.47987883664062,17.046387824485137,77.8662670399284,1643176800,0
2022-01-26 09:00:00,09:00:00,4532117045436,Zomato,entertainment,378.95,"Hyderabad, Telangana, IN",17.382162685704742,78.48889585757341,17.444695107868927,78.23595080496895,1643187600,0
2022-01-26 12:00:00,12:00:00,4532117045436,Apollo,gas_transport,302.96,"Hyderabad, Telangana, IN",17.380582992942692,78.48389808032562,17.122562591770567,77.84777892588662,1643198400,0
2022-01-26 15:00:00,15:00:00,4532117045436,Amazon,gas_transport,727.51,"Hyderabad, Telangana, IN",17.396424505374767,78.47792807052751,16.8976416467021,78.14824751059203,1643209200,0
2022-01-26 18:00:00,18:00:00,4532117045436,Zomato,health_fitness,439.53,"Hyderabad, Telangana, IN",17.40287690731058,78.4937724947733,17.527481540122995,77.98378436285492,1643220000,0
2022-01-26 21:00:00,21:00:00,4532117045436,Amazon,food_dining,273.89,"Hyderabad, Telangana, IN",17.36558250558435,78.49187837442985,16.3238307884399,78.74279746246337,1643230800,0
2022-01-27 00:00:00,00:00:00,4532117045436,Zomato,health_fitness,479.52,"Hyderabad, Telangana, IN",17.390994356797744,78.49502177390718,17.80842007629538,78.68420183543725,1643241600,0
2022-01-27 03:00:00,03:00:00,4532117045436,Walmart,gas_transport,7223.59,"Chennai, Tamil Nadu, IN",17.386773342421684,78.4851669779923,18.655301830333787,76.70475512777901,1643252400,1
2022-01-27 06:00:00,06:00:00,4532117045436,Walmart,shopping_net,391.56,"Hyderabad, Telangana, IN",17.391578825075005,78.46909112668925,17.228492752302163,78.31586842972088,1643263200,0
2022-01-27 09:00:00,09:00:00,4532117045436,Walmart,food_dining,496.61,"Hyderabad, Telangana, IN",17.370614857356365,78.48680754658623,16.25043819889609,78.78445879157356,1643274000,0
2022-01-27 12:00:00,12:00:00,4532117045436,Walmart,health_fitness,678.15,"Hyderabad, Telangana, IN",17.374156793446367,78.47498202464291,18.28887880506,78.30924067088156,1643284800,0
2022-01-27 15:00:00,15:00:00,4532117045436,Walmart,travel,465.24,"Hyderabad, Telangana, IN",17.378285702749356,78.46643075654258,17.714112190671504,78.18900206356976,1643295600,0
2022-01-27 18:00:00,18:00:00,4532117045436,Walmart,health_fitness,343.34,"Hyderabad, Telangana, IN",17.387130657687013,78.48395286459677,17.427935883745416,77.82209814897595,1643306400,0
2022-01-27 21:00:00,21:00:00,4532117045436,Amazon,gas_transport,374.26,"Hyderabad, Telangana, IN",17.377673462495327,78.48771762747916,17.04093452840344,79.13939730685598,1643317200,0
2022-01-28 00:00:00,00:00:00,4532117045436,Netflix,gas_transport,548.47,"Hyderabad, Telangana, IN",17.381769771108065,78.50268277667749,16.852136632346095,77.67618112538403,1643328000,0
2022-01-28 03:00:00,03:00:00,4532117045436,Zomato,entertainment,156.25,"Hyderabad, Telangana, IN",17.393305279225498,78.47464395442444,17.284845347071048,78.32894165845758,1643338800,0
2022-01-28 06:00:00,06:00:00,4532117045436,Walmart,health_fitness,293.6,"Hyderabad, Telangana, IN",17.405488136190986,78.49347053004584,17.536105482122622,78.0440371311595,1643349600,0
2022-01-28 09:00:00,09:00:00,4532117045436,Amazon,gas_transport,2059.71,"Chennai, Tamil Nadu, IN",17.392592002593535,78.47071082639388,13.520396836916419,80.26696214762957,1643360400,1
2022-01-28 12:00:00,12:00:00,4532117045436,Amazon,travel,194.0,"Hyderabad, Telangana, IN",17.39359395204339,78.49940111673986,17.650459880521485,78.26301944031646,1643371200,0
2022-01-28 15:00:00,15:00:00,4532117045436,Amazon,grocery_pos,403.12,"Hyderabad, Telangana, IN",17.3831814895548,78.47969354169823,18.31286474034467,78.52858827470094,1643382000,0
2022-01-28 18:00:00,18:00:00,4532117045436,Netflix,food_dining,4136.28,"Mumbai, Maharashtra, IN",17.376093965977287,78.48335168762824,19.348738642319734,77.76494404247359,1643392800,1
2022-01-28 21:00:00,21:00:00,4532117045436,Zomato,grocery_pos,581.62,"Hyderabad, Telangana, IN",17.381740420072717,78.48347980850137,17.50324302948001,78.25989557000244,1643403600,0
2022-01-29 00:00:00,00:00:00,4532117045436,Netflix,food_dining,412.46,"Hyderabad, Telangana, IN",17.384420977486123,78.49428958894592,18.25560790359906,77.81309857002871,1643414400,0
2022-01-29 03:00:00,03:00:00,4532117045436,Shell,travel,628.0,"Hyderabad, Telangana, IN",17.373398621852306,78.47219526590544,17.229623025940516,77.98256891712722,1643425200,0
2022-01-29 06:00:00,06:00:00,4532117045436,MakeMyTrip,health_fitness,461.83,"Hyderabad, Telangana, IN",17.39315120685453,78.48492594815633,17.315479342715605,78.25513966449728,1643436000,0
2022-01-29 09:00:00,09:00:00,4532117045436,Amazon,entertainment,716.47,"Hyderabad, Telangana, IN",17.40019450534569,78.48028685624763,17.615630026728297,78.56884533754945,1643446800,0
2022-01-29 12:00:00,12:00:00,4532117045436,Shell,gas_transport,241.88,"Hyderabad, Telangana, IN",17.386224219247175,78.50868047850253,17.72304864488137,78.4132187845768,1643457600,0
2022-01-29 15:00:00,15:00:00,4532117045436,Apollo,gas_transport,692.57,"Hyderabad, Telangana, IN",17.395840739772503,78.47585021644772,17.90988497488938,79.16851481618427,1643468400,0
2022-01-29 18:00:00,18:00:00,4532117045436,Walmart,gas_transport,388.33,"Hyderabad, Telangana, IN",17.397084321430455,78.46087935911903,17.439638917605787,77.73003804266577,1643479200,0
2022-01-29 21:00:00,21:00:00,4532117045436,MakeMyTrip,health_fitness,671.09,"Hyderabad, Telangana, IN",17.37465349776656,78.50364595387033,16.98757195605297,78.35590250575785,1643490000,0
2022-01-30 00:00:00,00:00:00,4532117045436,Walmart,food_dining,627.79,"Hyderabad, Telangana, IN",17.367621939665,78.49161339105113,17.66538130043917,77.35021584446254,1643500800,0
2022-01-30 03:00:00,03:00:00,4532117045436,Netflix,travel,22.21,"Hyderabad, Telangana, IN",17.380009841648825,78.47882625114417,16.90154292001413,78.40359090863183,1643511600,0
2022-01-30 06:00:00,06:00:00,4532117045436,MakeMyTrip,gas_transport,521.88,"Hyderabad, Telangana, IN",17.385958826991285,78.48637789631965,17.55097892806426,78.15126591052992,1643522400,0
2022-01-30 09:00:00,09:00:00,4532117045436,Zomato,grocery_pos,599.64,"Hyderabad, Telangana, IN",17.37303868244227,78.47869006042635,17.423625596877937,78.22868189870479,1643533200,0
2022-01-30 12:00:00,12:00:00,4532117045436,Shell,gas_transport,6810.62,"Mumbai, Maharashtra, IN",17.399222235826784,78.46713002264596,22.907010487473,76.83661534392013,1643544000,1
2022-01-30 15:00:00,15:00:00,4532117045436,Zomato,health_fitness,273.5,"Hyderabad, Telangana, IN",17.404488015652507,78.48505725416112,17.343851284634198,78.70415649380121,1643554800,0
2022-01-30 18:00:00,18:00:00,4532117045436,Netflix,travel,538.55,"Hyderabad, Telangana, IN",17.386791969482275,78.48498564738522,17.885952579415818,78.62666996819928,1643565600,0
2022-01-30 21:00:00,21:00:00,4532117045436,Walmart,entertainment,479.26,"Hyderabad, Telangana, IN",17.37518202675594,78.49009347011386,17.694020556261183,77.88371911161627,1643576400,0
2022-01-31 00:00:00,00:00:00,4532117045436,MakeMyTrip,travel,514.71,"Hyderabad, Telangana, IN",17.389862953485057,78.4769700450623,17.73228403029449,78.37393416795697,1643587200,0
2022-01-31 03:00:00,03:00:00,4532117045436,Zomato,grocery_pos,599.84,"Hyderabad, Telangana, IN",17.375150597106483,78.47895272866292,17.15317585138477,77.72632570956964,1643598000,0
2022-01-31 06:00:00,06:00:00,4532117045436,Zomato,gas_transport,623.51,"Hyderabad, Telangana, IN",17.39643093549021,78.482934335144,16.563960619637292,77.63284619324106,1643608800,0
2022-01-31 09:00:00,09:00:00,4532117045436,Walmart,gas_transport,351.64,"Hyderabad, Telangana, IN",17.38268568408753,78.4768915295338,17.186438194993322,78.68700870443203,1643619600,0
2022-01-31 12:00:00,12:00:00,4532117045436,MakeMyTrip,shopping_net,489.81,"Hyderabad, Telangana, IN",17.392272528561794,78.49806763087905,17.602877500090802,77.91807926650188,1643630400,0
2022-01-31 15:00:00,15:00:00,4532117045436,Shell,food_dining,456.17,"Hyderabad, Telangana, IN",17.394018972609896,78.495191226024,17.40119882149377,78.17972832182552,1643641200,0
2022-01-31 18:00:00,18:00:00,4532117045436,Walmart,grocery_pos,414.1,"Hyderabad, Telangana, IN",17.390379580138404,78.48154115102264,17.168612782557,78.59633459912492,1643652000,0
2022-01-31 21:00:00,21:00:00,4532117045436,Zomato,shopping_net,428.43,"Hyderabad, Telangana, IN",17.40285280729772,78.49204583628898,17.495715458948037,78.4778883711114,1643662800,0
2022-02-01 00:00:00,00:00:00,4532117045436,Shell,travel,479.4,"Hyderabad, Telangana, IN",17.386782731160967,78.47431713065015,17.25140405963614,79.18860766544684,1643673600,0
2022-02-01 03:00:00,03:00:00,4532117045436,Shell,entertainment,359.7,"Hyderabad, Telangana, IN",17.37996804683051,78.48208648017413,17.40939963396543,77.85822983230987,1643684400,0
2022-02-01 06:00:00,06:00:00,4532117045436,Walmart,food_dining,582.46,"Hyderabad, Telangana, IN",17.363978104488485,78.50133578019515,16.390597253153324,79.09645186724227,1643695200,0
2022-02-01 09:00:00,09:00:00,4532117045436,Zomato,grocery_pos,640.4,"Hyderabad, Telangana, IN",17.36216038775736,78.49315874210835,17.76857191231862,78.77593961576486,1643706000,0
2022-02-01 12:00:00,12:00:00,4532117045436,Netflix,gas_transport,326.91,"Hyderabad, Telangana, IN",17.39152038105222,78.48959082186181,17.691411848506938,78.86668090143122,1643716800,0
2022-02-01 15:00:00,15:00:00,4532117045436,Zomato,travel,6468.34,"Kolkata, West Bengal, IN",17.383161559413292,78.48311452365886,18.39609919137542,80.32201481468384,1643727600,1
2022-02-01 18:00:00,18:00:00,4532117045436,Amazon,grocery_pos,5670.68,"Delhi, Delhi, IN",17.376846041931053,78.48628062169185,22.33683738454747,73.45184228155998,1643738400,1
2022-02-01 21:00:00,21:00:00,4532117045436,MakeMyTrip,gas_transport,584.67,"Hyderabad, Telangana, IN",17.37386094831111,78.47201611901136,17.13340344465439,78.5342621910347,1643749200,0
2022-02-02 00:00:00,00:00:00,4532117045436,Apollo,food_dining,647.47,"Hyderabad, Telangana, IN",17.392409543366718,78.48346612672957,17.472131892460634,78.00836062160639,1643760000,0
2022-02-02 03:00:00,03:00:00,4532117045436,Netflix,gas_transport,435.82,"Hyderabad, Telangana, IN",17.37516464954054,78.490460310617,17.367945667215956,77.99235245556694,1643770800,0
2022-02-02 06:00:00,06:00:00,4532117045436,Shell,entertainment,328.43,"Hyderabad, Telangana, IN",17.401306609871423,78.48643578615719,18.174933226206694,78.56198035500785,1643781600,0
2022-02-02 09:00:00,09:00:00,4532117045436,Netflix,travel,361.7,"Hyderabad, Telangana, IN",17.40850986615735,78.48643585215342,17.18083437968296,79.01277219184573,1643792400,0
2022-02-02 12:00:00,12:00:00,4532117045436,MakeMyTrip,health_fitness,504.28,"Hyderabad, Telangana, IN",17.375999631880067,78.4801560326725,17.308138210423767,77.684757931681,1643803200,0
2022-02-02 15:00:00,15:00:00,4532117045436,Shell,gas_transport,4513.88,"Mumbai, Maharashtra, IN",17.391698251454265,78.47762252413241,22.85545800440161,80.48413432498033,1643814000,1
2022-02-02 18:00:00,18:00:00,4532117045436,MakeMyTrip,entertainment,196.09,"Hyderabad, Telangana, IN",17.38940021593509,78.47670774771194,18.146811520960252,77.86588082277186,1643824800,0
2022-02-02 21:00:00,21:00:00,4532117045436,Shell,health_fitness,465.04,"Hyderabad, Telangana, IN",17.37512351189718,78.48418119864134,17.628598186638452,78.33343765336329,1643835600,0
2022-02-03 00:00:00,00:00:00,4532117045436,Netflix,travel,436.79,"Hyderabad, Telangana, IN",17.375180119233107,78.49404243583285,18.170442936089216,78.34125163592226,1643846400,0
2022-02-03 03:00:00,03:00:00,4532117045436,Shell,food_dining,381.52,"Hyderabad, Telangana, IN",17.383774087781457,78.47811466304258,18.842531717431292,78.24460620162483,1643857200,0
2022-02-03 06:00:00,06:00:00,4532117045436,Shell,food_dining,437.88,"Hyderabad, Telangana, IN",17.37361610568311,78.48710761161735,17.00359270465482,78.36824736440457,1643868000,0
2022-02-03 09:00:00,09:00:00,4532117045436,Amazon,travel,368.67,"Hyderabad, Telangana, IN",17.395912569609813,78.48685479360574,17.924096948048682,78.55384814626643,1643878800,0
2022-02-03 12:00:00,12:00:00,4532117045436,Zomato,travel,636.47,"Hyderabad, Telangana, IN",17.382538894861423,78.49600129915945,17.256631155136223,79.12293162134192,1643889600,0
2022-02-03 15:00:00,15:00:00,4532117045436,Zomato,grocery_pos,651.37,"Hyderabad, Telangana, IN",17.373793716336614,78.48683381909787,17.041179152890244,78.38568310085822,1643900400,0
2022-02-03 18:00:00,18:00:00,4532117045436,Apollo,entertainment,7459.43,"Delhi, Delhi, IN",17.384110106411168,78.47182150621768,22.709177522077663,81.25239629067104,1643911200,1
2022-02-03 21:00:00,21:00:00,4532117045436,Apollo,entertainment,428.83,"Hyderabad, Telangana, IN",17.389664233007426,78.5079487724548,18.44918322097354,77.95224546161181,1643922000,0
2022-02-04 00:00:00,00:00:00,4532117045436,Amazon,travel,376.04,"Hyderabad, Telangana, IN",17.37775552321955,78.49641690726239,17.886017457453633,78.64626290092335,1643932800,0
2022-02-04 03:00:00,03:00:00,4532117045436,Apollo,shopping_net,463.54,"Hyderabad, Telangana, IN",17.36506908808047,78.49153190920948,17.272285693147477,78.89539176470402,1643943600,0
2022-02-04 06:00:00,06:00:00,4532117045436,MakeMyTrip,shopping_net,727.17,"Hyderabad, Telangana, IN",17.386263677707625,78.48094503195685,17.69596725752275,78.16221842793482,1643954400,0
2022-02-04 09:00:00,09:00:00,4532117045436,Netflix,health_fitness,434.44,"Hyderabad, Telangana, IN",17.372830003672053,78.4835107002705,16.480512062404543,78.94497334431445,1643965200,0
2022-02-04 12:00:00,12:00:00,4532117045436,Walmart,health_fitness,324.09,"Hyderabad, Telangana, IN",17.377062516669554,78.47247612162126,17.33780957464743,79.57103827881765,1643976000,0
2022-02-04 15:00:00,15:00:00,4532117045436,MakeMyTrip,shopping_net,390.34,"Hyderabad, Telangana, IN",17.389691051698993,78.48336266738778,17.004040550803172,79.14641485011877,1643986800,0
2022-02-04 18:00:00,18:00:00,4532117045436,Walmart,travel,563.02,"Hyderabad, Telangana, IN",17.379121011043466,78.48845696499626,18.107785259895085,78.12446475298948,1643997600,0
2022-02-04 21:00:00,21:00:00,4532117045436,Walmart,travel,342.34,"Hyderabad, Telangana, IN",17.38358888213201,78.48644789909551,18.141394354125012,79.00234601102096,1644008400,0
2022-02-05 00:00:00,00:00:00,4532117045436,Amazon,health_fitness,444.94,"Hyderabad, Telangana, IN",17.399530510986374,78.50422556827627,17.830225830681282,78.94919303862086,1644019200,0
2022-02-05 03:00:00,03:00:00,4532117045436,MakeMyTrip,gas_transport,520.93,"Hyderabad, Telangana, IN",17.38147962664645,78.49340986735508,17.858681562473286,78.5182739246014,1644030000,0
2022-02-05 06:00:00,06:00:00,4532117045436,Amazon,travel,353.72,"Hyderabad, Telangana, IN",17.405213161425703,78.49643602688548,17.060066237582518,78.93533867672946,1644040800,0
2022-02-05 09:00:00,09:00:00,4532117045436,Shell,shopping_net,185.34,"Hyderabad, Telangana, IN",17.392399146447353,78.49210165696117,17.74347741329472,78.86706167804662,1644051600,0
2022-02-05 12:00:00,12:00:00,4532117045436,Walmart,entertainment,289.29,"Hyderabad, Telangana, IN",17.375686256981904,78.4883263895976,16.69530836443936,79.11037800084318,1644062400,0
2022-02-05 15:00:00,15:00:00,4532117045436,Netflix,travel,321.19,"Hyderabad, Telangana, IN",17.380236463855216,78.49124813488882,16.627918136710342,78.77611640379621,1644073200,0
2022-02-05 18:00:00,18:00:00,4532117045436,Apollo,travel,7286.86,"Chennai, Tamil Nadu, IN",17.372373571149595,78.46685874924668,12.885698748450825,77.19924846705376,1644084000,1
2022-02-05 21:00:00,21:00:00,4532117045436,Netflix,gas_transport,456.64,"Hyderabad, Telangana, IN",17.391374563999303,78.48409630777856,17.650098030552392,77.97653626060085,1644094800,0
2022-02-06 00:00:00,00:00:00,4532117045436,Apollo,health_fitness,573.56,"Hyderabad, Telangana, IN",17.398245145970886,78.472722307473,17.68406759358229,78.48563702783433,1644105600,0
2022-02-06 03:00:00,03:00:00,4532117045436,Walmart,travel,265.91,"Hyderabad, Telangana, IN",17.381416061603893,78.47490051929353,16.756489165630025,78.11175584987045,1644116400,0
2022-02-06 06:00:00,06:00:00,4532117045436,Walmart,food_dining,551.74,"Hyderabad, Telangana, IN",17.36638605246058,78.49863622785425,16.609213967643537,79.0844297630545,1644127200,0
2022-02-06 09:00:00,09:00:00,4532117045436,Walmart,grocery_pos,394.36,"Hyderabad, Telangana, IN",17.38860469769964,78.47593458011426,17.159226449189152,77.80766278691146,1644138000,0
2022-02-06 12:00:00,12:00:00,4532117045436,Amazon,shopping_net,182.17,"Hyderabad, Telangana, IN",17.376380171034285,78.4734634326793,16.946794406860718,77.39248256142875,1644148800,0
2022-02-06 15:00:00,15:00:00,4532117045436,MakeMyTrip,food_dining,452.04,"Hyderabad, Telangana, IN",17.37789330980888,78.49059579589128,17.69100878327349,77.7787592630213,1644159600,0
2022-02-06 18:00:00,18:00:00,4532117045436,Apollo,health_fitness,647.44,"Hyderabad, Telangana, IN",17.388115271660606,78.48601320812806,16.87856882834105,78.37281628522697,1644170400,0
2022-02-06 21:00:00,21:00:00,4532117045436,MakeMyTrip,entertainment,582.47,"Hyderabad, Telangana, IN",17.397319841203196,78.49116264451965,18.357151044022025,77.4749208666921,1644181200,0
2022-02-07 00:00:00,00:00:00,4532117045436,Amazon,grocery_pos,438.56,"Hyderabad, Telangana, IN",17.392395017281206,78.50425905354109,17.566180103172208,77.54021578354151,1644192000,0
2022-02-07 03:00:00,03:00:00,4532117045436,Amazon,food_dining,618.87,"Hyderabad, Telangana, IN",17.38929500988294,78.49242758695617,17.311536738762996,78.81916246145407,1644202800,0
2022-02-07 06:00:00,06:00:00,4532117045436,Zomato,grocery_pos,478.83,"Hyderabad, Telangana, IN",17.383427478974138,78.47119390090849,16.811335510722756,77.79018591831078,1644213600,0
2022-02-07 09:00:00,09:00:00,4532117045436,Netflix,shopping_net,597.18,"Hyderabad, Telangana, IN",17.371795640383446,78.49602897153245,16.724435747867467,78.98918025130014,1644224400,0
2022-02-07 12:00:00,12:00:00,4532117045436,Netflix,health_fitness,200.76,"Hyderabad, Telangana, IN",17.388479421169986,78.48450075950332,17.224541379134372,77.82574125669018,1644235200,0
2022-02-07 15:00:00,15:00:00,4532117045436,Shell,travel,262.55,"Hyderabad, Telangana, IN",17.392177299646928,78.4883794522638,17.095579839958962,77.41831890604591,1644246000,0
2022-02-07 18:00:00,18:00:00,4532117045436,Amazon,entertainment,559.36,"Hyderabad, Telangana, IN",17.379049176534405,78.47016589438941,16.519085680158575,77.97232087008175,1644256800,0
2022-02-07 21:00:00,21:00:00,4532117045436,Apollo,health_fitness,680.89,"Hyderabad, Telangana, IN",17.38133636537971,78.49173251474528,18.0708164907642,77.84263981998555,1644267600,0
2022-02-08 00:00:00,00:00:00,4532117045436,Zomato,grocery_pos,512.59,"Hyderabad, Telangana, IN",17.396100519241834,78.47368525256515,16.832390176303722,77.84009537610612,1644278400,0
2022-02-08 03:00:00,03:00:00,4532117045436,Zomato,food_dining,375.4,"Hyderabad, Telangana, IN",17.3810752448005,78.49204249344135,17.561306785520824,78.43193585092101,1644289200,0
2022-02-08 06:00:00,06:00:00,4532117045436,MakeMyTrip,shopping_net,322.42,"Hyderabad, Telangana, IN",17.38229439351257,78.47947135195349,17.606102596813326,78.57181771587236,1644300000,0
2022-02-08 09:00:00,09:00:00,4532117045436,Netflix,shopping_net,402.7,"Hyderabad, Telangana, IN",17.384116001880066,78.49392164358657,16.575577842761987,79.17779243283623,1644310800,0
2022-02-08 12:00:00,12:00:00,4532117045436,Amazon,health_fitness,632.05,"Hyderabad, Telangana, IN",17.391655575829397,78.47374944874595,17.192642141707843,78.30537878454294,1644321600,0
2022-02-08 15:00:00,15:00:00,4532117045436,Shell,travel,7198.8,"Chennai, Tamil Nadu, IN",17.387933312042385,78.47109231773304,14.076660716025298,77.34780967009127,1644332400,1
2022-02-08 18:00:00,18:00:00,4532117045436,Amazon,food_dining,607.16,"Hyderabad, Telangana, IN",17.38719263000448,78.48128611785293,17.588799382390324,77.82209621930316,1644343200,0
2022-02-08 21:00:00,21:00:00,4532117045436,MakeMyTrip,travel,547.89,"Hyderabad, Telangana, IN",17.400178693130023,78.48936319701795,17.416258448768023,78.03282020344328,1644354000,0
2022-02-09 00:00:00,00:00:00,4532117045436,Walmart,travel,707.09,"Hyderabad, Telangana, IN",17.380904810766225,78.47524842197454,17.346358811136582,79.13680205254208,1644364800,0
2022-02-09 03:00:00,03:00:00,4532117045436,Amazon,food_dining,480.04,"Hyderabad, Telangana, IN",17.375494660968794,78.48873830734053,16.974913853149626,79.18902212825736,1644375600,0
2022-02-09 06:00:00,06:00:00,4532117045436,MakeMyTrip,grocery_pos,442.56,"Hyderabad, Telangana, IN",17.39522098054746,78.4954440618949,17.975518363597924,79.28042741417657,1644386400,0
2022-02-09 09:00:00,09:00:00,4532117045436,Walmart,health_fitness,614.65,"Hyderabad, Telangana, IN",17.387309316001414,78.47346393967567,17.196085410558275,78.42383059130759,1644397200,0
2022-02-09 12:00:00,12:00:00,4532117045436,Walmart,health_fitness,309.71,"Hyderabad, Telangana, IN",17.3791075380344,78.48875373996518,16.646326439831643,77.82453648864019,1644408000,0
2022-02-09 15:00:00,15:00:00,4532117045436,Shell,gas_transport,383.4,"Hyderabad, Telangana, IN",17.381401345862205,78.49209783966903,16.912854014606236,78.09605423249693,1644418800,0
2022-02-09 18:00:00,18:00:00,4532117045436,Apollo,health_fitness,198.0,"Hyderabad, Telangana, IN",17.372260699728695,78.48477121117318,16.381447222986708,78.32279053775544,1644429600,0
2022-02-09 21:00:00,21:00:00,4532117045436,Netflix,shopping_net,261.85,"Hyderabad, Telangana, IN",17.387316801827883,78.48587516238715,17.057827094632437,78.20412127332233,1644440400,0
2022-02-10 00:00:00,00:00:00,4532117045436,Amazon,grocery_pos,738.51,"Hyderabad, Telangana, IN",17.370385789640277,78.47261104464913,16.930473080833092,78.5433610650098,1644451200,0
2022-02-10 03:00:00,03:00:00,4532117045436,Walmart,food_dining,553.85,"Hyderabad, Telangana, IN",17.391820280576308,78.49107455951042,17.73228913218579,78.8623407267953,1644462000,0
2022-02-10 06:00:00,06:00:00,4532117045436,Amazon,health_fitness,5829.01,"Chennai, Tamil Nadu, IN",17.379775992846458,78.48731213072067,12.961781087521395,87.79109300806975,1644472800,1
2022-02-10 09:00:00,09:00:00,4532117045436,Apollo,grocery_pos,629.22,"Hyderabad, Telangana, IN",17.37105969198292,78.48820666497696,17.491330275179834,79.4454477367529,1644483600,0
2022-02-10 12:00:00,12:00:00,4532117045436,Netflix,health_fitness,344.45,"Hyderabad, Telangana, IN",17.395972487866914,78.50734674650585,17.858560448984584,78.52393522935974,1644494400,0
2022-02-10 15:00:00,15:00:00,4532117045436,Apollo,food_dining,546.14,"Hyderabad, Telangana, IN",17.4075639438778,78.48463334423808,16.795798431482723,79.16564223898862,1644505200,0
2022-02-10 18:00:00,18:00:00,4532117045436,Netflix,entertainment,543.9,"Hyderabad, Telangana, IN",17.389373205088386,78.48992654053022,17.54416009416811,78.69841224656962,1644516000,0
2022-02-10 21:00:00,21:00:00,4532117045436,Zomato,food_dining,699.75,"Hyderabad, Telangana, IN",17.382145791637228,78.49958112143857,16.665998414271993,79.56479765379757,1644526800,0
2022-02-11 00:00:00,00:00:00,4532117045436,Netflix,food_dining,369.34,"Hyderabad, Telangana, IN",17.37539931655183,78.4862170604496,17.146577319691414,77.9051305773866,1644537600,0
2022-02-11 03:00:00,03:00:00,4532117045436,Shell,food_dining,338.97,"Hyderabad, Telangana, IN",17.38761834612105,78.47953422622064,17.555592609245654,78.22984066473516,1644548400,0
2022-02-11 06:00:00,06:00:00,4532117045436,Apollo,health_fitness,46.64,"Hyderabad, Telangana, IN",17.391367327634,78.49068378419388,17.119118276170727,78.23148766506846,1644559200,0
2022-02-11 09:00:00,09:00:00,4532117045436,Walmart,gas_transport,431.73,"Hyderabad, Telangana, IN",17.385068931514958,78.4798499268529,18.201626910602805,78.57811380791486,1644570000,0
2022-02-11 12:00:00,12:00:00,4532117045436,Zomato,food_dining,558.8,"Hyderabad, Telangana, IN",17.393954379229935,78.4986934022229,17.210982070138364,78.54957348113294,1644580800,0
2022-02-11 15:00:00,15:00:00,4532117045436,Shell,shopping_net,579.3,"Hyderabad, Telangana, IN",17.400138896877042,78.49184719249055,17.785394228540863,78.68112478352201,1644591600,0
2022-02-11 18:00:00,18:00:00,4532117045436,Amazon,shopping_net,637.86,"Hyderabad, Telangana, IN",17.372403117993436,78.47808938664225,17.25273583843179,78.556679380978,1644602400,0
2022-02-11 21:00:00,21:00:00,4532117045436,Apollo,grocery_pos,493.47,"Hyderabad, Telangana, IN",17.387940493017194,78.4742282203976,17.45083350830516,78.76537880162888,1644613200,0
2022-02-12 00:00:00,00:00:00,4532117045436,MakeMyTrip,gas_transport,525.72,"Hyderabad, Telangana, IN",17.36596668000577,78.488263486999,17.202484326083233,78.24476465471658,1644624000,0
2022-02-12 03:00:00,03:00:00,4532117045436,MakeMyTrip,grocery_pos,460.22,"Hyderabad, Telangana, IN",17.376859511951753,78.48925498343804,17.47357274117141,78.72048781585437,1644634800,0
2022-02-12 06:00:00,06:00:00,4532117045436,Walmart,shopping_net,556.12,"Hyderabad, Telangana, IN",17.392198639579505,78.47425250185572,18.248323977354193,79.89420481628115,1644645600,0
2022-02-12 09:00:00,09:00:00,4532117045436,Netflix,travel,309.86,"Hyderabad, Telangana, IN",17.38453194924613,78.4945574404796,18.15657887178854,78.4889527194573,1644656400,0
2022-02-12 12:00:00,12:00:00,4532117045436,Walmart,shopping_net,238.73,"Hyderabad, Telangana, IN",17.368891015804337,78.49335250563303,17.141415637337833,77.76455722922306,1644667200,0
2022-02-12 15:00:00,15:00:00,4532117045436,MakeMyTrip,entertainment,325.69,"Hyderabad, Telangana, IN",17.395499111640106,78.49011562813975,17.270497334501247,78.17314786574434,1644678000,0
2022-02-12 18:00:00,18:00:00,4532117045436,Amazon,food_dining,482.04,"Hyderabad, Telangana, IN",17.379567662106187,78.49427807922909,17.41041956648403,78.25693401012393,1644688800,0
2022-02-12 21:00:00,21:00:00,4532117045436,Zomato,travel,254.94,"Hyderabad, Telangana, IN",17.393508872287583,78.4768028642208,17.70604352453754,78.04376593868663,1644699600,0
2022-02-13 00:00:00,00:00:00,4532117045436,Zomato,shopping_net,355.01,"Hyderabad, Telangana, IN",17.39012681974735,78.4773856470989,18.31224267601792,78.54781013833629,1644710400,0
2022-02-13 03:00:00,03:00:00,4532117045436,Apollo,health_fitness,359.81,"Hyderabad, Telangana, IN",17.37666872218926,78.48410270882609,18.02797135935394,78.88620249065194,1644721200,0
2022-02-13 06:00:00,06:00:00,4532117045436,Zomato,health_fitness,567.27,"Hyderabad, Telangana, IN",17.393689061178307,78.48035557410569,17.25162133080596,77.83662013449882,1644732000,0
2022-02-13 09:00:00,09:00:00,4532117045436,Apollo,grocery_pos,549.01,"Hyderabad, Telangana, IN",17.388186166401997,78.49172160252026,17.586503901190905,77.63953890918415,1644742800,0
2022-02-13 12:00:00,12:00:00,4532117045436,Apollo,travel,460.57,"Hyderabad, Telangana, IN",17.38675047683269,78.49475516417512,17.497861568825854,79.7236947209285,1644753600,0
2022-02-13 15:00:00,15:00:00,4532117045436,Apollo,grocery_pos,517.66,"Hyderabad, Telangana, IN",17.380318487759645,78.47966512784336,17.082116721096344,78.01785648617188,1644764400,0
2022-02-13 18:00:00,18:00:00,4532117045436,MakeMyTrip,food_dining,520.62,"Hyderabad, Telangana, IN",17.373972759605206,78.47802195988722,17.891772157076563,79.19341503192933,1644775200,0
2022-02-13 21:00:00,21:00:00,4532117045436,MakeMyTrip,food_dining,395.46,"Hyderabad, Telangana, IN",17.380813199361953,78.4952479791504,16.12799136205942,78.86727053630155,1644786000,0
2022-02-14 00:00:00,00:00:00,4532117045436,Netflix,entertainment,368.63,"Hyderabad, Telangana, IN",17.380595516533493,78.47688010420157,17.888064679577525,78.18491637010186,1644796800,0
2022-02-14 03:00:00,03:00:00,4532117045436,Shell,gas_transport,680.5,"Hyderabad, Telangana, IN",17.39351618968733,78.48384443118493,17.590934298895533,78.09279909182686,1644807600,0
2022-02-14 06:00:00,06:00:00,4532117045436,Apollo,grocery_pos,76.63,"Hyderabad, Telangana, IN",17.368510154419507,78.47660119493621,16.48177058491692,78.18443064900686,1644818400,0
2022-02-14 09:00:00,09:00:00,4532117045436,Apollo,food_dining,338.8,"Hyderabad, Telangana, IN",17.39970714889967,78.48078141394987,16.864115771513067,78.26570854691099,1644829200,0
2022-02-14 12:00:00,12:00:00,4532117045436,Shell,grocery_pos,419.43,"Hyderabad, Telangana, IN",17.400255954175552,78.47163619584938,16.352058438054517,78.79632705771678,1644840000,0
2022-02-14 15:00:00,15:00:00,4532117045436,Walmart,food_dining,533.99,"Hyderabad, Telangana, IN",17.378589961974765,78.49952175159616,18.233388098133283,77.7903497671066,1644850800,0
2022-02-14 18:00:00,18:00:00,4532117045436,Apollo,shopping_net,620.33,"Hyderabad, Telangana, IN",17.399015738106716,78.4968230884739,16.889178759903025,79.12762933520857,1644861600,0
2022-02-14 21:00:00,21:00:00,4532117045436,Netflix,grocery_pos,728.51,"Hyderabad, Telangana, IN",17.37494418112915,78.47862963142148,17.840098394879206,78.16711525278946,1644872400,0
2022-02-15 00:00:00,00:00:00,4532117045436,Zomato,shopping_net,436.24,"Hyderabad, Telangana, IN",17.396271255468402,78.49133059756129,17.857941654477614,77.75506656639843,1644883200,0
2022-02-15 03:00:00,03:00:00,4532117045436,Zomato,grocery_pos,446.29,"Hyderabad, Telangana, IN",17.376803409457004,78.47234281965889,17.32466457774271,78.57923067837119,1644894000,0
2022-02-15 06:00:00,06:00:00,4532117045436,Amazon,gas_transport,504.39,"Hyderabad, Telangana, IN",17.395334368908873,78.49291758123678,17.052714002723604,79.68845678141346,1644904800,0
2022-02-15 09:00:00,09:00:00,4532117045436,Amazon,entertainment,370.33,"Hyderabad, Telangana, IN",17.370626067698893,78.47785974901821,17.64138270534053,78.06687131088422,1644915600,0
2022-02-15 12:00:00,12:00:00,4532117045436,Zomato,health_fitness,272.36,"Hyderabad, Telangana, IN",17.39582852278516,78.49887576311357,17.49271292929186,78.55113380760838,1644926400,0
2022-02-15 15:00:00,15:00:00,4532117045436,Zomato,health_fitness,435.56,"Hyderabad, Telangana, IN",17.3978858057211,78.4918096145745,17.853118850714942,78.55740450084603,1644937200,0
2022-02-15 18:00:00,18:00:00,4532117045436,MakeMyTrip,health_fitness,561.81,"Hyderabad, Telangana, IN",17.370304269762322,78.48304450413333,16.798346985405583,79.42937037579635,1644948000,0
2022-02-15 21:00:00,21:00:00,4532117045436,Netflix,shopping_net,413.56,"Hyderabad, Telangana, IN",17.402572594429763,78.4826180332647,17.89621615121816,78.01739309853183,1644958800,0
2022-02-16 00:00:00,00:00:00,4532117045436,Shell,travel,512.02,"Hyderabad, Telangana, IN",17.39518496501725,78.48814485671241,18.05884011083976,78.95482490587983,1644969600,0
2022-02-16 03:00:00,03:00:00,4532117045436,Amazon,food_dining,6673.82,"Chennai, Tamil Nadu, IN",17.3650200792177,78.47746078922808,13.619269657908644,77.67001895070219,1644980400,1
2022-02-16 06:00:00,06:00:00,4532117045436,MakeMyTrip,health_fitness,452.76,"Hyderabad, Telangana, IN",17.3801003973102,78.49794909442923,16.90700797361231,78.5978606361055,1644991200,0
2022-02-16 09:00:00,09:00:00,4532117045436,MakeMyTrip,gas_transport,389.48,"Hyderabad, Telangana, IN",17.395376018056808,78.48975982552157,17.143357294783346,78.85513785386286,1645002000,0
2022-02-16 12:00:00,12:00:00,4532117045436,Shell,health_fitness,258.73,"Hyderabad, Telangana, IN",17.392231116118488,78.49634362730362,17.064934909798303,78.98866228123089,1645012800,0
2022-02-16 15:00:00,15:00:00,4532117045436,MakeMyTrip,grocery_pos,548.58,"Hyderabad, Telangana, IN",17.386117875698773,78.46220380125744,17.29458208711411,77.80259947074303,1645023600,0
2022-02-16 18:00:00,18:00:00,4532117045436,Netflix,shopping_net,726.85,"Hyderabad, Telangana, IN",17.394279646498994,78.48686078918846,17.01593415509672,77.4802345385652,1645034400,0
2022-02-16 21:00:00,21:00:00,4532117045436,Zomato,travel,598.49,"Hyderabad, Telangana, IN",17.376259708178168,78.48918064607369,17.613253922157682,78.3879759728333,1645045200,0
2022-02-17 00:00:00,00:00:00,4532117045436,Apollo,grocery_pos,608.06,"Hyderabad, Telangana, IN",17.385473629402142,78.4866654041944,17.70334568825479,78.20177758591588,1645056000,0
2022-02-17 03:00:00,03:00:00,4532117045436,Shell,travel,556.87,"Hyderabad, Telangana, IN",17.376544188017974,78.4869250217756,17.205499473844377,77.77698817204545,1645066800,0
2022-02-17 06:00:00,06:00:00,4532117045436,Zomato,grocery_pos,546.97,"Hyderabad, Telangana, IN",17.386348092601224,78.4834886752501,16.407761647565632,77.83388533169467,1645077600,0
2022-02-17 09:00:00,09:00:00,4532117045436,Zomato,grocery_pos,180.09,"Hyderabad, Telangana, IN",17.395010309580258,78.50927368254926,17.606513036554997,78.24765613743993,1645088400,0
2022-02-17 12:00:00,12:00:00,4532117045436,Walmart,entertainment,430.81,"Hyderabad, Telangana, IN",17.39281560479632,78.48913257892379,16.647436741357435,79.34129578799656,1645099200,0
2022-02-17 15:00:00,15:00:00,4532117045436,Shell,entertainment,526.3,"Hyderabad, Telangana, IN",17.387228897375515,78.48792473600344,17.50979431586007,77.87082893005442,1645110000,0
2022-02-17 18:00:00,18:00:00,4532117045436,MakeMyTrip,food_dining,529.71,"Hyderabad, Telangana, IN",17.39489693750596,78.49606571726005,17.420934029845775,78.93244851726041,1645120800,0
2022-02-17 21:00:00,21:00:00,4532117045436,Apollo,shopping_net,640.76,"Hyderabad, Telangana, IN",17.395881780137568,78.48110948287568,17.22051494094065,77.75106777494861,1645131600,0
2022-02-18 00:00:00,00:00:00,4532117045436,Shell,gas_transport,295.14,"Hyderabad, Telangana, IN",17.40297322871463,78.47382217152307,17.70741628212542,78.10988126052754,1645142400,0
2022-02-18 03:00:00,03:00:00,4532117045436,MakeMyTrip,gas_transport,541.09,"Hyderabad, Telangana, IN",17.39667468204548,78.49577179306837,17.566782522059793,77.72059389950182,1645153200,0
2022-02-18 06:00:00,06:00:00,4532117045436,Zomato,gas_transport,290.24,"Hyderabad, Telangana, IN",17.39156423018078,78.48336491985646,17.57884099063433,79.57305922584187,1645164000,0
2022-02-18 09:00:00,09:00:00,4532117045436,Apollo,grocery_pos,418.25,"Hyderabad, Telangana, IN",17.39434091354644,78.50030723575705,17.795510562478306,78.96491537144092,1645174800,0
2022-02-18 12:00:00,12:00:00,4532117045436,MakeMyTrip,entertainment,440.71,"Hyderabad, Telangana, IN",17.387435594142765,78.49968010840085,17.178589329599642,78.83738700584125,1645185600,0
2022-02-18 15:00:00,15:00:00,4532117045436,Netflix,shopping_net,579.39,"Hyderabad, Telangana, IN",17.382200505670067,78.46347353811107,17.17160864317836,78.81186747135654,1645196400,0
2022-02-18 18:00:00,18:00:00,4532117045436,MakeMyTrip,grocery_pos,561.74,"Hyderabad, Telangana, IN",17.393676088271036,78.48742333936038,17.92361162081151,78.08304085741067,1645207200,0
2022-02-18 21:00:00,21:00:00,4532117045436,Walmart,travel,6084.75,"Chennai, Tamil Nadu, IN",17.392571243357253,78.4974660648098,21.201993884041187,73.35503109240504,1645218000,1
2022-02-19 00:00:00,00:00:00,4532117045436,Zomato,entertainment,127.19,"Hyderabad, Telangana, IN",17.38791955272673,78.46914741200337,17.150152547840243,77.96404129209083,1645228800,0
2022-02-19 03:00:00,03:00:00,4532117045436,MakeMyTrip,entertainment,516.73,"Hyderabad, Telangana, IN",17.383054058058406,78.4903605959247,16.383130810109083,79.83377684603991,1645239600,0
2022-02-19 06:00:00,06:00:00,4532117045436,Amazon,health_fitness,409.85,"Hyderabad, Telangana, IN",17.38249946143953,78.49327897393665,17.58102084034125,77.9243514056716,1645250400,0
2022-02-19 09:00:00,09:00:00,4532117045436,Amazon,health_fitness,658.77,"Hyderabad, Telangana, IN",17.380912894722602,78.48615233303352,17.627953915122713,78.05640373905362,1645261200,0
2022-02-19 12:00:00,12:00:00,4532117045436,Walmart,shopping_net,623.02,"Hyderabad, Telangana, IN",17.39755707825585,78.48622456561732,16.77880400166783,79.28851820291776,1645272000,0
2022-02-19 15:00:00,15:00:00,4532117045436,Netflix,travel,6044.78,"Kolkata, West Bengal, IN",17.396784269584877,78.49868314108176,30.05851332737536,87.81665945946051,1645282800,1
2022-02-19 18:00:00,18:00:00,4532117045436,Zomato,shopping_net,537.33,"Hyderabad, Telangana, IN",17.39635501896859,78.47175472173139,17.18108578849487,78.78867586202203,1645293600,0
2022-02-19 21:00:00,21:00:00,4532117045436,Shell,shopping_net,5112.85,"Delhi, Delhi, IN",17.374481414077554,78.49501109959982,19.18507729921039,87.46567736004519,1645304400,1
2022-02-20 00:00:00,00:00:00,4532117045436,Walmart,grocery_pos,529.38,"Hyderabad, Telangana, IN",17.381407091604352,78.49129276161305,18.626788090554356,78.14202217388465,1645315200,0
2022-02-20 03:00:00,03:00:00,4532117045436,Netflix,food_dining,509.94,"Hyderabad, Telangana, IN",17.382426087252025,78.49971718032972,17.94385633160677,78.14246841980601,1645326000,0
2022-02-20 06:00:00,06:00:00,4532117045436,Shell,shopping_net,544.52,"Hyderabad, Telangana, IN",17.3789385552984,78.47721859006187,16.630779101160773,78.91800185126873,1645336800,0
2022-02-20 09:00:00,09:00:00,4532117045436,Amazon,health_fitness,675.22,"Hyderabad, Telangana, IN",17.40362595098601,78.50146712757032,17.16689356009233,78.60038544627486,1645347600,0
2022-02-20 12:00:00,12:00:00,4532117045436,Amazon,food_dining,367.29,"Hyderabad, Telangana, IN",17.389004644555495,78.47281571246943,17.337733523961433,79.08820538434566,1645358400,0
2022-02-20 15:00:00,15:00:00,4532117045436,Shell,grocery_pos,314.13,"Hyderabad, Telangana, IN",17.38828609191904,78.4833959989022,17.63622746775738,79.08189982626226,1645369200,0
2022-02-20 18:00:00,18:00:00,4532117045436,Walmart,food_dining,567.41,"Hyderabad, Telangana, IN",17.380340796645886,78.47506815491572,16.97876073372481,78.7751935575761,1645380000,0
2022-02-20 21:00:00,21:00:00,4532117045436,Amazon,gas_transport,167.5,"Hyderabad, Telangana, IN",17.393620919871484,78.49394734819367,17.677265292823712,79.01054260100481,1645390800,0
2022-02-21 00:00:00,00:00:00,4532117045436,Zomato,travel,548.1,"Hyderabad, Telangana, IN",17.406915367596625,78.47908066866849,17.128477950744106,78.75525020005006,1645401600,0
2022-02-21 03:00:00,03:00:00,4532117045436,Apollo,food_dining,521.54,"Hyderabad, Telangana, IN",17.385809510223964,78.4980472251027,17.676467086298295,78.67692849858992,1645412400,0
2022-02-21 06:00:00,06:00:00,4532117045436,MakeMyTrip,shopping_net,98.17,"Hyderabad, Telangana, IN",17.382664851984554,78.46981888778157,17.422896849124907,78.32473062148611,1645423200,0
2022-02-21 09:00:00,09:00:00,4532117045436,Shell,grocery_pos,354.55,"Hyderabad, Telangana, IN",17.384094148572117,78.48224736976914,18.407716619176597,77.64062652030944,1645434000,0
2022-02-21 12:00:00,12:00:00,4532117045436,Shell,travel,686.4,"Hyderabad, Telangana, IN",17.381779480697055,78.50455967986571,17.874410853388834,78.16941631091744,1645444800,0
2022-02-21 15:00:00,15:00:00,4532117045436,Amazon,shopping_net,231.42,"Hyderabad, Telangana, IN",17.3849713393556,78.47909288345967,18.041943907957247,79.21030158818179,1645455600,0
2022-02-21 18:00:00,18:00:00,4532117045436,Walmart,travel,481.89,"Hyderabad, Telangana, IN",17.37888525988351,78.49729340302206,16.85616995701979,78.6308685945469,1645466400,0
2022-02-21 21:00:00,21:00:00,4532117045436,Zomato,health_fitness,299.26,"Hyderabad, Telangana, IN",17.376134511699107,78.49366309348686,17.118952170316273,78.28571977133976,1645477200,0
2022-02-22 00:00:00,00:00:00,4532117045436,Walmart,gas_transport,343.66,"Hyderabad, Telangana, IN",17.384787609424233,78.4736254446674,17.548587492203662,79.08755133841284,1645488000,0
2022-02-22 03:00:00,03:00:00,4532117045436,Netflix,health_fitness,737.45,"Hyderabad, Telangana, IN",17.38581098603912,78.48881366428085,16.76830248443767,78.2628099183347,1645498800,0
2022-02-22 06:00:00,06:00:00,4532117045436,Netflix,shopping_net,468.52,"Hyderabad, Telangana, IN",17.38226885436962,78.50198676869546,17.907691826010403,78.84058322831098,1645509600,0
2022-02-22 09:00:00,09:00:00,4532117045436,Apollo,shopping_net,527.54,"Hyderabad, Telangana, IN",17.399569782861963,78.48260006041984,17.450238341304214,79.15156589524969,1645520400,0
2022-02-22 12:00:00,12:00:00,4532117045436,Amazon,shopping_net,433.13,"Hyderabad, Telangana, IN",17.38915490650314,78.4798006463654,17.934964423871595,78.79036121843824,1645531200,0
2022-02-22 15:00:00,15:00:00,4532117045436,Amazon,entertainment,222.73,"Hyderabad, Telangana, IN",17.392424581478192,78.48998460640217,17.62616112482192,79.01758241045121,1645542000,0
2022-02-22 18:00:00,18:00:00,4532117045436,Amazon,gas_transport,272.26,"Hyderabad, Telangana, IN",17.39269022345784,78.48455229227062,17.407431518876184,78.72300842873935,1645552800,0
2022-02-22 21:00:00,21:00:00,4532117045436,Apollo,travel,626.76,"Hyderabad, Telangana, IN",17.38604645946081,78.4717403475472,17.323660201311483,77.5343188128155,1645563600,0
2022-02-23 00:00:00,00:00:00,4532117045436,Netflix,shopping_net,472.93,"Hyderabad, Telangana, IN",17.387186514650026,78.48448193709261,17.000572927323834,79.14210558624615,1645574400,0
2022-02-23 03:00:00,03:00:00,4532117045436,Walmart,shopping_net,334.46,"Hyderabad, Telangana, IN",17.376398323081585,78.48184688779548,16.970818183184335,78.8878902216147,1645585200,0
2022-02-23 06:00:00,06:00:00,4532117045436,Apollo,travel,446.69,"Hyderabad, Telangana, IN",17.391559828463794,78.48535956788074,17.829332990524474,78.33453293022143,1645596000,0
2022-02-23 09:00:00,09:00:00,4532117045436,Apollo,health_fitness,549.24,"Hyderabad, Telangana, IN",17.38166685305285,78.46266654454095,17.719009612288467,78.19293589051618,1645606800,0
2022-02-23 12:00:00,12:00:00,4532117045436,Walmart,health_fitness,518.17,"Hyderabad, Telangana, IN",17.378602486181865,78.490343257549,18.002035161240936,78.5485000098541,1645617600,0
2022-02-23 15:00:00,15:00:00,4532117045436,Amazon,shopping_net,334.53,"Hyderabad, Telangana, IN",17.39801965987395,78.47036059566821,17.112162885218414,77.88706028987197,1645628400,0
2022-02-23 18:00:00,18:00:00,4532117045436,Zomato,grocery_pos,213.7,"Hyderabad, Telangana, IN",17.37167758946214,78.49416693324089,17.946294390118762,78.95814486691596,1645639200,0
2022-02-23 21:00:00,21:00:00,4532117045436,Walmart,entertainment,388.94,"Hyderabad, Telangana, IN",17.402190757756674,78.49742108474096,17.296711984280215,78.41118563337595,1645650000,0
2022-02-24 00:00:00,00:00:00,4532117045436,Netflix,health_fitness,616.36,"Hyderabad, Telangana, IN",17.401399306563565,78.46684391541187,17.674967165826036,78.03710856680934,1645660800,0
2022-02-24 03:00:00,03:00:00,4532117045436,Shell,grocery_pos,578.16,"Hyderabad, Telangana, IN",17.38277758929488,78.49965017136802,18.030766706898966,78.81894456307569,1645671600,0
2022-02-24 06:00:00,06:00:00,4532117045436,Shell,entertainment,511.56,"Hyderabad, Telangana, IN",17.4028519907854,78.48553129081839,18.4205193337875,78.72407548316882,1645682400,0
2022-02-24 09:00:00,09:00:00,4532117045436,MakeMyTrip,shopping_net,424.37,"Hyderabad, Telangana, IN",17.376116573662145,78.4974696111922,17.921210328496198,78.89512581128486,1645693200,0
2022-02-24 12:00:00,12:00:00,4532117045436,MakeMyTrip,gas_transport,372.49,"Hyderabad, Telangana, IN",17.394940889445106,78.49601148531373,17.486408106839637,77.84445796087913,1645704000,0
2022-02-24 15:00:00,15:00:00,4532117045436,Apollo,food_dining,427.15,"Hyderabad, Telangana, IN",17.3851679963581,78.4722471999659,17.665478653242175,78.85509384993252,1645714800,0
2022-02-24 18:00:00,18:00:00,4532117045436,Shell,food_dining,567.27,"Hyderabad, Telangana, IN",17.36693606126052,78.47816914202637,18.009503637062192,79.37996991127686,1645725600,0
2022-02-24 21:00:00,21:00:00,4532117045436,Zomato,shopping_net,601.53,"Hyderabad, Telangana, IN",17.378689890439155,78.50284212255514,17.739950703285665,78.46527177448306,1645736400,0
2022-02-25 00:00:00,00:00:00,4532117045436,Amazon,health_fitness,410.73,"Hyderabad, Telangana, IN",17.383254973099746,78.4742942790885,17.185374807076695,78.4335217126413,1645747200,0
2022-02-25 03:00:00,03:00:00,4532117045436,Netflix,grocery_pos,830.43,"Hyderabad, Telangana, IN",17.392790063116994,78.4903092449639,17.692394224407522,77.791547915148,1645758000,0
2022-02-25 06:00:00,06:00:00,4532117045436,MakeMyTrip,gas_transport,463.86,"Hyderabad, Telangana, IN",17.380229175894165,78.47914107762446,18.03682111423864,78.52773822364793,1645768800,0
2022-02-25 09:00:00,09:00:00,4532117045436,Zomato,travel,397.96,"Hyderabad, Telangana, IN",17.382268547805896,78.47766015830096,18.291214998997752,77.97507894800837,1645779600,0
2022-02-25 12:00:00,12:00:00,4532117045436,Netflix,entertainment,671.35,"Hyderabad, Telangana, IN",17.39040983822202,78.4865132076568,17.416068235714025,79.07048696079457,1645790400,0
2022-02-25 15:00:00,15:00:00,4532117045436,Netflix,shopping_net,144.26,"Hyderabad, Telangana, IN",17.38988096001704,78.50861366295811,16.82662046819746,79.699907615979,1645801200,0
2022-02-25 18:00:00,18:00:00,4532117045436,Amazon,gas_transport,522.01,"Hyderabad, Telangana, IN",17.384082744143363,78.49438090432471,16.495162279271227,79.7125759425805,1645812000,0
2022-02-25 21:00:00,21:00:00,4532117045436,Apollo,gas_transport,7874.89,"Mumbai, Maharashtra, IN",17.3819715457284,78.47616307176062,23.02151137199502,87.68533629016456,1645822800,1
2022-02-26 00:00:00,00:00:00,4532117045436,Shell,health_fitness,667.23,"Hyderabad, Telangana, IN",17.394393064636283,78.48865450013439,16.61828404305629,78.1178557850126,1645833600,0
2022-02-26 03:00:00,03:00:00,4532117045436,Amazon,entertainment,540.74,"Hyderabad, Telangana, IN",17.381915333496696,78.46810588672255,17.54502018448873,78.7892802778846,1645844400,0
2022-02-26 06:00:00,06:00:00,4532117045436,Zomato,gas_transport,470.87,"Hyderabad, Telangana, IN",17.373106139765348,78.46415283214765,17.92383872995726,78.37171864235934,1645855200,0
2022-02-26 09:00:00,09:00:00,4532117045436,Apollo,health_fitness,549.4,"Hyderabad, Telangana, IN",17.381055995506014,78.48839126823086,17.30341062833798,78.49370948153566,1645866000,0
2022-02-26 12:00:00,12:00:00,4532117045436,Zomato,grocery_pos,291.66,"Hyderabad, Telangana, IN",17.3904681667084,78.49384946686783,16.637028281095823,79.71387131131445,1645876800,0
2022-02-26 15:00:00,15:00:00,4532117045436,Apollo,health_fitness,595.02,"Hyderabad, Telangana, IN",17.38350709388257,78.5023101799561,16.75502932037357,77.94480881508422,1645887600,0
2022-02-26 18:00:00,18:00:00,4532117045436,MakeMyTrip,grocery_pos,248.31,"Hyderabad, Telangana, IN",17.37997236077636,78.49042918556141,16.925091795987687,78.62003304486396,1645898400,0
2022-02-26 21:00:00,21:00:00,4532117045436,Zomato,grocery_pos,503.77,"Hyderabad, Telangana, IN",17.372451968989125,78.48676392703086,17.322971730831835,78.67706832438527,1645909200,0
2022-02-27 00:00:00,00:00:00,4532117045436,Amazon,travel,455.34,"Hyderabad, Telangana, IN",17.38356063338851,78.48331104325088,17.98707369069646,79.01173054229864,1645920000,0
2022-02-27 03:00:00,03:00:00,4532117045436,Apollo,travel,185.54,"Hyderabad, Telangana, IN",17.387279128498534,78.49197800116451,17.390878385279052,78.05538570608293,1645930800,0
2022-02-27 06:00:00,06:00:00,4532117045436,Apollo,gas_transport,460.34,"Hyderabad, Telangana, IN",17.37492615587628,78.4745406274949,18.461648924631177,79.22840036067764,1645941600,0
2022-02-27 09:00:00,09:00:00,4532117045436,Netflix,health_fitness,492.3,"Hyderabad, Telangana, IN",17.383107128663525,78.47991722008778,17.905439625174765,78.61791719030002,1645952400,0
2022-02-27 12:00:00,12:00:00,4532117045436,Netflix,travel,2237.04,"Mumbai, Maharashtra, IN",17.37406104358187,78.47488211735174,19.04120979179169,73.27229286788146,1645963200,1
2022-02-27 15:00:00,15:00:00,4532117045436,Walmart,grocery_pos,298.14,"Hyderabad, Telangana, IN",17.3837122169878,78.48145820175036,17.349221301781203,78.39638092651991,1645974000,0
2022-02-27 18:00:00,18:00:00,4532117045436,Zomato,travel,523.83,"Hyderabad, Telangana, IN",17.402254953621778,78.4794523531928,17.136166404614777,78.98796451056965,1645984800,0
2022-02-27 21:00:00,21:00:00,4532117045436,Netflix,entertainment,504.35,"Hyderabad, Telangana, IN",17.38671713274507,78.47877507677674,17.459646185647046,79.52800879725847,1645995600,0
2022-02-28 00:00:00,00:00:00,4532117045436,Walmart,gas_transport,484.02,"Hyderabad, Telangana, IN",17.369184266347542,78.48030123914,17.65617891569625,78.3110092143242,1646006400,0
2022-02-28 03:00:00,03:00:00,4532117045436,MakeMyTrip,health_fitness,451.33,"Hyderabad, Telangana, IN",17.38831130278145,78.48880807388697,17.545606448504017,79.54473244088906,1646017200,0
2022-02-28 06:00:00,06:00:00,4532117045436,MakeMyTrip,health_fitness,365.02,"Hyderabad, Telangana, IN",17.398118141831944,78.49938995975143,17.135695602271344,79.10787352524602,1646028000,0
2022-02-28 09:00:00,09:00:00,4532117045436,Netflix,food_dining,790.83,"Hyderabad, Telangana, IN",17.371159434887602,78.48958268353742,16.86903884236192,78.23137601318807,1646038800,0
2022-02-28 12:00:00,12:00:00,4532117045436,Zomato,health_fitness,405.25,"Hyderabad, Telangana, IN",17.374545067826826,78.48096732885163,18.31628287413225,78.78791818034132,1646049600,0
2022-02-28 15:00:00,15:00:00,4532117045436,Apollo,gas_transport,320.23,"Hyderabad, Telangana, IN",17.38758348477604,78.49108007225036,17.70212397927779,78.92273565978758,1646060400,0
2022-02-28 18:00:00,18:00:00,4532117045436,Shell,entertainment,458.16,"Hyderabad, Telangana, IN",17.384128845473477,78.48780234770386,17.562751343060494,78.36685400068177,1646071200,0
2022-02-28 21:00:00,21:00:00,4532117045436,Zomato,health_fitness,422.86,"Hyderabad, Telangana, IN",17.397111693703668,78.4883926873633,17.63819383969353,78.16451054749467,1646082000,0
2022-03-01 00:00:00,00:00:00,4532117045436,Amazon,food_dining,401.77,"Hyderabad, Telangana, IN",17.38319362947225,78.48646857109036,17.935681179513697,78.4199047041021,1646092800,0
2022-03-01 03:00:00,03:00:00,4532117045436,MakeMyTrip,gas_transport,731.14,"Hyderabad, Telangana, IN",17.393254474989895,78.50395742152108,17.151066732084004,78.29302557773367,1646103600,0
2022-03-01 06:00:00,06:00:00,4532117045436,Netflix,grocery_pos,280.54,"Hyderabad, Telangana, IN",17.40028103262713,78.48768796787479,17.320174732475415,78.62471579299894,1646114400,0
2022-03-01 09:00:00,09:00:00,4532117045436,Netflix,shopping_net,455.62,"Hyderabad, Telangana, IN",17.37632410649225,78.48108646492088,17.00874943803211,79.5780154680371,1646125200,0
2022-03-01 12:00:00,12:00:00,4532117045436,Apollo,shopping_net,290.6,"Hyderabad, Telangana, IN",17.39247672275278,78.47892798095951,17.381405340822173,78.7160444721094,1646136000,0
2022-03-01 15:00:00,15:00:00,4532117045436,Amazon,grocery_pos,368.85,"Hyderabad, Telangana, IN",17.380991385674292,78.49571420780535,17.047028598965287,79.39110768423917,1646146800,0
2022-03-01 18:00:00,18:00:00,4532117045436,Apollo,travel,710.42,"Hyderabad, Telangana, IN",17.362847642495748,78.47483533093722,16.881813187838294,78.77091527286449,1646157600,0
2022-03-01 21:00:00,21:00:00,4532117045436,Amazon,health_fitness,492.22,"Hyderabad, Telangana, IN",17.389763758378173,78.5002699150239,16.575157590791093,79.93337679236225,1646168400,0
2022-03-02 00:00:00,00:00:00,4532117045436,Shell,shopping_net,490.41,"Hyderabad, Telangana, IN",17.39099441035403,78.46753333830138,18.214018317089295,78.07991550646737,1646179200,0
2022-03-02 03:00:00,03:00:00,4532117045436,MakeMyTrip,travel,309.08,"Hyderabad, Telangana, IN",17.369507573015714,78.49896283005326,17.21772835038234,77.45385227030955,1646190000,0
2022-03-02 06:00:00,06:00:00,4532117045436,Netflix,shopping_net,386.31,"Hyderabad, Telangana, IN",17.38046070784529,78.49467230635344,17.62837764433838,78.62329510684104,1646200800,0
2022-03-02 09:00:00,09:00:00,4532117045436,Netflix,grocery_pos,723.47,"Hyderabad, Telangana, IN",17.37876994843002,78.48230435492444,17.433179215648664,78.6863629095355,1646211600,0
2022-03-02 12:00:00,12:00:00,4532117045436,Shell,health_fitness,524.9,"Hyderabad, Telangana, IN",17.393099877460976,78.47919799100305,17.633613072432237,79.27480514408369,1646222400,0
2022-03-02 15:00:00,15:00:00,4532117045436,Walmart,health_fitness,399.04,"Hyderabad, Telangana, IN",17.369508085664034,78.49902148970196,16.38324536972277,79.4389301560305,1646233200,0
2022-03-02 18:00:00,18:00:00,4532117045436,MakeMyTrip,travel,516.09,"Hyderabad, Telangana, IN",17.386067588042756,78.50469483242259,17.150056844809054,77.70714435644334,1646244000,0
2022-03-02 21:00:00,21:00:00,4532117045436,Apollo,grocery_pos,490.15,"Hyderabad, Telangana, IN",17.36160306616923,78.48056399748157,17.964770622102456,78.40058758220903,1646254800,0
2022-03-03 00:00:00,00:00:00,4532117045436,Shell,travel,324.08,"Hyderabad, Telangana, IN",17.388795097827757,78.49250437191034,18.3565339116938,78.55621020110354,1646265600,0
2022-03-03 03:00:00,03:00:00,4532117045436,Apollo,health_fitness,394.68,"Hyderabad, Telangana, IN",17.386251289642008,78.49649496889786,17.202742479276303,77.90988595395358,1646276400,0
2022-03-03 06:00:00,06:00:00,4532117045436,Zomato,health_fitness,788.18,"Hyderabad, Telangana, IN",17.37989039392007,78.49272936153565,17.260370715139118,78.41676145300701,1646287200,0
2022-03-03 09:00:00,09:00:00,4532117045436,Netflix,gas_transport,508.8,"Hyderabad, Telangana, IN",17.399282972254912,78.48724313158733,17.918207756448574,79.0321297594655,1646298000,0
2022-03-03 12:00:00,12:00:00,4532117045436,Apollo,travel,214.64,"Hyderabad, Telangana, IN",17.35876850094426,78.48280170152668,17.60536405497205,79.06788961153174,1646308800,0
2022-03-03 15:00:00,15:00:00,4532117045436,Amazon,gas_transport,526.53,"Hyderabad, Telangana, IN",17.384818450734084,78.4894801015228,17.39981878627566,78.6739509805976,1646319600,0
2022-03-03 18:00:00,18:00:00,4532117045436,Apollo,grocery_pos,645.46,"Hyderabad, Telangana, IN",17.396975985586163,78.46584287431303,17.352724253327782,79.33471124840072,1646330400,0
2022-03-03 21:00:00,21:00:00,4532117045436,Zomato,entertainment,314.34,"Hyderabad, Telangana, IN",17.386288085791275,78.50010744648965,17.099761766158746,78.66094596174213,1646341200,0
2022-03-04 00:00:00,00:00:00,4532117045436,MakeMyTrip,shopping_net,381.47,"Hyderabad, Telangana, IN",17.398660661476626,78.4696324318127,17.082274356977855,79.12627860507257,1646352000,0
2022-03-04 03:00:00,03:00:00,4532117045436,Netflix,gas_transport,668.07,"Hyderabad, Telangana, IN",17.380494265384147,78.47831511852422,17.4510201733425,78.06750864761368,1646362800,0
2022-03-04 06:00:00,06:00:00,4532117045436,Shell,shopping_net,455.24,"Hyderabad, Telangana, IN",17.383328394929503,78.48332678356782,17.543329905975256,78.10056824641109,1646373600,0
2022-03-04 09:00:00,09:00:00,4532117045436,Zomato,food_dining,428.57,"Hyderabad, Telangana, IN",17.3973325693172,78.47671321425966,17.569352818802212,79.52527277594533,1646384400,0
2022-03-04 12:00:00,12:00:00,4532117045436,Netflix,grocery_pos,249.59,"Hyderabad, Telangana, IN",17.39394553740525,78.47541750988788,17.042266213031667,78.2427805617175,1646395200,0
2022-03-04 15:00:00,15:00:00,4532117045436,Apollo,entertainment,610.58,"Hyderabad, Telangana, IN",17.40899253308157,78.50079476301346,18.051298659438956,78.99352123205651,1646406000,0
2022-03-04 18:00:00,18:00:00,4532117045436,MakeMyTrip,food_dining,421.73,"Hyderabad, Telangana, IN",17.386028167872542,78.50466359759052,16.57435962647171,78.22320933846825,1646416800,0
2022-03-04 21:00:00,21:00:00,4532117045436,Walmart,food_dining,124.35,"Hyderabad, Telangana, IN",17.387002464259393,78.50218516446299,17.649808092386685,78.68179394733892,1646427600,0
2022-03-05 00:00:00,00:00:00,4532117045436,MakeMyTrip,health_fitness,214.1,"Hyderabad, Telangana, IN",17.380385999249764,78.4950551765849,17.11503332467873,78.41880646011572,1646438400,0
2022-03-05 03:00:00,03:00:00,4532117045436,Walmart,food_dining,365.76,"Hyderabad, Telangana, IN",17.38295946212877,78.51134552720222,16.952054446352555,78.84476690648046,1646449200,0
2022-03-05 06:00:00,06:00:00,4532117045436,Amazon,grocery_pos,289.07,"Hyderabad, Telangana, IN",17.395780655633928,78.4840369806071,17.222586169931514,78.8421180408008,1646460000,0
2022-03-05 09:00:00,09:00:00,4532117045436,MakeMyTrip,gas_transport,312.61,"Hyderabad, Telangana, IN",17.38499734628423,78.48307723590912,16.589195020533893,78.15593170326959,1646470800,0
2022-03-05 12:00:00,12:00:00,4532117045436,Netflix,grocery_pos,801.7,"Hyderabad, Telangana, IN",17.376927085063862,78.48681265413595,17.56213725889813,78.86164667712795,1646481600,0
2022-03-05 15:00:00,15:00:00,4532117045436,Walmart,gas_transport,556.13,"Hyderabad, Telangana, IN",17.381239481846023,78.50099040604614,18.19224215224238,77.9154527375692,1646492400,0
2022-03-05 18:00:00,18:00:00,4532117045436,Shell,food_dining,63.4,"Hyderabad, Telangana, IN",17.384096714147514,78.49256025786707,17.062861045705844,79.3495860491915,1646503200,0
2022-03-05 21:00:00,21:00:00,4532117045436,Netflix,food_dining,402.85,"Hyderabad, Telangana, IN",17.37757488731372,78.50397472808139,18.560432359048175,78.6663195434873,1646514000,0
2022-03-06 00:00:00,00:00:00,4532117045436,Shell,entertainment,436.58,"Hyderabad, Telangana, IN",17.38042040856844,78.48735319549358,16.954569372243625,76.97279989696568,1646524800,0
2022-03-06 03:00:00,03:00:00,4532117045436,MakeMyTrip,gas_transport,228.46,"Hyderabad, Telangana, IN",17.37500205704969,78.47171431869543,17.173381832037325,77.83245307078805,1646535600,0
2022-03-06 06:00:00,06:00:00,4532117045436,Shell,food_dining,530.16,"Hyderabad, Telangana, IN",17.380773951984096,78.47996753822486,18.064905557768004,78.82889560354964,1646546400,0
2022-03-06 09:00:00,09:00:00,4532117045436,Walmart,health_fitness,143.79,"Hyderabad, Telangana, IN",17.39666209150975,78.49694731411797,16.78643716148435,78.96701555154802,1646557200,0
2022-03-06 12:00:00,12:00:00,4532117045436,Netflix,shopping_net,614.54,"Hyderabad, Telangana, IN",17.385483893952326,78.48175379507771,17.27169024666809,78.29133961378223,1646568000,0
2022-03-06 15:00:00,15:00:00,4532117045436,Apollo,entertainment,666.23,"Hyderabad, Telangana, IN",17.409613193936412,78.487653615389,18.244525929760243,78.56521361675041,1646578800,0
2022-03-06 18:00:00,18:00:00,4532117045436,Zomato,grocery_pos,802.89,"Hyderabad, Telangana, IN",17.377361346070092,78.48916763673856,16.7955386430925,78.84951940577548,1646589600,0
2022-03-06 21:00:00,21:00:00,4532117045436,Walmart,entertainment,213.85,"Hyderabad, Telangana, IN",17.389854944953388,78.50478183690396,17.680276064665712,79.1422657761334,1646600400,0
2022-03-07 00:00:00,00:00:00,4532117045436,Walmart,shopping_net,244.37,"Hyderabad, Telangana, IN",17.387222058235814,78.49549451955727,17.640293061751635,78.94062678440393,1646611200,0
2022-03-07 03:00:00,03:00:00,4532117045436,Apollo,gas_transport,553.9,"Hyderabad, Telangana, IN",17.391504395122343,78.49353300076555,16.423631717234535,78.2065052386281,1646622000,0
2022-03-07 06:00:00,06:00:00,4532117045436,Netflix,grocery_pos,627.4,"Hyderabad, Telangana, IN",17.378939308080096,78.48827975418565,17.077216535378,79.16884247383015,1646632800,0
2022-03-07 09:00:00,09:00:00,4532117045436,Netflix,grocery_pos,571.34,"Hyderabad, Telangana, IN",17.38131534829066,78.47839064311674,18.57574555066682,77.4000368463109,1646643600,0
2022-03-07 12:00:00,12:00:00,4532117045436,MakeMyTrip,gas_transport,611.96,"Hyderabad, Telangana, IN",17.389072557815478,78.48912594315142,17.496897685274895,78.34679373905074,1646654400,0
2022-03-07 15:00:00,15:00:00,4532117045436,Shell,travel,656.52,"Hyderabad, Telangana, IN",17.379953307435958,78.50845734527155,17.576917408917044,78.79672169952714,1646665200,0
2022-03-07 18:00:00,18:00:00,4532117045436,MakeMyTrip,travel,480.34,"Hyderabad, Telangana, IN",17.367265306003237,78.4918323247565,17.503967990861018,77.88367070567601,1646676000,0
2022-03-07 21:00:00,21:00:00,4532117045436,Apollo,entertainment,418.12,"Hyderabad, Telangana, IN",17.398104515550436,78.48118581500702,18.40640050920325,78.51418365087412,1646686800,0
2022-03-08 00:00:00,00:00:00,4532117045436,MakeMyTrip,food_dining,3772.4,"Mumbai, Maharashtra, IN",17.393880950643233,78.48251395470001,28.259120273925227,76.62612847359452,1646697600,1
2022-03-08 03:00:00,03:00:00,4532117045436,Apollo,travel,405.28,"Hyderabad, Telangana, IN",17.380828626990304,78.50088633564252,17.045770223984725,78.09881091334829,1646708400,0
2022-03-08 06:00:00,06:00:00,4532117045436,Netflix,entertainment,428.27,"Hyderabad, Telangana, IN",17.387183171930705,78.48137504742446,17.32962230047389,78.58192403606905,1646719200,0
2022-03-08 09:00:00,09:00:00,4532117045436,Shell,travel,6378.19,"Kolkata, West Bengal, IN",17.39506830542913,78.48469198354945,28.81460318114668,73.1700253002029,1646730000,1
2022-03-08 12:00:00,12:00:00,4532117045436,MakeMyTrip,shopping_net,444.27,"Hyderabad, Telangana, IN",17.398442212328,78.47528036405514,17.4618542076943,78.98951472753645,1646740800,0
2022-03-08 15:00:00,15:00:00,4532117045436,Walmart,health_fitness,290.64,"Hyderabad, Telangana, IN",17.386042593090156,78.48392059590846,17.475995162809124,78.75336932234691,1646751600,0
2022-03-08 18:00:00,18:00:00,4532117045436,Amazon,food_dining,617.0,"Hyderabad, Telangana, IN",17.379146406055227,78.49143004550488,17.108906721873566,78.85607028071699,1646762400,0
2022-03-08 21:00:00,21:00:00,4532117045436,Zomato,entertainment,513.87,"Hyderabad, Telangana, IN",17.399642684555552,78.48373483744892,17.688555524251694,78.45201393566389,1646773200,0
2022-03-09 00:00:00,00:00:00,4532117045436,Walmart,health_fitness,381.06,"Hyderabad, Telangana, IN",17.38594719254114,78.4869463555221,16.438861658351957,77.65372150993191,1646784000,0
2022-03-09 03:00:00,03:00:00,4532117045436,Netflix,health_fitness,478.33,"Hyderabad, Telangana, IN",17.383528019934925,78.47517065899588,17.111221380066798,78.42033578944948,1646794800,0
2022-03-09 06:00:00,06:00:00,4532117045436,Zomato,travel,284.24,"Hyderabad, Telangana, IN",17.387632132303622,78.48112952447508,16.974409175365583,79.34977410905849,1646805600,0
2022-03-09 09:00:00,09:00:00,4532117045436,Amazon,gas_transport,299.45,"Hyderabad, Telangana, IN",17.396547267197352,78.50802178524094,16.834381976988464,78.99488640436664,1646816400,0
2022-03-09 12:00:00,12:00:00,4532117045436,Amazon,shopping_net,354.92,"Hyderabad, Telangana, IN",17.384612012855584,78.48536032904234,16.494666459137694,79.35935176171049,1646827200,0
2022-03-09 15:00:00,15:00:00,4532117045436,Shell,shopping_net,421.21,"Hyderabad, Telangana, IN",17.394859992669364,78.49032925458722,17.501258068764663,78.51436032720447,1646838000,0
2022-03-09 18:00:00,18:00:00,4532117045436,Zomato,shopping_net,471.18,"Hyderabad, Telangana, IN",17.382914578454994,78.47867916700879,17.599797079992168,78.14074705470539,1646848800,0
2022-03-09 21:00:00,21:00:00,4532117045436,Shell,food_dining,471.77,"Hyderabad, Telangana, IN",17.391090553462444,78.48721723384767,17.60336234109118,78.78001008275727,1646859600,0
2022-03-10 00:00:00,00:00:00,4532117045436,Walmart,grocery_pos,252.18,"Hyderabad, Telangana, IN",17.375519116136225,78.48399362931737,17.855650817128232,78.39064683641399,1646870400,0
2022-03-10 03:00:00,03:00:00,4532117045436,Apollo,food_dining,437.89,"Hyderabad, Telangana, IN",17.395696094124567,78.49770285829082,17.942740722510514,78.20772221318757,1646881200,0
2022-03-10 06:00:00,06:00:00,4532117045436,Apollo,entertainment,327.29,"Hyderabad, Telangana, IN",17.37823958395897,78.4972279646622,16.365353224055195,77.61931949581958,1646892000,0
2022-03-10 09:00:00,09:00:00,4532117045436,Apollo,health_fitness,10.0,"Hyderabad, Telangana, IN",17.389592870976877,78.4982843382057,17.7004656397061,78.65383041643827,1646902800,0
2022-03-10 12:00:00,12:00:00,4532117045436,Zomato,health_fitness,911.34,"Hyderabad, Telangana, IN",17.370134317737403,78.48750295051369,17.47624638196542,78.9552122293991,1646913600,0
2022-03-10 15:00:00,15:00:00,4532117045436,Apollo,grocery_pos,330.2,"Hyderabad, Telangana, IN",17.385248143313166,78.5070984857474,17.470679092410624,77.90429311437545,1646924400,0
2022-03-10 18:00:00,18:00:00,4532117045436,Walmart,entertainment,338.53,"Hyderabad, Telangana, IN",17.386881231918615,78.49473785400997,17.323068365982852,79.2313052710911,1646935200,0
2022-03-10 21:00:00,21:00:00,4532117045436,Shell,grocery_pos,248.03,"Hyderabad, Telangana, IN",17.37818674179058,78.47240464213549,17.109803181926736,78.61152957508918,1646946000,0
2022-03-11 00:00:00,00:00:00,4532117045436,Zomato,health_fitness,291.38,"Hyderabad, Telangana, IN",17.383902253609,78.50212479158765,17.648940936745625,78.54186896831224,1646956800,0
2022-03-11 03:00:00,03:00:00,4532117045436,Shell,travel,421.7,"Hyderabad, Telangana, IN",17.38762100836518,78.48664247673138,16.89480677023355,77.87700381113699,1646967600,0
2022-03-11 06:00:00,06:00:00,4532117045436,Zomato,food_dining,652.77,"Hyderabad, Telangana, IN",17.39063268652545,78.49808464257733,17.93642784061268,78.75045113197586,1646978400,0
2022-03-11 09:00:00,09:00:00,4532117045436,Shell,shopping_net,420.85,"Hyderabad, Telangana, IN",17.386001431085653,78.47617191886748,17.136168803601663,77.9103389753361,1646989200,0
2022-03-11 12:00:00,12:00:00,4532117045436,Amazon,health_fitness,401.47,"Hyderabad, Telangana, IN",17.398324438280785,78.48598783795177,16.36435269277798,78.00923340555761,1647000000,0
2022-03-11 15:00:00,15:00:00,4532117045436,Shell,gas_transport,630.04,"Hyderabad, Telangana, IN",17.3965826229558,78.49419955466155,17.44130419711864,77.65049581998453,1647010800,0
2022-03-11 18:00:00,18:00:00,4532117045436,Apollo,shopping_net,371.34,"Hyderabad, Telangana, IN",17.384693788686032,78.48913969847136,16.796296709644835,79.83690166019365,1647021600,0
2022-03-11 21:00:00,21:00:00,4532117045436,Amazon,health_fitness,453.17,"Hyderabad, Telangana, IN",17.371696691470536,78.48520589695069,16.7858998344493,78.46260338638442,1647032400,0
2022-03-12 00:00:00,00:00:00,4532117045436,Shell,food_dining,311.76,"Hyderabad, Telangana, IN",17.380129237851413,78.46211644010764,17.72689854384314,78.18185964158893,1647043200,0
2022-03-12 03:00:00,03:00:00,4532117045436,Zomato,grocery_pos,702.77,"Hyderabad, Telangana, IN",17.362708741039423,78.47930150420432,17.852349710757792,78.46577654809467,1647054000,0
2022-03-12 06:00:00,06:00:00,4532117045436,Zomato,travel,607.28,"Hyderabad, Telangana, IN",17.38316870138721,78.47692796559748,17.330489854171468,78.23568468198259,1647064800,0
2022-03-12 09:00:00,09:00:00,4532117045436,Zomato,travel,427.05,"Hyderabad, Telangana, IN",17.39901753442304,78.46808608676807,16.378591208547185,78.39711444175872,1647075600,0
2022-03-12 12:00:00,12:00:00,4532117045436,Netflix,shopping_net,390.08,"Hyderabad, Telangana, IN",17.392910087097732,78.4796058011053,17.650709592115923,78.67262330390072,1647086400,0
2022-03-12 15:00:00,15:00:00,4532117045436,Walmart,food_dining,445.22,"Hyderabad, Telangana, IN",17.385835105499012,78.50528715190526,17.225226014625832,78.28355574904448,1647097200,0
2022-03-12 18:00:00,18:00:00,4532117045436,Zomato,travel,429.24,"Hyderabad, Telangana, IN",17.377725356943262,78.4982761868105,18.07413110254594,78.54870226283384,1647108000,0
2022-03-12 21:00:00,21:00:00,4532117045436,Amazon,travel,217.98,"Hyderabad, Telangana, IN",17.386223042900887,78.47834818338664,18.368566090070775,79.65317723767541,1647118800,0
2022-03-13 00:00:00,00:00:00,4532117045436,Zomato,entertainment,612.4,"Hyderabad, Telangana, IN",17.40631227476099,78.4808167896504,16.63286467102544,77.56999592132475,1647129600,0
2022-03-13 03:00:00,03:00:00,4532117045436,Netflix,gas_transport,415.93,"Hyderabad, Telangana, IN",17.399876986038546,78.48083727174416,18.621291956693792,77.9175120084796,1647140400,0
2022-03-13 06:00:00,06:00:00,4532117045436,Apollo,shopping_net,734.75,"Hyderabad, Telangana, IN",17.38349704739399,78.49426052020752,16.605872981385463,78.73346816493871,1647151200,0
2022-03-13 09:00:00,09:00:00,4532117045436,Amazon,grocery_pos,513.27,"Hyderabad, Telangana, IN",17.370180529869273,78.49074998199183,17.115817954778993,79.17091711543416,1647162000,0
2022-03-13 12:00:00,12:00:00,4532117045436,Netflix,travel,7691.97,"Delhi, Delhi, IN",17.40708096295529,78.47957881464568,28.885118109311545,73.18148875142056,1647172800,1
2022-03-13 15:00:00,15:00:00,4532117045436,Apollo,entertainment,257.76,"Hyderabad, Telangana, IN",17.37771160041246,78.48073355587105,17.02417495299783,78.69395565948186,1647183600,0
2022-03-13 18:00:00,18:00:00,4532117045436,MakeMyTrip,food_dining,128.09,"Hyderabad, Telangana, IN",17.390300753375996,78.4975128679266,16.978333390082263,77.8771783810482,1647194400,0
2022-03-13 21:00:00,21:00:00,4532117045436,MakeMyTrip,travel,255.89,"Hyderabad, Telangana, IN",17.369412831343073,78.50194384569537,16.531776221791947,79.23936837826257,1647205200,0
2022-03-14 00:00:00,00:00:00,4532117045436,Amazon,gas_transport,204.96,"Hyderabad, Telangana, IN",17.38176915269806,78.47773386731004,16.71717308850718,78.54900094831649,1647216000,0
2022-03-14 03:00:00,03:00:00,4532117045436,Shell,grocery_pos,487.89,"Hyderabad, Telangana, IN",17.369372166033475,78.48552975402343,16.977830039494073,78.52967734955458,1647226800,0
2022-03-14 06:00:00,06:00:00,4532117045436,Walmart,food_dining,402.59,"Hyderabad, Telangana, IN",17.373381145640046,78.4879841378268,17.772200470076026,77.51523197247839,1647237600,0
2022-03-14 09:00:00,09:00:00,4532117045436,Walmart,food_dining,561.08,"Hyderabad, Telangana, IN",17.37575284500493,78.4848098998051,18.22425744783845,79.07096649185962,1647248400,0
2022-03-14 12:00:00,12:00:00,4532117045436,Netflix,shopping_net,444.29,"Hyderabad, Telangana, IN",17.38977004527015,78.49800263351878,17.005707643413835,78.02608963375992,1647259200,0
2022-03-14 15:00:00,15:00:00,4532117045436,Apollo,travel,413.95,"Hyderabad, Telangana, IN",17.384039098240027,78.48517713378212,17.184613768524002,78.77015070894257,1647270000,0
2022-03-14 18:00:00,18:00:00,4532117045436,Walmart,shopping_net,5442.88,"Chennai, Tamil Nadu, IN",17.412122591070492,78.50578134243682,18.925151857326615,81.07497711836933,1647280800,1
2022-03-14 21:00:00,21:00:00,4532117045436,Apollo,grocery_pos,483.42,"Hyderabad, Telangana, IN",17.39633797325262,78.49870977530846,16.620888377807283,78.58645011979594,1647291600,0
2022-03-15 00:00:00,00:00:00,4532117045436,Apollo,travel,437.92,"Hyderabad, Telangana, IN",17.396554910448774,78.47983626840794,16.622236569408287,78.5126385541594,1647302400,0
2022-03-15 03:00:00,03:00:00,4532117045436,Netflix,health_fitness,321.98,"Hyderabad, Telangana, IN",17.390036675387822,78.48736832441536,16.747246799706588,78.109670919936,1647313200,0
2022-03-15 06:00:00,06:00:00,4532117045436,Netflix,travel,273.61,"Hyderabad, Telangana, IN",17.38776051982197,78.47693433297223,17.35995683128341,78.06618839005883,1647324000,0
2022-03-15 09:00:00,09:00:00,4532117045436,Netflix,health_fitness,565.58,"Hyderabad, Telangana, IN",17.396890573220627,78.48278500956215,17.07078273642019,78.96056567877179,1647334800,0
2022-03-15 12:00:00,12:00:00,4532117045436,Walmart,food_dining,556.6,"Hyderabad, Telangana, IN",17.36118778735064,78.49540684789493,17.19637688026199,78.47879704955132,1647345600,0
2022-03-15 15:00:00,15:00:00,4532117045436,MakeMyTrip,shopping_net,685.74,"Hyderabad, Telangana, IN",17.37877789016712,78.48915741668002,17.58340404365462,78.15927327974617,1647356400,0
2022-03-15 18:00:00,18:00:00,4532117045436,Netflix,gas_transport,521.84,"Hyderabad, Telangana, IN",17.371395056976517,78.50782524033485,17.33874315128218,78.2305092601261,1647367200,0
2022-03-15 21:00:00,21:00:00,4532117045436,Walmart,travel,391.03,"Hyderabad, Telangana, IN",17.366157108137017,78.4744805327287,16.80271264244905,78.83069725158778,1647378000,0
2022-03-16 00:00:00,00:00:00,4532117045436,Netflix,gas_transport,526.65,"Hyderabad, Telangana, IN",17.37731305264532,78.48637034353781,17.86363857069135,78.14765299727368,1647388800,0
2022-03-16 03:00:00,03:00:00,4532117045436,Zomato,travel,437.95,"Hyderabad, Telangana, IN",17.373522123922307,78.48164231613482,16.37433189021653,79.28464155264706,1647399600,0
2022-03-16 06:00:00,06:00:00,4532117045436,Apollo,food_dining,579.81,"Hyderabad, Telangana, IN",17.396941960897436,78.48353883833522,16.998031986295203,78.40889735445889,1647410400,0
2022-03-16 09:00:00,09:00:00,4532117045436,Netflix,shopping_net,7830.35,"Kolkata, West Bengal, IN",17.38591632028687,78.48711904834715,19.024050143799467,79.70468840572437,1647421200,1
2022-03-16 12:00:00,12:00:00,4532117045436,Amazon,grocery_pos,424.72,"Hyderabad, Telangana, IN",17.364900358901743,78.47993063305161,17.55525037200854,78.7956332494194,1647432000,0
2022-03-16 15:00:00,15:00:00,4532117045436,Apollo,grocery_pos,713.6,"Hyderabad, Telangana, IN",17.388140415293087,78.49627907445554,16.48588480813909,78.3446273344102,1647442800,0
2022-03-16 18:00:00,18:00:00,4532117045436,Apollo,grocery_pos,628.25,"Hyderabad, Telangana, IN",17.37487806581035,78.50421412198223,16.593342014234945,78.6775584057059,1647453600,0
2022-03-16 21:00:00,21:00:00,4532117045436,Netflix,travel,452.65,"Hyderabad, Telangana, IN",17.385622952312428,78.46334494803365,17.21503551909069,78.45887933430636,1647464400,0
2022-03-17 00:00:00,00:00:00,4532117045436,MakeMyTrip,travel,550.61,"Hyderabad, Telangana, IN",17.38893721683499,78.50062903518203,17.141691019210302,77.61872916209116,1647475200,0
2022-03-17 03:00:00,03:00:00,4532117045436,Shell,gas_transport,495.82,"Hyderabad, Telangana, IN",17.377495176112205,78.5118679184671,17.739535598925176,77.95305869010896,1647486000,0
2022-03-17 06:00:00,06:00:00,4532117045436,MakeMyTrip,shopping_net,453.3,"Hyderabad, Telangana, IN",17.387173598371387,78.48859719196206,17.95037448777188,78.63311325474335,1647496800,0
2022-03-17 09:00:00,09:00:00,4532117045436,Netflix,travel,736.97,"Hyderabad, Telangana, IN",17.389020734267476,78.48059375038463,17.127192344202268,78.26118869862889,1647507600,0
2022-03-17 12:00:00,12:00:00,4532117045436,Apollo,shopping_net,527.64,"Hyderabad, Telangana, IN",17.383357290042433,78.48097821148991,17.332327727055233,79.51608039317959,1647518400,0
2022-03-17 15:00:00,15:00:00,4532117045436,Amazon,gas_transport,323.85,"Hyderabad, Telangana, IN",17.37780375405469,78.48362207154652,16.86871672218002,78.09328966196294,1647529200,0
2022-03-17 18:00:00,18:00:00,4532117045436,Apollo,travel,295.8,"Hyderabad, Telangana, IN",17.38503142418,78.4910040845843,17.306083305939715,77.83209453279373,1647540000,0
2022-03-17 21:00:00,21:00:00,4532117045436,MakeMyTrip,grocery_pos,301.94,"Hyderabad, Telangana, IN",17.383605139323052,78.48242577721973,16.872483462925622,78.50652498781761,1647550800,0
2022-03-18 00:00:00,00:00:00,4532117045436,Amazon,grocery_pos,523.43,"Hyderabad, Telangana, IN",17.388165207780336,78.48590141084259,17.397189548708493,78.61217442466429,1647561600,0
2022-03-18 03:00:00,03:00:00,4532117045436,Walmart,food_dining,398.77,"Hyderabad, Telangana, IN",17.382362269750992,78.47714098256583,17.071760555816336,78.92846915376144,1647572400,0
2022-03-18 06:00:00,06:00:00,4532117045436,Zomato,health_fitness,499.99,"Hyderabad, Telangana, IN",17.37307980216823,78.48213206455283,17.697818679330968,77.23420594602499,1647583200,0
2022-03-18 09:00:00,09:00:00,4532117045436,Apollo,entertainment,590.46,"Hyderabad, Telangana, IN",17.383309909699392,78.48257783658208,17.909703735307698,79.24044293840659,1647594000,0
2022-03-18 12:00:00,12:00:00,4532117045436,Netflix,health_fitness,754.31,"Hyderabad, Telangana, IN",17.388266776633735,78.48634312037811,18.031969601554227,77.832289981851,1647604800,0
2022-03-18 15:00:00,15:00:00,4532117045436,Walmart,travel,402.23,"Hyderabad, Telangana, IN",17.386851355208144,78.4721476204611,17.403043842653354,79.03131111669481,1647615600,0
2022-03-18 18:00:00,18:00:00,4532117045436,Zomato,shopping_net,238.72,"Hyderabad, Telangana, IN",17.38389073744852,78.48340144197627,17.688565002438594,79.46545265796718,1647626400,0
2022-03-18 21:00:00,21:00:00,4532117045436,Netflix,travel,718.86,"Hyderabad, Telangana, IN",17.380133870102966,78.48455521750856,17.13519657778426,78.86006017371506,1647637200,0
2022-03-19 00:00:00,00:00:00,4532117045436,Shell,shopping_net,231.43,"Hyderabad, Telangana, IN",17.379616574728228,78.48854776612187,16.96457900363383,77.91332120312526,1647648000,0
2022-03-19 03:00:00,03:00:00,4532117045436,Netflix,shopping_net,225.54,"Hyderabad, Telangana, IN",17.380654575945826,78.50068540159154,16.701275273624503,78.39020019560392,1647658800,0
2022-03-19 06:00:00,06:00:00,4532117045436,Amazon,health_fitness,714.97,"Hyderabad, Telangana, IN",17.395761601959126,78.48568651877063,17.564290582292447,78.86449594629426,1647669600,0
2022-03-19 09:00:00,09:00:00,4532117045436,Amazon,entertainment,609.93,"Hyderabad, Telangana, IN",17.375521493753375,78.47452742248112,16.35972770006767,78.50331260142875,1647680400,0
2022-03-19 12:00:00,12:00:00,4532117045436,Shell,food_dining,522.73,"Hyderabad, Telangana, IN",17.385909895967043,78.48802073132521,17.821476606471293,77.96210086579381,1647691200,0
2022-03-19 15:00:00,15:00:00,4532117045436,Walmart,health_fitness,442.51,"Hyderabad, Telangana, IN",17.372420021228486,78.47961212067383,17.205598577118018,78.53661964853394,1647702000,0
2022-03-19 18:00:00,18:00:00,4532117045436,Zomato,entertainment,414.12,"Hyderabad, Telangana, IN",17.39264732286169,78.4793532487455,17.23865985810033,78.228346198763,1647712800,0
2022-03-19 21:00:00,21:00:00,4532117045436,Netflix,grocery_pos,352.38,"Hyderabad, Telangana, IN",17.37963867286988,78.48374079396719,17.721996778830167,78.78767829574191,1647723600,0
2022-03-20 00:00:00,00:00:00,4532117045436,Amazon,grocery_pos,407.54,"Hyderabad, Telangana, IN",17.376743870425184,78.48150543456408,16.46810462922957,77.9558358685179,1647734400,0
2022-03-20 03:00:00,03:00:00,4532117045436,Walmart,shopping_net,442.89,"Hyderabad, Telangana, IN",17.387154485389086,78.47604956882216,17.273998070504323,77.5196257028524,1647745200,0
2022-03-20 06:00:00,06:00:00,4532117045436,Shell,gas_transport,243.83,"Hyderabad, Telangana, IN",17.360392518020635,78.48184799357918,18.174215769920703,77.97840969588313,1647756000,0
2022-03-20 09:00:00,09:00:00,4532117045436,MakeMyTrip,travel,326.97,"Hyderabad, Telangana, IN",17.372005229543145,78.491256986646,17.243059732787348,77.63394437633869,1647766800,0
2022-03-20 12:00:00,12:00:00,4532117045436,Apollo,travel,133.21,"Hyderabad, Telangana, IN",17.388609090872603,78.48710535478165,16.72343544325628,78.17254391313188,1647777600,0
2022-03-20 15:00:00,15:00:00,4532117045436,MakeMyTrip,shopping_net,461.69,"Hyderabad, Telangana, IN",17.395146060961753,78.47677312817095,17.211724889089698,78.82225055479681,1647788400,0
2022-03-20 18:00:00,18:00:00,4532117045436,MakeMyTrip,gas_transport,461.72,"Hyderabad, Telangana, IN",17.389509373157004,78.47809568340662,18.039454903223497,78.28973044283525,1647799200,0
2022-03-20 21:00:00,21:00:00,4532117045436,Amazon,entertainment,716.78,"Hyderabad, Telangana, IN",17.386394329636296,78.48793254804092,17.002444612617055,78.47456094337386,1647810000,0
2022-03-21 00:00:00,00:00:00,4532117045436,Shell,grocery_pos,506.33,"Hyderabad, Telangana, IN",17.409103841579363,78.4768282404514,16.615043371359064,77.98419887753575,1647820800,0
2022-03-21 03:00:00,03:00:00,4532117045436,Netflix,travel,366.59,"Hyderabad, Telangana, IN",17.38991400279545,78.47773206199619,17.151556046093546,78.49662021737277,1647831600,0
2022-03-21 06:00:00,06:00:00,4532117045436,MakeMyTrip,health_fitness,419.95,"Hyderabad, Telangana, IN",17.374554870836022,78.48098981023341,16.682628576972412,78.00868841514117,1647842400,0
2022-03-21 09:00:00,09:00:00,4532117045436,MakeMyTrip,gas_transport,523.02,"Hyderabad, Telangana, IN",17.39524661797232,78.47698142789274,16.256868698023617,77.89230863399057,1647853200,0
2022-03-21 12:00:00,12:00:00,4532117045436,Zomato,entertainment,484.14,"Hyderabad, Telangana, IN",17.378589652715913,78.48770732791233,17.761835816382586,78.37378754216617,1647864000,0
2022-03-21 15:00:00,15:00:00,4532117045436,Amazon,grocery_pos,536.74,"Hyderabad, Telangana, IN",17.377917623627912,78.48362323203885,17.90902419344522,78.14849234036038,1647874800,0
2022-03-21 18:00:00,18:00:00,4532117045436,Amazon,health_fitness,506.56,"Hyderabad, Telangana, IN",17.371190671396214,78.5007424189059,17.594504828185478,77.07960564046344,1647885600,0
2022-03-21 21:00:00,21:00:00,4532117045436,Netflix,gas_transport,412.1,"Hyderabad, Telangana, IN",17.380885855578963,78.47508175702117,17.831741412786606,78.44703037586476,1647896400,0
2022-03-22 00:00:00,00:00:00,4532117045436,Apollo,shopping_net,369.63,"Hyderabad, Telangana, IN",17.372705050195474,78.49820775299101,17.181818148198225,77.99955663133966,1647907200,0
2022-03-22 03:00:00,03:00:00,4532117045436,Walmart,shopping_net,6020.57,"Mumbai, Maharashtra, IN",17.390574246050342,78.48907337774126,22.443231549085603,88.20895463661984,1647918000,1
2022-03-22 06:00:00,06:00:00,4532117045436,Zomato,shopping_net,311.21,"Hyderabad, Telangana, IN",17.383745844767347,78.50161054852217,17.07082236576155,79.18465471577883,1647928800,0
2022-03-22 09:00:00,09:00:00,4532117045436,Amazon,travel,287.68,"Hyderabad, Telangana, IN",17.371390460872053,78.50025359459372,17.385257838538788,78.91360781944402,1647939600,0
2022-03-22 12:00:00,12:00:00,4532117045436,Zomato,entertainment,725.77,"Hyderabad, Telangana, IN",17.384189566703387,78.48242925859465,16.963165874695253,78.67414865276822,1647950400,0
2022-03-22 15:00:00,15:00:00,4532117045436,Amazon,shopping_net,468.71,"Hyderabad, Telangana, IN",17.394938312603315,78.47261132665173,16.68394290004831,78.51682584602331,1647961200,0
2022-03-22 18:00:00,18:00:00,4532117045436,Zomato,travel,426.7,"Hyderabad, Telangana, IN",17.401222613720552,78.4852245108725,17.06707272911507,78.78963796738643,1647972000,0
2022-03-22 21:00:00,21:00:00,4532117045436,Shell,food_dining,375.62,"Hyderabad, Telangana, IN",17.367103845387522,78.46693355495019,18.499608504808506,78.29047332263131,1647982800,0
2022-03-23 00:00:00,00:00:00,4532117045436,MakeMyTrip,travel,514.33,"Hyderabad, Telangana, IN",17.377216545754163,78.49329659357079,18.15167835550705,78.52626647391055,1647993600,0
2022-03-23 03:00:00,03:00:00,4532117045436,Amazon,grocery_pos,630.55,"Hyderabad, Telangana, IN",17.372106497009657,78.48821566479121,17.772560562193462,78.28485479177301,1648004400,0
2022-03-23 06:00:00,06:00:00,4532117045436,Zomato,travel,558.49,"Hyderabad, Telangana, IN",17.388535510608484,78.48071061695002,17.17072392931447,78.54282816072917,1648015200,0
2022-03-23 09:00:00,09:00:00,4532117045436,Walmart,entertainment,588.24,"Hyderabad, Telangana, IN",17.370910895901194,78.48220437870913,17.15937664350192,78.62944034869406,1648026000,0
2022-03-23 12:00:00,12:00:00,4532117045436,Shell,health_fitness,362.02,"Hyderabad, Telangana, IN",17.39559235047878,78.4764788124832,18.24164948386728,78.59827889681111,1648036800,0
2022-03-23 15:00:00,15:00:00,4532117045436,Shell,travel,449.38,"Hyderabad, Telangana, IN",17.397036929134096,78.48638002291254,17.396156688912562,78.30296968052943,1648047600,0
2022-03-23 18:00:00,18:00:00,4532117045436,Walmart,shopping_net,363.99,"Hyderabad, Telangana, IN",17.393181187171553,78.47678049719804,17.780325574680138,78.83207282782946,1648058400,0
2022-03-23 21:00:00,21:00:00,4532117045436,Zomato,grocery_pos,466.05,"Hyderabad, Telangana, IN",17.377827126077946,78.48632888662178,17.108139896520882,78.3855008557192,1648069200,0
2022-03-24 00:00:00,00:00:00,4532117045436,Netflix,gas_transport,640.89,"Hyderabad, Telangana, IN",17.37845680567831,78.4902310077599,17.236341946645457,78.37262173002989,1648080000,0
2022-03-24 03:00:00,03:00:00,4532117045436,Walmart,shopping_net,515.91,"Hyderabad, Telangana, IN",17.380433527765774,78.49320026697977,17.775334737797422,77.57603428322327,1648090800,0
2022-03-24 06:00:00,06:00:00,4532117045436,Zomato,grocery_pos,694.01,"Hyderabad, Telangana, IN",17.3960507513987,78.49115469964843,17.017298391421736,78.06102745354069,1648101600,0
2022-03-24 09:00:00,09:00:00,4532117045436,Walmart,food_dining,406.72,"Hyderabad, Telangana, IN",17.36801967725521,78.48371788313986,17.55913492146552,78.9196534549448,1648112400,0
2022-03-24 12:00:00,12:00:00,4532117045436,Walmart,gas_transport,328.96,"Hyderabad, Telangana, IN",17.3888612411587,78.49114105966649,17.034838047116214,78.87852634717396,1648123200,0
2022-03-24 15:00:00,15:00:00,4532117045436,Amazon,food_dining,526.82,"Hyderabad, Telangana, IN",17.37566551239814,78.48805115672768,17.64009107888265,78.47569514376387,1648134000,0
2022-03-24 18:00:00,18:00:00,4532117045436,Zomato,health_fitness,467.83,"Hyderabad, Telangana, IN",17.38080579231416,78.48796818670611,17.019835123529656,78.20757977355176,1648144800,0
2022-03-24 21:00:00,21:00:00,4532117045436,Netflix,grocery_pos,498.41,"Hyderabad, Telangana, IN",17.39236143448033,78.47643539287164,18.2612826103039,78.56243800836721,1648155600,0
2022-03-25 00:00:00,00:00:00,4532117045436,MakeMyTrip,food_dining,475.98,"Hyderabad, Telangana, IN",17.369845536744347,78.47421707580858,17.35287891077766,77.28946687944492,1648166400,0
2022-03-25 03:00:00,03:00:00,4532117045436,Amazon,health_fitness,377.33,"Hyderabad, Telangana, IN",17.382222594911145,78.48927955851353,17.772245611891595,78.556553428135,1648177200,0
2022-03-25 06:00:00,06:00:00,4532117045436,Walmart,grocery_pos,479.36,"Hyderabad, Telangana, IN",17.383711628881198,78.49156338993771,17.374669547880476,77.86320272643367,1648188000,0
2022-03-25 09:00:00,09:00:00,4532117045436,MakeMyTrip,grocery_pos,596.01,"Hyderabad, Telangana, IN",17.384626076617003,78.48048938427311,17.13431482748622,78.44127916411892,1648198800,0
2022-03-25 12:00:00,12:00:00,4532117045436,Apollo,food_dining,611.42,"Hyderabad, Telangana, IN",17.383968189348348,78.49844237219406,17.672152015160613,78.59291487481254,1648209600,0
2022-03-25 15:00:00,15:00:00,4532117045436,MakeMyTrip,grocery_pos,376.57,"Hyderabad, Telangana, IN",17.3905665828471,78.50883410175628,17.9619007430309,78.31188774846018,1648220400,0
2022-03-25 18:00:00,18:00:00,4532117045436,Walmart,shopping_net,484.65,"Hyderabad, Telangana, IN",17.380480104437236,78.50423515335956,16.66082320377709,78.8599878493028,1648231200,0
2022-03-25 21:00:00,21:00:00,4532117045436,Walmart,grocery_pos,671.57,"Hyderabad, Telangana, IN",17.388653669371354,78.48403351848484,17.450517702155903,78.17068171256213,1648242000,0
2022-03-26 00:00:00,00:00:00,4532117045436,Zomato,entertainment,379.82,"Hyderabad, Telangana, IN",17.388298388340633,78.48236996519165,17.330954914053706,78.12239561774525,1648252800,0
2022-03-26 03:00:00,03:00:00,4532117045436,Zomato,health_fitness,352.58,"Hyderabad, Telangana, IN",17.387860685625686,78.494568310803,17.489885525048244,78.79885809599295,1648263600,0
2022-03-26 06:00:00,06:00:00,4532117045436,Amazon,grocery_pos,569.16,"Hyderabad, Telangana, IN",17.390278386892103,78.49348864327976,18.061923918374543,78.30662115538644,1648274400,0
2022-03-26 09:00:00,09:00:00,4532117045436,Netflix,entertainment,542.84,"Hyderabad, Telangana, IN",17.387820803989253,78.47556839597759,17.793138850091285,79.16006313677146,1648285200,0
2022-03-26 12:00:00,12:00:00,4532117045436,Amazon,grocery_pos,324.45,"Hyderabad, Telangana, IN",17.38410327341003,78.48427791392206,17.963324667934614,78.49346695395651,1648296000,0
2022-03-26 15:00:00,15:00:00,4532117045436,Shell,grocery_pos,240.08,"Hyderabad, Telangana, IN",17.372310527653617,78.49331552091408,17.516551459699993,78.76234111411874,1648306800,0
2022-03-26 18:00:00,18:00:00,4532117045436,Walmart,food_dining,481.73,"Hyderabad, Telangana, IN",17.398571868008005,78.47773726231445,17.16818994528236,78.95232967238007,1648317600,0
2022-03-26 21:00:00,21:00:00,4532117045436,MakeMyTrip,shopping_net,387.21,"Hyderabad, Telangana, IN",17.401946256085104,78.47925350176921,16.172602783289744,78.45089220334502,1648328400,0
2022-03-27 00:00:00,00:00:00,4532117045436,Apollo,health_fitness,197.39,"Hyderabad, Telangana, IN",17.381405928540065,78.4807631524489,18.092661332010056,77.72315186932967,1648339200,0
2022-03-27 03:00:00,03:00:00,4532117045436,Walmart,shopping_net,346.92,"Hyderabad, Telangana, IN",17.389564078513544,78.48270744131159,16.134933521977352,78.80044828404382,1648350000,0
2022-03-27 06:00:00,06:00:00,4532117045436,Walmart,gas_transport,540.39,"Hyderabad, Telangana, IN",17.379523871209745,78.47100738911561,18.178784762886583,79.0831141799124,1648360800,0
2022-03-27 09:00:00,09:00:00,4532117045436,Amazon,food_dining,427.29,"Hyderabad, Telangana, IN",17.37779780217817,78.49362921397477,17.755463846078236,78.35391765805397,1648371600,0
2022-03-27 12:00:00,12:00:00,4532117045436,Apollo,food_dining,684.92,"Hyderabad, Telangana, IN",17.385553158113375,78.47935864864294,18.369276618644893,78.98304028268463,1648382400,0
2022-03-27 15:00:00,15:00:00,4532117045436,Apollo,shopping_net,136.91,"Hyderabad, Telangana, IN",17.413074558320496,78.48872377077564,17.51785576680869,77.902687546484,1648393200,0
2022-03-27 18:00:00,18:00:00,4532117045436,Apollo,travel,650.7,"Hyderabad, Telangana, IN",17.40095347011003,78.48765088138332,17.635150043539596,78.56150859448196,1648404000,0
2022-03-27 21:00:00,21:00:00,4532117045436,Amazon,food_dining,398.41,"Hyderabad, Telangana, IN",17.39945533591018,78.47658280372004,17.29236965074208,78.34377017814086,1648414800,0
2022-03-28 00:00:00,00:00:00,4532117045436,Walmart,shopping_net,376.74,"Hyderabad, Telangana, IN",17.390187719143434,78.46903809287548,17.422895724246526,77.69825791429017,1648425600,0
2022-03-28 03:00:00,03:00:00,4532117045436,Amazon,food_dining,217.32,"Hyderabad, Telangana, IN",17.37582474918432,78.48759132305612,17.022633028784746,78.68583086939782,1648436400,0
2022-03-28 06:00:00,06:00:00,4532117045436,Zomato,grocery_pos,519.76,"Hyderabad, Telangana, IN",17.395368156538602,78.48234250164096,17.326289683247484,78.04265744357042,1648447200,0
2022-03-28 09:00:00,09:00:00,4532117045436,Zomato,shopping_net,3663.67,"Delhi, Delhi, IN",17.35657793122961,78.49125491048204,13.664588153080627,90.22781667238159,1648458000,1
2022-03-28 12:00:00,12:00:00,4532117045436,Amazon,shopping_net,572.69,"Hyderabad, Telangana, IN",17.388908746571317,78.49482221311088,17.408111977371366,77.98772893266957,1648468800,0
2022-03-28 15:00:00,15:00:00,4532117045436,Apollo,entertainment,223.0,"Hyderabad, Telangana, IN",17.395978779377195,78.4663125876128,17.37217622607535,77.64979555607526,1648479600,0
2022-03-28 18:00:00,18:00:00,4532117045436,Walmart,food_dining,246.64,"Hyderabad, Telangana, IN",17.38651484254745,78.4843893527317,17.37491229427156,78.12959112084472,1648490400,0
2022-03-28 21:00:00,21:00:00,4532117045436,Amazon,food_dining,271.32,"Hyderabad, Telangana, IN",17.401593723802808,78.49711750140845,17.33985187359093,79.00427332324759,1648501200,0
2022-03-29 00:00:00,00:00:00,4532117045436,Amazon,shopping_net,342.61,"Hyderabad, Telangana, IN",17.370741123246937,78.50107273296753,17.075967672523284,78.40673581642757,1648512000,0
2022-03-29 03:00:00,03:00:00,4532117045436,Amazon,grocery_pos,591.31,"Hyderabad, Telangana, IN",17.401006956572054,78.46837678504731,17.664773777404864,78.50453101751846,1648522800,0
2022-03-29 06:00:00,06:00:00,4532117045436,Shell,grocery_pos,675.59,"Hyderabad, Telangana, IN",17.383422882951646,78.4982197051707,17.54245519541927,78.5565158144456,1648533600,0
2022-03-29 09:00:00,09:00:00,4532117045436,Zomato,health_fitness,358.11,"Hyderabad, Telangana, IN",17.399507827782035,78.47660494846541,17.523136049220838,78.53756365703592,1648544400,0
2022-03-29 12:00:00,12:00:00,4532117045436,MakeMyTrip,grocery_pos,443.02,"Hyderabad, Telangana, IN",17.395201968724596,78.49375938136443,16.914109110874413,79.42380796535117,1648555200,0
2022-03-29 15:00:00,15:00:00,4532117045436,Apollo,food_dining,4391.31,"Mumbai, Maharashtra, IN",17.400140705120553,78.48121091223264,13.316365411346274,88.16242446219144,1648566000,1
2022-03-29 18:00:00,18:00:00,4532117045436,Netflix,travel,400.6,"Hyderabad, Telangana, IN",17.394754655100435,78.49416688959936,17.00310380078203,77.53390133972255,1648576800,0
2022-03-29 21:00:00,21:00:00,4532117045436,MakeMyTrip,entertainment,517.61,"Hyderabad, Telangana, IN",17.39191934959019,78.4830823656773,17.123617087638365,78.30074456897319,1648587600,0
2022-03-30 00:00:00,00:00:00,4532117045436,Apollo,shopping_net,449.39,"Hyderabad, Telangana, IN",17.39866163752035,78.47231513628418,17.430872767513595,78.52086576405262,1648598400,0
2022-03-30 03:00:00,03:00:00,4532117045436,Netflix,gas_transport,411.98,"Hyderabad, Telangana, IN",17.385554793574833,78.48088567133458,17.960077761404527,77.85626750919728,1648609200,0
2022-03-30 06:00:00,06:00:00,4532117045436,Shell,entertainment,237.03,"Hyderabad, Telangana, IN",17.391023417159175,78.49210184472024,16.781087853612078,78.36770962676498,1648620000,0
2022-03-30 09:00:00,09:00:00,4532117045436,Amazon,travel,472.36,"Hyderabad, Telangana, IN",17.384963820494313,78.48247595538103,16.89067050725482,78.37404926765771,1648630800,0
2022-03-30 12:00:00,12:00:00,4532117045436,Shell,gas_transport,593.76,"Hyderabad, Telangana, IN",17.378141667908586,78.4759678895385,16.40355249375629,79.37464317355861,1648641600,0
2022-03-30 15:00:00,15:00:00,4532117045436,Shell,entertainment,333.26,"Hyderabad, Telangana, IN",17.390269462553654,78.47398615998665,17.638105752997863,78.14787350226909,1648652400,0
2022-03-30 18:00:00,18:00:00,4532117045436,MakeMyTrip,grocery_pos,154.76,"Hyderabad, Telangana, IN",17.386967458008996,78.47860635414507,17.216362164895173,78.96150704599154,1648663200,0
2022-03-30 21:00:00,21:00:00,4532117045436,Walmart,food_dining,402.07,"Hyderabad, Telangana, IN",17.39756974240904,78.47851983785645,17.5972061569108,78.41372068885346,1648674000,0
2022-03-31 00:00:00,00:00:00,4532117045436,MakeMyTrip,travel,676.47,"Hyderabad, Telangana, IN",17.383077456077856,78.49244204181072,17.55412058928785,78.9167476691071,1648684800,0
2022-03-31 03:00:00,03:00:00,4532117045436,Zomato,gas_transport,631.79,"Hyderabad, Telangana, IN",17.377393085520147,78.4827469889487,17.779016318643198,79.1845449581939,1648695600,0
2022-03-31 06:00:00,06:00:00,4532117045436,Netflix,travel,362.93,"Hyderabad, Telangana, IN",17.39743009530162,78.48371312099775,17.385719586061974,78.67730718298503,1648706400,0
2022-03-31 09:00:00,09:00:00,4532117045436,Amazon,entertainment,518.33,"Hyderabad, Telangana, IN",17.385633410870838,78.48490172478887,17.03034894256956,78.45795286351796,1648717200,0
2022-03-31 12:00:00,12:00:00,4532117045436,MakeMyTrip,food_dining,542.03,"Hyderabad, Telangana, IN",17.37708770861161,78.49210103130171,17.501006750451644,79.0609728582596,1648728000,0
2022-03-31 15:00:00,15:00:00,4532117045436,Netflix,travel,673.55,"Hyderabad, Telangana, IN",17.398890459867356,78.49307167995417,17.592278052270657,77.7550650580915,1648738800,0
2022-03-31 18:00:00,18:00:00,4532117045436,Apollo,gas_transport,5585.85,"Kolkata, West Bengal, IN",17.394267607075555,78.48143100895247,13.000494074996292,87.97621549412145,1648749600,1
2022-03-31 21:00:00,21:00:00,4532117045436,Netflix,shopping_net,289.68,"Hyderabad, Telangana, IN",17.40348832498765,78.48406033177517,17.430416854631716,77.86348762420263,1648760400,0
2022-04-01 00:00:00,00:00:00,4532117045436,Apollo,entertainment,148.54,"Hyderabad, Telangana, IN",17.381590853971108,78.4931248275001,16.71249562219225,78.88663055500128,1648771200,0
2022-04-01 03:00:00,03:00:00,4532117045436,MakeMyTrip,shopping_net,348.24,"Hyderabad, Telangana, IN",17.380191842125157,78.47974174947073,16.748753932316028,78.53588987964395,1648782000,0
2022-04-01 06:00:00,06:00:00,4532117045436,Zomato,grocery_pos,609.95,"Hyderabad, Telangana, IN",17.374134283899497,78.48122546204256,16.55477979102402,78.45051471563751,1648792800,0
2022-04-01 09:00:00,09:00:00,4532117045436,MakeMyTrip,shopping_net,366.04,"Hyderabad, Telangana, IN",17.379330949837133,78.49310400229407,17.529279074728173,78.30168766726517,1648803600,0
2022-04-01 12:00:00,12:00:00,4532117045436,Apollo,shopping_net,253.77,"Hyderabad, Telangana, IN",17.38113639873008,78.48096035390971,17.754982430441753,78.82505893966264,1648814400,0
2022-04-01 15:00:00,15:00:00,4532117045436,Netflix,health_fitness,484.0,"Hyderabad, Telangana, IN",17.391830014645347,78.48917568691608,16.672210622813267,77.59308757615412,1648825200,0
2022-04-01 18:00:00,18:00:00,4532117045436,Netflix,entertainment,487.86,"Hyderabad, Telangana, IN",17.37570630200741,78.47090361189362,17.46555678014028,79.43801422404445,1648836000,0
2022-04-01 21:00:00,21:00:00,4532117045436,Apollo,grocery_pos,297.44,"Hyderabad, Telangana, IN",17.378366631626108,78.49253753911921,17.60858053598233,78.41554783508958,1648846800,0
2022-04-02 00:00:00,00:00:00,4532117045436,Shell,shopping_net,374.09,"Hyderabad, Telangana, IN",17.401966573032432,78.48469145666473,17.18534755571934,77.8367563743531,1648857600,0
2022-04-02 03:00:00,03:00:00,4532117045436,Zomato,food_dining,472.59,"Hyderabad, Telangana, IN",17.35569068759764,78.49076817435382,18.185774463902906,77.17221945310025,1648868400,0
2022-04-02 06:00:00,06:00:00,4532117045436,Walmart,gas_transport,561.9,"Hyderabad, Telangana, IN",17.389802605927876,78.49789390243065,16.656430901883105,78.40256722841568,1648879200,0
2022-04-02 09:00:00,09:00:00,4532117045436,Amazon,shopping_net,352.67,"Hyderabad, Telangana, IN",17.372095833872248,78.48336300364356,17.196220452771747,78.60181062542084,1648890000,0
2022-04-02 12:00:00,12:00:00,4532117045436,Netflix,grocery_pos,6296.72,"Delhi, Delhi, IN",17.376947478610013,78.4713636852549,12.66921233306818,72.5610259647493,1648900800,1
2022-04-02 15:00:00,15:00:00,4532117045436,Amazon,shopping_net,736.88,"Hyderabad, Telangana, IN",17.399233617376307,78.48308117443828,17.557813587094216,77.76151257369624,1648911600,0
2022-04-02 18:00:00,18:00:00,4532117045436,Walmart,gas_transport,408.9,"Hyderabad, Telangana, IN",17.38571576544297,78.49884567139154,17.019037372477257,77.87175107645604,1648922400,0
2022-04-02 21:00:00,21:00:00,4532117045436,MakeMyTrip,grocery_pos,487.42,"Hyderabad, Telangana, IN",17.411570760862855,78.48839844897604,16.397144291056787,79.16475758283688,1648933200,0
2022-04-03 00:00:00,00:00:00,4532117045436,Amazon,entertainment,547.25,"Hyderabad, Telangana, IN",17.39126812627245,78.47605556519089,17.682004955153662,77.71041572564934,1648944000,0
2022-04-03 03:00:00,03:00:00,4532117045436,Walmart,grocery_pos,181.97,"Hyderabad, Telangana, IN",17.376703261252345,78.48476247820652,17.306568687538803,78.54235522201749,1648954800,0
2022-04-03 06:00:00,06:00:00,4532117045436,Apollo,entertainment,6991.06,"Delhi, Delhi, IN",17.390577390196647,78.49157805435793,12.902928186298615,77.05143341512998,1648965600,1
2022-04-03 09:00:00,09:00:00,4532117045436,Shell,grocery_pos,203.14,"Hyderabad, Telangana, IN",17.39629972415391,78.48544512739763,17.948719191198087,78.2187393018089,1648976400,0
2022-04-03 12:00:00,12:00:00,4532117045436,Netflix,travel,430.38,"Hyderabad, Telangana, IN",17.390219326787705,78.48517326893652,16.994385311323963,78.34970689789381,1648987200,0
2022-04-03 15:00:00,15:00:00,4532117045436,Walmart,gas_transport,655.97,"Hyderabad, Telangana, IN",17.382846390947087,78.4795632066254,17.706976298885586,78.21690472845376,1648998000,0
2022-04-03 18:00:00,18:00:00,4532117045436,Amazon,gas_transport,6915.8,"Delhi, Delhi, IN",17.368089426073713,78.48036592112277,18.725625116654854,73.03773394779134,1649008800,1
2022-04-03 21:00:00,21:00:00,4532117045436,Netflix,grocery_pos,200.04,"Hyderabad, Telangana, IN",17.38177554076464,78.48892459191104,17.10374926691733,78.98603616822328,1649019600,0
2022-04-04 00:00:00,00:00:00,4532117045436,Shell,travel,733.15,"Hyderabad, Telangana, IN",17.401676163422046,78.49162472246614,17.389234075242946,78.28480129212973,1649030400,0
2022-04-04 03:00:00,03:00:00,4532117045436,Apollo,shopping_net,277.94,"Hyderabad, Telangana, IN",17.377032832344604,78.484966901521,18.224371608289555,77.87738289414008,1649041200,0
2022-04-04 06:00:00,06:00:00,4532117045436,MakeMyTrip,gas_transport,225.21,"Hyderabad, Telangana, IN",17.38088178896396,78.48176048313961,16.880104327144814,78.44475922561888,1649052000,0
2022-04-04 09:00:00,09:00:00,4532117045436,Netflix,entertainment,692.85,"Hyderabad, Telangana, IN",17.394932892150898,78.4942636175102,17.66246538402213,77.95729060508637,1649062800,0
2022-04-04 12:00:00,12:00:00,4532117045436,MakeMyTrip,entertainment,272.03,"Hyderabad, Telangana, IN",17.39119702529663,78.48246312097075,17.41605556585822,77.94311365815328,1649073600,0
2022-04-04 15:00:00,15:00:00,4532117045436,Walmart,food_dining,696.74,"Hyderabad, Telangana, IN",17.371901003653395,78.48959313874155,18.02034236059341,79.21432360959103,1649084400,0
2022-04-04 18:00:00,18:00:00,4532117045436,Shell,health_fitness,491.11,"Hyderabad, Telangana, IN",17.383913832304316,78.49203018294658,17.36813285942689,78.3951116553483,1649095200,0
2022-04-04 21:00:00,21:00:00,4532117045436,Amazon,travel,642.59,"Hyderabad, Telangana, IN",17.399069696819332,78.4740590760877,17.727876529555893,77.84798686779494,1649106000,0
2022-04-05 00:00:00,00:00:00,4532117045436,Shell,health_fitness,477.91,"Hyderabad, Telangana, IN",17.38526478578536,78.48809735009299,16.584740619295687,78.43522970640694,1649116800,0
2022-04-05 03:00:00,03:00:00,4532117045436,Shell,health_fitness,611.96,"Hyderabad, Telangana, IN",17.39931231004943,78.45972521096917,16.3129170144022,78.51860886735233,1649127600,0
2022-04-05 06:00:00,06:00:00,4532117045436,Zomato,entertainment,312.23,"Hyderabad, Telangana, IN",17.399877757954172,78.48567631930389,16.86038053941058,78.38316356896203,1649138400,0
2022-04-05 09:00:00,09:00:00,4532117045436,Shell,food_dining,357.96,"Hyderabad, Telangana, IN",17.37572339939471,78.49249499728555,17.16422713844599,78.24246546444772,1649149200,0
2022-04-05 12:00:00,12:00:00,4532117045436,Shell,health_fitness,132.67,"Hyderabad, Telangana, IN",17.382049549469166,78.4900692037207,17.207913051730394,77.79306650643204,1649160000,0
2022-04-05 15:00:00,15:00:00,4532117045436,Netflix,health_fitness,595.77,"Hyderabad, Telangana, IN",17.391576035565958,78.49470004137702,17.93113954040921,78.27888208535549,1649170800,0
2022-04-05 18:00:00,18:00:00,4532117045436,Amazon,grocery_pos,512.94,"Hyderabad, Telangana, IN",17.369623139845856,78.49020454728509,17.188505763002244,78.08971270603973,1649181600,0
2022-04-05 21:00:00,21:00:00,4532117045436,Netflix,grocery_pos,298.9,"Hyderabad, Telangana, IN",17.382769505407154,78.48127662848121,17.396913106689457,78.42569427522517,1649192400,0
2022-04-06 00:00:00,00:00:00,4532117045436,Netflix,grocery_pos,187.66,"Hyderabad, Telangana, IN",17.390461863617176,78.47130785977394,17.454780479123073,78.69803340750343,1649203200,0
2022-04-06 03:00:00,03:00:00,4532117045436,Walmart,shopping_net,492.27,"Hyderabad, Telangana, IN",17.378777489488023,78.4878315306981,17.069249066228778,79.36240856702888,1649214000,0
2022-04-06 06:00:00,06:00:00,4532117045436,Netflix,health_fitness,701.39,"Hyderabad, Telangana, IN",17.39088107078331,78.49148804542521,17.375847133140624,78.87411037382466,1649224800,0
2022-04-06 09:00:00,09:00:00,4532117045436,Zomato,shopping_net,429.31,"Hyderabad, Telangana, IN",17.378998273241205,78.46912447611052,17.910580521265704,77.1293490076236,1649235600,0
2022-04-06 12:00:00,12:00:00,4532117045436,Zomato,food_dining,351.23,"Hyderabad, Telangana, IN",17.378887478821436,78.49073898523872,17.534595607954195,78.59788996521536,1649246400,0
2022-04-06 15:00:00,15:00:00,4532117045436,MakeMyTrip,travel,309.44,"Hyderabad, Telangana, IN",17.392441859187418,78.48757739333487,17.681603677981222,79.24458484547735,1649257200,0
2022-04-06 18:00:00,18:00:00,4532117045436,Walmart,entertainment,637.4,"Hyderabad, Telangana, IN",17.398680449332236,78.48305316037073,17.551610150316073,78.41546893946648,1649268000,0
2022-04-06 21:00:00,21:00:00,4532117045436,MakeMyTrip,health_fitness,3051.88,"Mumbai, Maharashtra, IN",17.37789255381127,78.49109762141431,13.321713468321716,77.80496404996178,1649278800,1
2022-04-07 00:00:00,00:00:00,4532117045436,MakeMyTrip,entertainment,394.32,"Hyderabad, Telangana, IN",17.37288639648561,78.48394623814059,16.85879993267861,77.93437275992942,1649289600,0
2022-04-07 03:00:00,03:00:00,4532117045436,Apollo,travel,2306.07,"Kolkata, West Bengal, IN",17.384627435242546,78.48330532549873,22.73629309525152,77.08758981405289,1649300400,1
2022-04-07 06:00:00,06:00:00,4532117045436,Amazon,grocery_pos,545.62,"Hyderabad, Telangana, IN",17.389669016024772,78.47398710130398,17.883170935492124,78.40219214941226,1649311200,0
2022-04-07 09:00:00,09:00:00,4532117045436,Amazon,health_fitness,400.06,"Hyderabad, Telangana, IN",17.377792728708503,78.49074724808533,17.974069622692838,78.41360174274367,1649322000,0
2022-04-07 12:00:00,12:00:00,4532117045436,Netflix,gas_transport,345.15,"Hyderabad, Telangana, IN",17.401606887224176,78.47363920782252,18.039977231891868,78.90505580439884,1649332800,0
2022-04-07 15:00:00,15:00:00,4532117045436,Netflix,shopping_net,669.84,"Hyderabad, Telangana, IN",17.38353159667977,78.4798590054646,17.903171826484236,78.48766961715876,1649343600,0
2022-04-07 18:00:00,18:00:00,4532117045436,Apollo,shopping_net,282.54,"Hyderabad, Telangana, IN",17.377706318633525,78.49125790675373,16.739945172952417,78.43222140456356,1649354400,0
2022-04-07 21:00:00,21:00:00,4532117045436,Netflix,health_fitness,418.46,"Hyderabad, Telangana, IN",17.40431702079085,78.48502514985633,16.818496663697047,79.72484142624637,1649365200,0
2022-04-08 00:00:00,00:00:00,4532117045436,Amazon,travel,224.12,"Hyderabad, Telangana, IN",17.397665423446107,78.50379078511536,17.73460482392564,78.09790396305674,1649376000,0
2022-04-08 03:00:00,03:00:00,4532117045436,MakeMyTrip,grocery_pos,628.33,"Hyderabad, Telangana, IN",17.37772571673885,78.49262857310833,17.67378983586176,79.13103114235939,1649386800,0
2022-04-08 06:00:00,06:00:00,4532117045436,Shell,shopping_net,378.77,"Hyderabad, Telangana, IN",17.395671408196915,78.49421336652925,17.827900987838568,78.69450426233269,1649397600,0
2022-04-08 09:00:00,09:00:00,4532117045436,Zomato,grocery_pos,345.06,"Hyderabad, Telangana, IN",17.378441558626193,78.49523938798158,17.408322691835064,78.30342715362637,1649408400,0
2022-04-08 12:00:00,12:00:00,4532117045436,Shell,food_dining,549.25,"Hyderabad, Telangana, IN",17.39267576511693,78.48428691805555,16.726356518173795,78.61610892455312,1649419200,0
2022-04-08 15:00:00,15:00:00,4532117045436,Shell,entertainment,236.17,"Hyderabad, Telangana, IN",17.40277324427353,78.48138164157908,17.329936160309376,78.0779332947258,1649430000,0
2022-04-08 18:00:00,18:00:00,4532117045436,Amazon,travel,545.31,"Hyderabad, Telangana, IN",17.37291162254369,78.47456155805827,17.75568189739806,78.5298193668841,1649440800,0
2022-04-08 21:00:00,21:00:00,4532117045436,Shell,gas_transport,395.92,"Hyderabad, Telangana, IN",17.379622298498248,78.47216413676729,17.258414325787225,78.4847147985434,1649451600,0
2022-04-09 00:00:00,00:00:00,4532117045436,Apollo,entertainment,269.21,"Hyderabad, Telangana, IN",17.379841689095876,78.49817380568913,17.382621683219583,78.72486314315601,1649462400,0
2022-04-09 03:00:00,03:00:00,4532117045436,Walmart,entertainment,301.46,"Hyderabad, Telangana, IN",17.38765608394099,78.48047791230175,17.400026560031517,78.42832712246607,1649473200,0
2022-04-09 06:00:00,06:00:00,4532117045436,Netflix,food_dining,347.37,"Hyderabad, Telangana, IN",17.38973334499301,78.49563914109798,17.123996326005965,79.3197850861155,1649484000,0
2022-04-09 09:00:00,09:00:00,4532117045436,Walmart,shopping_net,383.39,"Hyderabad, Telangana, IN",17.3841089998981,78.47198125019571,16.978045431310647,78.04553978767954,1649494800,0
2022-04-09 12:00:00,12:00:00,4532117045436,MakeMyTrip,gas_transport,270.22,"Hyderabad, Telangana, IN",17.368181605644335,78.48487348850765,18.43918773691602,78.14237459555558,1649505600,0
2022-04-09 15:00:00,15:00:00,4532117045436,Zomato,shopping_net,494.18,"Hyderabad, Telangana, IN",17.37268989306373,78.49937703080703,18.16430002201673,78.60631421345302,1649516400,0
2022-04-09 18:00:00,18:00:00,4532117045436,Netflix,health_fitness,266.29,"Hyderabad, Telangana, IN",17.376164512690213,78.48936078319505,17.920071168343675,78.08389678092635,1649527200,0
2022-04-09 21:00:00,21:00:00,4532117045436,Shell,entertainment,95.23,"Hyderabad, Telangana, IN",17.39059896700253,78.48962504711524,17.59251554743516,78.82318347610722,1649538000,0
2022-04-10 00:00:00,00:00:00,4532117045436,Zomato,health_fitness,737.94,"Hyderabad, Telangana, IN",17.371048896561916,78.48083702237992,16.882649697050848,79.14388522480344,1649548800,0
2022-04-10 03:00:00,03:00:00,4532117045436,Netflix,grocery_pos,479.69,"Hyderabad, Telangana, IN",17.37586317080231,78.47767301597652,17.828651085364246,78.2269028065823,1649559600,0
2022-04-10 06:00:00,06:00:00,4532117045436,Apollo,entertainment,751.42,"Hyderabad, Telangana, IN",17.373663572470143,78.48625036848175,17.9426547881878,78.53076074216845,1649570400,0
2022-04-10 09:00:00,09:00:00,4532117045436,Apollo,shopping_net,293.45,"Hyderabad, Telangana, IN",17.388413045936264,78.47544327146299,17.212762431584625,78.81405106902143,1649581200,0
2022-04-10 12:00:00,12:00:00,4532117045436,Apollo,entertainment,521.97,"Hyderabad, Telangana, IN",17.39631742089381,78.48562542127729,16.85114966943406,78.9283613567271,1649592000,0
2022-04-10 15:00:00,15:00:00,4532117045436,Apollo,grocery_pos,584.19,"Hyderabad, Telangana, IN",17.386541540664254,78.49651236518814,17.598459938164957,80.22561127714174,1649602800,0
2022-04-10 18:00:00,18:00:00,4532117045436,Shell,food_dining,421.6,"Hyderabad, Telangana, IN",17.404935032759052,78.47402948770986,17.918957348533567,77.80791256512153,1649613600,0
2022-04-10 21:00:00,21:00:00,4532117045436,Walmart,health_fitness,233.33,"Hyderabad, Telangana, IN",17.386539485126743,78.49312178716312,17.064980261776874,79.23378959243146,1649624400,0
2022-04-11 00:00:00,00:00:00,4532117045436,Netflix,health_fitness,410.33,"Hyderabad, Telangana, IN",17.384058547088223,78.49665909755305,17.64935481697619,78.16545373187292,1649635200,0
2022-04-11 03:00:00,03:00:00,4532117045436,Shell,shopping_net,543.96,"Hyderabad, Telangana, IN",17.37715827957969,78.48409766130372,16.93128002166027,78.18661898410318,1649646000,0
2022-04-11 06:00:00,06:00:00,4532117045436,Apollo,entertainment,3803.49,"Mumbai, Maharashtra, IN",17.387029897176696,78.48703363343914,19.647970895021636,76.8344604007452,1649656800,1
2022-04-11 09:00:00,09:00:00,4532117045436,MakeMyTrip,shopping_net,449.76,"Hyderabad, Telangana, IN",17.376732240491858,78.4819051606398,17.48743337671994,78.51775503621602,1649667600,0
2022-04-11 12:00:00,12:00:00,4532117045436,Walmart,food_dining,584.59,"Hyderabad, Telangana, IN",17.375210229082317,78.48359957975742,16.97780613913279,79.11211832006168,1649678400,0
2022-04-11 15:00:00,15:00:00,4532117045436,MakeMyTrip,entertainment,577.51,"Hyderabad, Telangana, IN",17.374924385162814,78.49488120249609,17.60004296647347,77.75144101639542,1649689200,0
2022-04-11 18:00:00,18:00:00,4532117045436,Zomato,entertainment,371.45,"Hyderabad, Telangana, IN",17.38275772537872,78.49394997116937,16.577283222380824,76.99867788452435,1649700000,0
2022-04-11 21:00:00,21:00:00,4532117045436,MakeMyTrip,shopping_net,221.94,"Hyderabad, Telangana, IN",17.379998974972633,78.49063434716257,16.956483209257335,79.45361284426059,1649710800,0
2022-04-12 00:00:00,00:00:00,4532117045436,Zomato,shopping_net,478.57,"Hyderabad, Telangana, IN",17.411547338974174,78.49277919933147,17.89955266343619,77.7666927774646,1649721600,0
2022-04-12 03:00:00,03:00:00,4532117045436,Zomato,grocery_pos,338.0,"Hyderabad, Telangana, IN",17.387093799527896,78.48870028116168,17.731257654205155,78.9892275669905,1649732400,0
2022-04-12 06:00:00,06:00:00,4532117045436,Apollo,travel,471.56,"Hyderabad, Telangana, IN",17.386929200749755,78.47443129882203,17.59452031603056,79.18407414280294,1649743200,0
2022-04-12 09:00:00,09:00:00,4532117045436,Zomato,travel,651.83,"Hyderabad, Telangana, IN",17.379480432867645,78.49733997446577,17.162259166259872,79.0540117782336,1649754000,0
2022-04-12 12:00:00,12:00:00,4532117045436,Amazon,food_dining,515.62,"Hyderabad, Telangana, IN",17.415654745270565,78.47776507749091,17.391854883650648,78.74241539685025,1649764800,0
2022-04-12 15:00:00,15:00:00,4532117045436,Netflix,travel,644.44,"Hyderabad, Telangana, IN",17.375760522181995,78.48569859689478,17.272619642016057,78.8596122935615,1649775600,0
2022-04-12 18:00:00,18:00:00,4532117045436,Netflix,grocery_pos,298.28,"Hyderabad, Telangana, IN",17.380262902615865,78.49523250684581,18.551887320313813,78.2253999693755,1649786400,0
2022-04-12 21:00:00,21:00:00,4532117045436,Apollo,health_fitness,613.12,"Hyderabad, Telangana, IN",17.394992107079045,78.47268766373706,17.543217705916906,77.52952583035433,1649797200,0
2022-04-13 00:00:00,00:00:00,4532117045436,Amazon,entertainment,701.49,"Hyderabad, Telangana, IN",17.387023513983113,78.4929453633957,17.001695438765008,78.31292129274337,1649808000,0
2022-04-13 03:00:00,03:00:00,4532117045436,MakeMyTrip,shopping_net,459.65,"Hyderabad, Telangana, IN",17.372269641051528,78.47477885554225,17.344543089434694,78.21488853574552,1649818800,0
2022-04-13 06:00:00,06:00:00,4532117045436,Shell,entertainment,798.31,"Hyderabad, Telangana, IN",17.38527292376659,78.49264741440146,16.544732487315436,78.01440864461253,1649829600,0
2022-04-13 09:00:00,09:00:00,4532117045436,MakeMyTrip,entertainment,321.39,"Hyderabad, Telangana, IN",17.391796846464207,78.49872667960625,16.433110910662577,78.51147755259097,1649840400,0
2022-04-13 12:00:00,12:00:00,4532117045436,Shell,gas_transport,354.17,"Hyderabad, Telangana, IN",17.39012019604298,78.47932471634864,18.116357001258805,77.51201224323165,1649851200,0
2022-04-13 15:00:00,15:00:00,4532117045436,Zomato,health_fitness,2247.06,"Kolkata, West Bengal, IN",17.39161184226266,78.478024023413,19.824434148998638,80.33655841154712,1649862000,1
2022-04-13 18:00:00,18:00:00,4532117045436,Walmart,gas_transport,458.17,"Hyderabad, Telangana, IN",17.406856978890882,78.48746036610655,17.159205893225643,78.45189213398817,1649872800,0
2022-04-13 21:00:00,21:00:00,4532117045436,Shell,travel,338.56,"Hyderabad, Telangana, IN",17.38771530092823,78.47770993141455,17.37173942687802,78.23966308423887,1649883600,0
2022-04-14 00:00:00,00:00:00,4532117045436,Walmart,entertainment,542.87,"Hyderabad, Telangana, IN",17.392956444585405,78.46492768951316,17.332916145785518,78.3319374643289,1649894400,0
2022-04-14 03:00:00,03:00:00,4532117045436,Netflix,shopping_net,503.33,"Hyderabad, Telangana, IN",17.360758219961724,78.48644694484894,17.418795053369703,78.40847937310785,1649905200,0
2022-04-14 06:00:00,06:00:00,4532117045436,Walmart,entertainment,362.06,"Hyderabad, Telangana, IN",17.403655649006875,78.49005118680827,17.95887384837316,77.96854733588313,1649916000,0
2022-04-14 09:00:00,09:00:00,4532117045436,Netflix,health_fitness,478.36,"Hyderabad, Telangana, IN",17.385649994058305,78.48341532417716,17.652718630727108,77.96672223773155,1649926800,0
2022-04-14 12:00:00,12:00:00,4532117045436,Amazon,gas_transport,563.85,"Hyderabad, Telangana, IN",17.376319943644894,78.48783086019002,17.18020790801286,77.83287288482377,1649937600,0
2022-04-14 15:00:00,15:00:00,4532117045436,Amazon,shopping_net,358.73,"Hyderabad, Telangana, IN",17.383047718552962,78.49718879906587,16.510559881502473,77.77704456478638,1649948400,0
2022-04-14 18:00:00,18:00:00,4532117045436,Apollo,entertainment,527.55,"Hyderabad, Telangana, IN",17.391625218691683,78.48312131219247,16.883844366097513,78.05866367026164,1649959200,0
2022-04-14 21:00:00,21:00:00,4532117045436,Apollo,food_dining,319.94,"Hyderabad, Telangana, IN",17.39534748525895,78.48443369524124,17.764228071351425,78.41303023869375,1649970000,0
2022-04-15 00:00:00,00:00:00,4532117045436,Zomato,health_fitness,348.93,"Hyderabad, Telangana, IN",17.384047526112127,78.48650263196312,18.166048812445915,79.03723240178456,1649980800,0
2022-04-15 03:00:00,03:00:00,4532117045436,Shell,health_fitness,616.74,"Hyderabad, Telangana, IN",17.391014419719237,78.48356029105184,16.946026861509612,77.69852421896752,1649991600,0
2022-04-15 06:00:00,06:00:00,4532117045436,Zomato,food_dining,542.06,"Hyderabad, Telangana, IN",17.382367829856005,78.48356287335547,16.870443986711706,78.94439573606526,1650002400,0
2022-04-15 09:00:00,09:00:00,4532117045436,Netflix,entertainment,166.97,"Hyderabad, Telangana, IN",17.389916273642235,78.50378608816273,17.168808611060896,77.68247508377502,1650013200,0
2022-04-15 12:00:00,12:00:00,4532117045436,Zomato,health_fitness,393.87,"Hyderabad, Telangana, IN",17.387062729921958,78.48795733030788,18.277203096560573,78.53492257541926,1650024000,0
2022-04-15 15:00:00,15:00:00,4532117045436,Walmart,shopping_net,523.45,"Hyderabad, Telangana, IN",17.388008260070457,78.48373190195716,17.458851006866546,77.7281660953007,1650034800,0
2022-04-15 18:00:00,18:00:00,4532117045436,Netflix,entertainment,470.83,"Hyderabad, Telangana, IN",17.3818903574221,78.50054301005453,17.003868909214557,77.85440181202783,1650045600,0
2022-04-15 21:00:00,21:00:00,4532117045436,Apollo,entertainment,542.73,"Hyderabad, Telangana, IN",17.3890365830998,78.49755393497398,17.204433999851673,78.64484794176452,1650056400,0
2022-04-16 00:00:00,00:00:00,4532117045436,Amazon,gas_transport,467.4,"Hyderabad, Telangana, IN",17.37673453400116,78.49294270177656,17.12090726864968,78.63912263204396,1650067200,0
2022-04-16 03:00:00,03:00:00,4532117045436,Apollo,health_fitness,430.11,"Hyderabad, Telangana, IN",17.386946186478703,78.48060298809678,17.737066646064953,78.86118590629529,1650078000,0
2022-04-16 06:00:00,06:00:00,4532117045436,Shell,health_fitness,425.53,"Hyderabad, Telangana, IN",17.37865532629455,78.51402362132825,18.361740867854575,78.02090898749812,1650088800,0
2022-04-16 09:00:00,09:00:00,4532117045436,Netflix,food_dining,613.68,"Hyderabad, Telangana, IN",17.375063369184492,78.47104234149879,17.45041592645995,78.98503750188586,1650099600,0
2022-04-16 12:00:00,12:00:00,4532117045436,Netflix,gas_transport,554.24,"Hyderabad, Telangana, IN",17.377944372010454,78.46888802421775,17.93187753104352,79.2683600991315,1650110400,0
2022-04-16 15:00:00,15:00:00,4532117045436,Walmart,travel,510.71,"Hyderabad, Telangana, IN",17.38291974777031,78.49052902284124,16.711965868934445,78.60327337372287,1650121200,0
2022-04-16 18:00:00,18:00:00,4532117045436,Shell,gas_transport,463.32,"Hyderabad, Telangana, IN",17.379715280300104,78.48313087005673,18.555502788454014,77.59332809271372,1650132000,0
2022-04-16 21:00:00,21:00:00,4532117045436,Amazon,health_fitness,367.68,"Hyderabad, Telangana, IN",17.388962863107423,78.46192919204191,16.715460326722507,77.5221558316598,1650142800,0
2022-04-17 00:00:00,00:00:00,4532117045436,MakeMyTrip,entertainment,403.99,"Hyderabad, Telangana, IN",17.38579691959986,78.48529214915649,17.99092341708718,78.56320613287214,1650153600,0
2022-04-17 03:00:00,03:00:00,4532117045436,Netflix,gas_transport,609.7,"Hyderabad, Telangana, IN",17.39514560449358,78.48748876955261,17.55431070773106,78.20058869687342,1650164400,0
2022-04-17 06:00:00,06:00:00,4532117045436,Netflix,food_dining,595.58,"Hyderabad, Telangana, IN",17.384155376460406,78.48501747738221,16.75594771155662,77.98887956954418,1650175200,0
2022-04-17 09:00:00,09:00:00,4532117045436,Walmart,gas_transport,352.71,"Hyderabad, Telangana, IN",17.386806870585325,78.48972222990491,17.80222610183428,78.40313563937646,1650186000,0
2022-04-17 12:00:00,12:00:00,4532117045436,Zomato,food_dining,464.99,"Hyderabad, Telangana, IN",17.40365921240613,78.48200220149916,17.370459659379346,78.30768342726715,1650196800,0
2022-04-17 15:00:00,15:00:00,4532117045436,Amazon,travel,524.77,"Hyderabad, Telangana, IN",17.380611645014124,78.4853136684965,16.929138481930135,78.40654324574673,1650207600,0
2022-04-17 18:00:00,18:00:00,4532117045436,Apollo,gas_transport,514.98,"Hyderabad, Telangana, IN",17.382148477296468,78.49978130391027,17.390366944940155,78.04649507450891,1650218400,0
2022-04-17 21:00:00,21:00:00,4532117045436,Shell,food_dining,513.82,"Hyderabad, Telangana, IN",17.397034884254285,78.49628834533458,16.56007159552457,79.47645376705455,1650229200,0
2022-04-18 00:00:00,00:00:00,4532117045436,Netflix,gas_transport,283.19,"Hyderabad, Telangana, IN",17.375431731180154,78.48461378761276,17.143821002720323,77.94302513831721,1650240000,0
2022-04-18 03:00:00,03:00:00,4532117045436,Netflix,travel,274.28,"Hyderabad, Telangana, IN",17.398153742427343,78.49218228280286,16.902783366217157,78.35208993030675,1650250800,0
2022-04-18 06:00:00,06:00:00,4532117045436,Apollo,gas_transport,625.53,"Hyderabad, Telangana, IN",17.382631025092955,78.49543625357398,17.293805117776362,77.46583476471554,1650261600,0
2022-04-18 09:00:00,09:00:00,4532117045436,Amazon,shopping_net,676.35,"Hyderabad, Telangana, IN",17.37666698247458,78.47732443680943,16.51960960208903,77.90847349760445,1650272400,0
2022-04-18 12:00:00,12:00:00,4532117045436,Zomato,food_dining,227.77,"Hyderabad, Telangana, IN",17.394052163290677,78.49000419630333,16.48951223092878,77.83598409753179,1650283200,0
2022-04-18 15:00:00,15:00:00,4532117045436,Netflix,travel,445.84,"Hyderabad, Telangana, IN",17.382488736945607,78.4882631963486,16.96045309945342,78.21766425895639,1650294000,0
2022-04-18 18:00:00,18:00:00,4532117045436,Amazon,food_dining,572.11,"Hyderabad, Telangana, IN",17.40324287505337,78.49327631358997,17.365845970132124,78.36225283849494,1650304800,0
2022-04-18 21:00:00,21:00:00,4532117045436,Apollo,food_dining,119.43,"Hyderabad, Telangana, IN",17.385811576520734,78.47726022028102,16.898373132705903,78.27578150703206,1650315600,0
2022-04-19 00:00:00,00:00:00,4532117045436,Walmart,grocery_pos,289.0,"Hyderabad, Telangana, IN",17.385738860092623,78.48635810215569,17.6157730243781,78.21318287237827,1650326400,0
2022-04-19 03:00:00,03:00:00,4532117045436,Zomato,travel,436.17,"Hyderabad, Telangana, IN",17.37913897478277,78.47915683042748,17.73604418472543,78.59382658800891,1650337200,0
2022-04-19 06:00:00,06:00:00,4532117045436,Shell,gas_transport,360.41,"Hyderabad, Telangana, IN",17.383532357030013,78.4900204039265,16.96293165472203,78.63218318560773,1650348000,0
2022-04-19 09:00:00,09:00:00,4532117045436,Netflix,food_dining,481.37,"Hyderabad, Telangana, IN",17.382273561921103,78.47844789771936,18.080234738362247,77.29585828399713,1650358800,0
2022-04-19 12:00:00,12:00:00,4532117045436,Amazon,health_fitness,670.57,"Hyderabad, Telangana, IN",17.398313823614277,78.48124694620338,17.23354978016285,79.015518817291,1650369600,0
2022-04-19 15:00:00,15:00:00,4532117045436,Walmart,grocery_pos,322.08,"Hyderabad, Telangana, IN",17.387896025660467,78.48792638319885,18.30076652753157,78.61731859633011,1650380400,0
2022-04-19 18:00:00,18:00:00,4532117045436,Shell,shopping_net,457.54,"Hyderabad, Telangana, IN",17.392055507473863,78.4772975375048,17.25518797799466,77.50708454788186,1650391200,0
2022-04-19 21:00:00,21:00:00,4532117045436,MakeMyTrip,food_dining,398.28,"Hyderabad, Telangana, IN",17.385984969946623,78.4705420944276,16.824181870598295,78.93602519787908,1650402000,0
2022-04-20 00:00:00,00:00:00,4532117045436,Amazon,food_dining,470.45,"Hyderabad, Telangana, IN",17.380890479319856,78.49709177124727,17.999045680195977,78.99655258554354,1650412800,0
2022-04-20 03:00:00,03:00:00,4532117045436,Amazon,grocery_pos,450.87,"Hyderabad, Telangana, IN",17.38870990923796,78.48026595627596,16.864298662172057,77.49242781016666,1650423600,0
2022-04-20 06:00:00,06:00:00,4532117045436,Shell,gas_transport,845.58,"Hyderabad, Telangana, IN",17.400907467837268,78.47270226605387,17.953852133745702,78.33056513694744,1650434400,0
2022-04-20 09:00:00,09:00:00,4532117045436,Walmart,health_fitness,673.44,"Hyderabad, Telangana, IN",17.374516070637622,78.47561381392822,17.445312792135933,78.61858117276338,1650445200,0
2022-04-20 12:00:00,12:00:00,4532117045436,MakeMyTrip,shopping_net,212.86,"Hyderabad, Telangana, IN",17.38919481229938,78.48570247091678,17.10705683083324,79.0215927122317,1650456000,0
2022-04-20 15:00:00,15:00:00,4532117045436,Apollo,food_dining,314.98,"Hyderabad, Telangana, IN",17.399965814010656,78.50247081591415,17.00078580318028,78.73239993795023,1650466800,0
2022-04-20 18:00:00,18:00:00,4532117045436,Walmart,gas_transport,333.32,"Hyderabad, Telangana, IN",17.376852272234096,78.48530297053159,17.341877340930605,78.20514750144436,1650477600,0
2022-04-20 21:00:00,21:00:00,4532117045436,Zomato,travel,264.86,"Hyderabad, Telangana, IN",17.394220113252477,78.49252870138085,17.724924206788497,77.9454342980349,1650488400,0
2022-04-21 00:00:00,00:00:00,4532117045436,Netflix,health_fitness,244.75,"Hyderabad, Telangana, IN",17.394231708345774,78.48285801034392,17.36495503756387,77.74740466356873,1650499200,0
2022-04-21 03:00:00,03:00:00,4532117045436,Shell,travel,423.25,"Hyderabad, Telangana, IN",17.37205719338036,78.488558549717,18.124754262321307,78.0225831853648,1650510000,0
2022-04-21 06:00:00,06:00:00,4532117045436,Apollo,health_fitness,339.05,"Hyderabad, Telangana, IN",17.3961043646907,78.48463306646406,16.797114647237297,78.75558276224737,1650520800,0
2022-04-21 09:00:00,09:00:00,4532117045436,MakeMyTrip,shopping_net,316.38,"Hyderabad, Telangana, IN",17.379058819994377,78.49240088324221,17.33669336305981,78.94718760546093,1650531600,0
2022-04-21 12:00:00,12:00:00,4532117045436,Shell,entertainment,753.07,"Hyderabad, Telangana, IN",17.388588498899438,78.47537424616911,17.935330067042557,78.29807608322865,1650542400,0
2022-04-21 15:00:00,15:00:00,4532117045436,Shell,health_fitness,349.37,"Hyderabad, Telangana, IN",17.39524141182652,78.4874520223666,16.78305046851152,79.0349077923079,1650553200,0
2022-04-21 18:00:00,18:00:00,4532117045436,Walmart,entertainment,383.52,"Hyderabad, Telangana, IN",17.397000811889374,78.4882369751274,17.905131932867878,78.69060730864265,1650564000,0
2022-04-21 21:00:00,21:00:00,4532117045436,Netflix,travel,561.22,"Hyderabad, Telangana, IN",17.369641504853394,78.49065912451107,17.39489800327576,79.7507472011325,1650574800,0
2022-04-22 00:00:00,00:00:00,4532117045436,Zomato,health_fitness,383.02,"Hyderabad, Telangana, IN",17.402886025031247,78.47324198395579,17.440059221180533,77.57045590882537,1650585600,0
2022-04-22 03:00:00,03:00:00,4532117045436,Amazon,shopping_net,275.15,"Hyderabad, Telangana, IN",17.399179282276894,78.48194047422491,17.215223431854653,78.37741731276692,1650596400,0
2022-04-22 06:00:00,06:00:00,4532117045436,Amazon,grocery_pos,411.31,"Hyderabad, Telangana, IN",17.395519341203666,78.49271006874301,16.780518379007287,78.59280129864732,1650607200,0
2022-04-22 09:00:00,09:00:00,4532117045436,Shell,shopping_net,751.31,"Hyderabad, Telangana, IN",17.388614779635958,78.48895828949487,17.345595386917005,79.41050127344135,1650618000,0
2022-04-22 12:00:00,12:00:00,4532117045436,Netflix,shopping_net,377.78,"Hyderabad, Telangana, IN",17.38064302120051,78.5040382896233,17.107108097872352,77.75932138983927,1650628800,0
2022-04-22 15:00:00,15:00:00,4532117045436,MakeMyTrip,grocery_pos,313.23,"Hyderabad, Telangana, IN",17.374168181658465,78.48140641868972,18.147152875209798,78.00369131389284,1650639600,0
2022-04-22 18:00:00,18:00:00,4532117045436,MakeMyTrip,grocery_pos,513.03,"Hyderabad, Telangana, IN",17.36876159661915,78.46682789112033,17.640211307298173,78.51421926761147,1650650400,0
2022-04-22 21:00:00,21:00:00,4532117045436,Apollo,gas_transport,404.11,"Hyderabad, Telangana, IN",17.391445360062345,78.4820367092343,17.40224939953364,77.87508981826673,1650661200,0
2022-04-23 00:00:00,00:00:00,4532117045436,Walmart,health_fitness,860.85,"Hyderabad, Telangana, IN",17.395514307561626,78.46008019840177,18.043869572928294,78.36244967386193,1650672000,0
2022-04-23 03:00:00,03:00:00,4532117045436,Netflix,travel,331.97,"Hyderabad, Telangana, IN",17.38415378678141,78.49372149774082,17.356943902533327,77.66898064774595,1650682800,0
2022-04-23 06:00:00,06:00:00,4532117045436,Netflix,gas_transport,710.06,"Hyderabad, Telangana, IN",17.38039025493619,78.48666822445527,17.73644030808058,79.0843102444839,1650693600,0
2022-04-23 09:00:00,09:00:00,4532117045436,Walmart,grocery_pos,624.51,"Hyderabad, Telangana, IN",17.38569912837498,78.49068306074014,17.967105899277282,79.32627989454045,1650704400,0
2022-04-23 12:00:00,12:00:00,4532117045436,MakeMyTrip,entertainment,392.8,"Hyderabad, Telangana, IN",17.37859611770283,78.49227611623058,17.248866713975755,79.34435334582358,1650715200,0
2022-04-23 15:00:00,15:00:00,4532117045436,MakeMyTrip,travel,449.47,"Hyderabad, Telangana, IN",17.385216096958732,78.49709928377442,17.602470608571004,78.5633290293962,1650726000,0
2022-04-23 18:00:00,18:00:00,4532117045436,MakeMyTrip,entertainment,295.52,"Hyderabad, Telangana, IN",17.37802234421437,78.46079015715517,17.166654498344194,78.5743287057112,1650736800,0
2022-04-23 21:00:00,21:00:00,4532117045436,Shell,shopping_net,369.23,"Hyderabad, Telangana, IN",17.391120393144764,78.4662800169527,17.958091531571426,78.48059387728199,1650747600,0
2022-04-24 00:00:00,00:00:00,4532117045436,Netflix,food_dining,391.73,"Hyderabad, Telangana, IN",17.397438695132184,78.4791459245954,17.37137823883652,78.91721316892338,1650758400,0
2022-04-24 03:00:00,03:00:00,4532117045436,Amazon,shopping_net,473.68,"Hyderabad, Telangana, IN",17.390085063752405,78.4836610211407,18.070309947890898,79.11738467720917,1650769200,0
2022-04-24 06:00:00,06:00:00,4532117045436,Walmart,shopping_net,5683.88,"Mumbai, Maharashtra, IN",17.38419534535316,78.48869569126605,22.202299176912078,77.15431191512334,1650780000,1
2022-04-24 09:00:00,09:00:00,4532117045436,MakeMyTrip,food_dining,496.72,"Hyderabad, Telangana, IN",17.39489130711152,78.48794807116612,18.657931186797285,78.6079909020897,1650790800,0
2022-04-24 12:00:00,12:00:00,4532117045436,Apollo,health_fitness,428.12,"Hyderabad, Telangana, IN",17.38518906312993,78.48845627712682,17.031423444390764,78.83941110487817,1650801600,0
2022-04-24 15:00:00,15:00:00,4532117045436,MakeMyTrip,grocery_pos,509.72,"Hyderabad, Telangana, IN",17.394573487236542,78.47106961385933,17.81485101619951,78.48144575813554,1650812400,0
2022-04-24 18:00:00,18:00:00,4532117045436,MakeMyTrip,entertainment,3561.55,"Mumbai, Maharashtra, IN",17.37863856039251,78.47875192936583,13.13048286592689,88.92954957260122,1650823200,1
2022-04-24 21:00:00,21:00:00,4532117045436,Zomato,shopping_net,416.11,"Hyderabad, Telangana, IN",17.379932625760553,78.48347579313096,17.27244408764566,78.19093402044558,1650834000,0
2022-04-25 00:00:00,00:00:00,4532117045436,Shell,food_dining,523.23,"Hyderabad, Telangana, IN",17.37511185159603,78.48519302429983,16.435980412244398,78.59317702587461,1650844800,0
2022-04-25 03:00:00,03:00:00,4532117045436,Walmart,gas_transport,436.92,"Hyderabad, Telangana, IN",17.380345242089835,78.48169558597544,17.42139096063848,78.0515081595238,1650855600,0
2022-04-25 06:00:00,06:00:00,4532117045436,Zomato,shopping_net,561.52,"Hyderabad, Telangana, IN",17.39481396564897,78.48924342126938,16.89786401560334,78.01683386636128,1650866400,0
2022-04-25 09:00:00,09:00:00,4532117045436,Zomato,entertainment,2937.34,"Mumbai, Maharashtra, IN",17.37628252364711,78.47528772322437,27.54034295842259,79.64371219291074,1650877200,1
2022-04-25 12:00:00,12:00:00,4532117045436,Apollo,grocery_pos,477.16,"Hyderabad, Telangana, IN",17.361954399596257,78.48187413992409,16.917519786157367,78.82694683210198,1650888000,0
2022-04-25 15:00:00,15:00:00,4532117045436,Netflix,shopping_net,434.63,"Hyderabad, Telangana, IN",17.38085485393152,78.49172976049218,16.98442016134318,78.63454029169407,1650898800,0
2022-04-25 18:00:00,18:00:00,4532117045436,Apollo,shopping_net,644.37,"Hyderabad, Telangana, IN",17.37326270852757,78.48874458889617,16.848662988759884,78.23783247573924,1650909600,0
2022-04-25 21:00:00,21:00:00,4532117045436,Netflix,health_fitness,510.78,"Hyderabad, Telangana, IN",17.379955889328564,78.48296627360705,16.853821600166963,78.31787796623728,1650920400,0
2022-04-26 00:00:00,00:00:00,4532117045436,Netflix,food_dining,251.78,"Hyderabad, Telangana, IN",17.406068695239927,78.48319324400362,16.589414947018003,78.83672154091316,1650931200,0
2022-04-26 03:00:00,03:00:00,4532117045436,Walmart,gas_transport,379.21,"Hyderabad, Telangana, IN",17.376110305482644,78.48193919496227,17.57310657191239,78.0358723973804,1650942000,0
2022-04-26 06:00:00,06:00:00,4532117045436,MakeMyTrip,gas_transport,415.71,"Hyderabad, Telangana, IN",17.391335339319777,78.48334960190618,17.394048681225822,77.75925141031684,1650952800,0
2022-04-26 09:00:00,09:00:00,4532117045436,Walmart,travel,449.83,"Hyderabad, Telangana, IN",17.384197847446693,78.48166197355529,17.73889604777328,78.74029791293644,1650963600,0
2022-04-26 12:00:00,12:00:00,4532117045436,Shell,grocery_pos,476.51,"Hyderabad, Telangana, IN",17.38872480663195,78.48305594300274,17.18905379325182,78.42700006366991,1650974400,0
2022-04-26 15:00:00,15:00:00,4532117045436,Netflix,travel,308.37,"Hyderabad, Telangana, IN",17.379907396669715,78.48965700825629,17.05512353848912,79.14030803885075,1650985200,0
2022-04-26 18:00:00,18:00:00,4532117045436,Zomato,entertainment,439.8,"Hyderabad, Telangana, IN",17.396613463327085,78.48944849238498,17.341066966026982,77.95406882558738,1650996000,0
2022-04-26 21:00:00,21:00:00,4532117045436,MakeMyTrip,grocery_pos,402.88,"Hyderabad, Telangana, IN",17.389268473416536,78.47357070755498,17.735849916989142,79.02404307353468,1651006800,0
2022-04-27 00:00:00,00:00:00,4532117045436,Amazon,shopping_net,612.71,"Hyderabad, Telangana, IN",17.38954635393062,78.50461763350013,17.534919937077323,78.19480591434615,1651017600,0
2022-04-27 03:00:00,03:00:00,4532117045436,Shell,shopping_net,300.74,"Hyderabad, Telangana, IN",17.38598893959095,78.48126841886146,17.391470283835197,78.8777449325073,1651028400,0
2022-04-27 06:00:00,06:00:00,4532117045436,Walmart,gas_transport,447.39,"Hyderabad, Telangana, IN",17.39755961235638,78.49138879703366,17.717191529728417,77.84250316383527,1651039200,0
2022-04-27 09:00:00,09:00:00,4532117045436,Apollo,entertainment,347.19,"Hyderabad, Telangana, IN",17.390601516106752,78.47598342266365,17.387524827486015,77.68412945045847,1651050000,0
2022-04-27 12:00:00,12:00:00,4532117045436,Shell,food_dining,729.45,"Hyderabad, Telangana, IN",17.38870904716266,78.5013267575218,17.08923677673803,78.6621575653905,1651060800,0
2022-04-27 15:00:00,15:00:00,4532117045436,Shell,entertainment,638.49,"Hyderabad, Telangana, IN",17.391526451427907,78.49208192096297,17.83877010399657,78.34910961718744,1651071600,0
2022-04-27 18:00:00,18:00:00,4532117045436,MakeMyTrip,shopping_net,203.65,"Hyderabad, Telangana, IN",17.367400221082605,78.49052472446125,16.76081926851642,78.56636991999612,1651082400,0
2022-04-27 21:00:00,21:00:00,4532117045436,Shell,food_dining,330.57,"Hyderabad, Telangana, IN",17.38687760503689,78.48491111307871,16.674823857473033,77.99891528972869,1651093200,0
2022-04-28 00:00:00,00:00:00,4532117045436,Shell,entertainment,580.64,"Hyderabad, Telangana, IN",17.384359762496008,78.46829940774188,17.372528898288035,78.65073950148933,1651104000,0
2022-04-28 03:00:00,03:00:00,4532117045436,Amazon,entertainment,518.59,"Hyderabad, Telangana, IN",17.39668584177041,78.50332821733933,17.427916690854577,79.12365921308475,1651114800,0
2022-04-28 06:00:00,06:00:00,4532117045436,Apollo,food_dining,513.89,"Hyderabad, Telangana, IN",17.37798971002614,78.49523690598312,17.501511458692647,79.03503255972429,1651125600,0
2022-04-28 09:00:00,09:00:00,4532117045436,Apollo,shopping_net,2069.38,"Mumbai, Maharashtra, IN",17.38701105759992,78.48348520883424,13.362680833504971,78.11330465500357,1651136400,1
2022-04-28 12:00:00,12:00:00,4532117045436,Apollo,entertainment,592.68,"Hyderabad, Telangana, IN",17.40423840495366,78.49148587326802,18.061542650345075,77.85856150584159,1651147200,0
2022-04-28 15:00:00,15:00:00,4532117045436,Netflix,food_dining,567.15,"Hyderabad, Telangana, IN",17.38474284959569,78.47359385315052,16.635727973201284,78.4851666664297,1651158000,0
2022-04-28 18:00:00,18:00:00,4532117045436,Zomato,health_fitness,406.42,"Hyderabad, Telangana, IN",17.371697262027066,78.46763452637862,17.452492177260172,78.91044115990626,1651168800,0
2022-04-28 21:00:00,21:00:00,4532117045436,Apollo,health_fitness,270.11,"Hyderabad, Telangana, IN",17.406739400510315,78.48686446930182,17.76432308299441,77.64264168339697,1651179600,0
2022-04-29 00:00:00,00:00:00,4532117045436,Shell,shopping_net,196.49,"Hyderabad, Telangana, IN",17.377844530628906,78.47872480970997,18.077175868020692,78.79140221773262,1651190400,0
2022-04-29 03:00:00,03:00:00,4532117045436,Shell,food_dining,434.45,"Hyderabad, Telangana, IN",17.374602220120988,78.48187392936455,18.052163863663775,79.49184137038631,1651201200,0
2022-04-29 06:00:00,06:00:00,4532117045436,Apollo,health_fitness,174.01,"Hyderabad, Telangana, IN",17.37499639737702,78.48617303460327,16.83690656186062,78.80652258934076,1651212000,0
2022-04-29 09:00:00,09:00:00,4532117045436,MakeMyTrip,food_dining,487.65,"Hyderabad, Telangana, IN",17.39227664493946,78.47482722494057,17.566069110447295,77.7089455548219,1651222800,0
2022-04-29 12:00:00,12:00:00,4532117045436,Apollo,entertainment,403.8,"Hyderabad, Telangana, IN",17.397977799736566,78.4858980972965,17.277977545460907,77.92032883047615,1651233600,0
2022-04-29 15:00:00,15:00:00,4532117045436,Shell,shopping_net,741.59,"Hyderabad, Telangana, IN",17.40260403013953,78.47565851075751,17.375525719258953,78.14172765774116,1651244400,0
2022-04-29 18:00:00,18:00:00,4532117045436,Netflix,health_fitness,501.47,"Hyderabad, Telangana, IN",17.385153201290613,78.49682472341478,17.951964999595283,78.41418914011284,1651255200,0
2022-04-29 21:00:00,21:00:00,4532117045436,Walmart,travel,445.62,"Hyderabad, Telangana, IN",17.37513126303005,78.48569662396216,18.33496475924175,78.66120580690311,1651266000,0
2022-04-30 00:00:00,00:00:00,4532117045436,Walmart,entertainment,207.57,"Hyderabad, Telangana, IN",17.37930055067985,78.49197558530547,17.5154553979155,78.84692696361122,1651276800,0
2022-04-30 03:00:00,03:00:00,4532117045436,Apollo,travel,260.65,"Hyderabad, Telangana, IN",17.385335840827295,78.46897426829368,16.392136143525892,78.33746245386547,1651287600,0
2022-04-30 06:00:00,06:00:00,4532117045436,Amazon,travel,552.2,"Hyderabad, Telangana, IN",17.384788150286393,78.49259757632534,16.55080220364209,78.61471418838684,1651298400,0
2022-04-30 09:00:00,09:00:00,4532117045436,Apollo,grocery_pos,403.04,"Hyderabad, Telangana, IN",17.398082981667123,78.50167223691172,17.361750153342264,77.94600093325953,1651309200,0
2022-04-30 12:00:00,12:00:00,4532117045436,MakeMyTrip,grocery_pos,830.31,"Hyderabad, Telangana, IN",17.371823863098673,78.48787610788038,17.883782276187123,78.13370439328341,1651320000,0
2022-04-30 15:00:00,15:00:00,4532117045436,Apollo,shopping_net,437.54,"Hyderabad, Telangana, IN",17.37384523848055,78.49192141108776,16.992282258380417,78.92918039821005,1651330800,0
2022-04-30 18:00:00,18:00:00,4532117045436,Walmart,health_fitness,475.34,"Hyderabad, Telangana, IN",17.38190190212838,78.48431915435923,17.289412324198715,78.71277140315048,1651341600,0
2022-04-30 21:00:00,21:00:00,4532117045436,Shell,health_fitness,252.47,"Hyderabad, Telangana, IN",17.388692041424914,78.49045287622624,18.1939542509436,78.77517462554978,1651352400,0
2022-05-01 00:00:00,00:00:00,4532117045436,Apollo,health_fitness,592.11,"Hyderabad, Telangana, IN",17.38057343733121,78.50271182512624,17.186759969737977,77.96704724076587,1651363200,0
2022-05-01 03:00:00,03:00:00,4532117045436,Shell,food_dining,311.14,"Hyderabad, Telangana, IN",17.379759170908496,78.50916257846905,18.26142486454125,78.46774758993507,1651374000,0
2022-05-01 06:00:00,06:00:00,4532117045436,Shell,entertainment,528.66,"Hyderabad, Telangana, IN",17.396737464193073,78.4898718056205,17.169861820752146,78.52937214525505,1651384800,0
2022-05-01 09:00:00,09:00:00,4532117045436,Amazon,health_fitness,571.77,"Hyderabad, Telangana, IN",17.38971953056388,78.47650318821839,17.837135115811552,78.64817826467306,1651395600,0
2022-05-01 12:00:00,12:00:00,4532117045436,Shell,entertainment,464.28,"Hyderabad, Telangana, IN",17.37515277222528,78.49293306954826,17.42342676609691,78.9953311968795,1651406400,0
2022-05-01 15:00:00,15:00:00,4532117045436,Walmart,shopping_net,713.55,"Hyderabad, Telangana, IN",17.37990291699147,78.4743235722078,17.773317203629542,78.50926269593519,1651417200,0
2022-05-01 18:00:00,18:00:00,4532117045436,Netflix,travel,358.39,"Hyderabad, Telangana, IN",17.390168170347238,78.48045581523984,18.389320520450024,79.28186643856829,1651428000,0
2022-05-01 21:00:00,21:00:00,4532117045436,Netflix,health_fitness,701.33,"Hyderabad, Telangana, IN",17.37238977654212,78.48159813502085,17.594835317418102,77.50408568328125,1651438800,0
2022-05-02 00:00:00,00:00:00,4532117045436,Zomato,shopping_net,259.36,"Hyderabad, Telangana, IN",17.390107331209187,78.50711174866038,18.015536798894246,78.33255705996488,1651449600,0
2022-05-02 03:00:00,03:00:00,4532117045436,MakeMyTrip,health_fitness,569.85,"Hyderabad, Telangana, IN",17.38156201913749,78.50098709157382,16.937684289019973,79.00289133526542,1651460400,0
2022-05-02 06:00:00,06:00:00,4532117045436,Apollo,grocery_pos,428.64,"Hyderabad, Telangana, IN",17.38862808276553,78.49891626546548,16.91928610168546,78.11349547293428,1651471200,0
2022-05-02 09:00:00,09:00:00,4532117045436,MakeMyTrip,gas_transport,343.78,"Hyderabad, Telangana, IN",17.38619864477755,78.4949077201687,16.568783227752935,78.9035655884919,1651482000,0
2022-05-02 12:00:00,12:00:00,4532117045436,Walmart,shopping_net,200.81,"Hyderabad, Telangana, IN",17.37382645685391,78.47761590486525,16.857176596790683,78.5356404745254,1651492800,0
2022-05-02 15:00:00,15:00:00,4532117045436,Shell,health_fitness,410.9,"Hyderabad, Telangana, IN",17.37863380293113,78.48906217104957,18.143633326020186,79.4358110258963,1651503600,0
2022-05-02 18:00:00,18:00:00,4532117045436,Netflix,gas_transport,401.43,"Hyderabad, Telangana, IN",17.3994740099835,78.50507917614638,17.550731074217804,78.41111657592877,1651514400,0
2022-05-02 21:00:00,21:00:00,4532117045436,MakeMyTrip,shopping_net,475.94,"Hyderabad, Telangana, IN",17.40871321808088,78.4911753677073,17.25129896235481,78.41711755263648,1651525200,0
2022-05-03 00:00:00,00:00:00,4532117045436,Walmart,food_dining,558.72,"Hyderabad, Telangana, IN",17.36752757812315,78.49700147461797,17.487097506438282,79.38729541341601,1651536000,0
2022-05-03 03:00:00,03:00:00,4532117045436,Netflix,health_fitness,328.73,"Hyderabad, Telangana, IN",17.395431231160003,78.4706017215324,17.725098277210243,78.30597280463866,1651546800,0
2022-05-03 06:00:00,06:00:00,4532117045436,Shell,food_dining,713.74,"Hyderabad, Telangana, IN",17.387956167387852,78.49391875824905,17.774252992192196,79.01482594447522,1651557600,0
2022-05-03 09:00:00,09:00:00,4532117045436,MakeMyTrip,grocery_pos,369.22,"Hyderabad, Telangana, IN",17.405822832564745,78.47615666915969,17.49428869761157,78.6404903645279,1651568400,0
2022-05-03 12:00:00,12:00:00,4532117045436,Netflix,health_fitness,540.33,"Hyderabad, Telangana, IN",17.379414881559104,78.48449097991144,18.07635871634438,79.0302843740078,1651579200,0
2022-05-03 15:00:00,15:00:00,4532117045436,Apollo,travel,463.53,"Hyderabad, Telangana, IN",17.393982838005506,78.50092031622029,16.899619278534303,78.31216318819615,1651590000,0
2022-05-03 18:00:00,18:00:00,4532117045436,Apollo,grocery_pos,420.19,"Hyderabad, Telangana, IN",17.381973567536438,78.49017163030932,17.209667063086673,78.43343523551655,1651600800,0
2022-05-03 21:00:00,21:00:00,4532117045436,Zomato,gas_transport,456.01,"Hyderabad, Telangana, IN",17.397814032104726,78.49485015916487,17.97013138743556,78.30293756609954,1651611600,0
2022-05-04 00:00:00,00:00:00,4532117045436,Zomato,shopping_net,308.96,"Hyderabad, Telangana, IN",17.408112878648197,78.48485019260808,17.863178651758812,77.49977437485323,1651622400,0
2022-05-04 03:00:00,03:00:00,4532117045436,Netflix,entertainment,391.87,"Hyderabad, Telangana, IN",17.387130652209787,78.4674398693316,17.570414437291795,78.35416859093063,1651633200,0
2022-05-04 06:00:00,06:00:00,4532117045436,Walmart,grocery_pos,249.04,"Hyderabad, Telangana, IN",17.37361037617402,78.47734717012571,17.1135416184489,80.08770067854692,1651644000,0
2022-05-04 09:00:00,09:00:00,4532117045436,Apollo,entertainment,367.61,"Hyderabad, Telangana, IN",17.3991387277293,78.49350242932162,17.77878372424513,78.12053178585782,1651654800,0
2022-05-04 12:00:00,12:00:00,4532117045436,Walmart,entertainment,380.0,"Hyderabad, Telangana, IN",17.390654821696806,78.49004713710417,16.930419219468014,78.55968340573719,1651665600,0
2022-05-04 15:00:00,15:00:00,4532117045436,Walmart,shopping_net,576.78,"Hyderabad, Telangana, IN",17.38878032753359,78.50332434938333,17.976007784854435,79.08228268245122,1651676400,0
2022-05-04 18:00:00,18:00:00,4532117045436,Netflix,gas_transport,400.21,"Hyderabad, Telangana, IN",17.400832386080587,78.48796603182444,18.145861449754285,78.74746257037427,1651687200,0
2022-05-04 21:00:00,21:00:00,4532117045436,Walmart,shopping_net,382.79,"Hyderabad, Telangana, IN",17.37362363530134,78.4777719572382,17.096940792804332,78.44791603115323,1651698000,0
2022-05-05 00:00:00,00:00:00,4532117045436,Apollo,health_fitness,483.01,"Hyderabad, Telangana, IN",17.377838180551656,78.48644175390994,18.67916465516644,78.03958095512661,1651708800,0
2022-05-05 03:00:00,03:00:00,4532117045436,Shell,grocery_pos,477.13,"Hyderabad, Telangana, IN",17.390942653450097,78.49667827607593,16.886332711879152,79.20787344204575,1651719600,0
2022-05-05 06:00:00,06:00:00,4532117045436,Zomato,entertainment,361.34,"Hyderabad, Telangana, IN",17.377615215729744,78.4691290456403,17.29048595444423,79.04101008884184,1651730400,0
2022-05-05 09:00:00,09:00:00,4532117045436,Shell,shopping_net,509.13,"Hyderabad, Telangana, IN",17.381839906245126,78.4901564793722,17.27817838018095,79.19596998627341,1651741200,0
2022-05-05 12:00:00,12:00:00,4532117045436,Walmart,shopping_net,423.2,"Hyderabad, Telangana, IN",17.397747676952783,78.4740950622328,17.333092951421303,79.14596843863252,1651752000,0
2022-05-05 15:00:00,15:00:00,4532117045436,Shell,shopping_net,361.1,"Hyderabad, Telangana, IN",17.38932953565529,78.48832713254792,18.09741489358574,77.77293963118181,1651762800,0
2022-05-05 18:00:00,18:00:00,4532117045436,Apollo,grocery_pos,375.68,"Hyderabad, Telangana, IN",17.37321172410835,78.49396443933179,17.603865087007385,78.31079868990616,1651773600,0
2022-05-05 21:00:00,21:00:00,4532117045436,Apollo,gas_transport,5465.85,"Chennai, Tamil Nadu, IN",17.38908035817576,78.49221873705186,12.795246876745374,77.31542613358134,1651784400,1
2022-05-06 00:00:00,00:00:00,4532117045436,Walmart,travel,380.19,"Hyderabad, Telangana, IN",17.39739073207632,78.50010388523714,17.439517828810978,78.01110801227466,1651795200,0
2022-05-06 03:00:00,03:00:00,4532117045436,Netflix,shopping_net,489.17,"Hyderabad, Telangana, IN",17.386715380625166,78.48920730663147,17.71660640503014,78.17161867346942,1651806000,0
2022-05-06 06:00:00,06:00:00,4532117045436,Shell,grocery_pos,257.64,"Hyderabad, Telangana, IN",17.393717985314836,78.49183582077039,17.645411592992996,78.80698803206533,1651816800,0
2022-05-06 09:00:00,09:00:00,4532117045436,Netflix,entertainment,617.3,"Hyderabad, Telangana, IN",17.379829897598164,78.49218553962592,17.996091058252578,78.78637393767868,1651827600,0
2022-05-06 12:00:00,12:00:00,4532117045436,Netflix,health_fitness,362.55,"Hyderabad, Telangana, IN",17.38759878346482,78.47700275397992,17.429694656985735,79.36713926753848,1651838400,0
2022-05-06 15:00:00,15:00:00,4532117045436,Amazon,travel,510.04,"Hyderabad, Telangana, IN",17.369232357074207,78.48542521262796,17.78479818848603,78.12608177003685,1651849200,0
2022-05-06 18:00:00,18:00:00,4532117045436,Walmart,food_dining,412.26,"Hyderabad, Telangana, IN",17.39129732279664,78.46211011645991,17.31382666119636,78.02168911657061,1651860000,0
2022-05-06 21:00:00,21:00:00,4532117045436,Zomato,travel,508.33,"Hyderabad, Telangana, IN",17.388601305894753,78.4904688081837,17.061619649273467,79.53577233309102,1651870800,0
2022-05-07 00:00:00,00:00:00,4532117045436,Apollo,travel,516.52,"Hyderabad, Telangana, IN",17.37209734278763,78.45918420276011,16.814316039733427,78.36383641879083,1651881600,0
2022-05-07 03:00:00,03:00:00,4532117045436,Apollo,grocery_pos,428.3,"Hyderabad, Telangana, IN",17.400208792618407,78.49519095861108,18.168243076226165,77.53661665205188,1651892400,0
2022-05-07 06:00:00,06:00:00,4532117045436,Walmart,food_dining,170.11,"Hyderabad, Telangana, IN",17.390711343550212,78.50323311569139,16.630578704470242,78.68652494745982,1651903200,0
2022-05-07 09:00:00,09:00:00,4532117045436,MakeMyTrip,shopping_net,613.65,"Hyderabad, Telangana, IN",17.378073253819135,78.49168726776281,17.512022965677605,77.9491983003453,1651914000,0
2022-05-07 12:00:00,12:00:00,4532117045436,MakeMyTrip,shopping_net,429.01,"Hyderabad, Telangana, IN",17.391561275961628,78.49323076260337,17.589821844244273,78.29356159857186,1651924800,0
2022-05-07 15:00:00,15:00:00,4532117045436,MakeMyTrip,travel,505.2,"Hyderabad, Telangana, IN",17.37515564666226,78.49874871992198,16.894656030723606,77.77787848285264,1651935600,0
2022-05-07 18:00:00,18:00:00,4532117045436,Zomato,grocery_pos,553.76,"Hyderabad, Telangana, IN",17.3765386235537,78.48235167664582,17.835475268589057,79.04243692559332,1651946400,0
2022-05-07 21:00:00,21:00:00,4532117045436,Apollo,food_dining,381.42,"Hyderabad, Telangana, IN",17.375207686798436,78.47397505778346,16.709760522107203,78.69080532716745,1651957200,0
2022-05-08 00:00:00,00:00:00,4532117045436,Walmart,shopping_net,527.57,"Hyderabad, Telangana, IN",17.374918981966204,78.48584012639846,17.095157658407846,77.84185648147425,1651968000,0
2022-05-08 03:00:00,03:00:00,4532117045436,Apollo,entertainment,337.86,"Hyderabad, Telangana, IN",17.389376128442013,78.47907075147783,17.867345210403094,78.58587409078096,1651978800,0
2022-05-08 06:00:00,06:00:00,4532117045436,Netflix,gas_transport,508.13,"Hyderabad, Telangana, IN",17.38594524549812,78.48746762025348,16.734619235620674,78.82224802401869,1651989600,0
2022-05-08 09:00:00,09:00:00,4532117045436,Shell,gas_transport,452.96,"Hyderabad, Telangana, IN",17.392482212191695,78.48924738063018,17.793489959286024,78.38087202531551,1652000400,0
2022-05-08 12:00:00,12:00:00,4532117045436,Shell,shopping_net,386.63,"Hyderabad, Telangana, IN",17.35680314123304,78.4819178199778,17.942891642930565,79.31439022992579,1652011200,0
2022-05-08 15:00:00,15:00:00,4532117045436,Apollo,food_dining,457.05,"Hyderabad, Telangana, IN",17.381084606021673,78.47956281034625,17.921561889553438,79.0074453468876,1652022000,0
2022-05-08 18:00:00,18:00:00,4532117045436,Amazon,health_fitness,291.72,"Hyderabad, Telangana, IN",17.38122595254077,78.4651586840608,17.572188175998072,78.24579424542459,1652032800,0
2022-05-08 21:00:00,21:00:00,4532117045436,Zomato,shopping_net,496.36,"Hyderabad, Telangana, IN",17.38552634289169,78.48501184162417,16.96572635781075,78.37334827181927,1652043600,0
2022-05-09 00:00:00,00:00:00,4532117045436,MakeMyTrip,health_fitness,511.92,"Hyderabad, Telangana, IN",17.385267717385826,78.48233152956143,16.889884134312144,77.86839019505132,1652054400,0
2022-05-09 03:00:00,03:00:00,4532117045436,Zomato,health_fitness,501.85,"Hyderabad, Telangana, IN",17.387280852948095,78.48304061669451,17.133313215424437,77.63838579770002,1652065200,0
2022-05-09 06:00:00,06:00:00,4532117045436,Zomato,food_dining,675.33,"Hyderabad, Telangana, IN",17.385888146662044,78.49401635511558,15.852210454888333,78.05152414492844,1652076000,0
2022-05-09 09:00:00,09:00:00,4532117045436,Netflix,health_fitness,435.75,"Hyderabad, Telangana, IN",17.380412024928553,78.50635275392415,17.396607029958535,78.13532288906434,1652086800,0
2022-05-09 12:00:00,12:00:00,4532117045436,Zomato,entertainment,446.08,"Hyderabad, Telangana, IN",17.381004537423134,78.48313120610909,17.32743856998852,79.14993718928318,1652097600,0
2022-05-09 15:00:00,15:00:00,4532117045436,Shell,food_dining,274.46,"Hyderabad, Telangana, IN",17.384471808030213,78.49056053289175,17.42294275386075,77.7993226825323,1652108400,0
2022-05-09 18:00:00,18:00:00,4532117045436,Netflix,shopping_net,685.87,"Hyderabad, Telangana, IN",17.390046433208862,78.48924039066462,17.264893057486123,78.53537489805315,1652119200,0
2022-05-09 21:00:00,21:00:00,4532117045436,Walmart,travel,225.28,"Hyderabad, Telangana, IN",17.385850978973153,78.4980464986443,17.47334684171325,78.59395606788095,1652130000,0
2022-05-10 00:00:00,00:00:00,4532117045436,Zomato,entertainment,3012.42,"Chennai, Tamil Nadu, IN",17.377148150996266,78.47758222025826,13.701341193070135,80.35455316205773,1652140800,1
2022-05-10 03:00:00,03:00:00,4532117045436,Zomato,grocery_pos,357.78,"Hyderabad, Telangana, IN",17.37661873684021,78.47728708329463,16.65495825160401,78.99644894033325,1652151600,0
2022-05-10 06:00:00,06:00:00,4532117045436,Walmart,gas_transport,459.35,"Hyderabad, Telangana, IN",17.390098955592524,78.4784522154063,17.524977249217024,78.3304152775164,1652162400,0
2022-05-10 09:00:00,09:00:00,4532117045436,Zomato,shopping_net,253.79,"Hyderabad, Telangana, IN",17.392573927118992,78.46402491053402,17.374455613056952,78.1903712731695,1652173200,0
2022-05-10 12:00:00,12:00:00,4532117045436,Walmart,shopping_net,583.75,"Hyderabad, Telangana, IN",17.395710142364408,78.48623995075408,16.522092638957588,79.30786167233626,1652184000,0
2022-05-10 15:00:00,15:00:00,4532117045436,Netflix,shopping_net,306.72,"Hyderabad, Telangana, IN",17.38009073919332,78.47617351310011,17.83241281323011,78.0657179915275,1652194800,0
2022-05-10 18:00:00,18:00:00,4532117045436,Shell,entertainment,624.94,"Hyderabad, Telangana, IN",17.3662231639636,78.48921177692304,17.235853155907588,78.87593949400197,1652205600,0
2022-05-10 21:00:00,21:00:00,4532117045436,Walmart,grocery_pos,310.86,"Hyderabad, Telangana, IN",17.38881644795441,78.46277587905547,17.702815199165585,78.2028222566033,1652216400,0
2022-05-11 00:00:00,00:00:00,4532117045436,Amazon,travel,596.28,"Hyderabad, Telangana, IN",17.377843681487544,78.48612990866525,17.36285528218642,77.87910472303184,1652227200,0
2022-05-11 03:00:00,03:00:00,4532117045436,Walmart,food_dining,325.36,"Hyderabad, Telangana, IN",17.38396629640279,78.48413829451371,16.494898289362727,78.321485409929,1652238000,0
2022-05-11 06:00:00,06:00:00,4532117045436,Zomato,grocery_pos,357.81,"Hyderabad, Telangana, IN",17.386482298871893,78.48125037374923,17.5102593698792,79.664576754589,1652248800,0
2022-05-11 09:00:00,09:00:00,4532117045436,MakeMyTrip,entertainment,449.72,"Hyderabad, Telangana, IN",17.390536496640223,78.49668204981386,17.633203716761845,77.76480468965984,1652259600,0
2022-05-11 12:00:00,12:00:00,4532117045436,MakeMyTrip,shopping_net,3238.29,"Chennai, Tamil Nadu, IN",17.3939319884718,78.47865391180758,18.57430961228908,88.29830860706734,1652270400,1
2022-05-11 15:00:00,15:00:00,4532117045436,Netflix,gas_transport,318.39,"Hyderabad, Telangana, IN",17.396696348936455,78.48973731621668,17.844471350504246,79.10124471793517,1652281200,0
2022-05-11 18:00:00,18:00:00,4532117045436,Apollo,shopping_net,324.55,"Hyderabad, Telangana, IN",17.398193185186418,78.48038169310104,17.98415839476878,78.01679158499381,1652292000,0
2022-05-11 21:00:00,21:00:00,4532117045436,Netflix,food_dining,497.83,"Hyderabad, Telangana, IN",17.386040464252716,78.50329041023102,17.753173026807005,78.1857386421787,1652302800,0
2022-05-12 00:00:00,00:00:00,4532117045436,Apollo,health_fitness,449.93,"Hyderabad, Telangana, IN",17.368113572654316,78.48533040385294,17.139177261528925,78.55403396996351,1652313600,0
2022-05-12 03:00:00,03:00:00,4532117045436,MakeMyTrip,gas_transport,457.89,"Hyderabad, Telangana, IN",17.378904595311653,78.49345807975676,17.150985994115757,78.37427156675082,1652324400,0
2022-05-12 06:00:00,06:00:00,4532117045436,MakeMyTrip,shopping_net,401.31,"Hyderabad, Telangana, IN",17.399081260863515,78.49279691514144,17.879468940644635,78.74113015178978,1652335200,0
2022-05-12 09:00:00,09:00:00,4532117045436,Walmart,travel,532.3,"Hyderabad, Telangana, IN",17.38648759557948,78.49815628776172,17.19080126414682,78.35532832799872,1652346000,0
2022-05-12 12:00:00,12:00:00,4532117045436,Shell,gas_transport,607.51,"Hyderabad, Telangana, IN",17.406783746100235,78.48816083259116,17.649917975133363,78.48958833815773,1652356800,0
2022-05-12 15:00:00,15:00:00,4532117045436,Amazon,health_fitness,536.34,"Hyderabad, Telangana, IN",17.381210146028156,78.47352539105813,18.2396700692123,78.42133434904483,1652367600,0
2022-05-12 18:00:00,18:00:00,4532117045436,Netflix,grocery_pos,418.65,"Hyderabad, Telangana, IN",17.408128630356742,78.49112981729506,17.076040050634106,78.07789646938356,1652378400,0
2022-05-12 21:00:00,21:00:00,4532117045436,Zomato,entertainment,266.88,"Hyderabad, Telangana, IN",17.38498491614731,78.48947138644766,17.74915070523998,77.56162015767828,1652389200,0
2022-05-13 00:00:00,00:00:00,4532117045436,Apollo,shopping_net,153.44,"Hyderabad, Telangana, IN",17.380802467183987,78.4563382189304,16.983481925057333,79.44764472472004,1652400000,0
2022-05-13 03:00:00,03:00:00,4532117045436,Zomato,food_dining,440.27,"Hyderabad, Telangana, IN",17.377883334603908,78.46998076226605,17.678201405135912,78.07245482890406,1652410800,0
2022-05-13 06:00:00,06:00:00,4532117045436,Shell,grocery_pos,151.02,"Hyderabad, Telangana, IN",17.391598539770204,78.49375941349751,18.19184652855736,78.10236540639654,1652421600,0
2022-05-13 09:00:00,09:00:00,4532117045436,Apollo,shopping_net,420.1,"Hyderabad, Telangana, IN",17.370869460472136,78.50090394494795,18.0543813293852,78.58589783084068,1652432400,0
2022-05-13 12:00:00,12:00:00,4532117045436,Netflix,grocery_pos,660.39,"Hyderabad, Telangana, IN",17.379502442700833,78.48587300246874,17.19244918815967,77.96949236367362,1652443200,0
2022-05-13 15:00:00,15:00:00,4532117045436,Walmart,food_dining,276.98,"Hyderabad, Telangana, IN",17.384474183178348,78.49479231953588,18.17186653416652,78.94457038833852,1652454000,0
2022-05-13 18:00:00,18:00:00,4532117045436,Zomato,shopping_net,257.08,"Hyderabad, Telangana, IN",17.362421632114582,78.48779159940244,17.27262245905758,78.61400517361643,1652464800,0
2022-05-13 21:00:00,21:00:00,4532117045436,Shell,health_fitness,545.54,"Hyderabad, Telangana, IN",17.38402564123999,78.4870640740664,18.52923750378567,78.35108244120875,1652475600,0
2022-05-14 00:00:00,00:00:00,4532117045436,Netflix,health_fitness,29.14,"Hyderabad, Telangana, IN",17.402204965238905,78.48526821230104,17.401210564298268,78.23686207099789,1652486400,0
2022-05-14 03:00:00,03:00:00,4532117045436,MakeMyTrip,food_dining,507.27,"Hyderabad, Telangana, IN",17.389319550304897,78.48750722485204,17.71641504584632,77.88647091276681,1652497200,0
2022-05-14 06:00:00,06:00:00,4532117045436,MakeMyTrip,gas_transport,670.28,"Hyderabad, Telangana, IN",17.378419543455028,78.49058405667397,17.70121839484436,78.64336572062163,1652508000,0
2022-05-14 09:00:00,09:00:00,4532117045436,Netflix,food_dining,319.13,"Hyderabad, Telangana, IN",17.380221246945734,78.4826828461675,16.838040103758388,78.55479888535285,1652518800,0
2022-05-14 12:00:00,12:00:00,4532117045436,Netflix,gas_transport,293.36,"Hyderabad, Telangana, IN",17.38837145414473,78.49916699825016,18.0731331045853,78.16369516850818,1652529600,0
2022-05-14 15:00:00,15:00:00,4532117045436,Netflix,shopping_net,538.5,"Hyderabad, Telangana, IN",17.379892528650814,78.47669794774914,17.49477200481244,78.74874403895018,1652540400,0
2022-05-14 18:00:00,18:00:00,4532117045436,Apollo,gas_transport,274.39,"Hyderabad, Telangana, IN",17.38968559799082,78.50371144765192,17.107050451003033,79.27696463094006,1652551200,0
2022-05-14 21:00:00,21:00:00,4532117045436,Netflix,shopping_net,571.62,"Hyderabad, Telangana, IN",17.379610247914833,78.48454508473252,17.009353189656032,78.49404967424603,1652562000,0
2022-05-15 00:00:00,00:00:00,4532117045436,Zomato,shopping_net,286.6,"Hyderabad, Telangana, IN",17.374757073144924,78.48617965569375,17.083653369734215,78.363081505814,1652572800,0
2022-05-15 03:00:00,03:00:00,4532117045436,Shell,travel,715.26,"Hyderabad, Telangana, IN",17.3968079542881,78.48042332858671,17.346523992644247,78.00638244503426,1652583600,0
2022-05-15 06:00:00,06:00:00,4532117045436,Apollo,entertainment,549.35,"Hyderabad, Telangana, IN",17.392090397677034,78.49079422211544,16.85139791006691,78.40715211164316,1652594400,0
2022-05-15 09:00:00,09:00:00,4532117045436,Netflix,shopping_net,455.71,"Hyderabad, Telangana, IN",17.366115705305692,78.48293340428191,16.97680756412987,78.27700056786355,1652605200,0
2022-05-15 12:00:00,12:00:00,4532117045436,Amazon,gas_transport,706.61,"Hyderabad, Telangana, IN",17.381631418257957,78.48194574770284,16.52092182983884,77.96343132377754,1652616000,0
2022-05-15 15:00:00,15:00:00,4532117045436,Amazon,entertainment,604.73,"Hyderabad, Telangana, IN",17.39542939179487,78.4928297112197,16.980356092063293,78.71232269851669,1652626800,0
2022-05-15 18:00:00,18:00:00,4532117045436,Shell,entertainment,505.29,"Hyderabad, Telangana, IN",17.383338593600694,78.4983117770106,18.06718804709861,78.62339907104626,1652637600,0
2022-05-15 21:00:00,21:00:00,4532117045436,MakeMyTrip,shopping_net,170.52,"Hyderabad, Telangana, IN",17.379194507282214,78.47627894424245,17.985633021605327,78.52489783052714,1652648400,0
2022-05-16 00:00:00,00:00:00,4532117045436,Walmart,food_dining,344.78,"Hyderabad, Telangana, IN",17.38247455877785,78.49495578246594,17.52003017994545,78.30559378439465,1652659200,0
2022-05-16 03:00:00,03:00:00,4532117045436,Walmart,food_dining,612.81,"Hyderabad, Telangana, IN",17.38610917407994,78.49917891670421,18.4381571659952,78.94741876609811,1652670000,0
2022-05-16 06:00:00,06:00:00,4532117045436,MakeMyTrip,health_fitness,254.98,"Hyderabad, Telangana, IN",17.383203642985116,78.46905007033854,17.9924196064689,77.61154785308997,1652680800,0
2022-05-16 09:00:00,09:00:00,4532117045436,Apollo,entertainment,2877.5,"Kolkata, West Bengal, IN",17.384173233231405,78.4782392603018,22.209706814927777,88.10199071816548,1652691600,1
2022-05-16 12:00:00,12:00:00,4532117045436,Apollo,shopping_net,4103.85,"Mumbai, Maharashtra, IN",17.38350060220233,78.49893831554668,13.716509368537096,88.92263762579206,1652702400,1
2022-05-16 15:00:00,15:00:00,4532117045436,Apollo,travel,510.35,"Hyderabad, Telangana, IN",17.375263815892357,78.49043155600565,17.429396018712612,79.11889172687293,1652713200,0
2022-05-16 18:00:00,18:00:00,4532117045436,Walmart,food_dining,594.54,"Hyderabad, Telangana, IN",17.374748404348495,78.50379290670685,16.755321254065525,78.54696029992711,1652724000,0
2022-05-16 21:00:00,21:00:00,4532117045436,Amazon,travel,594.69,"Hyderabad, Telangana, IN",17.374100439738626,78.48492690445129,17.25174639555602,78.55024943900843,1652734800,0
2022-05-17 00:00:00,00:00:00,4532117045436,Walmart,shopping_net,322.08,"Hyderabad, Telangana, IN",17.385914995104574,78.4814396853921,16.087702808202494,77.96309403917294,1652745600,0
2022-05-17 03:00:00,03:00:00,4532117045436,Zomato,shopping_net,508.3,"Hyderabad, Telangana, IN",17.390827655308687,78.50031362818704,16.8378107427076,77.41446313498581,1652756400,0
2022-05-17 06:00:00,06:00:00,4532117045436,Netflix,entertainment,315.02,"Hyderabad, Telangana, IN",17.375586968330275,78.47834386249271,18.07899408418303,77.99938292098703,1652767200,0
2022-05-17 09:00:00,09:00:00,4532117045436,Apollo,travel,418.42,"Hyderabad, Telangana, IN",17.36999880169809,78.48425936348622,17.42371118097086,78.80884046513646,1652778000,0
2022-05-17 12:00:00,12:00:00,4532117045436,Amazon,health_fitness,2968.98,"Delhi, Delhi, IN",17.376286809038298,78.49229483479303,28.74175310421028,88.98961877979772,1652788800,1
2022-05-17 15:00:00,15:00:00,4532117045436,Shell,entertainment,5773.21,"Chennai, Tamil Nadu, IN",17.399024035423658,78.49328463718008,12.934844526669716,87.43412768312228,1652799600,1
2022-05-17 18:00:00,18:00:00,4532117045436,Shell,grocery_pos,127.59,"Hyderabad, Telangana, IN",17.381868911339847,78.47872347419953,17.687182657934738,77.70361114557876,1652810400,0
2022-05-17 21:00:00,21:00:00,4532117045436,Netflix,travel,464.8,"Hyderabad, Telangana, IN",17.382859150533744,78.48930684236487,18.156032429115847,78.03409420492514,1652821200,0
2022-05-18 00:00:00,00:00:00,4532117045436,Amazon,food_dining,661.09,"Hyderabad, Telangana, IN",17.377022870208936,78.48379096541096,18.274140415822654,79.05667737872258,1652832000,0
2022-05-18 03:00:00,03:00:00,4532117045436,Walmart,food_dining,484.83,"Hyderabad, Telangana, IN",17.39071705806586,78.46987273155099,17.775611765236,78.18373715470045,1652842800,0
2022-05-18 06:00:00,06:00:00,4532117045436,Walmart,food_dining,462.39,"Hyderabad, Telangana, IN",17.383766642816262,78.48208920025644,16.627684989654085,78.94388060593899,1652853600,0
2022-05-18 09:00:00,09:00:00,4532117045436,Zomato,gas_transport,365.55,"Hyderabad, Telangana, IN",17.377733611217984,78.47035711620005,18.525180326746078,78.19618512795272,1652864400,0
2022-05-18 12:00:00,12:00:00,4532117045436,Zomato,shopping_net,657.11,"Hyderabad, Telangana, IN",17.374690893728157,78.48010541056784,18.061692494785934,79.20730439963694,1652875200,0
2022-05-18 15:00:00,15:00:00,4532117045436,Walmart,entertainment,372.48,"Hyderabad, Telangana, IN",17.388778475896164,78.47468401888169,17.809598972252445,78.66122641562019,1652886000,0
2022-05-18 18:00:00,18:00:00,4532117045436,Shell,food_dining,434.98,"Hyderabad, Telangana, IN",17.387639851545995,78.49443824903355,17.37666366490864,78.25632904268309,1652896800,0
2022-05-18 21:00:00,21:00:00,4532117045436,Apollo,grocery_pos,379.47,"Hyderabad, Telangana, IN",17.372617193115268,78.48970363942816,16.610079084546136,78.40578255398069,1652907600,0
2022-05-19 00:00:00,00:00:00,4532117045436,Shell,food_dining,466.23,"Hyderabad, Telangana, IN",17.39727382188363,78.50208621874026,17.10498576282137,77.76592782974843,1652918400,0
2022-05-19 03:00:00,03:00:00,4532117045436,Zomato,health_fitness,663.85,"Hyderabad, Telangana, IN",17.378581116253585,78.47748234906199,17.359543818628232,78.23118817592861,1652929200,0
2022-05-19 06:00:00,06:00:00,4532117045436,Netflix,shopping_net,314.08,"Hyderabad, Telangana, IN",17.36275246651962,78.48793275716716,17.184548631011886,79.19698374802724,1652940000,0
2022-05-19 09:00:00,09:00:00,4532117045436,Walmart,travel,466.88,"Hyderabad, Telangana, IN",17.400286344158296,78.47567026594874,17.931728046539217,78.66635412328411,1652950800,0
2022-05-19 12:00:00,12:00:00,4532117045436,Zomato,shopping_net,508.66,"Hyderabad, Telangana, IN",17.38397457801467,78.48038417978142,17.346739396716156,77.44282007278677,1652961600,0
2022-05-19 15:00:00,15:00:00,4532117045436,Zomato,travel,2248.51,"Kolkata, West Bengal, IN",17.389344706000276,78.48270533310566,29.126590994319425,76.70259218107954,1652972400,1
2022-05-19 18:00:00,18:00:00,4532117045436,Apollo,travel,441.15,"Hyderabad, Telangana, IN",17.401722862453386,78.50643647453018,17.635362790339162,78.57072984664846,1652983200,0
2022-05-19 21:00:00,21:00:00,4532117045436,Walmart,entertainment,727.7,"Hyderabad, Telangana, IN",17.37497378550624,78.4903389015251,16.970388290147035,78.86198382330392,1652994000,0
2022-05-20 00:00:00,00:00:00,4532117045436,Apollo,gas_transport,184.73,"Hyderabad, Telangana, IN",17.389793354494415,78.48542237212098,16.56913350172052,78.29927433960476,1653004800,0
2022-05-20 03:00:00,03:00:00,4532117045436,Walmart,travel,386.82,"Hyderabad, Telangana, IN",17.3967532834415,78.49749009675362,17.63971744491595,78.42667590502407,1653015600,0
2022-05-20 06:00:00,06:00:00,4532117045436,Apollo,travel,4335.33,"Kolkata, West Bengal, IN",17.375654893233953,78.493429952174,13.843109842456078,88.60399437253602,1653026400,1
2022-05-20 09:00:00,09:00:00,4532117045436,Shell,entertainment,393.61,"Hyderabad, Telangana, IN",17.399606568358408,78.48613917013574,17.463409415520335,78.36507407439383,1653037200,0
2022-05-20 12:00:00,12:00:00,4532117045436,Netflix,food_dining,882.94,"Hyderabad, Telangana, IN",17.370908403202815,78.49345193979306,18.073117770364835,78.12235075978424,1653048000,0
2022-05-20 15:00:00,15:00:00,4532117045436,Netflix,health_fitness,532.3,"Hyderabad, Telangana, IN",17.384046350582164,78.48364241414602,17.51049199867356,78.90456981592774,1653058800,0
2022-05-20 18:00:00,18:00:00,4532117045436,Walmart,grocery_pos,293.34,"Hyderabad, Telangana, IN",17.374246631457417,78.51655639811035,17.669596961762856,78.91391183185581,1653069600,0
2022-05-20 21:00:00,21:00:00,4532117045436,Amazon,entertainment,99.49,"Hyderabad, Telangana, IN",17.391958429170028,78.49890012823664,17.393579054132513,77.40628848890175,1653080400,0
2022-05-21 00:00:00,00:00:00,4532117045436,MakeMyTrip,gas_transport,501.04,"Hyderabad, Telangana, IN",17.375346057150846,78.48263407320631,17.78998883598274,78.61616832321502,1653091200,0
2022-05-21 03:00:00,03:00:00,4532117045436,Zomato,entertainment,336.66,"Hyderabad, Telangana, IN",17.37882690976943,78.49429242484241,16.318851982076023,77.9830121434346,1653102000,0
2022-05-21 06:00:00,06:00:00,4532117045436,Zomato,shopping_net,643.33,"Hyderabad, Telangana, IN",17.376210345863576,78.49218890482116,16.997824506470348,78.68665566237577,1653112800,0
2022-05-21 09:00:00,09:00:00,4532117045436,Walmart,food_dining,408.77,"Hyderabad, Telangana, IN",17.372980640683803,78.48953109636743,17.19191863254611,78.96299299445934,1653123600,0
2022-05-21 12:00:00,12:00:00,4532117045436,Apollo,food_dining,364.75,"Hyderabad, Telangana, IN",17.3773303488285,78.49184785370217,17.145282812012624,78.79632266819121,1653134400,0
2022-05-21 15:00:00,15:00:00,4532117045436,Amazon,travel,362.21,"Hyderabad, Telangana, IN",17.38454668341412,78.4785756432413,16.98919348600413,78.84567233774881,1653145200,0
2022-05-21 18:00:00,18:00:00,4532117045436,Shell,food_dining,597.98,"Hyderabad, Telangana, IN",17.38399784116982,78.48234942230327,17.34400703557259,78.15652086698563,1653156000,0
2022-05-21 21:00:00,21:00:00,4532117045436,Apollo,food_dining,512.34,"Hyderabad, Telangana, IN",17.382835268706017,78.50328691464026,17.317160282295795,78.25791220993142,1653166800,0
2022-05-22 00:00:00,00:00:00,4532117045436,Apollo,food_dining,713.39,"Hyderabad, Telangana, IN",17.37833456889366,78.48874018898793,17.343753551026342,78.78304409129474,1653177600,0
2022-05-22 03:00:00,03:00:00,4532117045436,Walmart,food_dining,417.73,"Hyderabad, Telangana, IN",17.38143966692337,78.47969749495475,17.48522925099739,78.52216730119092,1653188400,0
2022-05-22 06:00:00,06:00:00,4532117045436,Walmart,grocery_pos,579.34,"Hyderabad, Telangana, IN",17.369144141182762,78.48529818411205,17.633895334837536,77.71498248723647,1653199200,0
2022-05-22 09:00:00,09:00:00,4532117045436,Zomato,gas_transport,581.91,"Hyderabad, Telangana, IN",17.37801013228883,78.48135821480466,16.99702125788801,78.93240816870568,1653210000,0
2022-05-22 12:00:00,12:00:00,4532117045436,Walmart,travel,551.07,"Hyderabad, Telangana, IN",17.382782383303677,78.4956772631181,17.123828018303406,77.75499652064448,1653220800,0
2022-05-22 15:00:00,15:00:00,4532117045436,Walmart,food_dining,373.52,"Hyderabad, Telangana, IN",17.38794356939385,78.4810916126275,17.846364534936356,78.64908185165547,1653231600,0
2022-05-22 18:00:00,18:00:00,4532117045436,Walmart,travel,521.01,"Hyderabad, Telangana, IN",17.386722627582003,78.48714134448865,16.914027752484017,78.59033435993189,1653242400,0
2022-05-22 21:00:00,21:00:00,4532117045436,Zomato,gas_transport,435.41,"Hyderabad, Telangana, IN",17.372720201886224,78.4800748131787,16.981029132456076,79.07748870704046,1653253200,0
2022-05-23 00:00:00,00:00:00,4532117045436,Shell,health_fitness,431.47,"Hyderabad, Telangana, IN",17.38927787265638,78.50877907967985,16.998517251544556,78.3688131156876,1653264000,0
2022-05-23 03:00:00,03:00:00,4532117045436,Shell,food_dining,329.13,"Hyderabad, Telangana, IN",17.386222502313778,78.49299218965557,17.285058469914322,77.47221858096046,1653274800,0
2022-05-23 06:00:00,06:00:00,4532117045436,MakeMyTrip,travel,131.95,"Hyderabad, Telangana, IN",17.3994016698518,78.49259594329239,17.884068018110277,78.55834711220355,1653285600,0
2022-05-23 09:00:00,09:00:00,4532117045436,MakeMyTrip,entertainment,637.26,"Hyderabad, Telangana, IN",17.370055990604772,78.49367827390402,17.64694938552817,78.6530011145814,1653296400,0
2022-05-23 12:00:00,12:00:00,4532117045436,Walmart,travel,514.73,"Hyderabad, Telangana, IN",17.383635230907046,78.48275379806333,16.948534491178368,79.02351215592482,1653307200,0
2022-05-23 15:00:00,15:00:00,4532117045436,MakeMyTrip,food_dining,248.52,"Hyderabad, Telangana, IN",17.39531306385326,78.50191268103873,18.29161660359583,78.2227476454235,1653318000,0
2022-05-23 18:00:00,18:00:00,4532117045436,Zomato,shopping_net,557.66,"Hyderabad, Telangana, IN",17.382035741279743,78.48602318799372,17.037176074263265,78.838297445134,1653328800,0
2022-05-23 21:00:00,21:00:00,4532117045436,Shell,grocery_pos,640.22,"Hyderabad, Telangana, IN",17.375865441798208,78.5044280546592,16.574388508929953,78.93521683326728,1653339600,0
2022-05-24 00:00:00,00:00:00,4532117045436,Apollo,entertainment,566.65,"Hyderabad, Telangana, IN",17.37683939013829,78.48345195571953,18.297094708558276,78.1206222438263,1653350400,0
2022-05-24 03:00:00,03:00:00,4532117045436,Shell,entertainment,316.25,"Hyderabad, Telangana, IN",17.392847906543036,78.4938548038409,16.9665740249945,78.64520082456325,1653361200,0
2022-05-24 06:00:00,06:00:00,4532117045436,Shell,shopping_net,340.2,"Hyderabad, Telangana, IN",17.369519119746393,78.48836822292867,17.329548354459295,77.75071425942043,1653372000,0
2022-05-24 09:00:00,09:00:00,4532117045436,Zomato,food_dining,367.82,"Hyderabad, Telangana, IN",17.381667696028416,78.48937645178253,17.318007679580536,78.7687516142571,1653382800,0
2022-05-24 12:00:00,12:00:00,4532117045436,MakeMyTrip,grocery_pos,579.16,"Hyderabad, Telangana, IN",17.376239305004894,78.46999982386114,17.675877068583404,78.59789342941298,1653393600,0
2022-05-24 15:00:00,15:00:00,4532117045436,Apollo,entertainment,521.84,"Hyderabad, Telangana, IN",17.37699064276304,78.476868000231,16.46651239343484,77.86735191951652,1653404400,0
2022-05-24 18:00:00,18:00:00,4532117045436,Zomato,grocery_pos,868.54,"Hyderabad, Telangana, IN",17.389416008598335,78.50179955195664,17.234656467901264,78.28823286978219,1653415200,0
2022-05-24 21:00:00,21:00:00,4532117045436,Walmart,entertainment,3476.11,"Mumbai, Maharashtra, IN",17.381047072231397,78.47381180958219,19.45415947031791,87.96244579493371,1653426000,1
2022-05-25 00:00:00,00:00:00,4532117045436,Netflix,food_dining,442.11,"Hyderabad, Telangana, IN",17.387330340782654,78.49562030468323,18.091855895387486,78.58662419080952,1653436800,0
2022-05-25 03:00:00,03:00:00,4532117045436,Shell,health_fitness,160.84,"Hyderabad, Telangana, IN",17.372579927840604,78.51269979209243,17.113220489327553,78.1453019127027,1653447600,0
2022-05-25 06:00:00,06:00:00,4532117045436,Netflix,entertainment,539.5,"Hyderabad, Telangana, IN",17.393298985904647,78.4922301071315,17.224630437906832,78.10280808432418,1653458400,0
2022-05-25 09:00:00,09:00:00,4532117045436,Zomato,health_fitness,610.03,"Hyderabad, Telangana, IN",17.38712674016142,78.50796747862111,17.765079765087304,78.98828239091418,1653469200,0
2022-05-25 12:00:00,12:00:00,4532117045436,Zomato,entertainment,666.32,"Hyderabad, Telangana, IN",17.39738007967669,78.49362112719523,17.640700031793486,78.24118056812983,1653480000,0
2022-05-25 15:00:00,15:00:00,4532117045436,Zomato,gas_transport,478.28,"Hyderabad, Telangana, IN",17.380930495841728,78.48932857301999,17.022978397872084,78.59700740511472,1653490800,0
2022-05-25 18:00:00,18:00:00,4532117045436,Netflix,food_dining,163.0,"Hyderabad, Telangana, IN",17.38949562661085,78.49044645166914,17.59920304629911,78.28021288636805,1653501600,0
2022-05-25 21:00:00,21:00:00,4532117045436,Zomato,shopping_net,442.48,"Hyderabad, Telangana, IN",17.392833969163547,78.48492622240171,17.016310724603976,77.38060059954752,1653512400,0
2022-05-26 00:00:00,00:00:00,4532117045436,Walmart,health_fitness,515.52,"Hyderabad, Telangana, IN",17.38929895034705,78.48461891265951,17.786616528117385,78.16008164481363,1653523200,0
2022-05-26 03:00:00,03:00:00,4532117045436,Zomato,shopping_net,299.23,"Hyderabad, Telangana, IN",17.401977891907357,78.48144839181533,17.304888264472293,79.05568230604838,1653534000,0
2022-05-26 06:00:00,06:00:00,4532117045436,Amazon,food_dining,410.25,"Hyderabad, Telangana, IN",17.36836781698953,78.49093197507858,16.756675417103033,79.55867390713284,1653544800,0
2022-05-26 09:00:00,09:00:00,4532117045436,MakeMyTrip,travel,258.44,"Hyderabad, Telangana, IN",17.38674650917898,78.50870385161906,16.313339681110023,78.10001468021662,1653555600,0
2022-05-26 12:00:00,12:00:00,4532117045436,Netflix,shopping_net,358.09,"Hyderabad, Telangana, IN",17.380941455803235,78.50094472628766,17.196990880935264,78.65336273706225,1653566400,0
2022-05-26 15:00:00,15:00:00,4532117045436,Amazon,food_dining,586.87,"Hyderabad, Telangana, IN",17.3802231014511,78.48874875156459,16.993151552274508,79.6510732681536,1653577200,0
2022-05-26 18:00:00,18:00:00,4532117045436,Zomato,shopping_net,552.02,"Hyderabad, Telangana, IN",17.399935345098232,78.49284209694157,17.26518975924766,79.08717674841915,1653588000,0
2022-05-26 21:00:00,21:00:00,4532117045436,Walmart,health_fitness,6671.39,"Delhi, Delhi, IN",17.378797878655067,78.48584606339386,19.162898803873436,80.39263814933517,1653598800,1
2022-05-27 00:00:00,00:00:00,4532117045436,Shell,gas_transport,344.25,"Hyderabad, Telangana, IN",17.39352826512518,78.50091460382727,16.428126557565168,78.3544073178296,1653609600,0
2022-05-27 03:00:00,03:00:00,4532117045436,Apollo,shopping_net,458.56,"Hyderabad, Telangana, IN",17.374459162468042,78.47037702078656,17.020063510621267,78.6155413286943,1653620400,0
2022-05-27 06:00:00,06:00:00,4532117045436,MakeMyTrip,health_fitness,483.98,"Hyderabad, Telangana, IN",17.39519513438053,78.50600593077694,17.320316099966465,79.12305630612383,1653631200,0
2022-05-27 09:00:00,09:00:00,4532117045436,Apollo,entertainment,350.57,"Hyderabad, Telangana, IN",17.384775482718158,78.48124751810815,17.435023339433485,77.88507563288493,1653642000,0
2022-05-27 12:00:00,12:00:00,4532117045436,Zomato,food_dining,521.47,"Hyderabad, Telangana, IN",17.38217239484294,78.48285950758272,17.784114134827185,78.87380827090918,1653652800,0
2022-05-27 15:00:00,15:00:00,4532117045436,MakeMyTrip,grocery_pos,444.71,"Hyderabad, Telangana, IN",17.36963245451808,78.47447277962632,17.870272603543373,78.83848331876524,1653663600,0
2022-05-27 18:00:00,18:00:00,4532117045436,MakeMyTrip,travel,63.51,"Hyderabad, Telangana, IN",17.382193174091512,78.48824751305769,17.265674034189846,78.33470917625816,1653674400,0
2022-05-27 21:00:00,21:00:00,4532117045436,Walmart,grocery_pos,364.25,"Hyderabad, Telangana, IN",17.378132463673648,78.47989137409046,17.311061967027953,79.558773950004,1653685200,0
2022-05-28 00:00:00,00:00:00,4532117045436,MakeMyTrip,food_dining,359.97,"Hyderabad, Telangana, IN",17.40247662555631,78.49833486079505,17.144660838170985,78.03100969475679,1653696000,0
2022-05-28 03:00:00,03:00:00,4532117045436,Netflix,gas_transport,551.74,"Hyderabad, Telangana, IN",17.385516657357027,78.49345131538318,17.712876353326795,78.66874814386817,1653706800,0
2022-05-28 06:00:00,06:00:00,4532117045436,Amazon,shopping_net,554.41,"Hyderabad, Telangana, IN",17.37903503592981,78.47976347656875,17.1927439642272,78.58640117426484,1653717600,0
2022-05-28 09:00:00,09:00:00,4532117045436,Amazon,gas_transport,199.18,"Hyderabad, Telangana, IN",17.378611533013824,78.47793047728942,16.901589361282745,78.67470350021424,1653728400,0
2022-05-28 12:00:00,12:00:00,4532117045436,Amazon,grocery_pos,515.77,"Hyderabad, Telangana, IN",17.37140104880047,78.48028027044423,16.553748193150373,79.06443921925208,1653739200,0
2022-05-28 15:00:00,15:00:00,4532117045436,Netflix,travel,5582.22,"Delhi, Delhi, IN",17.40022279130656,78.47724349348726,28.571143482233335,79.53053544008836,1653750000,1
2022-05-28 18:00:00,18:00:00,4532117045436,Apollo,health_fitness,468.96,"Hyderabad, Telangana, IN",17.397562792155163,78.4839045103285,17.252065023556643,78.56596166771598,1653760800,0
2022-05-28 21:00:00,21:00:00,4532117045436,Walmart,travel,357.93,"Hyderabad, Telangana, IN",17.38433080890332,78.47829280924026,17.874778807901556,79.47146601380693,1653771600,0
2022-05-29 00:00:00,00:00:00,4532117045436,MakeMyTrip,food_dining,440.73,"Hyderabad, Telangana, IN",17.40679345399046,78.4983827091945,17.40775668142395,78.88581955041293,1653782400,0
2022-05-29 03:00:00,03:00:00,4532117045436,Netflix,food_dining,622.55,"Hyderabad, Telangana, IN",17.384868995952683,78.48171651716733,17.44224185513171,78.1562638526355,1653793200,0
2022-05-29 06:00:00,06:00:00,4532117045436,Amazon,gas_transport,466.83,"Hyderabad, Telangana, IN",17.39596433128405,78.49245701724945,17.386686773915333,78.08669345482055,1653804000,0
2022-05-29 09:00:00,09:00:00,4532117045436,Zomato,health_fitness,443.64,"Hyderabad, Telangana, IN",17.39066161356202,78.49253918365899,18.024908484403877,78.74558770434811,1653814800,0
2022-05-29 12:00:00,12:00:00,4532117045436,Shell,gas_transport,378.12,"Hyderabad, Telangana, IN",17.37925502051631,78.46816887302212,17.638931653605972,78.24204351011986,1653825600,0
2022-05-29 15:00:00,15:00:00,4532117045436,MakeMyTrip,shopping_net,607.84,"Hyderabad, Telangana, IN",17.38682359017747,78.49383448150914,17.377644020051402,78.41529153274165,1653836400,0
2022-05-29 18:00:00,18:00:00,4532117045436,Netflix,entertainment,257.88,"Hyderabad, Telangana, IN",17.388727240272562,78.469631200907,17.085666909661086,78.11497058513613,1653847200,0
2022-05-29 21:00:00,21:00:00,4532117045436,Netflix,health_fitness,329.7,"Hyderabad, Telangana, IN",17.37195732625621,78.47836159329617,16.754753208664358,79.5236784921646,1653858000,0
2022-05-30 00:00:00,00:00:00,4532117045436,Walmart,entertainment,249.27,"Hyderabad, Telangana, IN",17.387879755419142,78.49337366208866,18.211226573215065,78.65992719574716,1653868800,0
2022-05-30 03:00:00,03:00:00,4532117045436,Walmart,travel,7988.22,"Delhi, Delhi, IN",17.396409445323535,78.48794836807707,12.759695445913671,88.79189133630744,1653879600,1
2022-05-30 06:00:00,06:00:00,4532117045436,Netflix,shopping_net,626.96,"Hyderabad, Telangana, IN",17.378084698837934,78.4832955822189,17.28830093052721,77.67049713196505,1653890400,0
2022-05-30 09:00:00,09:00:00,4532117045436,Amazon,entertainment,400.68,"Hyderabad, Telangana, IN",17.382895784338913,78.46887022142234,18.28197859035811,78.07394249428651,1653901200,0
2022-05-30 12:00:00,12:00:00,4532117045436,Shell,grocery_pos,289.59,"Hyderabad, Telangana, IN",17.373903964192237,78.49634638620535,17.38118636054127,78.45622712356797,1653912000,0
2022-05-30 15:00:00,15:00:00,4532117045436,MakeMyTrip,travel,695.47,"Hyderabad, Telangana, IN",17.38017202157436,78.4910409918856,16.976626677130007,78.45682520616444,1653922800,0
2022-05-30 18:00:00,18:00:00,4532117045436,Walmart,entertainment,517.69,"Hyderabad, Telangana, IN",17.38094796599133,78.47813538193084,17.99583079163944,79.31714570892466,1653933600,0
2022-05-30 21:00:00,21:00:00,4532117045436,MakeMyTrip,shopping_net,491.63,"Hyderabad, Telangana, IN",17.40078162484694,78.47708459656373,16.744504622460102,78.54858874941472,1653944400,0
2022-05-31 00:00:00,00:00:00,4532117045436,Amazon,entertainment,421.47,"Hyderabad, Telangana, IN",17.381828101308514,78.49696882886141,17.184551318715968,79.00584930772575,1653955200,0
2022-05-31 03:00:00,03:00:00,4532117045436,MakeMyTrip,food_dining,550.35,"Hyderabad, Telangana, IN",17.379696787479933,78.48970404258382,16.78467163936383,78.5763498814787,1653966000,0
2022-05-31 06:00:00,06:00:00,4532117045436,Zomato,gas_transport,489.28,"Hyderabad, Telangana, IN",17.38406043439905,78.4730970075348,16.98532502693158,78.91720325622498,1653976800,0
2022-05-31 09:00:00,09:00:00,4532117045436,Walmart,grocery_pos,377.81,"Hyderabad, Telangana, IN",17.367923139588633,78.4793960217359,17.484915047940426,77.65271405862612,1653987600,0
2022-05-31 12:00:00,12:00:00,4532117045436,Amazon,food_dining,402.93,"Hyderabad, Telangana, IN",17.361412861516445,78.50627291257365,17.553595352495588,77.85845080725633,1653998400,0
2022-05-31 15:00:00,15:00:00,4532117045436,Amazon,food_dining,297.02,"Hyderabad, Telangana, IN",17.37117884762057,78.49672237763933,16.83390384307129,78.94860371005859,1654009200,0
2022-05-31 18:00:00,18:00:00,4532117045436,Shell,shopping_net,278.32,"Hyderabad, Telangana, IN",17.38824102951593,78.48670571275225,18.289580081033137,79.23497035411559,1654020000,0
2022-05-31 21:00:00,21:00:00,4532117045436,Shell,gas_transport,405.5,"Hyderabad, Telangana, IN",17.384973230941903,78.4869237091844,16.34043128908718,77.63347072242027,1654030800,0
2022-06-01 00:00:00,00:00:00,4532117045436,Zomato,gas_transport,623.13,"Hyderabad, Telangana, IN",17.39369105121395,78.46494619090424,17.449785439664417,78.49279888177549,1654041600,0
2022-06-01 03:00:00,03:00:00,4532117045436,Amazon,health_fitness,294.88,"Hyderabad, Telangana, IN",17.369796289676458,78.4997662444702,17.462575862991052,77.73691839122336,1654052400,0
2022-06-01 06:00:00,06:00:00,4532117045436,Apollo,travel,575.46,"Hyderabad, Telangana, IN",17.38295936803921,78.48218581256214,17.51674125531348,78.15461554223496,1654063200,0
2022-06-01 09:00:00,09:00:00,4532117045436,Amazon,grocery_pos,330.16,"Hyderabad, Telangana, IN",17.369081779477693,78.47861331853015,17.824664513274136,77.53627802131437,1654074000,0
2022-06-01 12:00:00,12:00:00,4532117045436,Shell,travel,182.01,"Hyderabad, Telangana, IN",17.387673205093783,78.4941997284667,15.860251187039266,78.42748006253488,1654084800,0
2022-06-01 15:00:00,15:00:00,4532117045436,Apollo,shopping_net,531.99,"Hyderabad, Telangana, IN",17.37122101533467,78.48040046358305,16.9979747849881,78.39445621364484,1654095600,0
2022-06-01 18:00:00,18:00:00,4532117045436,Walmart,grocery_pos,694.32,"Hyderabad, Telangana, IN",17.382566317030427,78.4684703407334,17.460633932551524,78.38839660034708,1654106400,0
2022-06-01 21:00:00,21:00:00,4532117045436,Walmart,health_fitness,321.64,"Hyderabad, Telangana, IN",17.387063968896772,78.49079809445405,18.236538393313225,78.340372677288,1654117200,0
2022-06-02 00:00:00,00:00:00,4532117045436,MakeMyTrip,entertainment,214.52,"Hyderabad, Telangana, IN",17.38108800816599,78.47154537734434,17.094089875581492,78.80415545018775,1654128000,0
2022-06-02 03:00:00,03:00:00,4532117045436,Netflix,food_dining,518.24,"Hyderabad, Telangana, IN",17.362380496952465,78.48611205160445,17.288798430712163,79.34393040731865,1654138800,0
2022-06-02 06:00:00,06:00:00,4532117045436,Shell,grocery_pos,311.52,"Hyderabad, Telangana, IN",17.401623327448547,78.48987608871747,17.747729149046958,77.8823165173127,1654149600,0
2022-06-02 09:00:00,09:00:00,4532117045436,Netflix,travel,530.5,"Hyderabad, Telangana, IN",17.380026241269572,78.48392159835377,16.78021789095254,78.06644585474908,1654160400,0
2022-06-02 12:00:00,12:00:00,4532117045436,Apollo,food_dining,622.72,"Hyderabad, Telangana, IN",17.368904927025767,78.48396632805223,17.396222786794205,78.5513974249418,1654171200,0
2022-06-02 15:00:00,15:00:00,4532117045436,Shell,shopping_net,499.59,"Hyderabad, Telangana, IN",17.39261196000796,78.50220923655807,17.332432606242165,78.35268466104154,1654182000,0
2022-06-02 18:00:00,18:00:00,4532117045436,Zomato,travel,571.47,"Hyderabad, Telangana, IN",17.392985697342716,78.5023529863357,17.080388501315586,78.32838963047843,1654192800,0
2022-06-02 21:00:00,21:00:00,4532117045436,Amazon,entertainment,572.49,"Hyderabad, Telangana, IN",17.381978190992996,78.47752459550263,17.63652037028976,77.83048451688283,1654203600,0
2022-06-03 00:00:00,00:00:00,4532117045436,Zomato,shopping_net,598.49,"Hyderabad, Telangana, IN",17.4003624822556,78.48075243416272,18.463457631921443,78.25883464063239,1654214400,0
2022-06-03 03:00:00,03:00:00,4532117045436,Apollo,entertainment,456.78,"Hyderabad, Telangana, IN",17.377593040624614,78.48130132569707,17.471855887170275,78.26384080337152,1654225200,0
2022-06-03 06:00:00,06:00:00,4532117045436,Shell,entertainment,566.86,"Hyderabad, Telangana, IN",17.38675648588295,78.48638560974202,16.267547417493798,78.59610447990549,1654236000,0
2022-06-03 09:00:00,09:00:00,4532117045436,Apollo,food_dining,474.66,"Hyderabad, Telangana, IN",17.390108016394237,78.4858801736228,16.949441607385616,78.03296901459547,1654246800,0
2022-06-03 12:00:00,12:00:00,4532117045436,Amazon,shopping_net,508.7,"Hyderabad, Telangana, IN",17.400139982184566,78.50387082656142,18.12465471804424,78.9328808217988,1654257600,0
2022-06-03 15:00:00,15:00:00,4532117045436,Walmart,shopping_net,907.76,"Hyderabad, Telangana, IN",17.365566906236197,78.48484467939215,17.265229502662887,77.8543486946605,1654268400,0
2022-06-03 18:00:00,18:00:00,4532117045436,Walmart,grocery_pos,486.24,"Hyderabad, Telangana, IN",17.407918055777248,78.47639734534987,16.798539189877122,79.26379119114209,1654279200,0
2022-06-03 21:00:00,21:00:00,4532117045436,Apollo,travel,225.34,"Hyderabad, Telangana, IN",17.39673872699826,78.48081984312931,17.76227436239099,78.0778371875462,1654290000,0
2022-06-04 00:00:00,00:00:00,4532117045436,Netflix,shopping_net,420.39,"Hyderabad, Telangana, IN",17.38949455994544,78.49043380234922,17.065666323737677,79.20784054444088,1654300800,0
2022-06-04 03:00:00,03:00:00,4532117045436,Shell,grocery_pos,403.42,"Hyderabad, Telangana, IN",17.377003477474954,78.48412875390207,17.40252843177539,78.11174478413153,1654311600,0
2022-06-04 06:00:00,06:00:00,4532117045436,Shell,gas_transport,410.28,"Hyderabad, Telangana, IN",17.376163312513164,78.48983604731183,16.81914894142878,78.90198590088265,1654322400,0
2022-06-04 09:00:00,09:00:00,4532117045436,Walmart,gas_transport,593.02,"Hyderabad, Telangana, IN",17.387878313284507,78.48425825032754,17.175970068248255,78.3042752546416,1654333200,0
2022-06-04 12:00:00,12:00:00,4532117045436,MakeMyTrip,gas_transport,619.59,"Hyderabad, Telangana, IN",17.389937999974485,78.49394797845407,17.36992356885942,78.52699428362168,1654344000,0
2022-06-04 15:00:00,15:00:00,4532117045436,Zomato,health_fitness,434.15,"Hyderabad, Telangana, IN",17.388648679999893,78.48581734585798,17.33460478604821,78.78761811402582,1654354800,0
2022-06-04 18:00:00,18:00:00,4532117045436,MakeMyTrip,shopping_net,241.22,"Hyderabad, Telangana, IN",17.386597527459564,78.47453596744394,17.572323996276175,78.31991892493241,1654365600,0
2022-06-04 21:00:00,21:00:00,4532117045436,Amazon,health_fitness,464.86,"Hyderabad, Telangana, IN",17.389319627637825,78.4832314581094,17.485603519479277,77.53503491351884,1654376400,0
2022-06-05 00:00:00,00:00:00,4532117045436,Zomato,travel,368.49,"Hyderabad, Telangana, IN",17.363143774064756,78.50881405864351,16.875765298918978,78.16871037615783,1654387200,0
2022-06-05 03:00:00,03:00:00,4532117045436,Zomato,shopping_net,481.56,"Hyderabad, Telangana, IN",17.382338955860945,78.49906224747791,18.227908493188494,78.23394002504314,1654398000,0
2022-06-05 06:00:00,06:00:00,4532117045436,Apollo,grocery_pos,431.86,"Hyderabad, Telangana, IN",17.37116768203345,78.47508332058457,17.306614872220255,79.35096390078778,1654408800,0
2022-06-05 09:00:00,09:00:00,4532117045436,Walmart,health_fitness,632.45,"Hyderabad, Telangana, IN",17.38459461363202,78.50448392589661,16.709730865538077,78.46309372551029,1654419600,0
2022-06-05 12:00:00,12:00:00,4532117045436,MakeMyTrip,health_fitness,491.22,"Hyderabad, Telangana, IN",17.398064656962706,78.48807102617118,16.273842043375854,78.57200467510005,1654430400,0
2022-06-05 15:00:00,15:00:00,4532117045436,MakeMyTrip,travel,368.97,"Hyderabad, Telangana, IN",17.37591313109325,78.48181616357549,17.422591165492626,78.42889074283922,1654441200,0
2022-06-05 18:00:00,18:00:00,4532117045436,Walmart,health_fitness,242.17,"Hyderabad, Telangana, IN",17.377907104300274,78.48388418192422,16.92186716436836,78.59566107960332,1654452000,0
2022-06-05 21:00:00,21:00:00,4532117045436,MakeMyTrip,entertainment,442.8,"Hyderabad, Telangana, IN",17.37650483168758,78.48726822368964,17.671402563513585,77.86781112809263,1654462800,0
2022-06-06 00:00:00,00:00:00,4532117045436,Walmart,grocery_pos,443.33,"Hyderabad, Telangana, IN",17.37784092894476,78.49754064247007,17.409179789732615,78.14317502972482,1654473600,0
2022-06-06 03:00:00,03:00:00,4532117045436,Apollo,gas_transport,410.63,"Hyderabad, Telangana, IN",17.390540527008422,78.48860028794077,19.354251488541294,78.81796565032698,1654484400,0
2022-06-06 06:00:00,06:00:00,4532117045436,Netflix,grocery_pos,566.3,"Hyderabad, Telangana, IN",17.39287197180505,78.49003402483524,16.75456853615845,78.37509615083616,1654495200,0
2022-06-06 09:00:00,09:00:00,4532117045436,Zomato,entertainment,242.58,"Hyderabad, Telangana, IN",17.39969200680127,78.49881330030237,17.91384336842578,78.43604941932811,1654506000,0
2022-06-06 12:00:00,12:00:00,4532117045436,Apollo,travel,335.62,"Hyderabad, Telangana, IN",17.374948705984355,78.48270909901457,16.840200823461057,78.47660386964412,1654516800,0
2022-06-06 15:00:00,15:00:00,4532117045436,Shell,travel,457.94,"Hyderabad, Telangana, IN",17.39183939520661,78.48972431547199,17.800478408325628,78.83074570284215,1654527600,0
2022-06-06 18:00:00,18:00:00,4532117045436,Amazon,shopping_net,366.07,"Hyderabad, Telangana, IN",17.39350369192845,78.49108875998563,18.096560715458534,78.16628452383333,1654538400,0
2022-06-06 21:00:00,21:00:00,4532117045436,Netflix,grocery_pos,396.49,"Hyderabad, Telangana, IN",17.401532963487952,78.4880472845977,17.212805776817756,78.53666217269235,1654549200,0
2022-06-07 00:00:00,00:00:00,4532117045436,Shell,travel,440.96,"Hyderabad, Telangana, IN",17.375695120654623,78.49169002630762,17.020399355573435,77.4100766073246,1654560000,0
2022-06-07 03:00:00,03:00:00,4532117045436,Zomato,health_fitness,552.89,"Hyderabad, Telangana, IN",17.364964201251283,78.47978792640926,17.30670896589763,77.68077998691281,1654570800,0
2022-06-07 06:00:00,06:00:00,4532117045436,MakeMyTrip,travel,434.91,"Hyderabad, Telangana, IN",17.38222614233779,78.49649998463262,17.013497210064642,78.36236648963379,1654581600,0
2022-06-07 09:00:00,09:00:00,4532117045436,Walmart,travel,154.55,"Hyderabad, Telangana, IN",17.413086874504387,78.48116144843813,18.190307683811408,77.93407595336768,1654592400,0
2022-06-07 12:00:00,12:00:00,4532117045436,Zomato,travel,359.58,"Hyderabad, Telangana, IN",17.374047372163474,78.49124655158357,17.2862102106727,78.97833476596129,1654603200,0
2022-06-07 15:00:00,15:00:00,4532117045436,Apollo,travel,524.37,"Hyderabad, Telangana, IN",17.38986924947212,78.48880390390065,17.604765668482884,77.95264673524122,1654614000,0
2022-06-07 18:00:00,18:00:00,4532117045436,Amazon,gas_transport,4476.01,"Delhi, Delhi, IN",17.36283471403425,78.47983387181615,19.06887249484644,80.58412155372392,1654624800,1
2022-06-07 21:00:00,21:00:00,4532117045436,Apollo,gas_transport,572.68,"Hyderabad, Telangana, IN",17.403148399179194,78.50292461156603,17.831094323379975,78.887914070564,1654635600,0
2022-06-08 00:00:00,00:00:00,4532117045436,Netflix,shopping_net,615.18,"Hyderabad, Telangana, IN",17.366217954621966,78.50386563327112,17.15899464091006,78.73333607880191,1654646400,0
2022-06-08 03:00:00,03:00:00,4532117045436,Netflix,travel,467.77,"Hyderabad, Telangana, IN",17.36108870403887,78.47749165968926,17.76869199004931,78.21433298949322,1654657200,0
2022-06-08 06:00:00,06:00:00,4532117045436,Amazon,grocery_pos,489.47,"Hyderabad, Telangana, IN",17.38598869089132,78.49469294621349,18.035686614728775,78.29175450044784,1654668000,0
2022-06-08 09:00:00,09:00:00,4532117045436,Shell,entertainment,297.91,"Hyderabad, Telangana, IN",17.38618369546132,78.48547461545425,17.30716103233154,78.72404321700266,1654678800,0
2022-06-08 12:00:00,12:00:00,4532117045436,Shell,shopping_net,123.81,"Hyderabad, Telangana, IN",17.39919289450133,78.4799616866899,16.71850113190965,78.89014258952997,1654689600,0
2022-06-08 15:00:00,15:00:00,4532117045436,Netflix,grocery_pos,237.36,"Hyderabad, Telangana, IN",17.393494613239906,78.49038509712477,18.06929740160126,79.23516759667612,1654700400,0
2022-06-08 18:00:00,18:00:00,4532117045436,Netflix,travel,344.72,"Hyderabad, Telangana, IN",17.364994239216372,78.49503791114621,17.471820295775203,78.88930067843604,1654711200,0
2022-06-08 21:00:00,21:00:00,4532117045436,MakeMyTrip,food_dining,3148.3,"Delhi, Delhi, IN",17.38348130461205,78.48831082907033,23.085769025211107,80.82437752208375,1654722000,1
2022-06-09 00:00:00,00:00:00,4532117045436,Walmart,travel,406.06,"Hyderabad, Telangana, IN",17.37802910740822,78.48306501778964,17.723381247998834,78.65800377117337,1654732800,0
2022-06-09 03:00:00,03:00:00,4532117045436,MakeMyTrip,gas_transport,380.69,"Hyderabad, Telangana, IN",17.371649476800588,78.49999423393345,18.09959073403892,78.54712940448819,1654743600,0
2022-06-09 06:00:00,06:00:00,4532117045436,MakeMyTrip,entertainment,590.67,"Hyderabad, Telangana, IN",17.389336725805826,78.50035397798324,17.274010988778375,78.30124485846949,1654754400,0
2022-06-09 09:00:00,09:00:00,4532117045436,Shell,health_fitness,304.63,"Hyderabad, Telangana, IN",17.395429809624716,78.47987108577891,18.01282081371148,78.7359271033142,1654765200,0
2022-06-09 12:00:00,12:00:00,4532117045436,Amazon,entertainment,471.09,"Hyderabad, Telangana, IN",17.37694704187344,78.48760887946854,17.421051568241765,78.36847431869616,1654776000,0
2022-06-09 15:00:00,15:00:00,4532117045436,Shell,health_fitness,387.03,"Hyderabad, Telangana, IN",17.381671497349984,78.47091034580545,17.696901767480256,78.83494186724026,1654786800,0
2022-06-09 18:00:00,18:00:00,4532117045436,Walmart,entertainment,299.01,"Hyderabad, Telangana, IN",17.382338137676896,78.4950534203731,17.081529104484307,78.84787793119747,1654797600,0
2022-06-09 21:00:00,21:00:00,4532117045436,Apollo,gas_transport,340.84,"Hyderabad, Telangana, IN",17.378389148708465,78.49997500129348,17.258087441554725,78.72181348159252,1654808400,0
2022-06-10 00:00:00,00:00:00,4532117045436,Netflix,health_fitness,142.31,"Hyderabad, Telangana, IN",17.38072615964343,78.49059544432329,17.92733824304267,78.17556390904076,1654819200,0
2022-06-10 03:00:00,03:00:00,4532117045436,Netflix,grocery_pos,562.25,"Hyderabad, Telangana, IN",17.37838274160138,78.47634612032604,16.402820069385584,78.44255767218623,1654830000,0
2022-06-10 06:00:00,06:00:00,4532117045436,Walmart,health_fitness,660.34,"Hyderabad, Telangana, IN",17.386246342019945,78.50285296671639,17.7352237844947,79.02862692254938,1654840800,0
2022-06-10 09:00:00,09:00:00,4532117045436,MakeMyTrip,shopping_net,409.88,"Hyderabad, Telangana, IN",17.379135572818498,78.50700416292081,17.57476050302175,77.6332442399471,1654851600,0
2022-06-10 12:00:00,12:00:00,4532117045436,Amazon,grocery_pos,454.36,"Hyderabad, Telangana, IN",17.389270924607622,78.4823812395344,18.21551145375608,78.58173892218734,1654862400,0
2022-06-10 15:00:00,15:00:00,4532117045436,Netflix,shopping_net,405.62,"Hyderabad, Telangana, IN",17.379098915938673,78.49115460924087,17.888048941115617,78.86522779696705,1654873200,0
2022-06-10 18:00:00,18:00:00,4532117045436,Zomato,travel,3713.41,"Delhi, Delhi, IN",17.39146740578698,78.4948667361542,28.45049603076154,88.99445313947226,1654884000,1
2022-06-10 21:00:00,21:00:00,4532117045436,MakeMyTrip,entertainment,555.74,"Hyderabad, Telangana, IN",17.378883154194927,78.4945737760971,16.749080116999377,79.52138064087428,1654894800,0
2022-06-11 00:00:00,00:00:00,4532117045436,Netflix,grocery_pos,497.86,"Hyderabad, Telangana, IN",17.391057362818945,78.48718194454489,17.09470924356396,77.68076984064098,1654905600,0
2022-06-11 03:00:00,03:00:00,4532117045436,Zomato,entertainment,13.18,"Hyderabad, Telangana, IN",17.376514087336812,78.50467873979521,17.271539906876647,77.89487675016922,1654916400,0
2022-06-11 06:00:00,06:00:00,4532117045436,Walmart,travel,294.81,"Hyderabad, Telangana, IN",17.393853625426114,78.47104704466594,18.131012347478865,78.57786017580884,1654927200,0
2022-06-11 09:00:00,09:00:00,4532117045436,Walmart,food_dining,142.04,"Hyderabad, Telangana, IN",17.36721975034159,78.47117509280102,17.785383603311445,78.9526809159566,1654938000,0
2022-06-11 12:00:00,12:00:00,4532117045436,MakeMyTrip,entertainment,683.31,"Hyderabad, Telangana, IN",17.384941536949505,78.48654315250329,16.987483261022074,78.5153822274174,1654948800,0
2022-06-11 15:00:00,15:00:00,4532117045436,Netflix,travel,424.23,"Hyderabad, Telangana, IN",17.379328490098686,78.50413562807243,17.586404552985194,79.14569761480686,1654959600,0
2022-06-11 18:00:00,18:00:00,4532117045436,Shell,entertainment,486.11,"Hyderabad, Telangana, IN",17.384538186790575,78.49829693204342,17.155616492085073,78.19807780389067,1654970400,0
2022-06-11 21:00:00,21:00:00,4532117045436,Zomato,travel,397.01,"Hyderabad, Telangana, IN",17.373140112134084,78.47176672644086,17.062091199429226,78.35026844176797,1654981200,0
2022-06-12 00:00:00,00:00:00,4532117045436,Amazon,shopping_net,615.4,"Hyderabad, Telangana, IN",17.383054030635996,78.51513449814423,17.699284519296597,78.8680423565974,1654992000,0
2022-06-12 03:00:00,03:00:00,4532117045436,Netflix,travel,579.11,"Hyderabad, Telangana, IN",17.37390646346829,78.49224343296694,17.312794079637136,78.30982870591659,1655002800,0
2022-06-12 06:00:00,06:00:00,4532117045436,Amazon,health_fitness,417.68,"Hyderabad, Telangana, IN",17.382618295933845,78.47517780496077,16.802869288246036,78.95514189965064,1655013600,0
2022-06-12 09:00:00,09:00:00,4532117045436,Netflix,food_dining,707.7,"Hyderabad, Telangana, IN",17.381688480622262,78.48577878733916,17.79846601286515,78.83407965313393,1655024400,0
2022-06-12 12:00:00,12:00:00,4532117045436,Shell,entertainment,477.8,"Hyderabad, Telangana, IN",17.388299228067844,78.49637145191745,17.46100083139841,78.27853270363993,1655035200,0
2022-06-12 15:00:00,15:00:00,4532117045436,Shell,travel,230.98,"Hyderabad, Telangana, IN",17.385658093134168,78.49922475370983,17.201823051882972,78.63647876364479,1655046000,0
2022-06-12 18:00:00,18:00:00,4532117045436,MakeMyTrip,travel,2289.38,"Mumbai, Maharashtra, IN",17.40378302393605,78.48604023828102,23.127786799537763,77.64580187210473,1655056800,1
2022-06-12 21:00:00,21:00:00,4532117045436,MakeMyTrip,entertainment,527.62,"Hyderabad, Telangana, IN",17.37990065244585,78.49192164488367,17.91706209573514,78.04057184987998,1655067600,0
2022-06-13 00:00:00,00:00:00,4532117045436,Shell,food_dining,430.02,"Hyderabad, Telangana, IN",17.383673713572293,78.48545218156063,17.445798825879134,78.29104196485206,1655078400,0
2022-06-13 03:00:00,03:00:00,4532117045436,Apollo,food_dining,388.28,"Hyderabad, Telangana, IN",17.416843065686095,78.48604148972849,16.52903049631548,78.39698205344996,1655089200,0
2022-06-13 06:00:00,06:00:00,4532117045436,Shell,travel,714.65,"Hyderabad, Telangana, IN",17.382764480702036,78.49394787978326,17.940262049872917,78.54255852173894,1655100000,0
2022-06-13 09:00:00,09:00:00,4532117045436,Walmart,grocery_pos,272.12,"Hyderabad, Telangana, IN",17.394532213689175,78.50110714597773,17.143289447720953,78.43236276336171,1655110800,0
2022-06-13 12:00:00,12:00:00,4532117045436,Walmart,shopping_net,35.44,"Hyderabad, Telangana, IN",17.390765498614527,78.47532536930211,17.306064440230593,77.60919601614202,1655121600,0
2022-06-13 15:00:00,15:00:00,4532117045436,Apollo,food_dining,692.86,"Hyderabad, Telangana, IN",17.408347795202914,78.48437212554883,17.233636505297568,78.98212659633252,1655132400,0
2022-06-13 18:00:00,18:00:00,4532117045436,Zomato,food_dining,266.09,"Hyderabad, Telangana, IN",17.370693542823624,78.48068063237811,16.737194240504845,77.63556744049956,1655143200,0
2022-06-13 21:00:00,21:00:00,4532117045436,Amazon,gas_transport,407.01,"Hyderabad, Telangana, IN",17.369554192832148,78.4766199546609,17.611253080296454,78.58111753405298,1655154000,0
2022-06-14 00:00:00,00:00:00,4532117045436,Netflix,health_fitness,393.39,"Hyderabad, Telangana, IN",17.373821203786076,78.47610957916814,16.963664878344957,78.11621269043476,1655164800,0
2022-06-14 03:00:00,03:00:00,4532117045436,Netflix,food_dining,634.76,"Hyderabad, Telangana, IN",17.386727791090205,78.486949509817,17.585343413420574,78.55972484679181,1655175600,0
2022-06-14 06:00:00,06:00:00,4532117045436,Apollo,shopping_net,665.23,"Hyderabad, Telangana, IN",17.374965976866662,78.47597440029006,16.916963392182176,78.37462629692703,1655186400,0
2022-06-14 09:00:00,09:00:00,4532117045436,Walmart,health_fitness,256.14,"Hyderabad, Telangana, IN",17.363665581404277,78.47563534516372,17.157828540408296,78.66056230430783,1655197200,0
2022-06-14 12:00:00,12:00:00,4532117045436,MakeMyTrip,health_fitness,653.54,"Hyderabad, Telangana, IN",17.375756423649158,78.48490647606398,17.567558284281606,78.74692645804804,1655208000,0
2022-06-14 15:00:00,15:00:00,4532117045436,Netflix,entertainment,650.76,"Hyderabad, Telangana, IN",17.388685833404782,78.47690552382976,17.446779255379955,79.00565297527118,1655218800,0
2022-06-14 18:00:00,18:00:00,4532117045436,Walmart,entertainment,452.9,"Hyderabad, Telangana, IN",17.375964044609805,78.49178594313067,17.69585208611586,78.873271429518,1655229600,0
2022-06-14 21:00:00,21:00:00,4532117045436,Zomato,entertainment,589.88,"Hyderabad, Telangana, IN",17.39642412135065,78.48190854185992,17.733610392510187,78.50739311275056,1655240400,0
2022-06-15 00:00:00,00:00:00,4532117045436,Amazon,entertainment,604.92,"Hyderabad, Telangana, IN",17.37374615261262,78.47475484961099,18.051164136920704,78.95830162500282,1655251200,0
2022-06-15 03:00:00,03:00:00,4532117045436,Zomato,gas_transport,412.14,"Hyderabad, Telangana, IN",17.385141439460252,78.50995720398693,17.384627592471745,78.23229160779694,1655262000,0
2022-06-15 06:00:00,06:00:00,4532117045436,Apollo,food_dining,426.37,"Hyderabad, Telangana, IN",17.38109074902596,78.46537241910966,17.988489569004603,79.32715300313158,1655272800,0
2022-06-15 09:00:00,09:00:00,4532117045436,Shell,entertainment,538.4,"Hyderabad, Telangana, IN",17.386884801584927,78.49526304649557,17.223797547992238,78.18950841861118,1655283600,0
2022-06-15 12:00:00,12:00:00,4532117045436,Shell,travel,205.72,"Hyderabad, Telangana, IN",17.38788854148935,78.49016101144947,17.773931103199264,78.25181276359368,1655294400,0
2022-06-15 15:00:00,15:00:00,4532117045436,Shell,grocery_pos,396.93,"Hyderabad, Telangana, IN",17.400851963453906,78.4818525486932,17.946781982914434,77.57822011402675,1655305200,0
2022-06-15 18:00:00,18:00:00,4532117045436,Zomato,entertainment,269.95,"Hyderabad, Telangana, IN",17.391898459638192,78.47762285724812,17.94489878357262,78.15282684524594,1655316000,0
2022-06-15 21:00:00,21:00:00,4532117045436,Netflix,food_dining,663.54,"Hyderabad, Telangana, IN",17.380792337005875,78.50398419666234,16.65559516425381,78.35317233582794,1655326800,0
2022-06-16 00:00:00,00:00:00,4532117045436,Amazon,entertainment,395.16,"Hyderabad, Telangana, IN",17.391128627402484,78.50793894714405,15.812518838517814,78.35054328666381,1655337600,0
2022-06-16 03:00:00,03:00:00,4532117045436,Shell,gas_transport,491.46,"Hyderabad, Telangana, IN",17.392502483033862,78.48377189770618,17.662540503850323,79.32815079711627,1655348400,0
2022-06-16 06:00:00,06:00:00,4532117045436,Apollo,shopping_net,417.24,"Hyderabad, Telangana, IN",17.405449658787415,78.48231764451964,17.38625775774248,78.77919805039517,1655359200,0
2022-06-16 09:00:00,09:00:00,4532117045436,Apollo,shopping_net,407.48,"Hyderabad, Telangana, IN",17.383428667537782,78.49798746155945,17.525208044718543,78.95620442301612,1655370000,0
2022-06-16 12:00:00,12:00:00,4532117045436,Shell,food_dining,3779.05,"Kolkata, West Bengal, IN",17.384170849470035,78.48423997498092,27.830781160097487,77.2930462877054,1655380800,1
2022-06-16 15:00:00,15:00:00,4532117045436,Shell,travel,340.4,"Hyderabad, Telangana, IN",17.398122992962822,78.49253454625553,17.215380351953474,78.13615729753317,1655391600,0
2022-06-16 18:00:00,18:00:00,4532117045436,Amazon,shopping_net,420.23,"Hyderabad, Telangana, IN",17.365014793237336,78.49228015125634,17.671291969083757,79.57614767970097,1655402400,0
2022-06-16 21:00:00,21:00:00,4532117045436,Shell,shopping_net,419.12,"Hyderabad, Telangana, IN",17.382953620183272,78.48707324766387,17.554471462839828,78.43623852679829,1655413200,0
2022-06-17 00:00:00,00:00:00,4532117045436,Amazon,grocery_pos,386.52,"Hyderabad, Telangana, IN",17.391943331736844,78.48835098935571,17.332598007704316,78.80893758545743,1655424000,0
2022-06-17 03:00:00,03:00:00,4532117045436,Apollo,food_dining,508.66,"Hyderabad, Telangana, IN",17.39547212824956,78.49039593815505,17.39946893560664,78.01293309625245,1655434800,0
2022-06-17 06:00:00,06:00:00,4532117045436,Shell,travel,382.95,"Hyderabad, Telangana, IN",17.36290648514744,78.47581416203028,17.693447639080556,77.9013929639891,1655445600,0
2022-06-17 09:00:00,09:00:00,4532117045436,Zomato,food_dining,691.67,"Hyderabad, Telangana, IN",17.371617324285616,78.47990267819142,17.087909881263688,79.23461076436566,1655456400,0
2022-06-17 12:00:00,12:00:00,4532117045436,MakeMyTrip,shopping_net,544.34,"Hyderabad, Telangana, IN",17.36007309778666,78.48895761261144,16.82914123707557,78.70295176707143,1655467200,0
2022-06-17 15:00:00,15:00:00,4532117045436,Zomato,shopping_net,247.6,"Hyderabad, Telangana, IN",17.393729390105257,78.48215720754287,16.821432251655025,78.37547335027287,1655478000,0
2022-06-17 18:00:00,18:00:00,4532117045436,Apollo,shopping_net,532.63,"Hyderabad, Telangana, IN",17.387044566880512,78.51447352610917,17.130717103648383,78.39238371853604,1655488800,0
2022-06-17 21:00:00,21:00:00,4532117045436,Amazon,health_fitness,346.58,"Hyderabad, Telangana, IN",17.399190138221577,78.48802578499507,18.127222159624928,77.96914579602961,1655499600,0
2022-06-18 00:00:00,00:00:00,4532117045436,Zomato,gas_transport,470.35,"Hyderabad, Telangana, IN",17.385291674396445,78.46931804959951,17.451384705845186,78.20617000944478,1655510400,0
2022-06-18 03:00:00,03:00:00,4532117045436,Amazon,entertainment,340.32,"Hyderabad, Telangana, IN",17.407409840526444,78.45856055681932,17.045490035151527,78.69955822898763,1655521200,0
2022-06-18 06:00:00,06:00:00,4532117045436,Zomato,gas_transport,120.84,"Hyderabad, Telangana, IN",17.375569696544073,78.4949106013564,17.48615139117042,78.50952499052154,1655532000,0
2022-06-18 09:00:00,09:00:00,4532117045436,Zomato,food_dining,446.74,"Hyderabad, Telangana, IN",17.381328608638885,78.48811263081285,16.862854683462402,78.86310613061507,1655542800,0
2022-06-18 12:00:00,12:00:00,4532117045436,Amazon,grocery_pos,234.84,"Hyderabad, Telangana, IN",17.389128304456968,78.50110680529117,17.292083018980033,77.11632841558487,1655553600,0
2022-06-18 15:00:00,15:00:00,4532117045436,Netflix,entertainment,512.96,"Hyderabad, Telangana, IN",17.37787246210292,78.48026000557158,17.179789248308552,78.57385016402826,1655564400,0
2022-06-18 18:00:00,18:00:00,4532117045436,Zomato,grocery_pos,5041.52,"Kolkata, West Bengal, IN",17.38917166029823,78.48549411180062,19.35231442546176,73.20851925085982,1655575200,1
2022-06-18 21:00:00,21:00:00,4532117045436,Shell,travel,359.42,"Hyderabad, Telangana, IN",17.383893473170478,78.48949213366924,17.93161526743176,77.3836226307525,1655586000,0
2022-06-19 00:00:00,00:00:00,4532117045436,MakeMyTrip,health_fitness,723.83,"Hyderabad, Telangana, IN",17.383310777284386,78.485149395235,17.196686686074095,77.96969661893684,1655596800,0
2022-06-19 03:00:00,03:00:00,4532117045436,Apollo,food_dining,264.11,"Hyderabad, Telangana, IN",17.383747170820893,78.48432258192565,17.365782759205985,77.76367739803746,1655607600,0
2022-06-19 06:00:00,06:00:00,4532117045436,Netflix,health_fitness,356.35,"Hyderabad, Telangana, IN",17.39205400029974,78.49395598751386,17.733407014719507,79.13496423587544,1655618400,0
2022-06-19 09:00:00,09:00:00,4532117045436,Amazon,food_dining,281.9,"Hyderabad, Telangana, IN",17.381571096183883,78.47836220465348,17.56089240124468,78.52274718332684,1655629200,0
2022-06-19 12:00:00,12:00:00,4532117045436,Netflix,grocery_pos,756.2,"Hyderabad, Telangana, IN",17.373800531381736,78.49205680823538,17.423601258740494,78.55726778747929,1655640000,0
2022-06-19 15:00:00,15:00:00,4532117045436,Walmart,grocery_pos,7813.65,"Kolkata, West Bengal, IN",17.385671689962344,78.50498508243014,22.612951180708027,77.63220658057965,1655650800,1
2022-06-19 18:00:00,18:00:00,4532117045436,Walmart,grocery_pos,236.68,"Hyderabad, Telangana, IN",17.378660841534437,78.503251381338,17.749095675881556,78.43129717287161,1655661600,0
2022-06-19 21:00:00,21:00:00,4532117045436,Zomato,food_dining,326.16,"Hyderabad, Telangana, IN",17.375007882354073,78.46864123004252,17.38139080631868,78.16177290736063,1655672400,0
2022-06-20 00:00:00,00:00:00,4532117045436,Zomato,shopping_net,331.25,"Hyderabad, Telangana, IN",17.367690138868866,78.48180218673383,17.457092224525258,78.57230287216612,1655683200,0
2022-06-20 03:00:00,03:00:00,4532117045436,Shell,grocery_pos,367.39,"Hyderabad, Telangana, IN",17.39431132227088,78.48960571786093,17.941439667222976,78.70181235888563,1655694000,0
2022-06-20 06:00:00,06:00:00,4532117045436,MakeMyTrip,health_fitness,293.58,"Hyderabad, Telangana, IN",17.39162498882298,78.49947894899168,17.96976256404976,77.92127842798874,1655704800,0
2022-06-20 09:00:00,09:00:00,4532117045436,Apollo,travel,359.14,"Hyderabad, Telangana, IN",17.399074129179652,78.48879897983916,17.519360395485982,79.26990726084652,1655715600,0
2022-06-20 12:00:00,12:00:00,4532117045436,Netflix,entertainment,600.73,"Hyderabad, Telangana, IN",17.38502775049832,78.49949770153772,17.437305467829496,77.54007844549344,1655726400,0
2022-06-20 15:00:00,15:00:00,4532117045436,Walmart,food_dining,742.04,"Hyderabad, Telangana, IN",17.3957855174632,78.48000619768196,17.712909718051375,78.6499274005173,1655737200,0
2022-06-20 18:00:00,18:00:00,4532117045436,Zomato,health_fitness,218.34,"Hyderabad, Telangana, IN",17.37556332185021,78.489997968734,17.259171939197998,79.32355303190806,1655748000,0
2022-06-20 21:00:00,21:00:00,4532117045436,Apollo,gas_transport,293.83,"Hyderabad, Telangana, IN",17.36591887608351,78.49024965256079,17.26048373374324,78.54721857336976,1655758800,0
2022-06-21 00:00:00,00:00:00,4532117045436,Netflix,travel,482.03,"Hyderabad, Telangana, IN",17.377483441098896,78.49983343635351,17.353657384132035,77.45926802482676,1655769600,0
2022-06-21 03:00:00,03:00:00,4532117045436,Zomato,gas_transport,212.95,"Hyderabad, Telangana, IN",17.3829405633829,78.49578555803659,16.875769191932612,79.2299994153747,1655780400,0
2022-06-21 06:00:00,06:00:00,4532117045436,Zomato,entertainment,485.91,"Hyderabad, Telangana, IN",17.38860455677431,78.4936000143942,18.5661919998818,78.24609290506876,1655791200,0
2022-06-21 09:00:00,09:00:00,4532117045436,Walmart,shopping_net,531.02,"Hyderabad, Telangana, IN",17.397808536031032,78.49519329832883,17.185150196994545,78.8771395002108,1655802000,0
2022-06-21 12:00:00,12:00:00,4532117045436,Walmart,grocery_pos,555.1,"Hyderabad, Telangana, IN",17.38822080379381,78.4746039915941,17.618815637641344,78.69616252429527,1655812800,0
2022-06-21 15:00:00,15:00:00,4532117045436,Zomato,food_dining,526.82,"Hyderabad, Telangana, IN",17.407573967580824,78.48498538259851,17.376534591630403,78.47858995724219,1655823600,0
2022-06-21 18:00:00,18:00:00,4532117045436,Amazon,health_fitness,369.71,"Hyderabad, Telangana, IN",17.386198200236315,78.4766509261372,17.72897651921149,77.45723492339415,1655834400,0
2022-06-21 21:00:00,21:00:00,4532117045436,Zomato,grocery_pos,422.75,"Hyderabad, Telangana, IN",17.386007354501043,78.48016879999011,17.192969542759414,78.69017693152993,1655845200,0
2022-06-22 00:00:00,00:00:00,4532117045436,Apollo,health_fitness,273.07,"Hyderabad, Telangana, IN",17.388382026388715,78.48496255469523,17.49340496526228,78.85575052893246,1655856000,0
2022-06-22 03:00:00,03:00:00,4532117045436,Zomato,food_dining,519.65,"Hyderabad, Telangana, IN",17.38878952485119,78.4641360284234,16.959890569083296,77.68620963799295,1655866800,0
2022-06-22 06:00:00,06:00:00,4532117045436,Shell,gas_transport,690.5,"Hyderabad, Telangana, IN",17.388645885044667,78.48532319810123,17.99210004868104,79.32399162849488,1655877600,0
2022-06-22 09:00:00,09:00:00,4532117045436,MakeMyTrip,grocery_pos,519.33,"Hyderabad, Telangana, IN",17.37267748004925,78.47887181736428,17.715779872940733,78.2936123056431,1655888400,0
2022-06-22 12:00:00,12:00:00,4532117045436,Shell,entertainment,345.75,"Hyderabad, Telangana, IN",17.39352192748496,78.47613895350752,16.67681738997842,79.39490106066505,1655899200,0
2022-06-22 15:00:00,15:00:00,4532117045436,Shell,shopping_net,599.22,"Hyderabad, Telangana, IN",17.410056853177025,78.487658568803,17.392068905125697,78.82021116125642,1655910000,0
2022-06-22 18:00:00,18:00:00,4532117045436,Amazon,entertainment,804.85,"Hyderabad, Telangana, IN",17.376170160184927,78.48281265978223,16.68976097792964,78.49853643746974,1655920800,0
2022-06-22 21:00:00,21:00:00,4532117045436,Amazon,shopping_net,486.47,"Hyderabad, Telangana, IN",17.38458761484363,78.49011501739675,16.98525202797433,78.53907934231867,1655931600,0
2022-06-23 00:00:00,00:00:00,4532117045436,Zomato,travel,533.17,"Hyderabad, Telangana, IN",17.37127209158621,78.48021177523914,17.84549241444533,78.97911632613874,1655942400,0
2022-06-23 03:00:00,03:00:00,4532117045436,Shell,health_fitness,551.66,"Hyderabad, Telangana, IN",17.392519213094037,78.4849440025138,16.14197697789358,79.25069298235022,1655953200,0
2022-06-23 06:00:00,06:00:00,4532117045436,Amazon,grocery_pos,209.33,"Hyderabad, Telangana, IN",17.39250960560749,78.51128684374336,17.90762967031871,78.00076707105724,1655964000,0
2022-06-23 09:00:00,09:00:00,4532117045436,Walmart,grocery_pos,388.33,"Hyderabad, Telangana, IN",17.369959666347896,78.4929310119081,17.574398113078328,78.1874142797868,1655974800,0
2022-06-23 12:00:00,12:00:00,4532117045436,Zomato,travel,372.92,"Hyderabad, Telangana, IN",17.371875478571948,78.47823927786706,17.344940510818788,79.3157145734839,1655985600,0
2022-06-23 15:00:00,15:00:00,4532117045436,Apollo,shopping_net,575.23,"Hyderabad, Telangana, IN",17.364183354711766,78.49909432186698,17.823946232584653,78.045617893127,1655996400,0
2022-06-23 18:00:00,18:00:00,4532117045436,MakeMyTrip,gas_transport,557.76,"Hyderabad, Telangana, IN",17.400703795745834,78.5021840831301,18.736401415141984,78.49777128128508,1656007200,0
2022-06-23 21:00:00,21:00:00,4532117045436,Netflix,food_dining,431.89,"Hyderabad, Telangana, IN",17.37661283417184,78.49268681696654,16.720385546865025,78.14305592184675,1656018000,0
2022-06-24 00:00:00,00:00:00,4532117045436,Zomato,entertainment,363.92,"Hyderabad, Telangana, IN",17.38365788798571,78.47888043555247,18.231756503256037,78.85630722078143,1656028800,0
2022-06-24 03:00:00,03:00:00,4532117045436,Netflix,travel,197.01,"Hyderabad, Telangana, IN",17.381333459473026,78.49702980342754,17.868203633644598,77.25485700401403,1656039600,0
2022-06-24 06:00:00,06:00:00,4532117045436,Shell,health_fitness,447.69,"Hyderabad, Telangana, IN",17.39488448021846,78.48092687750626,17.03260676504054,78.85403216600156,1656050400,0
2022-06-24 09:00:00,09:00:00,4532117045436,MakeMyTrip,travel,306.81,"Hyderabad, Telangana, IN",17.391602224383988,78.50020846920401,17.647394198544692,79.0668788734046,1656061200,0
2022-06-24 12:00:00,12:00:00,4532117045436,Netflix,entertainment,288.22,"Hyderabad, Telangana, IN",17.39106820924701,78.48429081218812,16.828937528386334,78.81543425879237,1656072000,0
2022-06-24 15:00:00,15:00:00,4532117045436,Shell,entertainment,588.94,"Hyderabad, Telangana, IN",17.37687943808123,78.48390484960906,17.138694390947137,78.07097795302361,1656082800,0
2022-06-24 18:00:00,18:00:00,4532117045436,Walmart,health_fitness,5488.35,"Delhi, Delhi, IN",17.391812312759345,78.49194057352446,23.47767350831505,73.41600879433322,1656093600,1
2022-06-24 21:00:00,21:00:00,4532117045436,Netflix,health_fitness,376.71,"Hyderabad, Telangana, IN",17.39428437390948,78.50080265840968,16.71071150294819,78.14795926614883,1656104400,0
2022-06-25 00:00:00,00:00:00,4532117045436,MakeMyTrip,grocery_pos,214.64,"Hyderabad, Telangana, IN",17.39151697034781,78.51038218375392,17.57584914075557,78.8125889959524,1656115200,0
2022-06-25 03:00:00,03:00:00,4532117045436,Zomato,entertainment,326.13,"Hyderabad, Telangana, IN",17.37210937868372,78.48697014625768,17.62011125301739,78.47441880106695,1656126000,0
2022-06-25 06:00:00,06:00:00,4532117045436,Shell,food_dining,598.99,"Hyderabad, Telangana, IN",17.37370256334269,78.4826032672528,17.61457583999835,78.92610404124274,1656136800,0
2022-06-25 09:00:00,09:00:00,4532117045436,Zomato,food_dining,520.16,"Hyderabad, Telangana, IN",17.40237123856849,78.47849329214044,17.703089862816842,78.37608584997324,1656147600,0
2022-06-25 12:00:00,12:00:00,4532117045436,MakeMyTrip,shopping_net,379.23,"Hyderabad, Telangana, IN",17.404439458970007,78.47188125473178,17.44422619930433,78.35078228621197,1656158400,0
2022-06-25 15:00:00,15:00:00,4532117045436,Amazon,travel,458.81,"Hyderabad, Telangana, IN",17.384300228296546,78.47663963226422,17.72417761142583,79.28679367827074,1656169200,0
2022-06-25 18:00:00,18:00:00,4532117045436,Shell,health_fitness,138.78,"Hyderabad, Telangana, IN",17.384287287676518,78.48905639648585,17.921548539835236,78.14146249198173,1656180000,0
2022-06-25 21:00:00,21:00:00,4532117045436,Netflix,grocery_pos,127.42,"Hyderabad, Telangana, IN",17.386574148065332,78.49724651492512,17.508202325529474,78.80997832563412,1656190800,0
2022-06-26 00:00:00,00:00:00,4532117045436,Shell,food_dining,746.57,"Hyderabad, Telangana, IN",17.3907900403398,78.47766259666352,17.16781211826291,78.87874576617864,1656201600,0
2022-06-26 03:00:00,03:00:00,4532117045436,Zomato,gas_transport,525.98,"Hyderabad, Telangana, IN",17.370574968956767,78.49457131784453,17.312308655847986,79.67239420590225,1656212400,0
2022-06-26 06:00:00,06:00:00,4532117045436,Walmart,grocery_pos,450.25,"Hyderabad, Telangana, IN",17.387304188343638,78.47808098008275,16.966875547367206,79.31454909891234,1656223200,0
2022-06-26 09:00:00,09:00:00,4532117045436,Shell,grocery_pos,390.46,"Hyderabad, Telangana, IN",17.374692485052933,78.47929658911883,17.8106970014085,78.76121349497649,1656234000,0
2022-06-26 12:00:00,12:00:00,4532117045436,Netflix,food_dining,185.72,"Hyderabad, Telangana, IN",17.384797585253118,78.47600451557531,16.58227431478786,78.84157287161378,1656244800,0
2022-06-26 15:00:00,15:00:00,4532117045436,Amazon,gas_transport,598.98,"Hyderabad, Telangana, IN",17.376161697271712,78.50001840160223,17.305320687514097,79.11763984026007,1656255600,0
2022-06-26 18:00:00,18:00:00,4532117045436,Apollo,shopping_net,279.47,"Hyderabad, Telangana, IN",17.37851716290697,78.50276404341477,17.669567740350296,78.16590406849517,1656266400,0
2022-06-26 21:00:00,21:00:00,4532117045436,Walmart,food_dining,555.63,"Hyderabad, Telangana, IN",17.38681587410708,78.47940887100779,16.874960662190013,79.36741818587302,1656277200,0
2022-06-27 00:00:00,00:00:00,4532117045436,Amazon,gas_transport,469.8,"Hyderabad, Telangana, IN",17.378826963299815,78.4786085913869,16.686000038505092,78.47110193622866,1656288000,0
2022-06-27 03:00:00,03:00:00,4532117045436,Shell,grocery_pos,442.19,"Hyderabad, Telangana, IN",17.374011504389994,78.49292571321642,16.245180797525126,78.82756956886794,1656298800,0
2022-06-27 06:00:00,06:00:00,4532117045436,Zomato,gas_transport,254.65,"Hyderabad, Telangana, IN",17.39953509301955,78.50398031197037,17.242836362979833,78.6674406192749,1656309600,0
2022-06-27 09:00:00,09:00:00,4532117045436,MakeMyTrip,grocery_pos,256.64,"Hyderabad, Telangana, IN",17.374154572230086,78.5028391909977,16.813245122644833,78.10819202412883,1656320400,0
2022-06-27 12:00:00,12:00:00,4532117045436,Zomato,travel,508.49,"Hyderabad, Telangana, IN",17.36189543261145,78.48284940130017,17.823375093481733,78.29620691244222,1656331200,0
2022-06-27 15:00:00,15:00:00,4532117045436,Netflix,food_dining,461.88,"Hyderabad, Telangana, IN",17.390687647962498,78.48486452033644,16.60921880302211,78.08800907152643,1656342000,0
2022-06-27 18:00:00,18:00:00,4532117045436,Zomato,health_fitness,457.08,"Hyderabad, Telangana, IN",17.382103200900296,78.47438458452619,17.64933716748216,78.59633985676733,1656352800,0
2022-06-27 21:00:00,21:00:00,4532117045436,Walmart,food_dining,492.91,"Hyderabad, Telangana, IN",17.38470662394714,78.48273662282875,16.73398029275782,77.7207597709112,1656363600,0
2022-06-28 00:00:00,00:00:00,4532117045436,Zomato,travel,159.49,"Hyderabad, Telangana, IN",17.38658183002797,78.48766631801165,16.6284482658524,77.99222000987645,1656374400,0
2022-06-28 03:00:00,03:00:00,4532117045436,Netflix,entertainment,602.27,"Hyderabad, Telangana, IN",17.397706548776927,78.47320223733239,16.783251042203855,78.26501252129545,1656385200,0
2022-06-28 06:00:00,06:00:00,4532117045436,Apollo,entertainment,396.62,"Hyderabad, Telangana, IN",17.403637981999022,78.4812501223823,17.92266675835112,78.40783324243033,1656396000,0
2022-06-28 09:00:00,09:00:00,4532117045436,Shell,entertainment,625.45,"Hyderabad, Telangana, IN",17.387534446490886,78.48892214428633,16.783586936427835,79.21462020076022,1656406800,0
2022-06-28 12:00:00,12:00:00,4532117045436,MakeMyTrip,food_dining,148.75,"Hyderabad, Telangana, IN",17.373242729382977,78.47150025434726,17.95596133422506,78.98418255644816,1656417600,0
2022-06-28 15:00:00,15:00:00,4532117045436,Shell,shopping_net,535.35,"Hyderabad, Telangana, IN",17.38645963508418,78.49139059514296,17.486325838144182,78.42804839265888,1656428400,0
2022-06-28 18:00:00,18:00:00,4532117045436,Zomato,food_dining,533.94,"Hyderabad, Telangana, IN",17.390891821503704,78.49690394349216,17.125812518398597,79.3939024793325,1656439200,0
2022-06-28 21:00:00,21:00:00,4532117045436,Amazon,travel,227.08,"Hyderabad, Telangana, IN",17.39503635643469,78.49240030093755,16.858866061664656,78.65450472218055,1656450000,0
2022-06-29 00:00:00,00:00:00,4532117045436,Shell,travel,354.11,"Hyderabad, Telangana, IN",17.386372938753496,78.48173207530417,18.337215666574338,78.82376153320124,1656460800,0
2022-06-29 03:00:00,03:00:00,4532117045436,Apollo,health_fitness,291.07,"Hyderabad, Telangana, IN",17.379394589198725,78.49841996727463,17.090824425364094,77.54114587437593,1656471600,0
2022-06-29 06:00:00,06:00:00,4532117045436,Zomato,gas_transport,579.48,"Hyderabad, Telangana, IN",17.375932122460434,78.50057446723373,17.0929082483873,78.01582534934496,1656482400,0
2022-06-29 09:00:00,09:00:00,4532117045436,MakeMyTrip,food_dining,496.33,"Hyderabad, Telangana, IN",17.38383445914464,78.48987788965363,18.11058314244155,79.01052442737056,1656493200,0
2022-06-29 12:00:00,12:00:00,4532117045436,Netflix,food_dining,689.83,"Hyderabad, Telangana, IN",17.369989955521017,78.48819038422401,18.199202394931714,78.81408131402138,1656504000,0
2022-06-29 15:00:00,15:00:00,4532117045436,Apollo,grocery_pos,480.44,"Hyderabad, Telangana, IN",17.38894380860579,78.48050292950133,17.315026581679383,79.38431078296314,1656514800,0
2022-06-29 18:00:00,18:00:00,4532117045436,Zomato,travel,559.84,"Hyderabad, Telangana, IN",17.386773161454737,78.48263323242031,17.977117475067416,79.34545028051258,1656525600,0
2022-06-29 21:00:00,21:00:00,4532117045436,Apollo,grocery_pos,625.8,"Hyderabad, Telangana, IN",17.38672346227105,78.49742175263172,17.0787337922688,78.22134921865641,1656536400,0
2022-06-30 00:00:00,00:00:00,4532117045436,Shell,grocery_pos,533.16,"Hyderabad, Telangana, IN",17.39217626817818,78.50519386684269,18.508486204238103,79.06225818207719,1656547200,0
2022-06-30 03:00:00,03:00:00,4532117045436,MakeMyTrip,food_dining,392.37,"Hyderabad, Telangana, IN",17.399509709587402,78.48255022685385,16.729366375177705,77.99541403899838,1656558000,0
2022-06-30 06:00:00,06:00:00,4532117045436,Netflix,shopping_net,364.46,"Hyderabad, Telangana, IN",17.384295687729548,78.48498701328623,16.927964401070927,77.6926755548738,1656568800,0
2022-06-30 09:00:00,09:00:00,4532117045436,Zomato,gas_transport,438.04,"Hyderabad, Telangana, IN",17.3857693327578,78.48022761803351,18.041369300935223,78.64623789040809,1656579600,0
2022-06-30 12:00:00,12:00:00,4532117045436,Walmart,gas_transport,569.49,"Hyderabad, Telangana, IN",17.381303346520244,78.4823918725945,17.24036568122915,78.86939246263053,1656590400,0
2022-06-30 15:00:00,15:00:00,4532117045436,Netflix,travel,5784.67,"Delhi, Delhi, IN",17.390515112398504,78.474119963836,12.79444216795548,88.43133010908896,1656601200,1
2022-06-30 18:00:00,18:00:00,4532117045436,Walmart,health_fitness,547.82,"Hyderabad, Telangana, IN",17.384923836659212,78.49099163993449,17.151903628139397,78.9647830727613,1656612000,0
2022-06-30 21:00:00,21:00:00,4532117045436,Apollo,travel,498.39,"Hyderabad, Telangana, IN",17.39655059667719,78.47401886362049,17.714631804522355,78.19589045327939,1656622800,0
2022-07-01 00:00:00,00:00:00,4532117045436,Amazon,shopping_net,262.0,"Hyderabad, Telangana, IN",17.39634046927532,78.48121756438553,17.038504044699447,78.99610668848125,1656633600,0
2022-07-01 03:00:00,03:00:00,4532117045436,Netflix,shopping_net,540.53,"Hyderabad, Telangana, IN",17.38816075006742,78.4860887137025,17.347128346946295,78.22674742602939,1656644400,0
2022-07-01 06:00:00,06:00:00,4532117045436,Apollo,gas_transport,471.29,"Hyderabad, Telangana, IN",17.384203885606404,78.47355959168081,16.744749780926274,79.68111239405621,1656655200,0
2022-07-01 09:00:00,09:00:00,4532117045436,Walmart,entertainment,367.42,"Hyderabad, Telangana, IN",17.382267525525275,78.47896135663729,17.36106978861396,78.91472598209182,1656666000,0
2022-07-01 12:00:00,12:00:00,4532117045436,Shell,grocery_pos,469.11,"Hyderabad, Telangana, IN",17.38980366524121,78.47544642469015,16.946092231489132,79.27536503879078,1656676800,0
2022-07-01 15:00:00,15:00:00,4532117045436,Shell,grocery_pos,373.25,"Hyderabad, Telangana, IN",17.389830266590575,78.49769610737307,18.42127539000489,77.86447269564762,1656687600,0
2022-07-01 18:00:00,18:00:00,4532117045436,Amazon,gas_transport,487.15,"Hyderabad, Telangana, IN",17.382263672601567,78.50094675388873,17.22465478448241,78.27634943150213,1656698400,0
2022-07-01 21:00:00,21:00:00,4532117045436,Netflix,travel,424.81,"Hyderabad, Telangana, IN",17.38788443225728,78.47880689767804,16.786170314631566,78.44384495433472,1656709200,0
2022-07-02 00:00:00,00:00:00,4532117045436,Netflix,shopping_net,220.51,"Hyderabad, Telangana, IN",17.377257780578454,78.51433314672386,17.730920765815508,77.90586506916006,1656720000,0
2022-07-02 03:00:00,03:00:00,4532117045436,Netflix,travel,429.29,"Hyderabad, Telangana, IN",17.389509291195456,78.47735963217444,16.781058013203307,79.29401484399456,1656730800,0
2022-07-02 06:00:00,06:00:00,4532117045436,Apollo,health_fitness,383.6,"Hyderabad, Telangana, IN",17.378098099461084,78.48246738989064,17.82349000384365,78.51507193524556,1656741600,0
2022-07-02 09:00:00,09:00:00,4532117045436,MakeMyTrip,entertainment,545.34,"Hyderabad, Telangana, IN",17.392720356474236,78.49162913577545,17.1060473824228,77.7319089271556,1656752400,0
2022-07-02 12:00:00,12:00:00,4532117045436,MakeMyTrip,gas_transport,581.97,"Hyderabad, Telangana, IN",17.381832856688607,78.49257290396204,17.36614026855576,78.23835983806947,1656763200,0
2022-07-02 15:00:00,15:00:00,4532117045436,Amazon,grocery_pos,373.65,"Hyderabad, Telangana, IN",17.401738442597683,78.48350979338649,17.290129845678027,77.9250487710569,1656774000,0
2022-07-02 18:00:00,18:00:00,4532117045436,Netflix,food_dining,331.59,"Hyderabad, Telangana, IN",17.385390979956007,78.49764243293843,17.2581207697106,78.85928854940946,1656784800,0
2022-07-02 21:00:00,21:00:00,4532117045436,Apollo,travel,197.98,"Hyderabad, Telangana, IN",17.387379648919,78.49868713519464,17.41611716773257,78.79020717151599,1656795600,0
2022-07-03 00:00:00,00:00:00,4532117045436,Shell,shopping_net,327.89,"Hyderabad, Telangana, IN",17.371013380948774,78.48662325060478,17.053389571141636,78.81050094282456,1656806400,0
2022-07-03 03:00:00,03:00:00,4532117045436,Walmart,food_dining,401.51,"Hyderabad, Telangana, IN",17.39906543147177,78.48519897200119,16.83899370454047,78.97703014171161,1656817200,0
2022-07-03 06:00:00,06:00:00,4532117045436,Apollo,health_fitness,249.11,"Hyderabad, Telangana, IN",17.384620653043726,78.48059457318622,17.404419386560207,79.58530434643957,1656828000,0
2022-07-03 09:00:00,09:00:00,4532117045436,MakeMyTrip,gas_transport,583.97,"Hyderabad, Telangana, IN",17.40239504596538,78.47629752576321,17.186127752084047,79.3939669084197,1656838800,0
2022-07-03 12:00:00,12:00:00,4532117045436,MakeMyTrip,travel,489.32,"Hyderabad, Telangana, IN",17.385482436880842,78.47869538495182,16.74551931226903,78.26275195620939,1656849600,0
2022-07-03 15:00:00,15:00:00,4532117045436,Shell,grocery_pos,431.94,"Hyderabad, Telangana, IN",17.382858730817315,78.49214531558407,17.692136300159696,79.55141356097688,1656860400,0
2022-07-03 18:00:00,18:00:00,4532117045436,Shell,travel,447.5,"Hyderabad, Telangana, IN",17.37988526343726,78.48670703323603,17.376828119685772,78.38655685295225,1656871200,0
2022-07-03 21:00:00,21:00:00,4532117045436,Walmart,entertainment,495.91,"Hyderabad, Telangana, IN",17.391421827950996,78.484257946685,16.84165989537377,78.53915979032698,1656882000,0
2022-07-04 00:00:00,00:00:00,4532117045436,Shell,food_dining,2022.23,"Chennai, Tamil Nadu, IN",17.390207567733817,78.48098975780547,18.89802464024364,77.10067533934782,1656892800,1
2022-07-04 03:00:00,03:00:00,4532117045436,Amazon,entertainment,571.35,"Hyderabad, Telangana, IN",17.371659653711816,78.48120598314846,17.31272545770141,78.81904951677782,1656903600,0
2022-07-04 06:00:00,06:00:00,4532117045436,Walmart,health_fitness,7058.94,"Delhi, Delhi, IN",17.37931109590377,78.48624851824839,13.555598173109574,80.54883542931695,1656914400,1
2022-07-04 09:00:00,09:00:00,4532117045436,Shell,grocery_pos,428.71,"Hyderabad, Telangana, IN",17.392224842435663,78.48545885739885,18.966208642467784,78.49915243779617,1656925200,0
2022-07-04 12:00:00,12:00:00,4532117045436,Zomato,food_dining,475.95,"Hyderabad, Telangana, IN",17.378555242297846,78.486689597876,17.381105744950887,78.6343787627787,1656936000,0
2022-07-04 15:00:00,15:00:00,4532117045436,Apollo,health_fitness,422.59,"Hyderabad, Telangana, IN",17.376829630690175,78.48225379372226,17.275040301188717,77.64429881142864,1656946800,0
2022-07-04 18:00:00,18:00:00,4532117045436,Shell,entertainment,580.85,"Hyderabad, Telangana, IN",17.386962438502355,78.47999187590155,18.60344102020772,77.63498643688465,1656957600,0
2022-07-04 21:00:00,21:00:00,4532117045436,Amazon,entertainment,634.1,"Hyderabad, Telangana, IN",17.385871450027167,78.48678424470695,17.613292807833528,78.07383596438798,1656968400,0
2022-07-05 00:00:00,00:00:00,4532117045436,Netflix,food_dining,501.61,"Hyderabad, Telangana, IN",17.38036012715269,78.49319796992869,17.989372206783543,78.11643430893488,1656979200,0
2022-07-05 03:00:00,03:00:00,4532117045436,Shell,grocery_pos,313.77,"Hyderabad, Telangana, IN",17.402673863326598,78.48161407851691,17.432149345643914,78.50814621721268,1656990000,0
2022-07-05 06:00:00,06:00:00,4532117045436,MakeMyTrip,entertainment,526.26,"Hyderabad, Telangana, IN",17.383509893836816,78.46282641871726,17.417117181918492,78.42016387439288,1657000800,0
2022-07-05 09:00:00,09:00:00,4532117045436,MakeMyTrip,gas_transport,507.55,"Hyderabad, Telangana, IN",17.37235005843739,78.47302526415807,16.957348968081998,79.07370776391768,1657011600,0
2022-07-05 12:00:00,12:00:00,4532117045436,MakeMyTrip,health_fitness,301.19,"Hyderabad, Telangana, IN",17.368810883030278,78.49744251109557,17.719443045849527,78.29671690182778,1657022400,0
2022-07-05 15:00:00,15:00:00,4532117045436,Netflix,food_dining,507.39,"Hyderabad, Telangana, IN",17.395224761275863,78.49663738016281,18.309346853648947,78.3060406588548,1657033200,0
2022-07-05 18:00:00,18:00:00,4532117045436,MakeMyTrip,shopping_net,368.37,"Hyderabad, Telangana, IN",17.374026072526913,78.49316757781435,18.1735517287058,78.9886461213907,1657044000,0
2022-07-05 21:00:00,21:00:00,4532117045436,Zomato,shopping_net,561.91,"Hyderabad, Telangana, IN",17.385304415594284,78.49182663878364,16.779705908506283,77.53535394757517,1657054800,0
2022-07-06 00:00:00,00:00:00,4532117045436,Shell,grocery_pos,525.04,"Hyderabad, Telangana, IN",17.37626022467732,78.49687708264933,18.31478059469053,79.37350157600606,1657065600,0
2022-07-06 03:00:00,03:00:00,4532117045436,MakeMyTrip,gas_transport,483.45,"Hyderabad, Telangana, IN",17.383978884328833,78.48326839933459,16.971311967023606,77.72543923243693,1657076400,0
2022-07-06 06:00:00,06:00:00,4532117045436,Walmart,entertainment,455.78,"Hyderabad, Telangana, IN",17.388479869077987,78.48808915046777,16.914688503626028,78.99713007394529,1657087200,0
2022-07-06 09:00:00,09:00:00,4532117045436,Netflix,shopping_net,129.99,"Hyderabad, Telangana, IN",17.371344581445292,78.4789823915639,16.9420684221248,78.908779532032,1657098000,0
2022-07-06 12:00:00,12:00:00,4532117045436,Zomato,grocery_pos,267.86,"Hyderabad, Telangana, IN",17.380442983910264,78.48494665795825,17.189486835924537,79.26931624031062,1657108800,0
2022-07-06 15:00:00,15:00:00,4532117045436,Walmart,health_fitness,430.38,"Hyderabad, Telangana, IN",17.37826409712561,78.5056625790884,16.41866263309633,78.1294990567618,1657119600,0
2022-07-06 18:00:00,18:00:00,4532117045436,Walmart,gas_transport,677.91,"Hyderabad, Telangana, IN",17.375346305337104,78.47843375456465,17.411372092119045,78.50773570497235,1657130400,0
2022-07-06 21:00:00,21:00:00,4532117045436,Walmart,gas_transport,534.7,"Hyderabad, Telangana, IN",17.381243338808044,78.47504835722184,17.25522052608098,77.91086819409115,1657141200,0
2022-07-07 00:00:00,00:00:00,4532117045436,Walmart,travel,722.11,"Hyderabad, Telangana, IN",17.37876199707936,78.48476366562,17.40575911964713,78.45604850688666,1657152000,0
2022-07-07 03:00:00,03:00:00,4532117045436,Shell,grocery_pos,462.45,"Hyderabad, Telangana, IN",17.393729879859084,78.48270116211306,17.137000285885467,78.43549503512567,1657162800,0
2022-07-07 06:00:00,06:00:00,4532117045436,MakeMyTrip,grocery_pos,445.37,"Hyderabad, Telangana, IN",17.37784222906186,78.4893597931811,16.589002506853564,79.26351140043558,1657173600,0
2022-07-07 09:00:00,09:00:00,4532117045436,Apollo,travel,663.77,"Hyderabad, Telangana, IN",17.389508232784667,78.49462869690159,17.254787806486135,78.75548040307687,1657184400,0
2022-07-07 12:00:00,12:00:00,4532117045436,Shell,entertainment,426.12,"Hyderabad, Telangana, IN",17.38915826983115,78.48295470796843,17.995202033597966,78.46975128319126,1657195200,0
2022-07-07 15:00:00,15:00:00,4532117045436,Shell,grocery_pos,302.03,"Hyderabad, Telangana, IN",17.3699889300837,78.50776778788767,16.879913948052806,78.46328490626945,1657206000,0
2022-07-07 18:00:00,18:00:00,4532117045436,Zomato,travel,497.51,"Hyderabad, Telangana, IN",17.37994300484551,78.49900697041737,16.946354057731135,78.25712603882774,1657216800,0
2022-07-07 21:00:00,21:00:00,4532117045436,Zomato,entertainment,618.38,"Hyderabad, Telangana, IN",17.383899378482557,78.47906473101648,17.61243950216222,78.36715939896315,1657227600,0
2022-07-08 00:00:00,00:00:00,4532117045436,MakeMyTrip,entertainment,326.11,"Hyderabad, Telangana, IN",17.387654118521226,78.48590911320254,16.76598809968525,78.52776511280207,1657238400,0
2022-07-08 03:00:00,03:00:00,4532117045436,Apollo,food_dining,538.36,"Hyderabad, Telangana, IN",17.382636306767974,78.49198402909136,17.497905938902893,79.4561495892408,1657249200,0
2022-07-08 06:00:00,06:00:00,4532117045436,Zomato,gas_transport,436.01,"Hyderabad, Telangana, IN",17.39541914325421,78.47841086360263,17.607020718896813,78.68759749138454,1657260000,0
2022-07-08 09:00:00,09:00:00,4532117045436,MakeMyTrip,health_fitness,517.7,"Hyderabad, Telangana, IN",17.38604745978248,78.46605304553349,17.103488359984418,77.96903194899515,1657270800,0
2022-07-08 12:00:00,12:00:00,4532117045436,MakeMyTrip,gas_transport,497.03,"Hyderabad, Telangana, IN",17.389455145370643,78.50599378763971,17.010125673666337,79.79072152283399,1657281600,0
2022-07-08 15:00:00,15:00:00,4532117045436,Amazon,gas_transport,387.85,"Hyderabad, Telangana, IN",17.379078265465647,78.47562995176897,16.680475890058442,79.003936219328,1657292400,0
2022-07-08 18:00:00,18:00:00,4532117045436,Apollo,food_dining,434.07,"Hyderabad, Telangana, IN",17.389600797510177,78.4952242440079,16.989469147946124,78.97268673108806,1657303200,0
2022-07-08 21:00:00,21:00:00,4532117045436,Zomato,entertainment,397.02,"Hyderabad, Telangana, IN",17.40436389605904,78.4937042932074,17.668883949341588,78.37869984849937,1657314000,0
2022-07-09 00:00:00,00:00:00,4532117045436,Apollo,entertainment,467.81,"Hyderabad, Telangana, IN",17.390265853628897,78.47854150079608,17.80412773928485,78.88546040324249,1657324800,0
2022-07-09 03:00:00,03:00:00,4532117045436,Shell,grocery_pos,323.09,"Hyderabad, Telangana, IN",17.396030154746697,78.50629904154005,17.416836380995147,78.6388501314964,1657335600,0
2022-07-09 06:00:00,06:00:00,4532117045436,Shell,food_dining,358.94,"Hyderabad, Telangana, IN",17.382084505179936,78.48734589160216,17.07777353686144,77.80705927352122,1657346400,0
2022-07-09 09:00:00,09:00:00,4532117045436,Apollo,grocery_pos,387.91,"Hyderabad, Telangana, IN",17.394242460040317,78.48807768294056,17.421654922233323,78.71351977489465,1657357200,0
2022-07-09 12:00:00,12:00:00,4532117045436,Amazon,food_dining,508.76,"Hyderabad, Telangana, IN",17.3951156862384,78.47131743940899,16.97583820744095,77.8592304355336,1657368000,0
2022-07-09 15:00:00,15:00:00,4532117045436,Amazon,grocery_pos,237.67,"Hyderabad, Telangana, IN",17.387454486208547,78.46558010740148,17.474547400542214,78.63572141722355,1657378800,0
2022-07-09 18:00:00,18:00:00,4532117045436,Apollo,shopping_net,433.93,"Hyderabad, Telangana, IN",17.384252490629123,78.48427425410418,17.75843104831,78.68236184721759,1657389600,0
2022-07-09 21:00:00,21:00:00,4532117045436,Zomato,travel,343.77,"Hyderabad, Telangana, IN",17.370049127480332,78.49967262458387,17.152322694627934,78.03054194997533,1657400400,0
2022-07-10 00:00:00,00:00:00,4532117045436,Netflix,gas_transport,388.29,"Hyderabad, Telangana, IN",17.384676155262355,78.46808173258816,16.98345208138226,78.54548210450078,1657411200,0
2022-07-10 03:00:00,03:00:00,4532117045436,Amazon,gas_transport,350.97,"Hyderabad, Telangana, IN",17.390652234729238,78.48815353798058,17.141141155937014,78.78392951788793,1657422000,0
2022-07-10 06:00:00,06:00:00,4532117045436,Walmart,health_fitness,479.19,"Hyderabad, Telangana, IN",17.37734757037364,78.4875160424814,17.928755553801047,78.23041606940757,1657432800,0
2022-07-10 09:00:00,09:00:00,4532117045436,Shell,travel,426.43,"Hyderabad, Telangana, IN",17.372299170660295,78.49911027333775,18.780664975947648,78.71528103534322,1657443600,0
2022-07-10 12:00:00,12:00:00,4532117045436,Apollo,entertainment,556.74,"Hyderabad, Telangana, IN",17.386019516788995,78.49686479969387,17.70929178519195,79.12285276806331,1657454400,0
2022-07-10 15:00:00,15:00:00,4532117045436,Walmart,health_fitness,510.26,"Hyderabad, Telangana, IN",17.387306659199336,78.48810281532941,17.34842143431598,78.90777655596493,1657465200,0
2022-07-10 18:00:00,18:00:00,4532117045436,Apollo,shopping_net,219.44,"Hyderabad, Telangana, IN",17.371526287587606,78.4857643646169,16.898245016002477,78.33174632984321,1657476000,0
2022-07-10 21:00:00,21:00:00,4532117045436,MakeMyTrip,health_fitness,306.0,"Hyderabad, Telangana, IN",17.385407716915264,78.47950140990892,16.867216086371986,79.21329461245871,1657486800,0
2022-07-11 00:00:00,00:00:00,4532117045436,Shell,gas_transport,424.03,"Hyderabad, Telangana, IN",17.38789927558609,78.47524564649758,17.598827002483766,78.86315090296564,1657497600,0
2022-07-11 03:00:00,03:00:00,4532117045436,Shell,entertainment,443.56,"Hyderabad, Telangana, IN",17.39821303699202,78.48043600210801,16.995099111516172,78.40214555795446,1657508400,0
2022-07-11 06:00:00,06:00:00,4532117045436,Amazon,shopping_net,319.23,"Hyderabad, Telangana, IN",17.380234808647614,78.47563188062531,17.896242046947922,78.17830495085826,1657519200,0
2022-07-11 09:00:00,09:00:00,4532117045436,Amazon,gas_transport,645.6,"Hyderabad, Telangana, IN",17.40586421715063,78.48564897092695,17.083343962300376,78.7960622463696,1657530000,0
2022-07-11 12:00:00,12:00:00,4532117045436,Walmart,travel,579.7,"Hyderabad, Telangana, IN",17.385538852208338,78.48635267737738,18.09653199590577,79.02938052923139,1657540800,0
2022-07-11 15:00:00,15:00:00,4532117045436,MakeMyTrip,grocery_pos,203.29,"Hyderabad, Telangana, IN",17.37298057467762,78.48395319177844,17.180336104229344,79.05374296509646,1657551600,0
2022-07-11 18:00:00,18:00:00,4532117045436,Apollo,food_dining,501.81,"Hyderabad, Telangana, IN",17.381698144387688,78.48779352242109,17.951720331682957,78.7948520725518,1657562400,0
2022-07-11 21:00:00,21:00:00,4532117045436,MakeMyTrip,shopping_net,443.13,"Hyderabad, Telangana, IN",17.37387153629946,78.48210810520244,17.721508963788917,78.31622098279281,1657573200,0
2022-07-12 00:00:00,00:00:00,4532117045436,Shell,entertainment,636.58,"Hyderabad, Telangana, IN",17.383327621077147,78.49511661171654,17.808466733929507,78.77076266372258,1657584000,0
2022-07-12 03:00:00,03:00:00,4532117045436,Walmart,health_fitness,214.52,"Hyderabad, Telangana, IN",17.38968466417011,78.48898715254305,17.35073323851907,78.0562803158971,1657594800,0
2022-07-12 06:00:00,06:00:00,4532117045436,Netflix,travel,758.98,"Hyderabad, Telangana, IN",17.387681885639644,78.48185978147453,17.052888564439943,78.63171463814089,1657605600,0
2022-07-12 09:00:00,09:00:00,4532117045436,Walmart,health_fitness,323.56,"Hyderabad, Telangana, IN",17.37369874755947,78.47503465950984,17.889752504091888,79.38585240747902,1657616400,0
2022-07-12 12:00:00,12:00:00,4532117045436,Zomato,shopping_net,506.78,"Hyderabad, Telangana, IN",17.37245506947463,78.48588420561236,18.281570642927207,77.98296920927345,1657627200,0
2022-07-12 15:00:00,15:00:00,4532117045436,Walmart,travel,359.05,"Hyderabad, Telangana, IN",17.389193890415292,78.49811148632227,16.883813874987194,78.20995654413882,1657638000,0
2022-07-12 18:00:00,18:00:00,4532117045436,MakeMyTrip,entertainment,393.58,"Hyderabad, Telangana, IN",17.391440989799694,78.49259444315737,17.62277454543726,78.96008106663064,1657648800,0
2022-07-12 21:00:00,21:00:00,4532117045436,Zomato,shopping_net,196.59,"Hyderabad, Telangana, IN",17.380110695045968,78.49428169733005,17.620877013189226,78.04850510023229,1657659600,0
2022-07-13 00:00:00,00:00:00,4532117045436,Zomato,entertainment,629.53,"Hyderabad, Telangana, IN",17.35962327817951,78.49394048874923,17.467901318625398,79.25406257761631,1657670400,0
2022-07-13 03:00:00,03:00:00,4532117045436,Zomato,health_fitness,409.55,"Hyderabad, Telangana, IN",17.373416009730988,78.49885661792676,18.100563985248257,78.97476201357217,1657681200,0
2022-07-13 06:00:00,06:00:00,4532117045436,Netflix,gas_transport,419.75,"Hyderabad, Telangana, IN",17.39486300368662,78.49532110857518,16.997224394530473,78.99562484487659,1657692000,0
2022-07-13 09:00:00,09:00:00,4532117045436,Walmart,travel,6788.11,"Delhi, Delhi, IN",17.377614697124148,78.48819070869244,28.3613774126583,88.29720368539807,1657702800,1
2022-07-13 12:00:00,12:00:00,4532117045436,MakeMyTrip,grocery_pos,593.92,"Hyderabad, Telangana, IN",17.381527679750977,78.48262924526622,17.24632143287408,77.840493655648,1657713600,0
2022-07-13 15:00:00,15:00:00,4532117045436,Walmart,gas_transport,349.75,"Hyderabad, Telangana, IN",17.39053339653378,78.49545975496632,16.216768327878857,77.94587858868447,1657724400,0
2022-07-13 18:00:00,18:00:00,4532117045436,Netflix,grocery_pos,358.46,"Hyderabad, Telangana, IN",17.381937299911932,78.46250898701484,16.65627401441471,79.1467506509844,1657735200,0
2022-07-13 21:00:00,21:00:00,4532117045436,Shell,health_fitness,488.97,"Hyderabad, Telangana, IN",17.398974228608232,78.49937392338647,17.40284498087226,78.33324460778432,1657746000,0
2022-07-14 00:00:00,00:00:00,4532117045436,Amazon,travel,565.61,"Hyderabad, Telangana, IN",17.381265634755994,78.49360010161963,17.995041138426277,78.4505569599292,1657756800,0
2022-07-14 03:00:00,03:00:00,4532117045436,MakeMyTrip,gas_transport,712.87,"Hyderabad, Telangana, IN",17.376393465218534,78.5030860022118,17.925659835852056,78.84064569117834,1657767600,0
2022-07-14 06:00:00,06:00:00,4532117045436,MakeMyTrip,gas_transport,208.79,"Hyderabad, Telangana, IN",17.396822722030176,78.47550408998036,17.437685579605517,78.56235333486238,1657778400,0
2022-07-14 09:00:00,09:00:00,4532117045436,Walmart,shopping_net,559.05,"Hyderabad, Telangana, IN",17.385478060933835,78.49832029602227,16.81235197249264,79.027042977029,1657789200,0
2022-07-14 12:00:00,12:00:00,4532117045436,Amazon,food_dining,583.15,"Hyderabad, Telangana, IN",17.37421602151463,78.49333560596018,16.781200727507414,78.77594896880663,1657800000,0
2022-07-14 15:00:00,15:00:00,4532117045436,Apollo,health_fitness,331.57,"Hyderabad, Telangana, IN",17.389718243726854,78.48062529241798,17.595266261347135,78.38781532256968,1657810800,0
2022-07-14 18:00:00,18:00:00,4532117045436,Apollo,entertainment,395.96,"Hyderabad, Telangana, IN",17.382056728365157,78.48533647264138,17.363863092665092,78.43922831304128,1657821600,0
2022-07-14 21:00:00,21:00:00,4532117045436,Netflix,health_fitness,205.45,"Hyderabad, Telangana, IN",17.37354136042902,78.4846372902338,17.870480494869653,78.61587373637981,1657832400,0
2022-07-15 00:00:00,00:00:00,4532117045436,Apollo,entertainment,374.87,"Hyderabad, Telangana, IN",17.385951157729796,78.48305032653845,17.218963374626895,78.68167605234842,1657843200,0
2022-07-15 03:00:00,03:00:00,4532117045436,MakeMyTrip,travel,484.81,"Hyderabad, Telangana, IN",17.383419034976377,78.47321351524603,16.99902224031239,78.8890656928964,1657854000,0
2022-07-15 06:00:00,06:00:00,4532117045436,Apollo,entertainment,689.12,"Hyderabad, Telangana, IN",17.368125811201214,78.49844336165654,17.245898267994857,78.5694774167928,1657864800,0
2022-07-15 09:00:00,09:00:00,4532117045436,Shell,grocery_pos,702.95,"Hyderabad, Telangana, IN",17.374406760048593,78.47723667475054,17.378457582328,78.44441264245667,1657875600,0
2022-07-15 12:00:00,12:00:00,4532117045436,Shell,entertainment,4979.5,"Kolkata, West Bengal, IN",17.403653456664614,78.47620247296454,13.071564258325457,80.27238599610493,1657886400,1
2022-07-15 15:00:00,15:00:00,4532117045436,Shell,entertainment,668.68,"Hyderabad, Telangana, IN",17.385813095723574,78.49869164268318,17.62146537297912,78.27063786370333,1657897200,0
2022-07-15 18:00:00,18:00:00,4532117045436,Apollo,shopping_net,157.6,"Hyderabad, Telangana, IN",17.39846670476396,78.47267296885839,17.4563505144269,79.28910819274493,1657908000,0
2022-07-15 21:00:00,21:00:00,4532117045436,Netflix,gas_transport,362.26,"Hyderabad, Telangana, IN",17.388088182001677,78.48367364812142,17.858515827166524,78.05009297850454,1657918800,0
2022-07-16 00:00:00,00:00:00,4532117045436,Zomato,health_fitness,404.73,"Hyderabad, Telangana, IN",17.397371359842342,78.47675733892586,17.775001831213086,77.85647015328199,1657929600,0
2022-07-16 03:00:00,03:00:00,4532117045436,Zomato,health_fitness,487.77,"Hyderabad, Telangana, IN",17.390557486341105,78.50306729970939,17.92664657450548,78.93239599748989,1657940400,0
2022-07-16 06:00:00,06:00:00,4532117045436,Amazon,travel,465.98,"Hyderabad, Telangana, IN",17.37553671026413,78.49813754917366,18.225349155920487,78.72739972369642,1657951200,0
2022-07-16 09:00:00,09:00:00,4532117045436,Zomato,travel,504.85,"Hyderabad, Telangana, IN",17.391068251124416,78.47848321745717,17.4547796473327,79.51890076125247,1657962000,0
2022-07-16 12:00:00,12:00:00,4532117045436,Zomato,entertainment,5146.13,"Delhi, Delhi, IN",17.375472228439957,78.47672957900895,22.71355772804089,88.74436924137474,1657972800,1
2022-07-16 15:00:00,15:00:00,4532117045436,Shell,food_dining,593.94,"Hyderabad, Telangana, IN",17.394293690354996,78.49437239422322,17.815620770243115,78.4722121552913,1657983600,0
2022-07-16 18:00:00,18:00:00,4532117045436,Shell,health_fitness,6749.59,"Delhi, Delhi, IN",17.387177240517595,78.49103349811725,22.19048414144795,87.745502554752,1657994400,1
2022-07-16 21:00:00,21:00:00,4532117045436,Apollo,travel,406.57,"Hyderabad, Telangana, IN",17.385187725238392,78.48315918757892,17.271294393471212,78.5370677373224,1658005200,0
2022-07-17 00:00:00,00:00:00,4532117045436,Amazon,entertainment,576.36,"Hyderabad, Telangana, IN",17.380614689693804,78.48223442791557,16.376726212888247,77.61980521849729,1658016000,0
2022-07-17 03:00:00,03:00:00,4532117045436,Walmart,travel,760.27,"Hyderabad, Telangana, IN",17.392984433023685,78.48436125181144,17.904927199658385,77.542815478453,1658026800,0
2022-07-17 06:00:00,06:00:00,4532117045436,MakeMyTrip,grocery_pos,349.01,"Hyderabad, Telangana, IN",17.383423473209167,78.49571932789087,17.37532744789489,78.21500166047326,1658037600,0
2022-07-17 09:00:00,09:00:00,4532117045436,Amazon,grocery_pos,701.3,"Hyderabad, Telangana, IN",17.36590104831655,78.50240707485327,16.717702336305884,78.51985995637766,1658048400,0
2022-07-17 12:00:00,12:00:00,4532117045436,Amazon,travel,362.48,"Hyderabad, Telangana, IN",17.36785748583123,78.50492721358792,17.251268936392794,78.19321894990044,1658059200,0
2022-07-17 15:00:00,15:00:00,4532117045436,Netflix,grocery_pos,661.55,"Hyderabad, Telangana, IN",17.372307276813896,78.47935556268447,17.382544096992223,78.19744906230785,1658070000,0
2022-07-17 18:00:00,18:00:00,4532117045436,Apollo,travel,368.11,"Hyderabad, Telangana, IN",17.392841802103792,78.48728020455182,17.251102428281328,77.73254881700873,1658080800,0
2022-07-17 21:00:00,21:00:00,4532117045436,Netflix,entertainment,564.85,"Hyderabad, Telangana, IN",17.393602505865182,78.50013513335104,17.132246425195344,78.80247845427628,1658091600,0
2022-07-18 00:00:00,00:00:00,4532117045436,Amazon,shopping_net,476.94,"Hyderabad, Telangana, IN",17.388249977253267,78.47799432872206,17.860972158228172,78.13036907491797,1658102400,0
2022-07-18 03:00:00,03:00:00,4532117045436,Amazon,food_dining,182.21,"Hyderabad, Telangana, IN",17.388144087951872,78.47987921706607,18.06057275376157,79.3164691230938,1658113200,0
2022-07-18 06:00:00,06:00:00,4532117045436,Amazon,entertainment,737.33,"Hyderabad, Telangana, IN",17.3994613463719,78.49466870078959,18.350965697210977,78.45207509405463,1658124000,0
2022-07-18 09:00:00,09:00:00,4532117045436,Zomato,shopping_net,315.68,"Hyderabad, Telangana, IN",17.3884284839208,78.48201316491564,16.883137101078415,77.96098168256377,1658134800,0
2022-07-18 12:00:00,12:00:00,4532117045436,MakeMyTrip,shopping_net,7386.56,"Kolkata, West Bengal, IN",17.391381095655024,78.47194591366429,18.805402809009344,72.71004907309735,1658145600,1
2022-07-18 15:00:00,15:00:00,4532117045436,MakeMyTrip,health_fitness,354.08,"Hyderabad, Telangana, IN",17.384892526633152,78.47843082644059,17.480448938643868,77.87262728358546,1658156400,0
2022-07-18 18:00:00,18:00:00,4532117045436,Netflix,entertainment,829.69,"Hyderabad, Telangana, IN",17.380389449860054,78.49660299122652,17.572895004786226,78.45500308852124,1658167200,0
2022-07-18 21:00:00,21:00:00,4532117045436,Amazon,entertainment,261.94,"Hyderabad, Telangana, IN",17.382197650697496,78.48919033386544,17.99220434351586,77.29854255388592,1658178000,0
2022-07-19 00:00:00,00:00:00,4532117045436,MakeMyTrip,travel,476.74,"Hyderabad, Telangana, IN",17.405507688192888,78.47107761392247,17.36005244586273,78.09042965716824,1658188800,0
2022-07-19 03:00:00,03:00:00,4532117045436,Shell,shopping_net,281.53,"Hyderabad, Telangana, IN",17.374132814374455,78.48061063295154,17.29373899989075,78.2206397877267,1658199600,0
2022-07-19 06:00:00,06:00:00,4532117045436,MakeMyTrip,shopping_net,307.24,"Hyderabad, Telangana, IN",17.388143115954133,78.50492724243794,17.03823392933571,78.11660310714905,1658210400,0
2022-07-19 09:00:00,09:00:00,4532117045436,Apollo,shopping_net,210.09,"Hyderabad, Telangana, IN",17.369846111422063,78.48600511877163,16.801685665035695,78.19444734931214,1658221200,0
2022-07-19 12:00:00,12:00:00,4532117045436,Apollo,travel,497.28,"Hyderabad, Telangana, IN",17.378894834497054,78.48426602039122,17.06878948548533,78.25401074468842,1658232000,0
2022-07-19 15:00:00,15:00:00,4532117045436,MakeMyTrip,health_fitness,425.82,"Hyderabad, Telangana, IN",17.392738260859662,78.48678208936406,17.470549968648253,78.0941324426048,1658242800,0
2022-07-19 18:00:00,18:00:00,4532117045436,Shell,entertainment,280.3,"Hyderabad, Telangana, IN",17.3669003806913,78.48875131030886,17.359854122038833,79.22166776791026,1658253600,0
2022-07-19 21:00:00,21:00:00,4532117045436,Apollo,shopping_net,580.98,"Hyderabad, Telangana, IN",17.394047392879745,78.48279183866686,17.194691144202945,78.17832849182788,1658264400,0
2022-07-20 00:00:00,00:00:00,4532117045436,Zomato,grocery_pos,596.81,"Hyderabad, Telangana, IN",17.405475436094395,78.50010539178545,17.21012116384597,77.17262326231135,1658275200,0
2022-07-20 03:00:00,03:00:00,4532117045436,MakeMyTrip,entertainment,511.08,"Hyderabad, Telangana, IN",17.388651605168185,78.48199036032439,17.910671867630878,77.66856704871267,1658286000,0
2022-07-20 06:00:00,06:00:00,4532117045436,Zomato,travel,625.6,"Hyderabad, Telangana, IN",17.39761914094543,78.49663766766791,17.47281717236766,78.78766149905665,1658296800,0
2022-07-20 09:00:00,09:00:00,4532117045436,MakeMyTrip,health_fitness,397.65,"Hyderabad, Telangana, IN",17.38748038078858,78.50492444802838,16.888309433707864,78.71192028568224,1658307600,0
2022-07-20 12:00:00,12:00:00,4532117045436,Walmart,grocery_pos,498.36,"Hyderabad, Telangana, IN",17.39211088854208,78.49047723229936,17.413950401958246,78.22413435238879,1658318400,0
2022-07-20 15:00:00,15:00:00,4532117045436,Walmart,travel,398.23,"Hyderabad, Telangana, IN",17.389537662599842,78.47622357513843,17.693048154310453,77.7810417711426,1658329200,0
2022-07-20 18:00:00,18:00:00,4532117045436,Walmart,gas_transport,223.9,"Hyderabad, Telangana, IN",17.379899441923367,78.4885824201628,17.863222252037005,78.8424380441588,1658340000,0
2022-07-20 21:00:00,21:00:00,4532117045436,Apollo,entertainment,482.89,"Hyderabad, Telangana, IN",17.379003173824074,78.48106234183146,17.667069812992967,77.69314846065839,1658350800,0
2022-07-21 00:00:00,00:00:00,4532117045436,Zomato,gas_transport,473.8,"Hyderabad, Telangana, IN",17.396814570574847,78.49568079160771,17.80926672999895,78.67351331139513,1658361600,0
2022-07-21 03:00:00,03:00:00,4532117045436,Zomato,travel,445.47,"Hyderabad, Telangana, IN",17.38457786141976,78.48877247281764,17.638029767515864,78.27213379873072,1658372400,0
2022-07-21 06:00:00,06:00:00,4532117045436,Zomato,travel,506.08,"Hyderabad, Telangana, IN",17.38358227865506,78.48550946227479,16.38155974856391,78.73651295268836,1658383200,0
2022-07-21 09:00:00,09:00:00,4532117045436,Shell,travel,661.79,"Hyderabad, Telangana, IN",17.383375129824287,78.47661637078251,17.304858742798853,78.23343846819313,1658394000,0
2022-07-21 12:00:00,12:00:00,4532117045436,Zomato,shopping_net,419.34,"Hyderabad, Telangana, IN",17.388064067698398,78.46809060128516,17.339870775891814,79.21683525523402,1658404800,0
2022-07-21 15:00:00,15:00:00,4532117045436,Shell,health_fitness,306.42,"Hyderabad, Telangana, IN",17.373144794871415,78.47858459176882,18.404681677473032,77.56425428007068,1658415600,0
2022-07-21 18:00:00,18:00:00,4532117045436,Walmart,shopping_net,412.84,"Hyderabad, Telangana, IN",17.383178564084346,78.49321046375306,17.764688575896432,78.77435142365484,1658426400,0
2022-07-21 21:00:00,21:00:00,4532117045436,Walmart,health_fitness,429.47,"Hyderabad, Telangana, IN",17.38810559283865,78.4985280008169,17.239526420485088,78.3136392070517,1658437200,0
2022-07-22 00:00:00,00:00:00,4532117045436,Apollo,food_dining,597.54,"Hyderabad, Telangana, IN",17.37220914354199,78.48359898045942,16.998647869452306,78.13476958319582,1658448000,0
2022-07-22 03:00:00,03:00:00,4532117045436,MakeMyTrip,shopping_net,466.0,"Hyderabad, Telangana, IN",17.38709231727906,78.47725312344195,17.212978914648946,79.11428592933524,1658458800,0
2022-07-22 06:00:00,06:00:00,4532117045436,Walmart,gas_transport,277.77,"Hyderabad, Telangana, IN",17.37602373458223,78.48859727252332,16.980803127998083,77.97789983175245,1658469600,0
2022-07-22 09:00:00,09:00:00,4532117045436,MakeMyTrip,health_fitness,570.82,"Hyderabad, Telangana, IN",17.388124374623164,78.49358503097679,18.474921783939042,78.60376708468374,1658480400,0
2022-07-22 12:00:00,12:00:00,4532117045436,MakeMyTrip,shopping_net,546.77,"Hyderabad, Telangana, IN",17.406585119669135,78.49447191912176,17.377365747947202,78.54771846401009,1658491200,0
2022-07-22 15:00:00,15:00:00,4532117045436,Apollo,entertainment,466.07,"Hyderabad, Telangana, IN",17.38379136531126,78.48864540456927,17.797415049188285,77.87153007540405,1658502000,0
2022-07-22 18:00:00,18:00:00,4532117045436,Amazon,travel,592.24,"Hyderabad, Telangana, IN",17.374213664624417,78.5074027802959,17.642668096333065,78.8994778030117,1658512800,0
2022-07-22 21:00:00,21:00:00,4532117045436,Amazon,health_fitness,617.34,"Hyderabad, Telangana, IN",17.387370837200283,78.49938882647518,17.71366717852711,79.49722269328726,1658523600,0
2022-07-23 00:00:00,00:00:00,4532117045436,Netflix,health_fitness,393.38,"Hyderabad, Telangana, IN",17.389742101124824,78.47447213885329,16.944676980959503,79.2965465389737,1658534400,0
2022-07-23 03:00:00,03:00:00,4532117045436,Apollo,shopping_net,314.98,"Hyderabad, Telangana, IN",17.37563077016513,78.47202529012698,18.05363679447653,78.68526920832659,1658545200,0
2022-07-23 06:00:00,06:00:00,4532117045436,Netflix,food_dining,448.22,"Hyderabad, Telangana, IN",17.367815199738295,78.47539672300947,17.340839681527605,78.37269515223026,1658556000,0
2022-07-23 09:00:00,09:00:00,4532117045436,Netflix,shopping_net,530.49,"Hyderabad, Telangana, IN",17.375661406324713,78.49838361489292,18.13520057740843,78.89484414397606,1658566800,0
2022-07-23 12:00:00,12:00:00,4532117045436,Amazon,gas_transport,434.2,"Hyderabad, Telangana, IN",17.38451648316523,78.4696074180909,17.597834300598045,78.97071720676702,1658577600,0
2022-07-23 15:00:00,15:00:00,4532117045436,Apollo,gas_transport,301.74,"Hyderabad, Telangana, IN",17.38044686456371,78.49127559707513,18.26199006253982,78.5321841211128,1658588400,0
2022-07-23 18:00:00,18:00:00,4532117045436,Amazon,health_fitness,474.4,"Hyderabad, Telangana, IN",17.39577493950356,78.48499997708446,17.68515885192804,77.29183631783201,1658599200,0
2022-07-23 21:00:00,21:00:00,4532117045436,Netflix,health_fitness,144.97,"Hyderabad, Telangana, IN",17.390171130736856,78.47425207554649,17.292194319682196,77.70855371039869,1658610000,0
2022-07-24 00:00:00,00:00:00,4532117045436,Apollo,shopping_net,5921.91,"Chennai, Tamil Nadu, IN",17.38601985688963,78.48918844216685,22.685321812707127,80.40484558358172,1658620800,1
2022-07-24 03:00:00,03:00:00,4532117045436,Netflix,gas_transport,577.67,"Hyderabad, Telangana, IN",17.36755040780723,78.48493556008667,17.454155149262142,78.64904628732536,1658631600,0
2022-07-24 06:00:00,06:00:00,4532117045436,Zomato,gas_transport,585.82,"Hyderabad, Telangana, IN",17.39130402405856,78.49476936176065,17.654041885899765,78.25573092789163,1658642400,0
2022-07-24 09:00:00,09:00:00,4532117045436,MakeMyTrip,food_dining,10.0,"Hyderabad, Telangana, IN",17.404791772677093,78.47043014445872,17.42962616610859,78.62398003957799,1658653200,0
2022-07-24 12:00:00,12:00:00,4532117045436,Apollo,entertainment,421.11,"Hyderabad, Telangana, IN",17.393623063844146,78.47776438514853,17.114531896668975,77.75451301187202,1658664000,0
2022-07-24 15:00:00,15:00:00,4532117045436,Apollo,food_dining,539.89,"Hyderabad, Telangana, IN",17.378423053379382,78.47796462450417,17.30528864927587,78.39714618120944,1658674800,0
2022-07-24 18:00:00,18:00:00,4532117045436,MakeMyTrip,grocery_pos,273.59,"Hyderabad, Telangana, IN",17.383636476403343,78.49331645802515,17.74082535521801,78.31870798772673,1658685600,0
2022-07-24 21:00:00,21:00:00,4532117045436,Netflix,travel,394.21,"Hyderabad, Telangana, IN",17.389590800585026,78.48432365824932,17.8710830547516,77.50467061666671,1658696400,0
2022-07-25 00:00:00,00:00:00,4532117045436,Zomato,food_dining,631.16,"Hyderabad, Telangana, IN",17.398866612026442,78.49850797851954,16.375182164721572,78.530342041591,1658707200,0
2022-07-25 03:00:00,03:00:00,4532117045436,Shell,shopping_net,377.38,"Hyderabad, Telangana, IN",17.37794248865155,78.4827120569758,17.54515730299904,77.72397196239588,1658718000,0
2022-07-25 06:00:00,06:00:00,4532117045436,MakeMyTrip,entertainment,689.8,"Hyderabad, Telangana, IN",17.380344858551002,78.48890650609756,17.346049609858763,78.92462634474391,1658728800,0
2022-07-25 09:00:00,09:00:00,4532117045436,Amazon,shopping_net,338.82,"Hyderabad, Telangana, IN",17.38456833446051,78.50154240174054,16.699927534298467,78.65406346295414,1658739600,0
2022-07-25 12:00:00,12:00:00,4532117045436,Netflix,travel,661.48,"Hyderabad, Telangana, IN",17.38369317288408,78.46897068236908,17.81375555882755,78.15260472769467,1658750400,0
2022-07-25 15:00:00,15:00:00,4532117045436,MakeMyTrip,grocery_pos,455.03,"Hyderabad, Telangana, IN",17.392923595706414,78.48698998164514,18.28832112490306,77.97782012588134,1658761200,0
2022-07-25 18:00:00,18:00:00,4532117045436,MakeMyTrip,entertainment,318.25,"Hyderabad, Telangana, IN",17.387622976866705,78.48638426137343,18.1258361136989,77.79081541685294,1658772000,0
2022-07-25 21:00:00,21:00:00,4532117045436,Apollo,health_fitness,661.98,"Hyderabad, Telangana, IN",17.371028232427975,78.47882156799412,16.218355948214164,78.24872133166518,1658782800,0
2022-07-26 00:00:00,00:00:00,4532117045436,Amazon,gas_transport,269.03,"Hyderabad, Telangana, IN",17.378432179651913,78.48506137421589,17.547264776648436,78.87298181061828,1658793600,0
2022-07-26 03:00:00,03:00:00,4532117045436,Amazon,food_dining,330.6,"Hyderabad, Telangana, IN",17.37872002727056,78.48982179871881,17.060168137604116,78.31745576464681,1658804400,0
2022-07-26 06:00:00,06:00:00,4532117045436,Amazon,shopping_net,523.49,"Hyderabad, Telangana, IN",17.362850832955104,78.47923757991215,17.160884951182933,78.40066929688376,1658815200,0
2022-07-26 09:00:00,09:00:00,4532117045436,MakeMyTrip,grocery_pos,462.12,"Hyderabad, Telangana, IN",17.394296366727186,78.48725407679329,17.25890991213157,77.93406973342866,1658826000,0
2022-07-26 12:00:00,12:00:00,4532117045436,Shell,gas_transport,491.09,"Hyderabad, Telangana, IN",17.38632425042673,78.47650264858743,16.273679534400365,78.23416232007978,1658836800,0
2022-07-26 15:00:00,15:00:00,4532117045436,Walmart,food_dining,394.75,"Hyderabad, Telangana, IN",17.37959320657222,78.4846569048268,16.355891737343434,78.37380033476053,1658847600,0
2022-07-26 18:00:00,18:00:00,4532117045436,Netflix,gas_transport,270.09,"Hyderabad, Telangana, IN",17.394026101579353,78.49598701471933,17.42759770720103,78.54875547603963,1658858400,0
2022-07-26 21:00:00,21:00:00,4532117045436,Walmart,food_dining,352.16,"Hyderabad, Telangana, IN",17.388013294031737,78.4964549236238,17.508851141912555,78.39872386036524,1658869200,0
2022-07-27 00:00:00,00:00:00,4532117045436,MakeMyTrip,health_fitness,648.06,"Hyderabad, Telangana, IN",17.372138788380386,78.49842767611428,17.28731313709993,78.7110761872914,1658880000,0
2022-07-27 03:00:00,03:00:00,4532117045436,Walmart,entertainment,249.45,"Hyderabad, Telangana, IN",17.391095924562066,78.48568359477558,16.760638955381147,78.8141757684311,1658890800,0
2022-07-27 06:00:00,06:00:00,4532117045436,MakeMyTrip,gas_transport,696.67,"Hyderabad, Telangana, IN",17.398729630139233,78.48343276618282,17.18296833535855,79.2509316917643,1658901600,0
2022-07-27 09:00:00,09:00:00,4532117045436,Walmart,gas_transport,497.38,"Hyderabad, Telangana, IN",17.38360103244983,78.49407957581171,18.10772005917702,78.59665432176496,1658912400,0
2022-07-27 12:00:00,12:00:00,4532117045436,Amazon,gas_transport,360.48,"Hyderabad, Telangana, IN",17.38432950807166,78.49836879390996,17.203618714227975,78.69711257458191,1658923200,0
2022-07-27 15:00:00,15:00:00,4532117045436,Zomato,entertainment,149.69,"Hyderabad, Telangana, IN",17.38607760174113,78.48753440010091,17.13360195031162,78.22538721598407,1658934000,0
2022-07-27 18:00:00,18:00:00,4532117045436,Amazon,grocery_pos,169.4,"Hyderabad, Telangana, IN",17.37282105723384,78.50182164685255,18.003434590805064,79.25604606018176,1658944800,0
2022-07-27 21:00:00,21:00:00,4532117045436,Amazon,food_dining,396.62,"Hyderabad, Telangana, IN",17.386414197485717,78.49380584171001,17.277126947166714,78.25150069797705,1658955600,0
2022-07-28 00:00:00,00:00:00,4532117045436,Apollo,health_fitness,378.44,"Hyderabad, Telangana, IN",17.37608502640552,78.48098989225103,17.725216546247054,78.78772205055064,1658966400,0
2022-07-28 03:00:00,03:00:00,4532117045436,Apollo,gas_transport,467.66,"Hyderabad, Telangana, IN",17.384934743775794,78.4822002947015,17.615426539361223,78.24025568492247,1658977200,0
2022-07-28 06:00:00,06:00:00,4532117045436,Walmart,travel,707.87,"Hyderabad, Telangana, IN",17.38665891530741,78.48629521579866,16.938876284086835,78.41447770274408,1658988000,0
2022-07-28 09:00:00,09:00:00,4532117045436,MakeMyTrip,entertainment,7099.73,"Mumbai, Maharashtra, IN",17.390307896972512,78.47099547748292,23.07635619069768,73.24319858636484,1658998800,1
2022-07-28 12:00:00,12:00:00,4532117045436,Amazon,grocery_pos,430.7,"Hyderabad, Telangana, IN",17.390675574104115,78.481165599832,16.711045063815476,77.50992688727169,1659009600,0
2022-07-28 15:00:00,15:00:00,4532117045436,Walmart,food_dining,632.53,"Hyderabad, Telangana, IN",17.37572308137168,78.49810814582213,16.88015378792587,78.58589671176082,1659020400,0
2022-07-28 18:00:00,18:00:00,4532117045436,Apollo,entertainment,472.6,"Hyderabad, Telangana, IN",17.38687613371417,78.50015133381848,17.798495581247217,78.44657996481843,1659031200,0
2022-07-28 21:00:00,21:00:00,4532117045436,Zomato,health_fitness,689.96,"Hyderabad, Telangana, IN",17.394560910631835,78.48956031193568,16.974100183673087,78.1497688482381,1659042000,0
2022-07-29 00:00:00,00:00:00,4532117045436,Netflix,health_fitness,349.19,"Hyderabad, Telangana, IN",17.373466166008953,78.49124368056972,17.316045303677335,77.98440068431454,1659052800,0
2022-07-29 03:00:00,03:00:00,4532117045436,Walmart,food_dining,277.83,"Hyderabad, Telangana, IN",17.402451032713422,78.48360080548937,17.244172018180095,78.16635067302244,1659063600,0
2022-07-29 06:00:00,06:00:00,4532117045436,Zomato,gas_transport,149.95,"Hyderabad, Telangana, IN",17.37527579674069,78.48029850462308,17.574798132048826,77.95537301360733,1659074400,0
2022-07-29 09:00:00,09:00:00,4532117045436,Netflix,health_fitness,434.19,"Hyderabad, Telangana, IN",17.40127442953165,78.49240306529875,16.702634478853028,78.23648977123534,1659085200,0
2022-07-29 12:00:00,12:00:00,4532117045436,Shell,grocery_pos,264.8,"Hyderabad, Telangana, IN",17.375451619031967,78.48230191005086,17.93402586585611,78.15196345832054,1659096000,0
2022-07-29 15:00:00,15:00:00,4532117045436,Walmart,entertainment,262.68,"Hyderabad, Telangana, IN",17.38443779601146,78.5036033517932,18.103100508299132,78.31249618676867,1659106800,0
2022-07-29 18:00:00,18:00:00,4532117045436,Walmart,grocery_pos,605.15,"Hyderabad, Telangana, IN",17.38307095073977,78.49078591645687,17.372423149803424,78.867454880254,1659117600,0
2022-07-29 21:00:00,21:00:00,4532117045436,Shell,gas_transport,191.68,"Hyderabad, Telangana, IN",17.371331956048877,78.49115271682,16.26519004178371,78.03214428024422,1659128400,0
2022-07-30 00:00:00,00:00:00,4532117045436,Shell,grocery_pos,465.53,"Hyderabad, Telangana, IN",17.3919819369988,78.47610481864494,16.955452836043516,78.19496182327677,1659139200,0
2022-07-30 03:00:00,03:00:00,4532117045436,Walmart,grocery_pos,437.52,"Hyderabad, Telangana, IN",17.392495343822645,78.46351408925426,17.54300529270586,78.54502086143358,1659150000,0
2022-07-30 06:00:00,06:00:00,4532117045436,Shell,shopping_net,463.82,"Hyderabad, Telangana, IN",17.391197413875066,78.49115127557504,17.571073213013605,77.99654985309249,1659160800,0
2022-07-30 09:00:00,09:00:00,4532117045436,Amazon,grocery_pos,657.62,"Hyderabad, Telangana, IN",17.38251521376135,78.48173097238077,17.256111183437564,78.86773471899997,1659171600,0
2022-07-30 12:00:00,12:00:00,4532117045436,Netflix,food_dining,326.15,"Hyderabad, Telangana, IN",17.37798243692565,78.4965397104775,17.93530830866708,78.00425794737329,1659182400,0
2022-07-30 15:00:00,15:00:00,4532117045436,Netflix,entertainment,4349.34,"Kolkata, West Bengal, IN",17.395991564828563,78.47757256161853,28.722662540824764,88.80606915605162,1659193200,1
2022-07-30 18:00:00,18:00:00,4532117045436,Netflix,shopping_net,185.97,"Hyderabad, Telangana, IN",17.38713443998867,78.48138788701318,17.87705338940768,79.0176952314678,1659204000,0
2022-07-30 21:00:00,21:00:00,4532117045436,Amazon,entertainment,547.61,"Hyderabad, Telangana, IN",17.37743713350525,78.49789457754716,17.38550222140744,77.99489648130526,1659214800,0
2022-07-31 00:00:00,00:00:00,4532117045436,MakeMyTrip,entertainment,671.46,"Hyderabad, Telangana, IN",17.387145370228367,78.49106793316078,17.10195750807563,78.08687037270677,1659225600,0
2022-07-31 03:00:00,03:00:00,4532117045436,Shell,gas_transport,7947.79,"Delhi, Delhi, IN",17.36825297112552,78.47668678149599,13.240356370207603,77.88013579607598,1659236400,1
2022-07-31 06:00:00,06:00:00,4532117045436,Zomato,gas_transport,444.69,"Hyderabad, Telangana, IN",17.386077866727877,78.48704007169464,17.363043354728376,78.49628780185229,1659247200,0
2022-07-31 09:00:00,09:00:00,4532117045436,Shell,shopping_net,432.49,"Hyderabad, Telangana, IN",17.39155774175289,78.50573730227646,17.828737317769,78.42157819793104,1659258000,0
2022-07-31 12:00:00,12:00:00,4532117045436,Walmart,health_fitness,460.78,"Hyderabad, Telangana, IN",17.383205916063353,78.48813631396241,18.838185793986817,78.47813106711779,1659268800,0
2022-07-31 15:00:00,15:00:00,4532117045436,Apollo,travel,7083.21,"Mumbai, Maharashtra, IN",17.3921090680978,78.48521960602133,18.316040897250648,76.67406709616954,1659279600,1
2022-07-31 18:00:00,18:00:00,4532117045436,Netflix,gas_transport,335.46,"Hyderabad, Telangana, IN",17.39313220472168,78.49565232969454,17.825395684664528,78.39307638331297,1659290400,0
2022-07-31 21:00:00,21:00:00,4532117045436,Shell,travel,272.32,"Hyderabad, Telangana, IN",17.38775315556747,78.49022273754318,17.703975694664734,77.7539569078186,1659301200,0
2022-08-01 00:00:00,00:00:00,4532117045436,Zomato,gas_transport,461.87,"Hyderabad, Telangana, IN",17.402680700014606,78.50113666275634,18.274655184338123,79.12344416363003,1659312000,0
2022-08-01 03:00:00,03:00:00,4532117045436,Walmart,gas_transport,618.65,"Hyderabad, Telangana, IN",17.39853955765118,78.49425097569646,17.842073853160827,78.7023869513787,1659322800,0
2022-08-01 06:00:00,06:00:00,4532117045436,Amazon,entertainment,533.8,"Hyderabad, Telangana, IN",17.391273326442143,78.495765438266,18.17146887694478,77.84979433694376,1659333600,0
2022-08-01 09:00:00,09:00:00,4532117045436,MakeMyTrip,shopping_net,455.15,"Hyderabad, Telangana, IN",17.388551277246037,78.50162308526126,16.893110022334106,78.39454451596366,1659344400,0
2022-08-01 12:00:00,12:00:00,4532117045436,Amazon,entertainment,415.62,"Hyderabad, Telangana, IN",17.382436293964407,78.4837094759012,16.747209701839537,78.87938113637085,1659355200,0
2022-08-01 15:00:00,15:00:00,4532117045436,Zomato,food_dining,148.96,"Hyderabad, Telangana, IN",17.378528372782586,78.48071236551377,16.91468866477086,78.03246829397413,1659366000,0
2022-08-01 18:00:00,18:00:00,4532117045436,Walmart,entertainment,537.88,"Hyderabad, Telangana, IN",17.392974857695773,78.47324269557075,17.30657755845283,78.94891345765188,1659376800,0
2022-08-01 21:00:00,21:00:00,4532117045436,Netflix,travel,555.8,"Hyderabad, Telangana, IN",17.38300846838984,78.4845915222784,18.076257059523265,78.0025052882457,1659387600,0
2022-08-02 00:00:00,00:00:00,4532117045436,Shell,travel,346.15,"Hyderabad, Telangana, IN",17.374859090618223,78.47361391647176,18.187873144496034,78.70156976079525,1659398400,0
2022-08-02 03:00:00,03:00:00,4532117045436,Walmart,food_dining,380.29,"Hyderabad, Telangana, IN",17.376978410902858,78.49035485590679,17.202588323630597,77.20590940300666,1659409200,0
2022-08-02 06:00:00,06:00:00,4532117045436,MakeMyTrip,grocery_pos,292.77,"Hyderabad, Telangana, IN",17.378298100894142,78.48056511323531,17.328886115158685,78.9583133951316,1659420000,0
2022-08-02 09:00:00,09:00:00,4532117045436,Amazon,grocery_pos,580.22,"Hyderabad, Telangana, IN",17.402535523272263,78.49632334260879,16.79901947165522,77.54336875822239,1659430800,0
2022-08-02 12:00:00,12:00:00,4532117045436,MakeMyTrip,food_dining,395.12,"Hyderabad, Telangana, IN",17.39347827854068,78.4944867814621,17.421383903677135,79.08228421297532,1659441600,0
2022-08-02 15:00:00,15:00:00,4532117045436,MakeMyTrip,food_dining,427.6,"Hyderabad, Telangana, IN",17.385342758326576,78.48280400150519,17.28589491579836,77.90382854213392,1659452400,0
2022-08-02 18:00:00,18:00:00,4532117045436,Zomato,entertainment,544.39,"Hyderabad, Telangana, IN",17.389139501828073,78.4964629218671,17.287335854600432,79.42846792882949,1659463200,0
2022-08-02 21:00:00,21:00:00,4532117045436,Zomato,food_dining,499.05,"Hyderabad, Telangana, IN",17.390300299258637,78.4881923573318,17.975363471668842,78.5381576026094,1659474000,0
2022-08-03 00:00:00,00:00:00,4532117045436,Shell,shopping_net,534.49,"Hyderabad, Telangana, IN",17.376314085956484,78.46898738292006,17.5874046630055,78.99510497050915,1659484800,0
2022-08-03 03:00:00,03:00:00,4532117045436,Zomato,grocery_pos,476.23,"Hyderabad, Telangana, IN",17.37332432882856,78.47681367849395,16.73128511968329,78.39349780500511,1659495600,0
2022-08-03 06:00:00,06:00:00,4532117045436,Zomato,grocery_pos,479.57,"Hyderabad, Telangana, IN",17.395515425111864,78.47945836982073,16.109899228953047,77.72568094012792,1659506400,0
2022-08-03 09:00:00,09:00:00,4532117045436,Walmart,health_fitness,478.15,"Hyderabad, Telangana, IN",17.371502770899568,78.48680243776288,17.6609865724945,78.01919115660417,1659517200,0
2022-08-03 12:00:00,12:00:00,4532117045436,Netflix,food_dining,517.94,"Hyderabad, Telangana, IN",17.38482567505817,78.48240942035625,17.5011864829129,78.71971591670092,1659528000,0
2022-08-03 15:00:00,15:00:00,4532117045436,Shell,gas_transport,525.23,"Hyderabad, Telangana, IN",17.377782715111316,78.4814101833123,17.573825307055113,79.93688091631275,1659538800,0
2022-08-03 18:00:00,18:00:00,4532117045436,Walmart,gas_transport,266.29,"Hyderabad, Telangana, IN",17.38720990247749,78.4925097024108,17.501251585227628,79.20781228898028,1659549600,0
2022-08-03 21:00:00,21:00:00,4532117045436,Netflix,food_dining,360.42,"Hyderabad, Telangana, IN",17.382469479186682,78.49456916404938,16.812720503721778,78.53077097930873,1659560400,0
2022-08-04 00:00:00,00:00:00,4532117045436,MakeMyTrip,shopping_net,419.5,"Hyderabad, Telangana, IN",17.390339824060323,78.48051448080713,17.290113070278405,78.9590459700533,1659571200,0
2022-08-04 03:00:00,03:00:00,4532117045436,Walmart,gas_transport,517.77,"Hyderabad, Telangana, IN",17.361888361553248,78.47820265165944,17.2321766776281,78.59532205779499,1659582000,0
2022-08-04 06:00:00,06:00:00,4532117045436,Apollo,health_fitness,689.61,"Hyderabad, Telangana, IN",17.396206702235904,78.49934201423592,17.344367305929694,78.37068240459487,1659592800,0
2022-08-04 09:00:00,09:00:00,4532117045436,Walmart,travel,328.02,"Hyderabad, Telangana, IN",17.392353837965686,78.51396079175015,17.824179785137456,78.51558851908472,1659603600,0
2022-08-04 12:00:00,12:00:00,4532117045436,Zomato,food_dining,581.8,"Hyderabad, Telangana, IN",17.395115453608547,78.4772809902378,17.09630240087485,78.2023899560213,1659614400,0
2022-08-04 15:00:00,15:00:00,4532117045436,Netflix,shopping_net,364.66,"Hyderabad, Telangana, IN",17.393963874081546,78.49561139725881,16.807001223109086,78.52174904275255,1659625200,0
2022-08-04 18:00:00,18:00:00,4532117045436,Shell,shopping_net,655.58,"Hyderabad, Telangana, IN",17.38813798096737,78.4853097412929,18.054973650666245,78.66627027562812,1659636000,0
2022-08-04 21:00:00,21:00:00,4532117045436,Shell,entertainment,736.85,"Hyderabad, Telangana, IN",17.378586508196026,78.49345985174195,17.019869152891005,78.45314318229124,1659646800,0
2022-08-05 00:00:00,00:00:00,4532117045436,Netflix,shopping_net,187.8,"Hyderabad, Telangana, IN",17.389384315259676,78.47717050605533,17.961216944117957,78.24743856123513,1659657600,0
2022-08-05 03:00:00,03:00:00,4532117045436,Zomato,gas_transport,401.05,"Hyderabad, Telangana, IN",17.38789536836644,78.47418252065405,18.460730849903914,78.2203136897264,1659668400,0
2022-08-05 06:00:00,06:00:00,4532117045436,Amazon,travel,97.46,"Hyderabad, Telangana, IN",17.393765621147985,78.4754725657649,18.138548516881755,78.34715640356443,1659679200,0
2022-08-05 09:00:00,09:00:00,4532117045436,Walmart,gas_transport,196.52,"Hyderabad, Telangana, IN",17.391216498618682,78.48105861782653,17.71724710503639,78.54066296376926,1659690000,0
2022-08-05 12:00:00,12:00:00,4532117045436,Zomato,food_dining,205.87,"Hyderabad, Telangana, IN",17.385942306473044,78.48435291683056,17.285908829986315,78.24158417526176,1659700800,0
2022-08-05 15:00:00,15:00:00,4532117045436,Apollo,travel,543.61,"Hyderabad, Telangana, IN",17.389331282274224,78.4961512744316,17.84154046974792,78.74787405048048,1659711600,0
2022-08-05 18:00:00,18:00:00,4532117045436,MakeMyTrip,food_dining,515.55,"Hyderabad, Telangana, IN",17.39021730217197,78.47836536113255,17.373545058085888,77.6682743014861,1659722400,0
2022-08-05 21:00:00,21:00:00,4532117045436,Netflix,shopping_net,570.19,"Hyderabad, Telangana, IN",17.39588330082719,78.48032171047441,18.09271289800961,78.5894904143458,1659733200,0
2022-08-06 00:00:00,00:00:00,4532117045436,Walmart,health_fitness,6728.92,"Kolkata, West Bengal, IN",17.402358808994904,78.5075051867438,21.724099164920062,72.7362137698159,1659744000,1
2022-08-06 03:00:00,03:00:00,4532117045436,Shell,grocery_pos,3463.14,"Delhi, Delhi, IN",17.39097082115935,78.48723375731026,18.38512523179476,72.64568439187235,1659754800,1
2022-08-06 06:00:00,06:00:00,4532117045436,MakeMyTrip,travel,466.78,"Hyderabad, Telangana, IN",17.3902637313512,78.48955317537268,17.40962943840802,78.44733157206637,1659765600,0
2022-08-06 09:00:00,09:00:00,4532117045436,Amazon,entertainment,430.37,"Hyderabad, Telangana, IN",17.382770036284967,78.49415306591554,17.13791986549063,78.80978593016343,1659776400,0
2022-08-06 12:00:00,12:00:00,4532117045436,Apollo,grocery_pos,602.94,"Hyderabad, Telangana, IN",17.381566818353786,78.48146160991709,17.38387042659265,78.58931968376082,1659787200,0
2022-08-06 15:00:00,15:00:00,4532117045436,Shell,shopping_net,451.84,"Hyderabad, Telangana, IN",17.37774177570399,78.48651655335892,17.53141208496307,78.99407310474295,1659798000,0
2022-08-06 18:00:00,18:00:00,4532117045436,Netflix,shopping_net,528.78,"Hyderabad, Telangana, IN",17.353002394376364,78.48347543233756,17.256527352082248,78.36366501604462,1659808800,0
2022-08-06 21:00:00,21:00:00,4532117045436,Walmart,grocery_pos,100.46,"Hyderabad, Telangana, IN",17.37660787488476,78.48586960906847,17.534006802798892,78.73165105814351,1659819600,0
2022-08-07 00:00:00,00:00:00,4532117045436,Netflix,entertainment,273.74,"Hyderabad, Telangana, IN",17.383272705695223,78.49513242678202,17.877803383830045,77.40055441572503,1659830400,0
2022-08-07 03:00:00,03:00:00,4532117045436,MakeMyTrip,travel,597.03,"Hyderabad, Telangana, IN",17.381937394426142,78.493446659834,17.52378531826571,78.97817555086442,1659841200,0
2022-08-07 06:00:00,06:00:00,4532117045436,Walmart,travel,349.73,"Hyderabad, Telangana, IN",17.38956604178553,78.46387719253245,17.11779528027335,78.54677146734667,1659852000,0
2022-08-07 09:00:00,09:00:00,4532117045436,Zomato,grocery_pos,240.7,"Hyderabad, Telangana, IN",17.376959784549392,78.49667878306133,16.00717566371662,78.13556685173853,1659862800,0
2022-08-07 12:00:00,12:00:00,4532117045436,Amazon,food_dining,546.19,"Hyderabad, Telangana, IN",17.377399962227855,78.48324274266561,17.991879885012793,78.62099917246158,1659873600,0
2022-08-07 15:00:00,15:00:00,4532117045436,Zomato,gas_transport,450.2,"Hyderabad, Telangana, IN",17.363862956100593,78.49064803704886,17.329711302962583,79.18976192565528,1659884400,0
2022-08-07 18:00:00,18:00:00,4532117045436,Zomato,health_fitness,388.96,"Hyderabad, Telangana, IN",17.38971429495557,78.4826243474461,17.485231718235962,78.00405396387758,1659895200,0
2022-08-07 21:00:00,21:00:00,4532117045436,Netflix,food_dining,676.37,"Hyderabad, Telangana, IN",17.376121645511716,78.48618195031514,17.65749640389875,78.03575705462478,1659906000,0
2022-08-08 00:00:00,00:00:00,4532117045436,MakeMyTrip,travel,650.62,"Hyderabad, Telangana, IN",17.377839933906532,78.49985290114748,17.657624049109607,77.66853037667457,1659916800,0
2022-08-08 03:00:00,03:00:00,4532117045436,Amazon,gas_transport,3675.37,"Kolkata, West Bengal, IN",17.39064747355157,78.4900607560599,20.323789613927424,80.25804920571852,1659927600,1
2022-08-08 06:00:00,06:00:00,4532117045436,Walmart,health_fitness,558.36,"Hyderabad, Telangana, IN",17.37617269883479,78.49934171274093,17.88941590948647,78.00606324035734,1659938400,0
2022-08-08 09:00:00,09:00:00,4532117045436,Walmart,health_fitness,114.19,"Hyderabad, Telangana, IN",17.38880337591447,78.48619031040782,17.76277008510451,78.384703570033,1659949200,0
2022-08-08 12:00:00,12:00:00,4532117045436,Apollo,health_fitness,614.0,"Hyderabad, Telangana, IN",17.37293374923103,78.485150913254,15.826483841324563,78.50734121334595,1659960000,0
2022-08-08 15:00:00,15:00:00,4532117045436,Shell,shopping_net,287.01,"Hyderabad, Telangana, IN",17.38478875749861,78.48682178065158,17.581489880585913,77.78186672309654,1659970800,0
2022-08-08 18:00:00,18:00:00,4532117045436,Apollo,health_fitness,232.18,"Hyderabad, Telangana, IN",17.37890348174293,78.47400523233544,17.512497735251035,78.64237036987683,1659981600,0
2022-08-08 21:00:00,21:00:00,4532117045436,Apollo,entertainment,182.21,"Hyderabad, Telangana, IN",17.382337052864262,78.45978991397308,17.258599497032577,78.61028753981145,1659992400,0
2022-08-09 00:00:00,00:00:00,4532117045436,Walmart,grocery_pos,170.62,"Hyderabad, Telangana, IN",17.40011680003743,78.47889264107137,17.624765432187033,78.59904891735489,1660003200,0
2022-08-09 03:00:00,03:00:00,4532117045436,Netflix,travel,612.05,"Hyderabad, Telangana, IN",17.36860712262354,78.4969723343992,17.39512557832846,78.04700692848613,1660014000,0
2022-08-09 06:00:00,06:00:00,4532117045436,Zomato,entertainment,544.67,"Hyderabad, Telangana, IN",17.399224107092767,78.50090537556021,17.10102108427276,79.44673588853519,1660024800,0
2022-08-09 09:00:00,09:00:00,4532117045436,MakeMyTrip,grocery_pos,335.12,"Hyderabad, Telangana, IN",17.37581224509789,78.46667636141225,18.003373893027167,78.80137916901346,1660035600,0
2022-08-09 12:00:00,12:00:00,4532117045436,Zomato,food_dining,578.23,"Hyderabad, Telangana, IN",17.39369081773266,78.49956677327785,17.558894017113875,77.81532535922145,1660046400,0
2022-08-09 15:00:00,15:00:00,4532117045436,Zomato,food_dining,360.75,"Hyderabad, Telangana, IN",17.39567316955175,78.48077676145355,17.471247068324534,77.68838322336703,1660057200,0
2022-08-09 18:00:00,18:00:00,4532117045436,Amazon,grocery_pos,498.55,"Hyderabad, Telangana, IN",17.38930462215552,78.47243599974433,16.343228720020992,78.0812928121374,1660068000,0
2022-08-09 21:00:00,21:00:00,4532117045436,Walmart,entertainment,377.65,"Hyderabad, Telangana, IN",17.372815563881122,78.49729226709236,18.44931611015742,78.53059295011883,1660078800,0
2022-08-10 00:00:00,00:00:00,4532117045436,MakeMyTrip,grocery_pos,432.01,"Hyderabad, Telangana, IN",17.38772429683644,78.48164556174558,16.4528375282379,79.2083136037781,1660089600,0
2022-08-10 03:00:00,03:00:00,4532117045436,Netflix,health_fitness,313.77,"Hyderabad, Telangana, IN",17.410595622503234,78.5128553516274,17.64710192845831,78.14737365675752,1660100400,0
2022-08-10 06:00:00,06:00:00,4532117045436,Amazon,shopping_net,336.03,"Hyderabad, Telangana, IN",17.385112357012403,78.47996757376409,17.741486513564247,77.71126994402869,1660111200,0
2022-08-10 09:00:00,09:00:00,4532117045436,Shell,travel,531.61,"Hyderabad, Telangana, IN",17.383991832383032,78.4839364503254,18.207209048694942,78.63014372227309,1660122000,0
2022-08-10 12:00:00,12:00:00,4532117045436,Netflix,food_dining,2391.48,"Kolkata, West Bengal, IN",17.383029434692794,78.47693508017825,28.681949936396453,80.73159970577646,1660132800,1
2022-08-10 15:00:00,15:00:00,4532117045436,Apollo,travel,387.88,"Hyderabad, Telangana, IN",17.390155633670734,78.4881990052352,16.980614065230476,78.54050676957155,1660143600,0
2022-08-10 18:00:00,18:00:00,4532117045436,Netflix,shopping_net,221.17,"Hyderabad, Telangana, IN",17.384128191616675,78.4946706497147,17.785188299689313,78.40393909715826,1660154400,0
2022-08-10 21:00:00,21:00:00,4532117045436,Netflix,health_fitness,820.69,"Hyderabad, Telangana, IN",17.387845905096935,78.4693972447618,17.71046449886523,78.35061837264489,1660165200,0
2022-08-11 00:00:00,00:00:00,4532117045436,Zomato,health_fitness,455.5,"Hyderabad, Telangana, IN",17.3820767664469,78.49325798670164,18.235899513503302,78.9986920286,1660176000,0
2022-08-11 03:00:00,03:00:00,4532117045436,Netflix,food_dining,496.82,"Hyderabad, Telangana, IN",17.374637551286952,78.48261337531257,17.928705671289876,78.78048893113872,1660186800,0
2022-08-11 06:00:00,06:00:00,4532117045436,Apollo,food_dining,260.8,"Hyderabad, Telangana, IN",17.408220691006843,78.47809091418678,17.215797448204786,78.59333238617505,1660197600,0
2022-08-11 09:00:00,09:00:00,4532117045436,Apollo,health_fitness,632.29,"Hyderabad, Telangana, IN",17.384033486984073,78.47268771728329,17.329472258845676,77.40902880050093,1660208400,0
2022-08-11 12:00:00,12:00:00,4532117045436,Walmart,gas_transport,655.18,"Hyderabad, Telangana, IN",17.41698398193292,78.49648623500357,17.646510762901727,78.35943116837825,1660219200,0
2022-08-11 15:00:00,15:00:00,4532117045436,Netflix,travel,193.79,"Hyderabad, Telangana, IN",17.389249152460472,78.48956687679855,16.62077209705934,78.91799797904889,1660230000,0
2022-08-11 18:00:00,18:00:00,4532117045436,Zomato,shopping_net,434.64,"Hyderabad, Telangana, IN",17.39099982202576,78.48087921256865,17.66554406073058,77.99891610066194,1660240800,0
2022-08-11 21:00:00,21:00:00,4532117045436,Netflix,travel,422.93,"Hyderabad, Telangana, IN",17.381907154304784,78.49449459000706,17.701713549241475,78.37156780245634,1660251600,0
2022-08-12 00:00:00,00:00:00,4532117045436,Shell,shopping_net,808.27,"Hyderabad, Telangana, IN",17.37907042678625,78.49199826143617,16.97997218348323,78.4587443955776,1660262400,0
2022-08-12 03:00:00,03:00:00,4532117045436,Shell,gas_transport,666.54,"Hyderabad, Telangana, IN",17.382133298809364,78.49537847404402,17.278507544274255,78.59897006156493,1660273200,0
2022-08-12 06:00:00,06:00:00,4532117045436,Zomato,entertainment,232.38,"Hyderabad, Telangana, IN",17.376676873359656,78.50310598896307,16.393991701167483,78.28080058754118,1660284000,0
2022-08-12 09:00:00,09:00:00,4532117045436,Walmart,shopping_net,340.79,"Hyderabad, Telangana, IN",17.375753191816493,78.48887518385011,17.849445675871245,78.69413796792324,1660294800,0
2022-08-12 12:00:00,12:00:00,4532117045436,Walmart,travel,2982.98,"Chennai, Tamil Nadu, IN",17.40284601055414,78.50602375771817,18.8574357214905,80.61713627725501,1660305600,1
2022-08-12 15:00:00,15:00:00,4532117045436,Apollo,grocery_pos,505.75,"Hyderabad, Telangana, IN",17.392997526056682,78.50097579605655,16.731708750059365,78.02800235577249,1660316400,0
2022-08-12 18:00:00,18:00:00,4532117045436,Apollo,health_fitness,685.83,"Hyderabad, Telangana, IN",17.399981851243542,78.49453441420629,16.854970597270242,78.09128664991506,1660327200,0
2022-08-12 21:00:00,21:00:00,4532117045436,Amazon,health_fitness,466.38,"Hyderabad, Telangana, IN",17.396248996896386,78.46978769422515,17.167701635245525,78.5717290712853,1660338000,0
2022-08-13 00:00:00,00:00:00,4532117045436,Zomato,gas_transport,525.17,"Hyderabad, Telangana, IN",17.378986284354983,78.4877979208077,17.80964622956673,79.21783147665806,1660348800,0
2022-08-13 03:00:00,03:00:00,4532117045436,Netflix,shopping_net,350.35,"Hyderabad, Telangana, IN",17.369603141664957,78.4891632559781,17.637267946454827,78.98666823791828,1660359600,0
2022-08-13 06:00:00,06:00:00,4532117045436,MakeMyTrip,entertainment,524.37,"Hyderabad, Telangana, IN",17.38039856829303,78.48885571155526,16.97388425674237,78.20236503605757,1660370400,0
2022-08-13 09:00:00,09:00:00,4532117045436,Zomato,shopping_net,379.21,"Hyderabad, Telangana, IN",17.385918318190118,78.48560192532828,17.088362817056673,78.08399299334431,1660381200,0
2022-08-13 12:00:00,12:00:00,4532117045436,Amazon,health_fitness,5326.63,"Chennai, Tamil Nadu, IN",17.396443431184593,78.49316049912902,19.979325961891963,73.33628283199305,1660392000,1
2022-08-13 15:00:00,15:00:00,4532117045436,Apollo,food_dining,514.63,"Hyderabad, Telangana, IN",17.384453953523217,78.49449155846742,16.984666252840025,79.2536445049051,1660402800,0
2022-08-13 18:00:00,18:00:00,4532117045436,Zomato,grocery_pos,448.52,"Hyderabad, Telangana, IN",17.414663657951763,78.46997828712252,17.124776600405085,78.47844038677478,1660413600,0
2022-08-13 21:00:00,21:00:00,4532117045436,Zomato,gas_transport,285.42,"Hyderabad, Telangana, IN",17.380673040094305,78.50024840236084,17.730934498974538,78.5773933808419,1660424400,0
2022-08-14 00:00:00,00:00:00,4532117045436,Apollo,food_dining,7008.75,"Delhi, Delhi, IN",17.390910576024485,78.47193548068752,22.457606474249257,88.32496297366015,1660435200,1
2022-08-14 03:00:00,03:00:00,4532117045436,Amazon,travel,335.03,"Hyderabad, Telangana, IN",17.379014091082045,78.4826410091238,17.313816433503295,78.49821755522667,1660446000,0
2022-08-14 06:00:00,06:00:00,4532117045436,Apollo,entertainment,541.37,"Hyderabad, Telangana, IN",17.389062823858225,78.47782422339834,17.276617454834412,77.7268521832842,1660456800,0
2022-08-14 09:00:00,09:00:00,4532117045436,Walmart,food_dining,395.62,"Hyderabad, Telangana, IN",17.383744265685948,78.47948236243123,17.363572172766734,77.79331487662216,1660467600,0
2022-08-14 12:00:00,12:00:00,4532117045436,Netflix,travel,681.54,"Hyderabad, Telangana, IN",17.382513390427544,78.4975653303315,17.517105563325867,78.5263406472431,1660478400,0
2022-08-14 15:00:00,15:00:00,4532117045436,Apollo,food_dining,414.36,"Hyderabad, Telangana, IN",17.378812078971045,78.48791619804338,17.692294628530284,78.60179133805187,1660489200,0
2022-08-14 18:00:00,18:00:00,4532117045436,Amazon,entertainment,6529.65,"Delhi, Delhi, IN",17.386475424064315,78.49352599131262,13.319137892027403,87.9856233729764,1660500000,1
2022-08-14 21:00:00,21:00:00,4532117045436,Shell,food_dining,571.5,"Hyderabad, Telangana, IN",17.39336172926468,78.49302015838447,17.21302829121222,78.64556799279949,1660510800,0
2022-08-15 00:00:00,00:00:00,4532117045436,Walmart,gas_transport,680.93,"Hyderabad, Telangana, IN",17.37524933635795,78.4675495438689,17.309284412700354,77.84037016487231,1660521600,0
2022-08-15 03:00:00,03:00:00,4532117045436,Shell,health_fitness,385.86,"Hyderabad, Telangana, IN",17.384514270050282,78.48112258436514,17.560478164304914,78.31262600863802,1660532400,0
2022-08-15 06:00:00,06:00:00,4532117045436,MakeMyTrip,shopping_net,551.83,"Hyderabad, Telangana, IN",17.389931340706557,78.49418572481736,17.47507038035371,78.1668632896038,1660543200,0
2022-08-15 09:00:00,09:00:00,4532117045436,Apollo,food_dining,469.41,"Hyderabad, Telangana, IN",17.391828911076733,78.49326837983124,17.670353218570995,78.44289751189388,1660554000,0
2022-08-15 12:00:00,12:00:00,4532117045436,Walmart,gas_transport,392.59,"Hyderabad, Telangana, IN",17.40363027847184,78.46913323936595,17.60984622905969,78.33428318102922,1660564800,0
2022-08-15 15:00:00,15:00:00,4532117045436,Netflix,shopping_net,576.11,"Hyderabad, Telangana, IN",17.390786784460502,78.49700027125179,16.973063617850258,79.61911637425763,1660575600,0
2022-08-15 18:00:00,18:00:00,4532117045436,Apollo,travel,329.99,"Hyderabad, Telangana, IN",17.38099977902765,78.49286055945919,18.322223381285134,78.0100658648833,1660586400,0
2022-08-15 21:00:00,21:00:00,4532117045436,Netflix,shopping_net,454.87,"Hyderabad, Telangana, IN",17.3793199844159,78.47707207696538,17.386838349314218,78.48426739040765,1660597200,0
2022-08-16 00:00:00,00:00:00,4532117045436,Zomato,travel,488.6,"Hyderabad, Telangana, IN",17.379197418256386,78.49078628278254,17.734851953568782,79.8803732818769,1660608000,0
2022-08-16 03:00:00,03:00:00,4532117045436,Shell,food_dining,483.16,"Hyderabad, Telangana, IN",17.378640232233984,78.48440888234897,17.690293797889364,78.7921897755977,1660618800,0
2022-08-16 06:00:00,06:00:00,4532117045436,Walmart,gas_transport,333.69,"Hyderabad, Telangana, IN",17.387157360186077,78.49161965391627,17.520962717004267,78.46698209635292,1660629600,0
2022-08-16 09:00:00,09:00:00,4532117045436,Netflix,health_fitness,758.94,"Hyderabad, Telangana, IN",17.389205502447098,78.46869763898991,17.51616818126927,78.89456910346499,1660640400,0
2022-08-16 12:00:00,12:00:00,4532117045436,Amazon,food_dining,639.34,"Hyderabad, Telangana, IN",17.39324544815387,78.48317395137258,17.848666500643212,78.80189996558796,1660651200,0
2022-08-16 15:00:00,15:00:00,4532117045436,Netflix,travel,598.56,"Hyderabad, Telangana, IN",17.391649947266355,78.49850716902402,17.28085460911705,77.93475766490641,1660662000,0
2022-08-16 18:00:00,18:00:00,4532117045436,Amazon,entertainment,664.98,"Hyderabad, Telangana, IN",17.397461071546445,78.4920881917217,17.77280133101861,77.71212962535121,1660672800,0
2022-08-16 21:00:00,21:00:00,4532117045436,Apollo,shopping_net,460.31,"Hyderabad, Telangana, IN",17.378310791561407,78.49461640864713,17.63621184944704,78.53503809621549,1660683600,0
2022-08-17 00:00:00,00:00:00,4532117045436,Walmart,food_dining,394.31,"Hyderabad, Telangana, IN",17.401364841856335,78.48436458753791,17.972895279627082,78.24701321433528,1660694400,0
2022-08-17 03:00:00,03:00:00,4532117045436,Netflix,travel,286.64,"Hyderabad, Telangana, IN",17.378703441016604,78.49234345949641,17.136797996133314,79.62362242793705,1660705200,0
2022-08-17 06:00:00,06:00:00,4532117045436,MakeMyTrip,shopping_net,344.49,"Hyderabad, Telangana, IN",17.388479323581755,78.4850691099358,17.427154098848785,79.04627647725852,1660716000,0
2022-08-17 09:00:00,09:00:00,4532117045436,Netflix,travel,297.9,"Hyderabad, Telangana, IN",17.38305241321017,78.47745159854342,16.95737496965504,79.04609207041149,1660726800,0
2022-08-17 12:00:00,12:00:00,4532117045436,MakeMyTrip,gas_transport,370.78,"Hyderabad, Telangana, IN",17.384761042123905,78.48417844878843,17.939886190679477,77.301665460616,1660737600,0
2022-08-17 15:00:00,15:00:00,4532117045436,Walmart,grocery_pos,491.47,"Hyderabad, Telangana, IN",17.391722887632174,78.50124040044902,17.015370637757982,78.19170303894127,1660748400,0
2022-08-17 18:00:00,18:00:00,4532117045436,Netflix,food_dining,587.1,"Hyderabad, Telangana, IN",17.370615798306815,78.4980232135978,17.551024854549187,78.4815213443357,1660759200,0
2022-08-17 21:00:00,21:00:00,4532117045436,Amazon,health_fitness,582.95,"Hyderabad, Telangana, IN",17.37669275736946,78.47677798110482,17.15815449469435,78.11912972445903,1660770000,0
2022-08-18 00:00:00,00:00:00,4532117045436,Netflix,food_dining,274.27,"Hyderabad, Telangana, IN",17.39249226735247,78.48252658629498,17.955592444831865,78.17415759162083,1660780800,0
2022-08-18 03:00:00,03:00:00,4532117045436,Shell,shopping_net,553.37,"Hyderabad, Telangana, IN",17.38497847383809,78.47745761782436,17.355734451343462,78.3581923879794,1660791600,0
2022-08-18 06:00:00,06:00:00,4532117045436,Apollo,gas_transport,621.58,"Hyderabad, Telangana, IN",17.38243382182685,78.48849523173867,17.710569951526846,78.54895857740243,1660802400,0
2022-08-18 09:00:00,09:00:00,4532117045436,Zomato,travel,411.86,"Hyderabad, Telangana, IN",17.37379059438337,78.49667272823115,16.843080500875978,79.83980027029938,1660813200,0
2022-08-18 12:00:00,12:00:00,4532117045436,Amazon,entertainment,629.66,"Hyderabad, Telangana, IN",17.3825038918767,78.50701793417292,17.069398066554644,78.15071830075533,1660824000,0
2022-08-18 15:00:00,15:00:00,4532117045436,Shell,health_fitness,581.37,"Hyderabad, Telangana, IN",17.391809469415673,78.47242547801154,17.68852072936194,78.90952691311098,1660834800,0
2022-08-18 18:00:00,18:00:00,4532117045436,MakeMyTrip,gas_transport,260.31,"Hyderabad, Telangana, IN",17.379365268808545,78.4952834734535,18.030476301001357,79.21850938026199,1660845600,0
2022-08-18 21:00:00,21:00:00,4532117045436,Apollo,food_dining,778.76,"Hyderabad, Telangana, IN",17.398640633468585,78.4866231437242,17.648036249503818,77.98912899388793,1660856400,0
2022-08-19 00:00:00,00:00:00,4532117045436,Walmart,entertainment,342.65,"Hyderabad, Telangana, IN",17.395768849308027,78.48302863025968,18.576492408548063,79.49290728804222,1660867200,0
2022-08-19 03:00:00,03:00:00,4532117045436,Amazon,gas_transport,593.61,"Hyderabad, Telangana, IN",17.381499470954815,78.47734708185081,17.7807399692957,78.60445489188818,1660878000,0
2022-08-19 06:00:00,06:00:00,4532117045436,Zomato,grocery_pos,588.18,"Hyderabad, Telangana, IN",17.3790565126721,78.504498609371,17.393010073698225,77.23907061848983,1660888800,0
2022-08-19 09:00:00,09:00:00,4532117045436,Apollo,health_fitness,266.4,"Hyderabad, Telangana, IN",17.357355216644258,78.47041135771848,17.224500966048307,79.09759895700951,1660899600,0
2022-08-19 12:00:00,12:00:00,4532117045436,MakeMyTrip,shopping_net,476.85,"Hyderabad, Telangana, IN",17.374231389580586,78.48180244847052,18.293534198504616,77.67792046406893,1660910400,0
2022-08-19 15:00:00,15:00:00,4532117045436,Zomato,gas_transport,586.34,"Hyderabad, Telangana, IN",17.373616636634402,78.49037296906616,17.788723856015583,79.21564901474397,1660921200,0
2022-08-19 18:00:00,18:00:00,4532117045436,Walmart,gas_transport,264.81,"Hyderabad, Telangana, IN",17.370690335690654,78.49123288392273,17.12728625947018,78.97338119045754,1660932000,0
2022-08-19 21:00:00,21:00:00,4532117045436,Walmart,grocery_pos,464.94,"Hyderabad, Telangana, IN",17.384640235223234,78.49916797819036,17.055556443307736,77.96656501327044,1660942800,0
2022-08-20 00:00:00,00:00:00,4532117045436,MakeMyTrip,food_dining,598.9,"Hyderabad, Telangana, IN",17.38812080560326,78.477893194313,17.053130609451276,78.29166305809169,1660953600,0
2022-08-20 03:00:00,03:00:00,4532117045436,Amazon,travel,608.59,"Hyderabad, Telangana, IN",17.403146553422737,78.49294386894198,17.640625825809014,78.82894941344826,1660964400,0
2022-08-20 06:00:00,06:00:00,4532117045436,MakeMyTrip,travel,390.44,"Hyderabad, Telangana, IN",17.385664906614007,78.48607065480934,16.625925580850087,78.20922660974246,1660975200,0
2022-08-20 09:00:00,09:00:00,4532117045436,Netflix,health_fitness,681.66,"Hyderabad, Telangana, IN",17.364664462121553,78.48710217108676,17.12952921216471,79.35675231508247,1660986000,0
2022-08-20 12:00:00,12:00:00,4532117045436,Walmart,health_fitness,645.83,"Hyderabad, Telangana, IN",17.377522559686636,78.48210422768167,17.53376350693786,78.9440461111173,1660996800,0
2022-08-20 15:00:00,15:00:00,4532117045436,Apollo,shopping_net,486.18,"Hyderabad, Telangana, IN",17.391105642755424,78.48831866425321,17.398806012996037,77.73932234964701,1661007600,0
2022-08-20 18:00:00,18:00:00,4532117045436,Netflix,gas_transport,351.16,"Hyderabad, Telangana, IN",17.384185872530885,78.48527613671651,17.157503294176195,78.39899089557358,1661018400,0
2022-08-20 21:00:00,21:00:00,4532117045436,Shell,entertainment,275.12,"Hyderabad, Telangana, IN",17.393568280095945,78.48313745023793,17.73241235328686,78.74656807298886,1661029200,0
2022-08-21 00:00:00,00:00:00,4532117045436,Zomato,gas_transport,506.63,"Hyderabad, Telangana, IN",17.379862510264356,78.48144797065339,17.729853810078165,78.09690081844309,1661040000,0
2022-08-21 03:00:00,03:00:00,4532117045436,Netflix,travel,669.68,"Hyderabad, Telangana, IN",17.39652037319465,78.49042495548831,17.276767599123446,79.03253795447341,1661050800,0
2022-08-21 06:00:00,06:00:00,4532117045436,Zomato,shopping_net,427.93,"Hyderabad, Telangana, IN",17.38746030074218,78.47339109301447,17.119286558712805,78.79395320479455,1661061600,0
2022-08-21 09:00:00,09:00:00,4532117045436,MakeMyTrip,gas_transport,4850.54,"Mumbai, Maharashtra, IN",17.387714775839317,78.48477651813533,20.304361288561168,87.68885185888269,1661072400,1
2022-08-21 12:00:00,12:00:00,4532117045436,Netflix,grocery_pos,573.74,"Hyderabad, Telangana, IN",17.386499548875697,78.47902282546634,17.305639178529923,78.32918600452233,1661083200,0
2022-08-21 15:00:00,15:00:00,4532117045436,MakeMyTrip,travel,476.18,"Hyderabad, Telangana, IN",17.37734843879689,78.48547090266482,17.392024132941287,77.9773160225461,1661094000,0
2022-08-21 18:00:00,18:00:00,4532117045436,Shell,gas_transport,527.39,"Hyderabad, Telangana, IN",17.384428094451593,78.48559796249587,17.77642335044441,79.09548614540861,1661104800,0
2022-08-21 21:00:00,21:00:00,4532117045436,Walmart,gas_transport,371.21,"Hyderabad, Telangana, IN",17.387937609175534,78.49536852729132,16.83497541157493,79.36690136907514,1661115600,0
2022-08-22 00:00:00,00:00:00,4532117045436,Shell,travel,394.52,"Hyderabad, Telangana, IN",17.370993453913574,78.49329015119395,17.12587424351401,79.0032838693373,1661126400,0
2022-08-22 03:00:00,03:00:00,4532117045436,Walmart,entertainment,370.5,"Hyderabad, Telangana, IN",17.385795942527636,78.48961795835291,17.254540507957344,78.93228456658129,1661137200,0
2022-08-22 06:00:00,06:00:00,4532117045436,MakeMyTrip,travel,524.88,"Hyderabad, Telangana, IN",17.397148779184988,78.48842731144418,18.338574050031287,78.51792211050457,1661148000,0
2022-08-22 09:00:00,09:00:00,4532117045436,Walmart,grocery_pos,399.09,"Hyderabad, Telangana, IN",17.389338181333702,78.48479137581086,16.758696800394006,78.13244678383846,1661158800,0
2022-08-22 12:00:00,12:00:00,4532117045436,Zomato,grocery_pos,538.86,"Hyderabad, Telangana, IN",17.398672901497694,78.48460653259356,17.404890057755306,78.85750783040422,1661169600,0
2022-08-22 15:00:00,15:00:00,4532117045436,Apollo,gas_transport,7189.12,"Chennai, Tamil Nadu, IN",17.38907727323306,78.46922135847781,12.228034141283906,88.22454224147529,1661180400,1
2022-08-22 18:00:00,18:00:00,4532117045436,Shell,health_fitness,524.63,"Hyderabad, Telangana, IN",17.37602369102433,78.49403749299175,18.539608437726255,78.98766494207251,1661191200,0
2022-08-22 21:00:00,21:00:00,4532117045436,Netflix,entertainment,555.57,"Hyderabad, Telangana, IN",17.392907597608378,78.4893652614001,17.51840849704223,78.6227298885364,1661202000,0
2022-08-23 00:00:00,00:00:00,4532117045436,Shell,gas_transport,499.73,"Hyderabad, Telangana, IN",17.373589738816975,78.4987037419227,16.90843614146981,77.74830144217005,1661212800,0
2022-08-23 03:00:00,03:00:00,4532117045436,Zomato,travel,587.56,"Hyderabad, Telangana, IN",17.38291562810272,78.48115437090188,16.56201080829025,78.51469592991012,1661223600,0
2022-08-23 06:00:00,06:00:00,4532117045436,Walmart,gas_transport,377.78,"Hyderabad, Telangana, IN",17.38224003642683,78.49930369701009,17.69100461778823,77.86513994806326,1661234400,0
2022-08-23 09:00:00,09:00:00,4532117045436,Zomato,shopping_net,553.9,"Hyderabad, Telangana, IN",17.378217216041943,78.48478178339091,17.481559987294283,77.79138113870304,1661245200,0
2022-08-23 12:00:00,12:00:00,4532117045436,Amazon,shopping_net,485.0,"Hyderabad, Telangana, IN",17.408789672218546,78.4809683977997,17.702863767565628,77.3789313105567,1661256000,0
2022-08-23 15:00:00,15:00:00,4532117045436,Amazon,health_fitness,328.54,"Hyderabad, Telangana, IN",17.38427354691955,78.50215444622359,16.881710783523385,77.81245270084297,1661266800,0
2022-08-23 18:00:00,18:00:00,4532117045436,Netflix,entertainment,163.95,"Hyderabad, Telangana, IN",17.403100617105395,78.49033892880414,18.31914112500882,77.89204880983615,1661277600,0
2022-08-23 21:00:00,21:00:00,4532117045436,Zomato,food_dining,196.03,"Hyderabad, Telangana, IN",17.38843590480513,78.50341007092361,17.425949333169296,79.12244661853575,1661288400,0
2022-08-24 00:00:00,00:00:00,4532117045436,MakeMyTrip,shopping_net,118.75,"Hyderabad, Telangana, IN",17.376790781892733,78.4884048840256,17.59720072722229,78.77359698156076,1661299200,0
2022-08-24 03:00:00,03:00:00,4532117045436,Netflix,food_dining,513.92,"Hyderabad, Telangana, IN",17.380904122360967,78.4947742270382,17.69696159671928,79.48629011580151,1661310000,0
2022-08-24 06:00:00,06:00:00,4532117045436,MakeMyTrip,grocery_pos,401.28,"Hyderabad, Telangana, IN",17.384615186721867,78.49698704655738,17.43633919911192,78.38924717961595,1661320800,0
2022-08-24 09:00:00,09:00:00,4532117045436,Netflix,shopping_net,463.08,"Hyderabad, Telangana, IN",17.381581916744256,78.48388629348906,18.037776989184362,77.83922280737187,1661331600,0
2022-08-24 12:00:00,12:00:00,4532117045436,Amazon,shopping_net,422.94,"Hyderabad, Telangana, IN",17.382260477786097,78.49016067097126,17.12003309129059,78.48227751485645,1661342400,0
2022-08-24 15:00:00,15:00:00,4532117045436,Netflix,entertainment,537.25,"Hyderabad, Telangana, IN",17.390737439605214,78.4882421758589,17.89616161205946,78.27431979867441,1661353200,0
2022-08-24 18:00:00,18:00:00,4532117045436,Amazon,health_fitness,541.64,"Hyderabad, Telangana, IN",17.388653700544342,78.49502323081558,18.05157095111026,78.69824632020403,1661364000,0
2022-08-24 21:00:00,21:00:00,4532117045436,Walmart,food_dining,456.44,"Hyderabad, Telangana, IN",17.391899937227308,78.47604644457545,17.903319579249096,77.77472751419019,1661374800,0
2022-08-25 00:00:00,00:00:00,4532117045436,MakeMyTrip,travel,465.51,"Hyderabad, Telangana, IN",17.40026684577526,78.49271132826782,18.102172900817855,78.510544709742,1661385600,0
2022-08-25 03:00:00,03:00:00,4532117045436,Zomato,shopping_net,471.5,"Hyderabad, Telangana, IN",17.380285141672196,78.49590465877364,17.019822569509802,79.16062225958912,1661396400,0
2022-08-25 06:00:00,06:00:00,4532117045436,Netflix,shopping_net,658.77,"Hyderabad, Telangana, IN",17.396138925845282,78.47987124960684,17.633321296788527,79.1682852487031,1661407200,0
2022-08-25 09:00:00,09:00:00,4532117045436,Amazon,entertainment,149.31,"Hyderabad, Telangana, IN",17.398936019292947,78.47788553078219,17.59370998912349,79.08163491868926,1661418000,0
2022-08-25 12:00:00,12:00:00,4532117045436,Shell,entertainment,349.42,"Hyderabad, Telangana, IN",17.397939007935374,78.47011725144357,17.422449997314214,78.7622844586937,1661428800,0
2022-08-25 15:00:00,15:00:00,4532117045436,MakeMyTrip,health_fitness,579.79,"Hyderabad, Telangana, IN",17.36740069189593,78.50748467810686,17.698463467947228,78.95674643041488,1661439600,0
2022-08-25 18:00:00,18:00:00,4532117045436,Netflix,food_dining,616.19,"Hyderabad, Telangana, IN",17.40297686530463,78.47938319155051,17.98850992674982,78.46735692528813,1661450400,0
2022-08-25 21:00:00,21:00:00,4532117045436,Apollo,grocery_pos,514.08,"Hyderabad, Telangana, IN",17.378636010189446,78.5008795294871,17.023819902769596,78.697042477409,1661461200,0
2022-08-26 00:00:00,00:00:00,4532117045436,Walmart,travel,422.38,"Hyderabad, Telangana, IN",17.366593276961837,78.48462017835034,16.781447757165374,78.42227053352252,1661472000,0
2022-08-26 03:00:00,03:00:00,4532117045436,Walmart,health_fitness,729.23,"Hyderabad, Telangana, IN",17.40273110090786,78.49768207726412,17.28249275695407,78.21326632675148,1661482800,0
2022-08-26 06:00:00,06:00:00,4532117045436,Shell,grocery_pos,476.67,"Hyderabad, Telangana, IN",17.39013404368174,78.49250940254075,16.142759593516413,78.61523799775973,1661493600,0
2022-08-26 09:00:00,09:00:00,4532117045436,Amazon,gas_transport,454.62,"Hyderabad, Telangana, IN",17.390547049325043,78.50772148462445,17.350311310799967,79.33712052946849,1661504400,0
2022-08-26 12:00:00,12:00:00,4532117045436,Netflix,shopping_net,649.77,"Hyderabad, Telangana, IN",17.38167927644088,78.50115818038877,18.09982711531048,78.62608835133017,1661515200,0
2022-08-26 15:00:00,15:00:00,4532117045436,MakeMyTrip,food_dining,7665.19,"Kolkata, West Bengal, IN",17.38682097912497,78.48883100190044,27.668353371173882,87.99809906693933,1661526000,1
2022-08-26 18:00:00,18:00:00,4532117045436,Amazon,health_fitness,590.97,"Hyderabad, Telangana, IN",17.383606834791536,78.4897983473767,17.17615706266768,78.87537338585926,1661536800,0
2022-08-26 21:00:00,21:00:00,4532117045436,Walmart,shopping_net,2655.33,"Mumbai, Maharashtra, IN",17.378757971891705,78.49349119879317,19.287598913388994,80.64414004698618,1661547600,1
2022-08-27 00:00:00,00:00:00,4532117045436,Amazon,food_dining,394.13,"Hyderabad, Telangana, IN",17.38522990847401,78.51351304650328,17.583355853884246,78.37662740650644,1661558400,0
2022-08-27 03:00:00,03:00:00,4532117045436,Walmart,food_dining,715.16,"Hyderabad, Telangana, IN",17.38613138207298,78.48737734150038,17.703416729346813,78.87714611898207,1661569200,0
2022-08-27 06:00:00,06:00:00,4532117045436,Amazon,food_dining,80.68,"Hyderabad, Telangana, IN",17.371783659914033,78.4737732049929,17.395712981091247,78.12041023608148,1661580000,0
2022-08-27 09:00:00,09:00:00,4532117045436,Shell,shopping_net,2621.24,"Mumbai, Maharashtra, IN",17.385556321254864,78.48914712729584,19.738164806197048,72.5780364486707,1661590800,1
2022-08-27 12:00:00,12:00:00,4532117045436,Zomato,health_fitness,347.97,"Hyderabad, Telangana, IN",17.36712475128133,78.48029334189775,17.480134264936563,79.11676208441106,1661601600,0
2022-08-27 15:00:00,15:00:00,4532117045436,Shell,travel,386.5,"Hyderabad, Telangana, IN",17.404203514021173,78.48881277977537,18.003631249652248,78.46304933896454,1661612400,0
2022-08-27 18:00:00,18:00:00,4532117045436,Shell,entertainment,504.39,"Hyderabad, Telangana, IN",17.383974186397595,78.49821152863268,17.829841657167133,78.15567055627248,1661623200,0
2022-08-27 21:00:00,21:00:00,4532117045436,Zomato,shopping_net,346.58,"Hyderabad, Telangana, IN",17.374285046146685,78.49174080992924,17.181565943992794,79.55385939475191,1661634000,0
2022-08-28 00:00:00,00:00:00,4532117045436,Zomato,food_dining,448.21,"Hyderabad, Telangana, IN",17.390132182006898,78.48076796065067,17.22291212048819,78.13584957725469,1661644800,0
2022-08-28 03:00:00,03:00:00,4532117045436,Netflix,health_fitness,7589.89,"Delhi, Delhi, IN",17.37753300613858,78.48467105389989,13.000658215189032,80.21942683466928,1661655600,1
2022-08-28 06:00:00,06:00:00,4532117045436,MakeMyTrip,travel,750.67,"Hyderabad, Telangana, IN",17.384707426638574,78.47603768259798,17.63021320433864,77.48204194727828,1661666400,0
2022-08-28 09:00:00,09:00:00,4532117045436,MakeMyTrip,gas_transport,329.25,"Hyderabad, Telangana, IN",17.38955501151092,78.49945633317256,16.694070852270865,79.17433767096098,1661677200,0
2022-08-28 12:00:00,12:00:00,4532117045436,Netflix,grocery_pos,197.54,"Hyderabad, Telangana, IN",17.374833092167975,78.49490613295978,17.656344364797675,77.7688564454234,1661688000,0
2022-08-28 15:00:00,15:00:00,4532117045436,Shell,food_dining,5050.69,"Kolkata, West Bengal, IN",17.404497093254374,78.4758165710361,12.043518519515473,77.09650432295442,1661698800,1
2022-08-28 18:00:00,18:00:00,4532117045436,Shell,gas_transport,342.91,"Hyderabad, Telangana, IN",17.40544914468782,78.5119102069796,17.25252476473187,78.63879401677494,1661709600,0
2022-08-28 21:00:00,21:00:00,4532117045436,Walmart,entertainment,436.25,"Hyderabad, Telangana, IN",17.379745466737617,78.48453040791466,17.019660961351207,78.4476644716311,1661720400,0
2022-08-29 00:00:00,00:00:00,4532117045436,Walmart,travel,353.07,"Hyderabad, Telangana, IN",17.373766738191954,78.48965528837041,17.75063788422962,78.21560949063537,1661731200,0
2022-08-29 03:00:00,03:00:00,4532117045436,MakeMyTrip,travel,560.58,"Hyderabad, Telangana, IN",17.37969991837903,78.48332476328643,17.088637768144018,78.70702077557509,1661742000,0
2022-08-29 06:00:00,06:00:00,4532117045436,Netflix,food_dining,243.86,"Hyderabad, Telangana, IN",17.38023445916304,78.49090092250684,16.90531206399415,79.35806909863783,1661752800,0
2022-08-29 09:00:00,09:00:00,4532117045436,Apollo,travel,30.12,"Hyderabad, Telangana, IN",17.39610350493962,78.4876405467297,17.095429114341957,78.3602616068808,1661763600,0
2022-08-29 12:00:00,12:00:00,4532117045436,Apollo,gas_transport,644.36,"Hyderabad, Telangana, IN",17.37987286830045,78.4727238643817,16.843933610343843,77.65891225467344,1661774400,0
2022-08-29 15:00:00,15:00:00,4532117045436,Netflix,food_dining,487.12,"Hyderabad, Telangana, IN",17.373383388027303,78.49843509342077,17.81584680674109,77.58103619897982,1661785200,0
2022-08-29 18:00:00,18:00:00,4532117045436,Walmart,shopping_net,610.9,"Hyderabad, Telangana, IN",17.386015735055725,78.47841861737675,16.833618455719424,78.39257487171719,1661796000,0
2022-08-29 21:00:00,21:00:00,4532117045436,MakeMyTrip,health_fitness,639.33,"Hyderabad, Telangana, IN",17.37009146407652,78.4958711046964,17.363372016259827,78.25850295889731,1661806800,0
2022-08-30 00:00:00,00:00:00,4532117045436,MakeMyTrip,gas_transport,312.53,"Hyderabad, Telangana, IN",17.395679950665535,78.48438138637125,17.059682153216677,78.40112510272044,1661817600,0
2022-08-30 03:00:00,03:00:00,4532117045436,Walmart,health_fitness,459.1,"Hyderabad, Telangana, IN",17.39099992681966,78.48733324818134,18.169271844943985,78.62971142619527,1661828400,0
2022-08-30 06:00:00,06:00:00,4532117045436,Apollo,shopping_net,6003.72,"Mumbai, Maharashtra, IN",17.37900110398166,78.49152112911712,28.243194037255535,77.35219384937038,1661839200,1
2022-08-30 09:00:00,09:00:00,4532117045436,Amazon,shopping_net,433.76,"Hyderabad, Telangana, IN",17.380092788745245,78.48807268133764,17.070385694037704,79.86677065261833,1661850000,0
2022-08-30 12:00:00,12:00:00,4532117045436,Amazon,health_fitness,403.18,"Hyderabad, Telangana, IN",17.387487350740724,78.49413822221722,17.47077163536954,78.67792453321555,1661860800,0
2022-08-30 15:00:00,15:00:00,4532117045436,Walmart,gas_transport,417.95,"Hyderabad, Telangana, IN",17.373969535525237,78.4796180079833,16.93030765400649,78.93767508001693,1661871600,0
2022-08-30 18:00:00,18:00:00,4532117045436,Amazon,health_fitness,612.53,"Hyderabad, Telangana, IN",17.377121042943223,78.49706884877284,17.720738272231095,78.40849815419418,1661882400,0
2022-08-30 21:00:00,21:00:00,4532117045436,Zomato,health_fitness,411.15,"Hyderabad, Telangana, IN",17.382745869031314,78.47639467134766,17.468854637396227,78.4119055308879,1661893200,0
2022-08-31 00:00:00,00:00:00,4532117045436,Netflix,grocery_pos,540.03,"Hyderabad, Telangana, IN",17.371812173623297,78.477571658369,17.594490073954002,78.18979446394007,1661904000,0
2022-08-31 03:00:00,03:00:00,4532117045436,Netflix,gas_transport,502.03,"Hyderabad, Telangana, IN",17.380456614002846,78.4924901510912,16.908196238242915,78.52433398056638,1661914800,0
2022-08-31 06:00:00,06:00:00,4532117045436,Walmart,grocery_pos,4217.64,"Mumbai, Maharashtra, IN",17.374269410808868,78.49719546521689,19.016906198196942,73.85615208774294,1661925600,1
2022-08-31 09:00:00,09:00:00,4532117045436,Shell,food_dining,495.3,"Hyderabad, Telangana, IN",17.399261991603193,78.4895382258449,16.553239026911278,77.6833865405044,1661936400,0
2022-08-31 12:00:00,12:00:00,4532117045436,Apollo,travel,219.2,"Hyderabad, Telangana, IN",17.380965642939643,78.50162198626663,16.59111760247423,78.17662826597217,1661947200,0
2022-08-31 15:00:00,15:00:00,4532117045436,Walmart,health_fitness,510.21,"Hyderabad, Telangana, IN",17.375531759459854,78.47836413668563,17.39044288528407,78.01351259810167,1661958000,0
2022-08-31 18:00:00,18:00:00,4532117045436,Amazon,food_dining,4296.2,"Delhi, Delhi, IN",17.391744495914164,78.47504697335107,19.53930220269625,72.34685478784598,1661968800,1
2022-08-31 21:00:00,21:00:00,4532117045436,Apollo,gas_transport,618.21,"Hyderabad, Telangana, IN",17.37871514140502,78.49508249574843,17.185373986008806,78.3184197534533,1661979600,0
2022-09-01 00:00:00,00:00:00,4532117045436,Shell,health_fitness,307.1,"Hyderabad, Telangana, IN",17.37397514296231,78.48792301124435,17.095623087014005,78.34218142167556,1661990400,0
2022-09-01 03:00:00,03:00:00,4532117045436,Amazon,travel,369.58,"Hyderabad, Telangana, IN",17.39387529919058,78.49476154904401,17.357872732604847,78.8930095451379,1662001200,0
2022-09-01 06:00:00,06:00:00,4532117045436,MakeMyTrip,food_dining,492.61,"Hyderabad, Telangana, IN",17.381768584618676,78.4764197093385,16.991896248695156,78.87319056634426,1662012000,0
2022-09-01 09:00:00,09:00:00,4532117045436,Zomato,entertainment,378.61,"Hyderabad, Telangana, IN",17.39341021304226,78.48226779183152,16.74409824349314,78.47238291122446,1662022800,0
2022-09-01 12:00:00,12:00:00,4532117045436,Amazon,shopping_net,160.67,"Hyderabad, Telangana, IN",17.384849461289985,78.5041278615138,17.057720476442075,79.4792984347738,1662033600,0
2022-09-01 15:00:00,15:00:00,4532117045436,Zomato,health_fitness,368.75,"Hyderabad, Telangana, IN",17.386291987854467,78.48468984291142,17.271521290558486,78.25340961315501,1662044400,0
2022-09-01 18:00:00,18:00:00,4532117045436,Apollo,travel,492.03,"Hyderabad, Telangana, IN",17.390631787896798,78.50096504142341,18.31470178348474,78.90287471709198,1662055200,0
2022-09-01 21:00:00,21:00:00,4532117045436,Zomato,shopping_net,610.13,"Hyderabad, Telangana, IN",17.37865172639623,78.49446795281833,17.140745831113758,78.73952877690029,1662066000,0
2022-09-02 00:00:00,00:00:00,4532117045436,Apollo,grocery_pos,3050.18,"Delhi, Delhi, IN",17.37689785433189,78.48384536653109,19.318646233575723,72.45406894627203,1662076800,1
2022-09-02 03:00:00,03:00:00,4532117045436,Apollo,food_dining,468.74,"Hyderabad, Telangana, IN",17.397018368060614,78.50081758135143,16.69902983287503,78.42172157676904,1662087600,0
2022-09-02 06:00:00,06:00:00,4532117045436,Apollo,grocery_pos,534.97,"Hyderabad, Telangana, IN",17.390789193065867,78.48996354959814,17.731936121091337,78.26613139131831,1662098400,0
2022-09-02 09:00:00,09:00:00,4532117045436,Apollo,travel,594.12,"Hyderabad, Telangana, IN",17.384325020177503,78.48683530088415,17.015350737394176,78.8660215170675,1662109200,0
2022-09-02 12:00:00,12:00:00,4532117045436,Apollo,health_fitness,142.42,"Hyderabad, Telangana, IN",17.39295700912424,78.48590135445252,16.820308564002314,79.11109788093812,1662120000,0
2022-09-02 15:00:00,15:00:00,4532117045436,Amazon,shopping_net,297.12,"Hyderabad, Telangana, IN",17.390401597088704,78.49108829004307,16.87095378032853,78.50498904595777,1662130800,0
2022-09-02 18:00:00,18:00:00,4532117045436,Apollo,shopping_net,465.38,"Hyderabad, Telangana, IN",17.39443302867019,78.47541690189004,17.064038718226314,77.55300555880048,1662141600,0
2022-09-02 21:00:00,21:00:00,4532117045436,Amazon,food_dining,683.39,"Hyderabad, Telangana, IN",17.373571654571197,78.49569014819832,16.806935504963015,78.75979515417204,1662152400,0
2022-09-03 00:00:00,00:00:00,4532117045436,Apollo,health_fitness,544.46,"Hyderabad, Telangana, IN",17.38435820959631,78.49111413507657,17.53064216403554,78.39715911217391,1662163200,0
2022-09-03 03:00:00,03:00:00,4532117045436,Zomato,entertainment,499.45,"Hyderabad, Telangana, IN",17.39629802999992,78.48098825274711,16.84282598448878,77.9591620781259,1662174000,0
2022-09-03 06:00:00,06:00:00,4532117045436,MakeMyTrip,entertainment,415.78,"Hyderabad, Telangana, IN",17.40177227076037,78.47401527850546,17.707927495172154,78.52434404162474,1662184800,0
2022-09-03 09:00:00,09:00:00,4532117045436,Apollo,food_dining,514.02,"Hyderabad, Telangana, IN",17.37964061753187,78.48419327653914,17.130690070720384,78.31275207432905,1662195600,0
2022-09-03 12:00:00,12:00:00,4532117045436,Shell,health_fitness,360.53,"Hyderabad, Telangana, IN",17.38659165384811,78.48920168403633,16.92651803930657,77.93847332185777,1662206400,0
2022-09-03 15:00:00,15:00:00,4532117045436,Apollo,food_dining,333.03,"Hyderabad, Telangana, IN",17.385193358185848,78.48825973494455,17.04336766105895,78.37607575889533,1662217200,0
2022-09-03 18:00:00,18:00:00,4532117045436,Apollo,health_fitness,346.06,"Hyderabad, Telangana, IN",17.3725581878429,78.48819812540867,16.87719448390542,79.1922119187108,1662228000,0
2022-09-03 21:00:00,21:00:00,4532117045436,Zomato,travel,651.07,"Hyderabad, Telangana, IN",17.382124401935762,78.49343801569874,17.395792265832085,78.55758745540084,1662238800,0
2022-09-04 00:00:00,00:00:00,4532117045436,Netflix,travel,323.96,"Hyderabad, Telangana, IN",17.369213073212737,78.4751931394594,17.112392068801825,78.49957038972694,1662249600,0
2022-09-04 03:00:00,03:00:00,4532117045436,Zomato,grocery_pos,390.18,"Hyderabad, Telangana, IN",17.38332678390679,78.48604586754378,17.940688885249113,78.71006258031439,1662260400,0
2022-09-04 06:00:00,06:00:00,4532117045436,Shell,food_dining,520.65,"Hyderabad, Telangana, IN",17.374619811232154,78.48967840225629,16.232348547829275,78.60442389963997,1662271200,0
2022-09-04 09:00:00,09:00:00,4532117045436,Netflix,health_fitness,317.97,"Hyderabad, Telangana, IN",17.386699147814824,78.4913070135039,17.969058441742835,78.34634004746358,1662282000,0
2022-09-04 12:00:00,12:00:00,4532117045436,Walmart,entertainment,483.92,"Hyderabad, Telangana, IN",17.38190102779697,78.49568835653383,17.048679361299307,78.58422475933433,1662292800,0
2022-09-04 15:00:00,15:00:00,4532117045436,Walmart,health_fitness,483.87,"Hyderabad, Telangana, IN",17.381741849202186,78.48466501647168,18.18520570461866,78.52876045013586,1662303600,0
2022-09-04 18:00:00,18:00:00,4532117045436,Shell,travel,356.33,"Hyderabad, Telangana, IN",17.40053421486403,78.48723304820022,17.445243994816625,77.41292221067799,1662314400,0
2022-09-04 21:00:00,21:00:00,4532117045436,Zomato,health_fitness,411.18,"Hyderabad, Telangana, IN",17.38570809168854,78.47928456300451,17.984849402748594,78.75130441479006,1662325200,0
2022-09-05 00:00:00,00:00:00,4532117045436,Amazon,food_dining,308.46,"Hyderabad, Telangana, IN",17.40378222385421,78.4905824458044,17.346938031228078,78.50918566327927,1662336000,0
2022-09-05 03:00:00,03:00:00,4532117045436,Shell,grocery_pos,657.41,"Hyderabad, Telangana, IN",17.38946371533216,78.47799549334472,17.3162158958005,78.75740829521554,1662346800,0
2022-09-05 06:00:00,06:00:00,4532117045436,MakeMyTrip,grocery_pos,488.64,"Hyderabad, Telangana, IN",17.393155528599262,78.49243723898174,16.910566225685947,78.47716035833284,1662357600,0
2022-09-05 09:00:00,09:00:00,4532117045436,Netflix,grocery_pos,292.7,"Hyderabad, Telangana, IN",17.37630477631596,78.49851141791444,17.33926497833934,78.31131400608912,1662368400,0
2022-09-05 12:00:00,12:00:00,4532117045436,Netflix,grocery_pos,3188.59,"Mumbai, Maharashtra, IN",17.37806321357069,78.4913828490916,28.492725168757353,72.28846419204073,1662379200,1
2022-09-05 15:00:00,15:00:00,4532117045436,Apollo,travel,475.74,"Hyderabad, Telangana, IN",17.385172638792593,78.49953297926658,17.478652182027133,78.56728775016617,1662390000,0
2022-09-05 18:00:00,18:00:00,4532117045436,Walmart,gas_transport,113.51,"Hyderabad, Telangana, IN",17.3971307523672,78.48216518155127,17.46566876084945,78.56526222230755,1662400800,0
2022-09-05 21:00:00,21:00:00,4532117045436,Netflix,food_dining,651.07,"Hyderabad, Telangana, IN",17.381370459788464,78.47471290693277,17.323678590174335,79.1615827788486,1662411600,0
2022-09-06 00:00:00,00:00:00,4532117045436,Shell,shopping_net,301.56,"Hyderabad, Telangana, IN",17.37068547708771,78.48508222005654,18.003488264199238,78.24520982107586,1662422400,0
2022-09-06 03:00:00,03:00:00,4532117045436,Netflix,food_dining,763.53,"Hyderabad, Telangana, IN",17.388979903585472,78.48055957876947,17.63380131741062,79.02495503441872,1662433200,0
2022-09-06 06:00:00,06:00:00,4532117045436,Shell,gas_transport,569.29,"Hyderabad, Telangana, IN",17.385639783102803,78.4817656693601,16.924932288085696,78.88403131040808,1662444000,0
2022-09-06 09:00:00,09:00:00,4532117045436,Amazon,grocery_pos,280.98,"Hyderabad, Telangana, IN",17.37948989922663,78.464481792943,17.669182493893494,78.10204577076446,1662454800,0
2022-09-06 12:00:00,12:00:00,4532117045436,Apollo,gas_transport,402.86,"Hyderabad, Telangana, IN",17.381269362130364,78.48845623952649,17.861016320133682,77.79507184148507,1662465600,0
2022-09-06 15:00:00,15:00:00,4532117045436,Walmart,entertainment,588.39,"Hyderabad, Telangana, IN",17.37628926329105,78.48691507361785,16.18767756716143,78.99403755877725,1662476400,0
2022-09-06 18:00:00,18:00:00,4532117045436,Netflix,entertainment,414.34,"Hyderabad, Telangana, IN",17.39423906751263,78.49513071954347,16.8435050954227,78.71631909563409,1662487200,0
2022-09-06 21:00:00,21:00:00,4532117045436,Shell,travel,626.74,"Hyderabad, Telangana, IN",17.385233240969914,78.49223097588786,17.150462524034335,78.89701204585089,1662498000,0
2022-09-07 00:00:00,00:00:00,4532117045436,Zomato,food_dining,393.59,"Hyderabad, Telangana, IN",17.38740477389892,78.48494656725036,16.97804681207115,78.56107132883855,1662508800,0
2022-09-07 03:00:00,03:00:00,4532117045436,Walmart,food_dining,438.2,"Hyderabad, Telangana, IN",17.379035735077927,78.49582852111577,17.70406336068689,77.97544706133235,1662519600,0
2022-09-07 06:00:00,06:00:00,4532117045436,Amazon,shopping_net,592.52,"Hyderabad, Telangana, IN",17.398362272496247,78.49556643359632,16.941814201414992,78.57677320396007,1662530400,0
2022-09-07 09:00:00,09:00:00,4532117045436,Shell,travel,540.51,"Hyderabad, Telangana, IN",17.387207966869447,78.48183010378293,16.88776820502971,78.81238915085176,1662541200,0
2022-09-07 12:00:00,12:00:00,4532117045436,MakeMyTrip,shopping_net,311.22,"Hyderabad, Telangana, IN",17.363588642840302,78.48866105735398,17.504366670701426,77.37361929336154,1662552000,0
2022-09-07 15:00:00,15:00:00,4532117045436,MakeMyTrip,entertainment,515.11,"Hyderabad, Telangana, IN",17.389599815948074,78.50180495930823,17.26950264692178,78.72656927503435,1662562800,0
2022-09-07 18:00:00,18:00:00,4532117045436,Apollo,grocery_pos,475.12,"Hyderabad, Telangana, IN",17.382356793083307,78.48996533201475,17.94626157127656,78.90096825062591,1662573600,0
2022-09-07 21:00:00,21:00:00,4532117045436,Apollo,gas_transport,313.24,"Hyderabad, Telangana, IN",17.38336054911903,78.4784782777544,17.57046687306748,78.95258857296074,1662584400,0
2022-09-08 00:00:00,00:00:00,4532117045436,Amazon,shopping_net,241.43,"Hyderabad, Telangana, IN",17.394936909520933,78.47547518983275,19.086368826063957,78.71526319204094,1662595200,0
2022-09-08 03:00:00,03:00:00,4532117045436,Amazon,health_fitness,160.29,"Hyderabad, Telangana, IN",17.385885716178148,78.47198681487707,16.839647618786312,78.27625611652904,1662606000,0
2022-09-08 06:00:00,06:00:00,4532117045436,Apollo,shopping_net,405.84,"Hyderabad, Telangana, IN",17.40212342324978,78.4662225000621,16.620511159482163,78.45415298694493,1662616800,0
2022-09-08 09:00:00,09:00:00,4532117045436,Netflix,grocery_pos,441.9,"Hyderabad, Telangana, IN",17.386055931381513,78.48185920091231,18.072875425355836,77.747982973109,1662627600,0
2022-09-08 12:00:00,12:00:00,4532117045436,Netflix,grocery_pos,525.69,"Hyderabad, Telangana, IN",17.38033382989041,78.48495436693725,18.91834925001957,79.01198827709432,1662638400,0
2022-09-08 15:00:00,15:00:00,4532117045436,Shell,food_dining,2797.03,"Kolkata, West Bengal, IN",17.366867120523757,78.47693672752571,29.157542208799374,88.845209810214,1662649200,1
2022-09-08 18:00:00,18:00:00,4532117045436,Zomato,gas_transport,387.92,"Hyderabad, Telangana, IN",17.377821300520484,78.47985765699238,17.225906422836115,78.31958757017301,1662660000,0
2022-09-08 21:00:00,21:00:00,4532117045436,Shell,grocery_pos,437.54,"Hyderabad, Telangana, IN",17.38177754879031,78.47715934747714,17.44864216639685,78.78500408004089,1662670800,0
2022-09-09 00:00:00,00:00:00,4532117045436,Zomato,travel,336.19,"Hyderabad, Telangana, IN",17.399662881723394,78.47090076890005,16.95869574914229,78.79717827506332,1662681600,0
2022-09-09 03:00:00,03:00:00,4532117045436,Amazon,shopping_net,463.09,"Hyderabad, Telangana, IN",17.380394456692873,78.48500125784149,16.412475135166304,77.93801480786149,1662692400,0
2022-09-09 06:00:00,06:00:00,4532117045436,Walmart,shopping_net,595.28,"Hyderabad, Telangana, IN",17.401420119936407,78.49338691061449,17.506436464351,79.50440614274319,1662703200,0
2022-09-09 09:00:00,09:00:00,4532117045436,Shell,entertainment,465.17,"Hyderabad, Telangana, IN",17.37351689948631,78.48160025795426,17.389780126875653,78.06701365820047,1662714000,0
2022-09-09 12:00:00,12:00:00,4532117045436,Shell,grocery_pos,624.5,"Hyderabad, Telangana, IN",17.37727531973381,78.49806101363447,16.693219378489108,77.42661642165794,1662724800,0
2022-09-09 15:00:00,15:00:00,4532117045436,Zomato,health_fitness,592.77,"Hyderabad, Telangana, IN",17.3962697698735,78.48823132751285,17.076371382122527,78.68784518984339,1662735600,0
2022-09-09 18:00:00,18:00:00,4532117045436,Amazon,food_dining,668.65,"Hyderabad, Telangana, IN",17.37904877978993,78.49563009485779,16.68185714459301,78.65517923333888,1662746400,0
2022-09-09 21:00:00,21:00:00,4532117045436,Amazon,gas_transport,469.38,"Hyderabad, Telangana, IN",17.395992286456938,78.48701695367082,17.570758716530015,78.28924241594359,1662757200,0
2022-09-10 00:00:00,00:00:00,4532117045436,MakeMyTrip,health_fitness,370.14,"Hyderabad, Telangana, IN",17.376736984829108,78.49341182315084,17.371550716403455,78.59170903853797,1662768000,0
2022-09-10 03:00:00,03:00:00,4532117045436,Zomato,food_dining,543.19,"Hyderabad, Telangana, IN",17.37773909841841,78.47259073994545,17.46601704812526,78.09439541272747,1662778800,0
2022-09-10 06:00:00,06:00:00,4532117045436,Amazon,shopping_net,394.06,"Hyderabad, Telangana, IN",17.39141848933957,78.49512460054115,17.64492303993474,77.63314832225225,1662789600,0
2022-09-10 09:00:00,09:00:00,4532117045436,Apollo,health_fitness,538.48,"Hyderabad, Telangana, IN",17.376876986513174,78.4867650274511,17.93311248595493,78.97435638245118,1662800400,0
2022-09-10 12:00:00,12:00:00,4532117045436,Netflix,food_dining,350.58,"Hyderabad, Telangana, IN",17.38225595654415,78.49767925715236,17.47399746358902,78.63934340736624,1662811200,0
2022-09-10 15:00:00,15:00:00,4532117045436,MakeMyTrip,shopping_net,325.74,"Hyderabad, Telangana, IN",17.388947786256896,78.48417752646692,17.692588449783074,78.30096707505895,1662822000,0
2022-09-10 18:00:00,18:00:00,4532117045436,Apollo,shopping_net,632.47,"Hyderabad, Telangana, IN",17.38247394270843,78.50411696652019,18.294526920018747,79.35931607795055,1662832800,0
2022-09-10 21:00:00,21:00:00,4532117045436,Walmart,shopping_net,298.11,"Hyderabad, Telangana, IN",17.379374215973503,78.49203710058276,17.868276135363228,78.33921057086424,1662843600,0
2022-09-11 00:00:00,00:00:00,4532117045436,Shell,shopping_net,603.34,"Hyderabad, Telangana, IN",17.372927720940208,78.47764735460532,17.494113211407573,78.7829638754429,1662854400,0
2022-09-11 03:00:00,03:00:00,4532117045436,MakeMyTrip,travel,537.9,"Hyderabad, Telangana, IN",17.39949328607952,78.4979812513073,17.46336988831426,77.99693061334825,1662865200,0
2022-09-11 06:00:00,06:00:00,4532117045436,Walmart,shopping_net,464.14,"Hyderabad, Telangana, IN",17.401361122418155,78.47612150731653,16.970397270374956,77.38343413950525,1662876000,0
2022-09-11 09:00:00,09:00:00,4532117045436,Shell,entertainment,166.1,"Hyderabad, Telangana, IN",17.388293356628722,78.47556226946547,17.06178031839023,78.79394240145965,1662886800,0
2022-09-11 12:00:00,12:00:00,4532117045436,Netflix,health_fitness,3380.59,"Delhi, Delhi, IN",17.38267882851054,78.49958766866958,28.616900383692368,88.92993479831924,1662897600,1
2022-09-11 15:00:00,15:00:00,4532117045436,Amazon,food_dining,309.77,"Hyderabad, Telangana, IN",17.383228282409725,78.49005452250499,17.208202146671102,79.44399850888688,1662908400,0
2022-09-11 18:00:00,18:00:00,4532117045436,Apollo,entertainment,592.97,"Hyderabad, Telangana, IN",17.393321929081363,78.48742392063505,18.32773883852637,77.92441289142229,1662919200,0
2022-09-11 21:00:00,21:00:00,4532117045436,Zomato,travel,346.36,"Hyderabad, Telangana, IN",17.39531782025644,78.48166052638739,17.57142962365592,77.64798584744008,1662930000,0
2022-09-12 00:00:00,00:00:00,4532117045436,Apollo,entertainment,334.33,"Hyderabad, Telangana, IN",17.379598471451477,78.49501699786994,17.53028378933742,78.17969202378625,1662940800,0
2022-09-12 03:00:00,03:00:00,4532117045436,Netflix,grocery_pos,550.29,"Hyderabad, Telangana, IN",17.395746081737332,78.48398254090935,17.97158871190745,78.76366620020872,1662951600,0
2022-09-12 06:00:00,06:00:00,4532117045436,Walmart,grocery_pos,530.77,"Hyderabad, Telangana, IN",17.391150889841494,78.48871637294032,17.476530142130255,77.39190580224623,1662962400,0
2022-09-12 09:00:00,09:00:00,4532117045436,Zomato,grocery_pos,278.24,"Hyderabad, Telangana, IN",17.39557223741769,78.47542758001612,17.24707561930168,78.52655809790848,1662973200,0
2022-09-12 12:00:00,12:00:00,4532117045436,Amazon,gas_transport,665.51,"Hyderabad, Telangana, IN",17.368982230549257,78.48612329292816,17.514165820932057,78.25556853411794,1662984000,0
2022-09-12 15:00:00,15:00:00,4532117045436,Netflix,grocery_pos,419.09,"Hyderabad, Telangana, IN",17.380807965298512,78.48845252307414,17.588243755624276,78.28708417174992,1662994800,0
2022-09-12 18:00:00,18:00:00,4532117045436,Zomato,food_dining,460.34,"Hyderabad, Telangana, IN",17.38327098583102,78.49204313623211,18.085089612201298,78.04810009489039,1663005600,0
2022-09-12 21:00:00,21:00:00,4532117045436,Netflix,entertainment,405.44,"Hyderabad, Telangana, IN",17.380310463035883,78.4900778090556,16.70627086758941,79.04180995592907,1663016400,0
2022-09-13 00:00:00,00:00:00,4532117045436,Netflix,food_dining,284.59,"Hyderabad, Telangana, IN",17.404173229941375,78.48336456139513,17.01536002663617,77.68948289687683,1663027200,0
2022-09-13 03:00:00,03:00:00,4532117045436,Amazon,health_fitness,560.28,"Hyderabad, Telangana, IN",17.380901323628834,78.48954723637087,17.348542070329433,78.96085519420078,1663038000,0
2022-09-13 06:00:00,06:00:00,4532117045436,MakeMyTrip,grocery_pos,493.43,"Hyderabad, Telangana, IN",17.38968392420235,78.49650712352121,17.853613416367214,78.72861360484745,1663048800,0
2022-09-13 09:00:00,09:00:00,4532117045436,Shell,travel,329.24,"Hyderabad, Telangana, IN",17.386528399157243,78.47185902590589,17.778622468203086,78.2476005765143,1663059600,0
2022-09-13 12:00:00,12:00:00,4532117045436,Zomato,gas_transport,591.62,"Hyderabad, Telangana, IN",17.382097728023748,78.48504524046217,17.439168430417524,79.257247865067,1663070400,0
2022-09-13 15:00:00,15:00:00,4532117045436,Amazon,health_fitness,458.23,"Hyderabad, Telangana, IN",17.377913597723943,78.48878722307511,17.894650223220186,77.54273992544836,1663081200,0
2022-09-13 18:00:00,18:00:00,4532117045436,Netflix,travel,461.46,"Hyderabad, Telangana, IN",17.405558485322015,78.47747736765632,17.048062852058347,78.98616249129608,1663092000,0
2022-09-13 21:00:00,21:00:00,4532117045436,Amazon,gas_transport,716.48,"Hyderabad, Telangana, IN",17.38278127671718,78.49599716857281,18.326678795571173,77.93633393628362,1663102800,0
2022-09-14 00:00:00,00:00:00,4532117045436,MakeMyTrip,health_fitness,208.8,"Hyderabad, Telangana, IN",17.393755845824217,78.49269500785984,16.967150696553787,78.25771742208705,1663113600,0
2022-09-14 03:00:00,03:00:00,4532117045436,Shell,entertainment,7999.34,"Kolkata, West Bengal, IN",17.384903516670494,78.49668121340694,28.569211726904673,76.65720052040705,1663124400,1
2022-09-14 06:00:00,06:00:00,4532117045436,Apollo,food_dining,240.6,"Hyderabad, Telangana, IN",17.38041278338417,78.50829694182355,17.687588027683475,79.00988652938466,1663135200,0
2022-09-14 09:00:00,09:00:00,4532117045436,Zomato,shopping_net,504.54,"Hyderabad, Telangana, IN",17.38608291577455,78.49000138399019,16.66835646470951,78.00879972967849,1663146000,0
2022-09-14 12:00:00,12:00:00,4532117045436,Shell,food_dining,396.14,"Hyderabad, Telangana, IN",17.38808113716643,78.48386830292124,17.130552279944695,78.7719410836632,1663156800,0
2022-09-14 15:00:00,15:00:00,4532117045436,Walmart,grocery_pos,408.07,"Hyderabad, Telangana, IN",17.380304142818968,78.49608575366409,17.313415449839006,78.26728678386054,1663167600,0
2022-09-14 18:00:00,18:00:00,4532117045436,Zomato,travel,308.64,"Hyderabad, Telangana, IN",17.37735379381835,78.4808203670343,17.59244443948715,78.0595689645833,1663178400,0
2022-09-14 21:00:00,21:00:00,4532117045436,Shell,shopping_net,4556.68,"Kolkata, West Bengal, IN",17.389761740090044,78.49134121213626,18.88340048135349,88.52452138763952,1663189200,1
2022-09-15 00:00:00,00:00:00,4532117045436,Netflix,gas_transport,750.15,"Hyderabad, Telangana, IN",17.386163672649698,78.49706828257644,16.710155696391322,78.29684218635325,1663200000,0
2022-09-15 03:00:00,03:00:00,4532117045436,Zomato,entertainment,584.84,"Hyderabad, Telangana, IN",17.378479421863464,78.49502191311771,16.822238546429293,77.84665873689063,1663210800,0
2022-09-15 06:00:00,06:00:00,4532117045436,Zomato,entertainment,223.91,"Hyderabad, Telangana, IN",17.37561564655243,78.50077345256048,19.091762989649972,77.87552094041506,1663221600,0
2022-09-15 09:00:00,09:00:00,4532117045436,Amazon,gas_transport,7757.75,"Kolkata, West Bengal, IN",17.38849278834716,78.4839678514455,28.466090733395625,77.59520007106569,1663232400,1
2022-09-15 12:00:00,12:00:00,4532117045436,Netflix,grocery_pos,574.12,"Hyderabad, Telangana, IN",17.365819193351754,78.49379055788789,16.56332338798986,78.36782738046145,1663243200,0
2022-09-15 15:00:00,15:00:00,4532117045436,Walmart,gas_transport,443.13,"Hyderabad, Telangana, IN",17.382394001713728,78.48762807353242,16.880720265694677,78.21245016530355,1663254000,0
2022-09-15 18:00:00,18:00:00,4532117045436,Apollo,health_fitness,585.33,"Hyderabad, Telangana, IN",17.386350883235508,78.48923239564404,17.121283131452067,78.5213830627493,1663264800,0
2022-09-15 21:00:00,21:00:00,4532117045436,MakeMyTrip,travel,637.17,"Hyderabad, Telangana, IN",17.402376723829075,78.48923288507508,17.387493251836776,79.32924774739148,1663275600,0
2022-09-16 00:00:00,00:00:00,4532117045436,Shell,travel,2342.35,"Chennai, Tamil Nadu, IN",17.385104811598435,78.49208910446204,28.515894840503492,80.07222193376296,1663286400,1
2022-09-16 03:00:00,03:00:00,4532117045436,Amazon,grocery_pos,351.77,"Hyderabad, Telangana, IN",17.381988086425217,78.48636576411104,18.201942839801088,78.03993424047307,1663297200,0
2022-09-16 06:00:00,06:00:00,4532117045436,Shell,shopping_net,462.19,"Hyderabad, Telangana, IN",17.387845608513256,78.47249558839849,16.972762880379605,78.01871460943177,1663308000,0
2022-09-16 09:00:00,09:00:00,4532117045436,Walmart,gas_transport,383.89,"Hyderabad, Telangana, IN",17.377834592443094,78.48824215183073,17.101011917021477,77.09333758720125,1663318800,0
2022-09-16 12:00:00,12:00:00,4532117045436,Walmart,grocery_pos,149.88,"Hyderabad, Telangana, IN",17.38281063763402,78.49031760978762,17.459253408149248,78.16932665623794,1663329600,0
2022-09-16 15:00:00,15:00:00,4532117045436,Zomato,travel,3828.75,"Mumbai, Maharashtra, IN",17.38529302028118,78.48628133303484,28.813272122449593,77.22101803914316,1663340400,1
2022-09-16 18:00:00,18:00:00,4532117045436,MakeMyTrip,shopping_net,534.52,"Hyderabad, Telangana, IN",17.391295123578672,78.49105483619785,17.981414670068986,78.52167848787408,1663351200,0
2022-09-16 21:00:00,21:00:00,4532117045436,Walmart,gas_transport,367.98,"Hyderabad, Telangana, IN",17.378269998097156,78.48546519536899,18.61835801077477,78.28453680596046,1663362000,0
2022-09-17 00:00:00,00:00:00,4532117045436,Shell,entertainment,210.29,"Hyderabad, Telangana, IN",17.384942761690972,78.48398857437078,17.395666778960305,78.74951450056493,1663372800,0
2022-09-17 03:00:00,03:00:00,4532117045436,Netflix,gas_transport,392.38,"Hyderabad, Telangana, IN",17.367089844786413,78.50061086907786,17.5492139390869,78.27179014760475,1663383600,0
2022-09-17 06:00:00,06:00:00,4532117045436,Netflix,food_dining,559.67,"Hyderabad, Telangana, IN",17.39016680519173,78.50927039875343,17.092018803559533,79.10593093350487,1663394400,0
2022-09-17 09:00:00,09:00:00,4532117045436,Zomato,gas_transport,650.6,"Hyderabad, Telangana, IN",17.38269559988793,78.49549610949205,17.552872851383963,78.42419901447428,1663405200,0
2022-09-17 12:00:00,12:00:00,4532117045436,Apollo,food_dining,343.11,"Hyderabad, Telangana, IN",17.403843168439767,78.48095433171855,16.854911714400284,79.1860706319796,1663416000,0
2022-09-17 15:00:00,15:00:00,4532117045436,Shell,shopping_net,616.15,"Hyderabad, Telangana, IN",17.38851335351066,78.48895002403151,16.910443672639772,78.61800617387908,1663426800,0
2022-09-17 18:00:00,18:00:00,4532117045436,Shell,gas_transport,543.37,"Hyderabad, Telangana, IN",17.376330084259607,78.48820049605882,16.476527871457865,78.75143171064175,1663437600,0
2022-09-17 21:00:00,21:00:00,4532117045436,Walmart,shopping_net,511.99,"Hyderabad, Telangana, IN",17.37406314137789,78.49340720709377,17.79296114763371,78.41053360567246,1663448400,0
