trans_date_trans_time,cc_num,merchant,category,amt,lat,long,merch_lat,merch_long,unix_time,is_fraud
2021-01-01 00:00:00,4532117045436,MakeMyTrip,travel,200.2,15.899964478542568,79.74661699931237,16.00697849733496,80.43440429718912,1609459200,0
2021-01-01 03:00:00,4532117045436,Netflix,gas_transport,406.27,15.900399045234268,79.7579643133379,16.2204234330714,80.2553204661075,1609470000,0
2021-01-01 06:00:00,4532117045436,Zomato,shopping_net,417.54,15.904592140368996,79.75490163757159,16.807093293118957,79.78695358895544,1609480800,0
2021-01-01 09:00:00,4532117045436,MakeMyTrip,health_fitness,490.53,15.9096361248204,79.72787308752469,14.99123079691774,79.5833364761862,1609491600,0
2021-01-01 12:00:00,4532117045436,Shell,grocery_pos,251.22,15.930907460692362,79.74203293502988,15.659765107706537,79.69363173322218,1609502400,0
2021-01-01 15:00:00,4532117045436,Zomato,shopping_net,531.61,15.906277648995996,79.7512702025902,16.392607690227422,79.23034677584545,1609513200,0
2021-01-01 18:00:00,4532117045436,Zomato,food_dining,736.75,15.920612514142512,79.72658840287792,15.890794243141888,80.21045700378127,1609524000,0
2021-01-01 21:00:00,4532117045436,MakeMyTrip,entertainment,521.18,15.908252367618847,79.75037367239764,16.209285773651523,80.26420534921715,1609534800,0
2021-01-02 00:00:00,4532117045436,Amazon,food_dining,463.93,15.917627073128694,79.73297212054116,15.81799947057774,79.20876731700062,1609545600,0
2021-01-02 03:00:00,4532117045436,Shell,entertainment,243.38,15.912270188342122,79.73784527064237,16.692984298082795,79.2728433509987,1609556400,0
2021-01-02 06:00:00,4532117045436,MakeMyTrip,food_dining,333.86,15.914670231289938,79.74276632404366,16.493537578568937,79.0770913683412,1609567200,0
2021-01-02 09:00:00,4532117045436,Shell,gas_transport,441.62,15.916596147959,79.75068315536686,16.062246820770675,79.61272671238562,1609578000,0
2021-01-02 12:00:00,4532117045436,Shell,shopping_net,370.53,15.9104054269463,79.75531906829515,16.750007485604232,79.72914532214703,1609588800,0
2021-01-02 15:00:00,4532117045436,Zomato,entertainment,603.94,15.916644640406972,79.73677066725435,16.067732306523197,79.7732254807394,1609599600,0
2021-01-02 18:00:00,4532117045436,Netflix,grocery_pos,2684.54,15.925239158285867,79.735203602542,29.946555195722784,79.58561665717552,1609610400,1
2021-01-02 21:00:00,4532117045436,Shell,shopping_net,853.86,15.905358845846427,79.73453771631281,16.64798262577494,79.37393774351298,1609621200,0
2021-01-03 00:00:00,4532117045436,Apollo,grocery_pos,302.87,15.924758658229326,79.74779584246163,15.213295213502763,79.37482468079806,1609632000,0
2021-01-03 03:00:00,4532117045436,Zomato,shopping_net,454.97,15.910247969943597,79.74995555796635,15.996824060056543,80.10546339018809,1609642800,0
2021-01-03 06:00:00,4532117045436,Amazon,shopping_net,242.48,15.909190076993955,79.74894413835933,16.089480010424186,79.24199906388101,1609653600,0
2021-01-03 09:00:00,4532117045436,Netflix,food_dining,116.63,15.919895593613612,79.74269789319894,15.801590659499874,79.76717809737326,1609664400,0
2021-01-03 12:00:00,4532117045436,Apollo,entertainment,558.41,15.909488408168919,79.74368447028895,15.54014232268079,79.38572728832365,1609675200,0
2021-01-03 15:00:00,4532117045436,Apollo,entertainment,524.49,15.916091692505649,79.7376963118272,15.876948828848995,79.64420387201623,1609686000,0
2021-01-03 18:00:00,4532117045436,Amazon,travel,321.81,15.915157479076115,79.73862895257909,15.157741499750122,80.21278576199127,1609696800,0
2021-01-03 21:00:00,4532117045436,Netflix,shopping_net,463.95,15.892065128147179,79.74853973540478,16.689606387057573,79.1205773993021,1609707600,0
2021-01-04 00:00:00,4532117045436,Zomato,gas_transport,355.61,15.917075850821035,79.74264291945315,16.714606957524687,78.4364749455743,1609718400,0
2021-01-04 03:00:00,4532117045436,Walmart,gas_transport,375.87,15.898488982986676,79.73526833935473,15.949555341894081,79.0706301161651,1609729200,0
2021-01-04 06:00:00,4532117045436,Netflix,grocery_pos,401.96,15.899251184252343,79.7509932661146,15.757413806989188,79.94865882918354,1609740000,0
2021-01-04 09:00:00,4532117045436,Amazon,grocery_pos,315.52,15.916564637455625,79.73392164435478,15.174370268883525,79.14124729747,1609750800,0
2021-01-04 12:00:00,4532117045436,Apollo,food_dining,342.5,15.918265897673164,79.74145697782066,15.586008950500633,79.38366393501836,1609761600,0
2021-01-04 15:00:00,4532117045436,Zomato,shopping_net,346.73,15.924950494568389,79.72759978770384,16.654347742633746,79.96696966746468,1609772400,0
2021-01-04 18:00:00,4532117045436,Netflix,grocery_pos,513.43,15.902006324124358,79.730541990684,15.916958799917767,80.14195174021476,1609783200,0
2021-01-04 21:00:00,4532117045436,Walmart,grocery_pos,33.87,15.905487209957244,79.74019105375291,15.656012682215499,80.25634105102154,1609794000,0
2021-01-05 00:00:00,4532117045436,Walmart,health_fitness,415.86,15.917543657938444,79.73303756779559,15.936155922437761,80.01701124903408,1609804800,0
2021-01-05 03:00:00,4532117045436,Shell,shopping_net,286.85,15.925142774593558,79.7377084934097,15.64320419950111,79.17712142745053,1609815600,0
2021-01-05 06:00:00,4532117045436,Shell,food_dining,292.27,15.914821747920632,79.75213269980986,15.124629287926927,80.54314832148077,1609826400,0
2021-01-05 09:00:00,4532117045436,MakeMyTrip,grocery_pos,371.15,15.90412001050762,79.7387524364161,15.75968042733943,79.26854989603736,1609837200,0
2021-01-05 12:00:00,4532117045436,Amazon,food_dining,447.85,15.927964170235812,79.74899849234157,15.390362360273073,79.42190300063722,1609848000,0
2021-01-05 15:00:00,4532117045436,Netflix,entertainment,417.84,15.91027633469769,79.73219287486477,16.12690422158721,79.7372523055723,1609858800,0
2021-01-05 18:00:00,4532117045436,Netflix,food_dining,290.39,15.910587993747361,79.74548904333979,16.377036978231555,79.87936456369776,1609869600,0
2021-01-05 21:00:00,4532117045436,MakeMyTrip,gas_transport,558.25,15.898541526107916,79.72999809272095,15.556861942842007,80.45930005840027,1609880400,0
2021-01-06 00:00:00,4532117045436,Apollo,gas_transport,314.61,15.920140876749466,79.73750219014816,16.010232077884883,79.42360428997348,1609891200,0
2021-01-06 03:00:00,4532117045436,Apollo,food_dining,339.79,15.921426055893807,79.74589494009368,15.905094780817533,79.93020777125544,1609902000,0
2021-01-06 06:00:00,4532117045436,MakeMyTrip,gas_transport,492.67,15.905841689866099,79.74012757229055,15.544405607575781,79.42640020955913,1609912800,0
2021-01-06 09:00:00,4532117045436,Apollo,entertainment,5920.82,15.930412070590558,79.74942300722702,27.668181025533748,76.97901294849851,1609923600,1
2021-01-06 12:00:00,4532117045436,Shell,shopping_net,358.25,15.907028716127778,79.74667514235396,15.400583297343246,79.95360758369183,1609934400,0
2021-01-06 15:00:00,4532117045436,Netflix,gas_transport,10.0,15.919152544787961,79.7369159485066,15.524849929502968,80.38463415408499,1609945200,0
2021-01-06 18:00:00,4532117045436,MakeMyTrip,gas_transport,317.18,15.915136492052923,79.75296948372811,15.984549153139746,79.16363169457416,1609956000,0
2021-01-06 21:00:00,4532117045436,Netflix,food_dining,474.28,15.892644438050395,79.74436305070796,16.034495121338747,79.45944122012429,1609966800,0
2021-01-07 00:00:00,4532117045436,Walmart,entertainment,553.29,15.91833903483545,79.73756310777058,16.53366927491091,79.86432925291112,1609977600,0
2021-01-07 03:00:00,4532117045436,Shell,travel,438.11,15.917441246461703,79.74145766180293,15.396210044978556,80.39254822647197,1609988400,0
2021-01-07 06:00:00,4532117045436,Zomato,travel,378.15,15.895236173360553,79.74090918250856,15.502978790773595,80.23613550580649,1609999200,0
2021-01-07 09:00:00,4532117045436,Shell,travel,793.98,15.928153332736995,79.74201592326413,15.590496113878096,80.49021369419314,1610010000,0
2021-01-07 12:00:00,4532117045436,MakeMyTrip,travel,7721.36,15.917481884298615,79.73858240675055,28.764102869300025,77.00036695761194,1610020800,1
2021-01-07 15:00:00,4532117045436,Zomato,shopping_net,541.83,15.925294011334213,79.74372527716305,16.02268161858354,80.12936414181945,1610031600,0
2021-01-07 18:00:00,4532117045436,Walmart,food_dining,249.74,15.895738927872289,79.74789819703511,16.127986369989323,79.81668569363293,1610042400,0
2021-01-07 21:00:00,4532117045436,MakeMyTrip,food_dining,286.47,15.908795677037178,79.74425563921508,14.971734712525356,79.18252664273574,1610053200,0
2021-01-08 00:00:00,4532117045436,Amazon,health_fitness,547.1,15.924706025060015,79.74391528466194,16.510399144618752,78.6676992187635,1610064000,0
2021-01-08 03:00:00,4532117045436,Netflix,entertainment,606.68,15.897217086440358,79.73899320940622,16.1476747762139,79.80216891842483,1610074800,0
2021-01-08 06:00:00,4532117045436,Walmart,travel,391.54,15.909088898451461,79.7311391771177,16.354256530580418,80.14132437113135,1610085600,0
2021-01-08 09:00:00,4532117045436,Netflix,shopping_net,172.7,15.916965015725607,79.72870655565201,14.718453463526847,78.37787211740847,1610096400,0
2021-01-08 12:00:00,4532117045436,Apollo,entertainment,424.87,15.893954196702413,79.73292423663358,16.328848874301723,79.15293778472142,1610107200,0
2021-01-08 15:00:00,4532117045436,Amazon,travel,478.41,15.899686102433359,79.73581996033992,15.4153675611131,79.23173685534002,1610118000,0
2021-01-08 18:00:00,4532117045436,Amazon,shopping_net,464.82,15.926720842349976,79.75671791389713,15.68753813843686,79.64619480384683,1610128800,0
2021-01-08 21:00:00,4532117045436,Walmart,entertainment,365.49,15.913497946062902,79.75251661545472,16.629902914716155,79.79160965583938,1610139600,0
2021-01-09 00:00:00,4532117045436,Amazon,food_dining,5126.16,15.924667000936594,79.73406683765423,28.257949280487278,75.3878243077279,1610150400,1
2021-01-09 03:00:00,4532117045436,Zomato,food_dining,337.53,15.914720955958948,79.74449702282895,15.574555844128078,79.08204811477181,1610161200,0
2021-01-09 06:00:00,4532117045436,Amazon,grocery_pos,283.22,15.937458964369949,79.7393237779193,16.31099553075678,79.91211338342984,1610172000,0
2021-01-09 09:00:00,4532117045436,Netflix,gas_transport,563.35,15.917287322831953,79.74235990764615,16.09330256303604,79.04645852930763,1610182800,0
2021-01-09 12:00:00,4532117045436,Netflix,travel,464.67,15.92559778940435,79.7345137935993,15.70922030209786,80.15788827675446,1610193600,0
2021-01-09 15:00:00,4532117045436,MakeMyTrip,health_fitness,427.4,15.910439135635098,79.76241759830464,16.150794045644812,79.49918153428347,1610204400,0
2021-01-09 18:00:00,4532117045436,Netflix,entertainment,373.93,15.915007296084184,79.75864499723387,15.723813352720796,79.13392733883002,1610215200,0
2021-01-09 21:00:00,4532117045436,MakeMyTrip,health_fitness,3084.47,15.919318707774291,79.73707382484619,28.17166214138398,79.1969214320506,1610226000,1
2021-01-10 00:00:00,4532117045436,Netflix,grocery_pos,474.05,15.920978064585453,79.73403670984277,16.09998714229113,79.18232900632911,1610236800,0
2021-01-10 03:00:00,4532117045436,Zomato,gas_transport,709.3,15.91251009063614,79.74925472633421,16.164616812985376,79.78607791327033,1610247600,0
2021-01-10 06:00:00,4532117045436,MakeMyTrip,entertainment,548.18,15.91292744389692,79.72790330814586,16.8750680936097,80.05203269356137,1610258400,0
2021-01-10 09:00:00,4532117045436,Shell,shopping_net,2549.6,15.917919197580405,79.74845947924769,29.20266336885734,77.06593353022845,1610269200,1
2021-01-10 12:00:00,4532117045436,Apollo,travel,351.64,15.917912631221503,79.74125465978457,16.412889999745442,79.48057760561163,1610280000,0
2021-01-10 15:00:00,4532117045436,Walmart,gas_transport,328.25,15.90264941602411,79.72565902674003,15.64944821241722,80.43397565726224,1610290800,0
2021-01-10 18:00:00,4532117045436,Netflix,food_dining,419.92,15.915149611516828,79.73848229487054,15.154207065678765,79.72781743314836,1610301600,0
2021-01-10 21:00:00,4532117045436,Amazon,grocery_pos,328.13,15.916107739266984,79.73344246003339,15.819054433741258,80.37256109486212,1610312400,0
2021-01-11 00:00:00,4532117045436,Netflix,gas_transport,521.22,15.903136818426969,79.74161780244687,15.66970976253715,79.66136890297825,1610323200,0
2021-01-11 03:00:00,4532117045436,Amazon,travel,53.47,15.921959268329088,79.74057506292118,16.212705448432935,79.62451943044047,1610334000,0
2021-01-11 06:00:00,4532117045436,Apollo,gas_transport,530.28,15.91702744623222,79.7265268505845,15.81407128028202,80.029216055502,1610344800,0
2021-01-11 09:00:00,4532117045436,Apollo,travel,491.31,15.936206493134693,79.73665856503862,16.576012073439426,79.8939768548442,1610355600,0
2021-01-11 12:00:00,4532117045436,Apollo,food_dining,639.41,15.912639864875956,79.74574720315849,15.043313622311082,79.4629580265127,1610366400,0
2021-01-11 15:00:00,4532117045436,Amazon,entertainment,581.52,15.924261110840328,79.74746908171952,15.773229574722349,80.31763181795337,1610377200,0
2021-01-11 18:00:00,4532117045436,Netflix,shopping_net,347.45,15.91829125571531,79.7363694195204,16.099296138389157,79.26165363833509,1610388000,0
2021-01-11 21:00:00,4532117045436,Apollo,food_dining,564.64,15.932114395265533,79.74457770642883,15.425124268194315,80.02921980317748,1610398800,0
2021-01-12 00:00:00,4532117045436,Zomato,shopping_net,424.79,15.903200192425645,79.74266380200945,16.36542995723066,80.00723933633671,1610409600,0
2021-01-12 03:00:00,4532117045436,MakeMyTrip,entertainment,159.85,15.907946859951998,79.73947356276244,16.349085009684575,80.2722965434925,1610420400,0
2021-01-12 06:00:00,4532117045436,Amazon,gas_transport,473.82,15.903542925485308,79.74463879206044,15.697279518360451,80.28209994437475,1610431200,0
2021-01-12 09:00:00,4532117045436,Amazon,shopping_net,356.36,15.912120823947602,79.73074795571203,17.237345007595135,79.64902876605863,1610442000,0
2021-01-12 12:00:00,4532117045436,Netflix,grocery_pos,6688.3,15.901652756917926,79.74000970400824,27.26473330984923,76.2233662855469,1610452800,1
2021-01-12 15:00:00,4532117045436,Amazon,grocery_pos,697.72,15.897639160927449,79.72396060763509,15.239707876558622,79.72289425902419,1610463600,0
2021-01-12 18:00:00,4532117045436,Amazon,travel,483.72,15.891565764967813,79.7394587469415,15.675782983662645,80.61278741670478,1610474400,0
2021-01-12 21:00:00,4532117045436,Apollo,food_dining,297.4,15.890925303910032,79.75425026404685,16.008045929006816,80.06548890618404,1610485200,0
2021-01-13 00:00:00,4532117045436,Netflix,entertainment,594.66,15.919463916905622,79.73680474449108,15.106277421921117,80.26188826269362,1610496000,0
2021-01-13 03:00:00,4532117045436,Apollo,travel,504.38,15.908345617503272,79.7532504012825,16.22252696011594,79.61447529948819,1610506800,0
2021-01-13 06:00:00,4532117045436,MakeMyTrip,food_dining,279.73,15.900562479391048,79.73696411931179,17.143046758925436,79.17665707611201,1610517600,0
2021-01-13 09:00:00,4532117045436,MakeMyTrip,food_dining,209.06,15.906309203682877,79.72915278899583,15.216394490658384,79.27226550925553,1610528400,0
2021-01-13 12:00:00,4532117045436,Apollo,travel,303.4,15.907620970529608,79.74665394498015,16.011108422375038,80.2462490835862,1610539200,0
2021-01-13 15:00:00,4532117045436,MakeMyTrip,health_fitness,575.45,15.903253997898428,79.74463934041987,16.391876278200098,79.37419540682954,1610550000,0
2021-01-13 18:00:00,4532117045436,Netflix,food_dining,404.76,15.928955504942373,79.76319007934237,16.29574095709401,81.33757752884453,1610560800,0
2021-01-13 21:00:00,4532117045436,Walmart,health_fitness,462.17,15.927068289028144,79.73020704283466,16.992102910139003,79.53717518936067,1610571600,0
2021-01-14 00:00:00,4532117045436,Apollo,grocery_pos,249.22,15.92878489848612,79.74356414044024,15.6782121062467,79.91560664080941,1610582400,0
2021-01-14 03:00:00,4532117045436,Zomato,grocery_pos,579.48,15.914691963876882,79.74392043251233,16.905892354882063,79.91470579526978,1610593200,0
2021-01-14 06:00:00,4532117045436,Zomato,food_dining,147.72,15.915704644869392,79.75058184701858,15.88276835970807,79.82973902727046,1610604000,0
2021-01-14 09:00:00,4532117045436,Amazon,grocery_pos,351.69,15.90637385942615,79.74529798933229,15.657790163064115,79.13006001894419,1610614800,0
2021-01-14 12:00:00,4532117045436,MakeMyTrip,entertainment,512.77,15.904429288937713,79.7371192245577,16.852467615715703,79.86387669958322,1610625600,0
2021-01-14 15:00:00,4532117045436,Zomato,health_fitness,2325.54,15.913117255817543,79.72928927793129,26.85757973286415,77.18245227862916,1610636400,1
2021-01-14 18:00:00,4532117045436,Amazon,health_fitness,542.12,15.919423560251467,79.74346622892475,16.448477586055834,79.59032216309163,1610647200,0
2021-01-14 21:00:00,4532117045436,Walmart,food_dining,319.62,15.924857681518594,79.74374420651516,15.666564208215451,80.6657331921271,1610658000,0
2021-01-15 00:00:00,4532117045436,Netflix,grocery_pos,266.09,15.90744010856933,79.74631416022297,15.275874185855665,78.90904769647076,1610668800,0
2021-01-15 03:00:00,4532117045436,Netflix,shopping_net,642.97,15.900372661512296,79.73710566153478,15.277274465365107,78.9843637611667,1610679600,0
2021-01-15 06:00:00,4532117045436,Netflix,travel,473.09,15.920239849865663,79.7427815156036,16.26570542653584,80.11685459681357,1610690400,0
2021-01-15 09:00:00,4532117045436,Zomato,travel,527.86,15.894718564484709,79.72455848708087,15.380936797669746,79.69643292671624,1610701200,0
2021-01-15 12:00:00,4532117045436,Walmart,health_fitness,602.73,15.912507894310114,79.72970753752696,15.807856396212753,79.30004963667801,1610712000,0
2021-01-15 15:00:00,4532117045436,Zomato,food_dining,57.11,15.913793046258133,79.74935529513911,15.588121209863719,79.83750809359695,1610722800,0
2021-01-15 18:00:00,4532117045436,MakeMyTrip,food_dining,545.22,15.909112121987661,79.74179835528072,15.473499898405594,80.21968861666211,1610733600,0
2021-01-15 21:00:00,4532117045436,Zomato,entertainment,335.85,15.897447548914904,79.74475820097969,15.53446736124884,78.92456642291651,1610744400,0
2021-01-16 00:00:00,4532117045436,Walmart,gas_transport,355.61,15.909243889909789,79.73401648258904,16.01653350477195,80.10143605888365,1610755200,0
2021-01-16 03:00:00,4532117045436,Walmart,gas_transport,515.62,15.929325424510017,79.73274547233311,14.423939214928845,79.90541339771742,1610766000,0
2021-01-16 06:00:00,4532117045436,MakeMyTrip,health_fitness,395.54,15.918817216013665,79.73576448737802,16.33493912624045,79.62525721976573,1610776800,0
2021-01-16 09:00:00,4532117045436,Walmart,travel,539.18,15.924517146020296,79.74237684428037,15.265430787725116,79.86280194315954,1610787600,0
2021-01-16 12:00:00,4532117045436,Walmart,entertainment,443.87,15.900727981728178,79.74685917455642,15.329191282085885,79.87123750737081,1610798400,0
2021-01-16 15:00:00,4532117045436,Netflix,entertainment,475.23,15.915457079322774,79.73750889945117,15.190897321624993,80.01492943577126,1610809200,0
2021-01-16 18:00:00,4532117045436,MakeMyTrip,entertainment,376.47,15.913783403516996,79.72340417569852,16.047485230571123,79.24745637667925,1610820000,0
2021-01-16 21:00:00,4532117045436,Shell,health_fitness,290.26,15.913977054513031,79.7440103760585,16.644850373811202,80.28373659035904,1610830800,0
2021-01-17 00:00:00,4532117045436,Shell,gas_transport,338.95,15.918458459327455,79.7426705215512,15.845079334092421,80.23616108333526,1610841600,0
2021-01-17 03:00:00,4532117045436,Walmart,travel,434.58,15.914373225009566,79.74479172978222,16.13134266231771,80.25088349449487,1610852400,0
2021-01-17 06:00:00,4532117045436,Shell,entertainment,725.59,15.901005409265005,79.74856498122249,16.182322281408837,78.87741065679299,1610863200,0
2021-01-17 09:00:00,4532117045436,Shell,travel,670.79,15.919032540489855,79.747775584906,16.28349850463613,80.31218527034763,1610874000,0
2021-01-17 12:00:00,4532117045436,Walmart,grocery_pos,352.01,15.921308842797306,79.75360814227805,15.411113392338056,79.55559838918708,1610884800,0
2021-01-17 15:00:00,4532117045436,Shell,food_dining,459.04,15.926094789706266,79.74028417730047,16.709628359779973,80.00537937731225,1610895600,0
2021-01-17 18:00:00,4532117045436,Zomato,food_dining,4262.11,15.926536528439177,79.7356807228084,29.821703030690095,77.73505325326266,1610906400,1
2021-01-17 21:00:00,4532117045436,Amazon,travel,469.54,15.917664330668574,79.75040840840772,16.05342992043057,79.39840985914853,1610917200,0
2021-01-18 00:00:00,4532117045436,MakeMyTrip,shopping_net,488.84,15.901471628919028,79.74908356055342,15.83791255187592,80.16019142364783,1610928000,0
2021-01-18 03:00:00,4532117045436,Amazon,shopping_net,529.13,15.897606161657855,79.73767148306358,15.690161197562126,80.00299749245455,1610938800,0
2021-01-18 06:00:00,4532117045436,Walmart,health_fitness,14.83,15.9106290639356,79.75105885823876,16.38268414384733,79.20002103641343,1610949600,0
2021-01-18 09:00:00,4532117045436,Netflix,health_fitness,504.97,15.92209470974527,79.74074528473311,16.230455386650576,80.08009333244641,1610960400,0
2021-01-18 12:00:00,4532117045436,MakeMyTrip,food_dining,390.16,15.921450350681976,79.75276323016989,14.819813817921741,79.33192764057435,1610971200,0
2021-01-18 15:00:00,4532117045436,Walmart,grocery_pos,344.26,15.915639992622632,79.75729215143275,16.12247872844796,79.60696095474012,1610982000,0
2021-01-18 18:00:00,4532117045436,Netflix,gas_transport,569.14,15.912534407612089,79.76641071749694,16.961712308188243,79.15493660631724,1610992800,0
2021-01-18 21:00:00,4532117045436,Amazon,gas_transport,670.02,15.931937352241997,79.7406223739239,16.0057677893226,79.9116748926212,1611003600,0
2021-01-19 00:00:00,4532117045436,Walmart,health_fitness,553.35,15.918640318758811,79.75415430855054,15.657487309486827,80.28367570545824,1611014400,0
2021-01-19 03:00:00,4532117045436,MakeMyTrip,grocery_pos,3765.88,15.912027269231071,79.74853846289827,29.633614814968084,76.96665033751471,1611025200,1
2021-01-19 06:00:00,4532117045436,MakeMyTrip,health_fitness,288.6,15.906445589763337,79.74946961614819,15.631937454373672,79.28615195984412,1611036000,0
2021-01-19 09:00:00,4532117045436,Apollo,gas_transport,10.0,15.902813946822908,79.7442443186878,15.338388078463344,79.71690979947695,1611046800,0
2021-01-19 12:00:00,4532117045436,Zomato,travel,477.38,15.9018293598541,79.74951104559834,15.820560676286716,78.95371521369601,1611057600,0
2021-01-19 15:00:00,4532117045436,Shell,health_fitness,536.85,15.902815065771827,79.72625915736403,15.818290003488094,80.42217124672513,1611068400,0
2021-01-19 18:00:00,4532117045436,Netflix,entertainment,434.72,15.915709521132587,79.73971158084647,16.212981492312572,79.74954479825297,1611079200,0
2021-01-19 21:00:00,4532117045436,Apollo,travel,590.06,15.912719303394692,79.73346518433773,15.651655473413578,80.06499543527177,1611090000,0
2021-01-20 00:00:00,4532117045436,Shell,health_fitness,251.97,15.909640852377096,79.732628834144,16.918362829721563,79.83957446994106,1611100800,0
2021-01-20 03:00:00,4532117045436,Shell,food_dining,424.31,15.92026477935102,79.72564497905462,15.444547216349468,79.42694107694257,1611111600,0
2021-01-20 06:00:00,4532117045436,Walmart,health_fitness,412.45,15.930991749341725,79.73473285606956,15.986530473843986,79.46306813590724,1611122400,0
2021-01-20 09:00:00,4532117045436,Shell,food_dining,433.48,15.90466653063712,79.73825849492874,15.53911361176813,79.96787211124318,1611133200,0
2021-01-20 12:00:00,4532117045436,Zomato,grocery_pos,625.19,15.906157139567815,79.74184309309473,15.643566462525618,80.55845740737138,1611144000,0
2021-01-20 15:00:00,4532117045436,MakeMyTrip,gas_transport,434.27,15.890729476082866,79.7398757152158,15.77317007978696,79.56855715522642,1611154800,0
2021-01-20 18:00:00,4532117045436,Apollo,travel,405.78,15.912636691645304,79.75052338708882,16.014806614661442,80.32707447361054,1611165600,0
2021-01-20 21:00:00,4532117045436,Shell,travel,4394.66,15.911623794315734,79.73103997545006,27.27336505249631,77.59588122529554,1611176400,1
2021-01-21 00:00:00,4532117045436,Walmart,shopping_net,649.29,15.921827902452144,79.72056343272283,15.680076829471313,79.58031833882013,1611187200,0
2021-01-21 03:00:00,4532117045436,Zomato,shopping_net,235.32,15.912031872760394,79.74531450598724,15.164487301209546,80.29008869494187,1611198000,0
2021-01-21 06:00:00,4532117045436,Amazon,gas_transport,367.05,15.907018907022046,79.73953271616887,16.597718486147734,80.24963115070234,1611208800,0
2021-01-21 09:00:00,4532117045436,MakeMyTrip,shopping_net,704.09,15.914826857423051,79.73932509126382,15.424328872271907,78.66733588681969,1611219600,0
2021-01-21 12:00:00,4532117045436,MakeMyTrip,travel,520.24,15.918470683591417,79.7328721512127,15.789654745406912,80.09080596483344,1611230400,0
2021-01-21 15:00:00,4532117045436,Apollo,health_fitness,446.97,15.896722709408753,79.74909137036214,15.940472131793591,80.38026118252655,1611241200,0
2021-01-21 18:00:00,4532117045436,MakeMyTrip,grocery_pos,453.25,15.92296890990732,79.73580935255185,15.861800621688154,79.15628863250653,1611252000,0
2021-01-21 21:00:00,4532117045436,Shell,grocery_pos,308.04,15.925963027867152,79.7311642665611,15.206936513492952,79.08316358178752,1611262800,0
2021-01-22 00:00:00,4532117045436,Walmart,gas_transport,439.72,15.9183745514098,79.75674261052026,16.343926117500217,79.84397976949734,1611273600,0
2021-01-22 03:00:00,4532117045436,MakeMyTrip,shopping_net,397.52,15.90355444939718,79.74691574035542,14.50377174391869,80.52931681110007,1611284400,0
2021-01-22 06:00:00,4532117045436,MakeMyTrip,health_fitness,476.94,15.909639734615181,79.73959841687604,16.40279509561975,79.1960194505763,1611295200,0
2021-01-22 09:00:00,4532117045436,Amazon,grocery_pos,224.06,15.924728744957223,79.71558757943893,16.491084455664595,78.95106254122686,1611306000,0
2021-01-22 12:00:00,4532117045436,Amazon,grocery_pos,509.68,15.903117791463456,79.73764575375449,16.364500210232592,79.51327623961224,1611316800,0
2021-01-22 15:00:00,4532117045436,Netflix,entertainment,602.49,15.919186437077652,79.73978383313104,15.760780614284599,79.44359571528462,1611327600,0
2021-01-22 18:00:00,4532117045436,Zomato,entertainment,419.43,15.91239227990727,79.75463682001971,15.977604184382864,78.9044305504596,1611338400,0
2021-01-22 21:00:00,4532117045436,Shell,travel,547.06,15.914501932495071,79.72250022467217,15.578263546930742,79.44791292419741,1611349200,0
2021-01-23 00:00:00,4532117045436,MakeMyTrip,grocery_pos,496.55,15.904542285226752,79.75560256802184,15.94723501296263,79.91440347112767,1611360000,0
2021-01-23 03:00:00,4532117045436,MakeMyTrip,gas_transport,358.84,15.916206642851021,79.7443693312411,16.22747833960429,80.66812977988337,1611370800,0
2021-01-23 06:00:00,4532117045436,Walmart,food_dining,291.22,15.915490757371144,79.72792417141781,15.365380222131243,80.02080184159684,1611381600,0
2021-01-23 09:00:00,4532117045436,Netflix,food_dining,312.24,15.897806414094335,79.74921815835951,15.845756134444906,80.14308054930176,1611392400,0
2021-01-23 12:00:00,4532117045436,Zomato,health_fitness,493.93,15.912855561054497,79.73756126882972,15.674300624029518,79.19584337961925,1611403200,0
2021-01-23 15:00:00,4532117045436,Netflix,grocery_pos,441.58,15.9190389715708,79.7233812248624,16.49933366016358,79.6927697319364,1611414000,0
2021-01-23 18:00:00,4532117045436,Apollo,grocery_pos,641.26,15.909047167497036,79.73555580450603,15.44237326905591,79.62988204270097,1611424800,0
2021-01-23 21:00:00,4532117045436,Zomato,travel,568.63,15.888422694488955,79.74254907029517,16.225978536049293,79.90297993984122,1611435600,0
2021-01-24 00:00:00,4532117045436,MakeMyTrip,grocery_pos,568.32,15.91175183275102,79.74061937197243,15.886518257543134,80.0383828361011,1611446400,0
2021-01-24 03:00:00,4532117045436,MakeMyTrip,gas_transport,489.46,15.927564679331454,79.74643478145211,15.850769281272855,80.21643312180807,1611457200,0
2021-01-24 06:00:00,4532117045436,Zomato,entertainment,305.67,15.909455305105391,79.75097430608841,16.240939698153277,79.75595461081943,1611468000,0
2021-01-24 09:00:00,4532117045436,MakeMyTrip,grocery_pos,498.8,15.927186510828573,79.72901432334618,15.720906205950845,79.47851367680113,1611478800,0
2021-01-24 12:00:00,4532117045436,Shell,grocery_pos,459.58,15.904776424436891,79.73979095629537,15.964535194396317,80.35203569414857,1611489600,0
2021-01-24 15:00:00,4532117045436,Zomato,travel,279.24,15.901290293542731,79.73390042374507,16.468451949661663,80.10256723048016,1611500400,0
2021-01-24 18:00:00,4532117045436,Netflix,shopping_net,631.49,15.912848973621774,79.72751069915537,15.524414634018353,80.04907097078161,1611511200,0
2021-01-24 21:00:00,4532117045436,Zomato,travel,615.34,15.904674216322647,79.73948160804237,16.048387949903766,79.72027961550916,1611522000,0
2021-01-25 00:00:00,4532117045436,MakeMyTrip,travel,278.38,15.916198577378607,79.74431666183858,16.3535741676215,80.34812735819189,1611532800,0
2021-01-25 03:00:00,4532117045436,Shell,gas_transport,354.33,15.909174291457347,79.74490677104544,16.146369026281562,79.11146872383617,1611543600,0
2021-01-25 06:00:00,4532117045436,Shell,health_fitness,367.51,15.927639170452558,79.73604788216745,16.553491778247587,80.1864976059512,1611554400,0
2021-01-25 09:00:00,4532117045436,Apollo,grocery_pos,541.48,15.908483325287827,79.729921309986,15.852978958362753,80.18398952449458,1611565200,0
2021-01-25 12:00:00,4532117045436,Netflix,travel,524.21,15.91379736960152,79.73355370366096,16.248615381613078,79.28961802661397,1611576000,0
2021-01-25 15:00:00,4532117045436,Amazon,travel,456.66,15.918863357284437,79.72123167974496,16.464257245139652,79.39972999316807,1611586800,0
2021-01-25 18:00:00,4532117045436,Amazon,shopping_net,491.08,15.922463160394582,79.72810696668196,15.06710687190212,79.0975444848529,1611597600,0
2021-01-25 21:00:00,4532117045436,Zomato,travel,256.86,15.927696426959422,79.72897377036757,15.709510331194988,79.99519209131083,1611608400,0
2021-01-26 00:00:00,4532117045436,Apollo,food_dining,507.2,15.91055136732359,79.74845304980555,16.102433948252223,78.4492064177934,1611619200,0
2021-01-26 03:00:00,4532117045436,Walmart,health_fitness,434.87,15.90890691900862,79.74844403629956,16.37319878708804,79.85160590642734,1611630000,0
2021-01-26 06:00:00,4532117045436,Zomato,grocery_pos,348.14,15.893760833008038,79.7612948162814,16.03467041260655,79.35809089876993,1611640800,0
2021-01-26 09:00:00,4532117045436,Apollo,grocery_pos,220.12,15.933317114914148,79.74240326832859,16.611221693779573,79.24784662376427,1611651600,0
2021-01-26 12:00:00,4532117045436,Netflix,shopping_net,454.04,15.916509640972334,79.73516113974617,15.645814329326116,78.80094225453392,1611662400,0
2021-01-26 15:00:00,4532117045436,Netflix,gas_transport,503.54,15.920418080657722,79.74011971847763,15.2954612611684,79.29688406712694,1611673200,0
2021-01-26 18:00:00,4532117045436,Netflix,grocery_pos,194.63,15.918457288749126,79.73830773239528,16.31024352360372,80.45490458492529,1611684000,0
2021-01-26 21:00:00,4532117045436,Netflix,food_dining,452.77,15.913395348828761,79.7336828070567,15.856400683804134,79.38040116889233,1611694800,0
2021-01-27 00:00:00,4532117045436,Netflix,grocery_pos,468.34,15.916403525805034,79.74319922381243,15.494006754610837,79.94990396047551,1611705600,0
2021-01-27 03:00:00,4532117045436,Apollo,food_dining,366.87,15.907303375508159,79.7419335522365,16.76710889054066,79.19455931495466,1611716400,0
2021-01-27 06:00:00,4532117045436,Apollo,health_fitness,506.98,15.909879013492606,79.73917418664394,16.28634153433312,80.2529630324121,1611727200,0
2021-01-27 09:00:00,4532117045436,Shell,health_fitness,430.1,15.903397941996372,79.73705710905703,16.23847415565266,80.04252324288886,1611738000,0
2021-01-27 12:00:00,4532117045436,Amazon,entertainment,492.48,15.928472439637236,79.74631901467646,16.709538252837177,79.62612626178421,1611748800,0
2021-01-27 15:00:00,4532117045436,MakeMyTrip,entertainment,530.14,15.918514810098964,79.73446258376882,15.719356483327811,79.85587298932016,1611759600,0
2021-01-27 18:00:00,4532117045436,Netflix,food_dining,530.22,15.932661725802543,79.73596841272585,16.61962436780824,79.89879963953699,1611770400,0
2021-01-27 21:00:00,4532117045436,Walmart,gas_transport,602.52,15.935863832459455,79.74475082730967,16.122155423394428,79.2394898174553,1611781200,0
2021-01-28 00:00:00,4532117045436,MakeMyTrip,grocery_pos,500.75,15.898858437603828,79.75011479714061,15.618076579051394,79.33328260953951,1611792000,0
2021-01-28 03:00:00,4532117045436,Apollo,travel,378.44,15.92275228372873,79.74920137798797,15.909403874748069,80.19895722164507,1611802800,0
2021-01-28 06:00:00,4532117045436,Walmart,grocery_pos,352.83,15.899320363229696,79.7374041368116,16.006192237239663,80.51333587227661,1611813600,0
2021-01-28 09:00:00,4532117045436,Walmart,entertainment,290.5,15.914674174884645,79.72735652468037,16.46925811151158,79.8134227632745,1611824400,0
2021-01-28 12:00:00,4532117045436,Walmart,travel,472.68,15.916047294698595,79.73710509369504,15.237894350636731,80.08631037467393,1611835200,0
2021-01-28 15:00:00,4532117045436,Shell,food_dining,648.2,15.900028338508925,79.74073505407468,15.038665666267747,80.34225589389031,1611846000,0
2021-01-28 18:00:00,4532117045436,Apollo,travel,396.23,15.90552481664459,79.72885776640761,15.51911920183286,79.57765081461397,1611856800,0
2021-01-28 21:00:00,4532117045436,Walmart,grocery_pos,517.44,15.916503514757764,79.73691903941976,15.879032183143467,79.70173604072093,1611867600,0
2021-01-29 00:00:00,4532117045436,Netflix,grocery_pos,337.16,15.914663006990407,79.75207099045662,16.2701163872264,80.09717141743981,1611878400,0
2021-01-29 03:00:00,4532117045436,Zomato,gas_transport,479.22,15.902716284368655,79.74147479245622,15.683983174922117,80.83173656209878,1611889200,0
2021-01-29 06:00:00,4532117045436,Walmart,shopping_net,638.9,15.905919689040603,79.73459410186801,16.121472329798568,80.11458721503803,1611900000,0
2021-01-29 09:00:00,4532117045436,Shell,travel,552.94,15.897985597115161,79.74028838909462,16.71446896591339,79.8918004367786,1611910800,0
2021-01-29 12:00:00,4532117045436,MakeMyTrip,entertainment,214.38,15.90087076454177,79.74083746782897,15.063265459524688,79.44649010743444,1611921600,0
2021-01-29 15:00:00,4532117045436,Apollo,entertainment,535.6,15.909185795884866,79.7362664911835,15.84488034369196,79.71100811075365,1611932400,0
2021-01-29 18:00:00,4532117045436,Shell,shopping_net,542.43,15.922774531126977,79.74772379835166,17.12263311848646,80.08376028064576,1611943200,0
2021-01-29 21:00:00,4532117045436,Walmart,grocery_pos,476.02,15.924042330745223,79.72171598066184,15.557540364756095,80.03035253896078,1611954000,0
2021-01-30 00:00:00,4532117045436,Apollo,gas_transport,550.13,15.9312343669538,79.74471761079771,15.504456803275142,79.44022467406481,1611964800,0
2021-01-30 03:00:00,4532117045436,Zomato,gas_transport,324.97,15.91714264185156,79.73426852661377,16.1734308781588,80.39499939411665,1611975600,0
2021-01-30 06:00:00,4532117045436,Walmart,entertainment,459.49,15.914782830677167,79.75045704508052,15.648019043374598,80.39556558841882,1611986400,0
2021-01-30 09:00:00,4532117045436,Shell,gas_transport,616.53,15.917851463409967,79.72725357780749,16.450792433676675,79.68452305757658,1611997200,0
2021-01-30 12:00:00,4532117045436,Amazon,health_fitness,602.99,15.9177555601723,79.74938576092545,17.1504424528142,79.88011320409592,1612008000,0
2021-01-30 15:00:00,4532117045436,Netflix,shopping_net,532.21,15.896734863994714,79.73210732066764,15.95026659027,79.41961546784981,1612018800,0
2021-01-30 18:00:00,4532117045436,MakeMyTrip,grocery_pos,317.55,15.93178873387554,79.74321985911618,17.28175023412027,79.33565723429173,1612029600,0
2021-01-30 21:00:00,4532117045436,Shell,health_fitness,293.93,15.89359061018038,79.73535000129684,15.686431832899583,79.91355244279276,1612040400,0
2021-01-31 00:00:00,4532117045436,Apollo,shopping_net,467.18,15.924387623963787,79.75127209732092,15.829084617549228,79.34974862904164,1612051200,0
2021-01-31 03:00:00,4532117045436,Walmart,food_dining,477.12,15.913463869783318,79.7380891980436,15.432974761605479,80.06424039504563,1612062000,0
2021-01-31 06:00:00,4532117045436,Netflix,travel,434.94,15.902005028078452,79.73276940035286,15.687838397081624,79.5414702814426,1612072800,0
2021-01-31 09:00:00,4532117045436,Walmart,entertainment,329.28,15.91821374430072,79.75399099744807,15.793548636749106,80.26508215041196,1612083600,0
2021-01-31 12:00:00,4532117045436,Apollo,gas_transport,515.54,15.911718613950983,79.73719851768375,16.119893413479566,79.69719440370207,1612094400,0
2021-01-31 15:00:00,4532117045436,Walmart,food_dining,466.52,15.906074620038591,79.74521782038654,15.289864717980462,78.77830008614798,1612105200,0
2021-01-31 18:00:00,4532117045436,Amazon,gas_transport,493.47,15.89908522336219,79.74939044369269,15.654129159936602,79.55392464235415,1612116000,0
2021-01-31 21:00:00,4532117045436,Netflix,health_fitness,539.02,15.898244928709762,79.73120507190569,15.666804492190286,79.79343615310532,1612126800,0
2021-02-01 00:00:00,4532117045436,Netflix,grocery_pos,7986.35,15.906790887005508,79.74421946284983,27.804944572172108,75.03737943979932,1612137600,1
2021-02-01 03:00:00,4532117045436,Apollo,grocery_pos,376.69,15.909030118822912,79.74557184815868,15.971222301152821,78.91953897119093,1612148400,0
2021-02-01 06:00:00,4532117045436,MakeMyTrip,grocery_pos,616.13,15.900794574671613,79.72452522173795,15.971312069695896,79.64620694021943,1612159200,0
2021-02-01 09:00:00,4532117045436,Amazon,gas_transport,336.4,15.91328480147647,79.7432305929668,15.95452824048921,80.24229447616625,1612170000,0
2021-02-01 12:00:00,4532117045436,Shell,food_dining,379.62,15.902218637979356,79.73646090275754,15.040592395759754,80.05569516185597,1612180800,0
2021-02-01 15:00:00,4532117045436,Walmart,grocery_pos,635.14,15.91650220720176,79.75620183492931,16.716540593220145,79.73277841956023,1612191600,0
2021-02-01 18:00:00,4532117045436,Zomato,food_dining,367.95,15.925213793212716,79.7486611951552,15.450430793694665,79.3136781190981,1612202400,0
2021-02-01 21:00:00,4532117045436,Walmart,gas_transport,435.21,15.915793743161961,79.74439076735914,16.357937934760074,79.28933951153486,1612213200,0
2021-02-02 00:00:00,4532117045436,Walmart,health_fitness,388.2,15.911961652090197,79.71958671768459,15.800313943443772,80.06455894418971,1612224000,0
2021-02-02 03:00:00,4532117045436,Shell,food_dining,182.52,15.90755102962179,79.744449860034,15.60717436637851,79.83909310941213,1612234800,0
2021-02-02 06:00:00,4532117045436,Walmart,health_fitness,431.5,15.927360986185752,79.73239025995251,16.434751757656855,80.1672031120419,1612245600,0
2021-02-02 09:00:00,4532117045436,Amazon,gas_transport,298.41,15.910964842824743,79.7487352847207,15.316059837010446,80.34200017617692,1612256400,0
2021-02-02 12:00:00,4532117045436,Amazon,gas_transport,488.19,15.937802237767798,79.73840082642425,15.358363463738176,79.51298271401006,1612267200,0
2021-02-02 15:00:00,4532117045436,Netflix,entertainment,615.85,15.90106964155088,79.7348091405998,15.99163809078423,79.96005951397784,1612278000,0
2021-02-02 18:00:00,4532117045436,Apollo,gas_transport,117.87,15.915799072826621,79.73563382089404,16.006523690809388,80.02607285514055,1612288800,0
2021-02-02 21:00:00,4532117045436,MakeMyTrip,gas_transport,388.96,15.927027236099688,79.736297801388,16.322650408718268,79.39129438370543,1612299600,0
2021-02-03 00:00:00,4532117045436,Zomato,shopping_net,517.85,15.905998636680824,79.72652772342686,16.271179406690557,79.41749754294719,1612310400,0
2021-02-03 03:00:00,4532117045436,Walmart,grocery_pos,122.5,15.910538756500246,79.72783981971028,15.878222400447923,80.10137683598978,1612321200,0
2021-02-03 06:00:00,4532117045436,Walmart,entertainment,650.44,15.919161465078265,79.7366451631522,15.965133254915155,79.74086697571205,1612332000,0
2021-02-03 09:00:00,4532117045436,Shell,travel,506.98,15.916778902463978,79.75555136678051,15.840266201259189,79.30355888794813,1612342800,0
2021-02-03 12:00:00,4532117045436,Apollo,entertainment,612.48,15.918496990642211,79.7471446320001,16.6218210970661,79.33043490079984,1612353600,0
2021-02-03 15:00:00,4532117045436,Amazon,entertainment,365.41,15.924502584746083,79.74804004793822,15.42187384482982,79.09808427888558,1612364400,0
2021-02-03 18:00:00,4532117045436,Zomato,travel,383.5,15.909432458858475,79.75197228102789,15.928722900926784,79.56087260595248,1612375200,0
2021-02-03 21:00:00,4532117045436,Netflix,shopping_net,425.86,15.927270258981348,79.74281115580996,16.297662310199335,79.22554630904699,1612386000,0
2021-02-04 00:00:00,4532117045436,Amazon,health_fitness,770.73,15.895699850506007,79.73543323902089,16.467885016142176,79.79111204946909,1612396800,0
2021-02-04 03:00:00,4532117045436,Apollo,gas_transport,3185.95,15.923674375455857,79.73589016224007,28.70784767943913,76.01282283538521,1612407600,1
2021-02-04 06:00:00,4532117045436,MakeMyTrip,grocery_pos,469.85,15.924372056875763,79.7317426117221,15.427636974544649,79.97017587189988,1612418400,0
2021-02-04 09:00:00,4532117045436,Netflix,food_dining,488.16,15.90515529623946,79.74811008103548,15.292178240768454,80.27355452021386,1612429200,0
2021-02-04 12:00:00,4532117045436,MakeMyTrip,travel,545.24,15.89839363824023,79.73063755590906,15.741422477037565,79.9403189265986,1612440000,0
2021-02-04 15:00:00,4532117045436,Shell,health_fitness,808.73,15.910578325954402,79.76090343648735,16.039990262089137,78.91534573636578,1612450800,0
2021-02-04 18:00:00,4532117045436,Shell,travel,507.41,15.916938031308293,79.73097091634149,15.67680977195807,79.80327598594084,1612461600,0
2021-02-04 21:00:00,4532117045436,Walmart,gas_transport,456.89,15.909549009883095,79.75222904558707,16.26250091677442,79.39867007312381,1612472400,0
2021-02-05 00:00:00,4532117045436,MakeMyTrip,shopping_net,399.21,15.917919421879573,79.75228300663744,15.880121449642026,79.32776704824335,1612483200,0
2021-02-05 03:00:00,4532117045436,Apollo,travel,485.24,15.932277437632699,79.74624353849838,16.217651406119483,79.62674294210971,1612494000,0
2021-02-05 06:00:00,4532117045436,Zomato,gas_transport,361.95,15.899252880606328,79.75620572086231,15.986489124243288,80.05551872616704,1612504800,0
2021-02-05 09:00:00,4532117045436,Netflix,gas_transport,524.41,15.893358948968142,79.73803765091387,15.070271611159106,79.58739835909566,1612515600,0
2021-02-05 12:00:00,4532117045436,Amazon,shopping_net,235.11,15.912207023464838,79.74128267440219,15.337976521382236,80.16937776969645,1612526400,0
2021-02-05 15:00:00,4532117045436,Apollo,entertainment,410.92,15.906098314236925,79.7422442652782,16.491456574210275,79.83160922920423,1612537200,0
2021-02-05 18:00:00,4532117045436,Apollo,entertainment,560.19,15.908096850815944,79.7459012036922,15.444427142343727,79.89866583013067,1612548000,0
2021-02-05 21:00:00,4532117045436,Shell,grocery_pos,505.37,15.925569131494909,79.72181033322292,16.33887101077508,79.71044872556256,1612558800,0
2021-02-06 00:00:00,4532117045436,MakeMyTrip,grocery_pos,4620.87,15.911693836751725,79.73893863475297,29.53619638865099,76.63409375349075,1612569600,1
2021-02-06 03:00:00,4532117045436,Walmart,entertainment,415.2,15.912610045792054,79.74858236048487,15.420625819369201,79.38953295080955,1612580400,0
2021-02-06 06:00:00,4532117045436,Walmart,health_fitness,605.3,15.908532024557573,79.73628084239176,16.287722511665947,79.41784827737392,1612591200,0
2021-02-06 09:00:00,4532117045436,Netflix,food_dining,268.44,15.912511988313742,79.7595957649256,15.674062827276344,79.58089282216962,1612602000,0
2021-02-06 12:00:00,4532117045436,Shell,gas_transport,269.31,15.915585014624755,79.74128031216944,15.988681111257215,79.99118238453354,1612612800,0
2021-02-06 15:00:00,4532117045436,Apollo,food_dining,310.55,15.940745881991816,79.74514521707658,15.807972774844654,80.05859800325575,1612623600,0
2021-02-06 18:00:00,4532117045436,Zomato,gas_transport,448.4,15.915696574836122,79.75550996355412,14.560801676561955,79.4598547615066,1612634400,0
2021-02-06 21:00:00,4532117045436,Shell,entertainment,246.49,15.924526951686895,79.74129432937255,16.24977677422308,80.18842858211914,1612645200,0
2021-02-07 00:00:00,4532117045436,Netflix,grocery_pos,592.95,15.914763995851446,79.75534656528684,16.296490700899433,79.24982904804489,1612656000,0
2021-02-07 03:00:00,4532117045436,Netflix,health_fitness,311.36,15.892622106696868,79.74583146170608,15.665865079002039,80.09643397576369,1612666800,0
2021-02-07 06:00:00,4532117045436,Shell,grocery_pos,483.65,15.907229281662849,79.74585080775563,16.234080082848628,79.91883634144297,1612677600,0
2021-02-07 09:00:00,4532117045436,Netflix,food_dining,363.14,15.91568910718009,79.73110838836838,15.47702350715903,79.74869881733404,1612688400,0
2021-02-07 12:00:00,4532117045436,Shell,grocery_pos,440.18,15.920134145437835,79.75106460202814,15.48721936332935,79.97656193819931,1612699200,0
2021-02-07 15:00:00,4532117045436,Amazon,entertainment,209.5,15.915002285915786,79.73393609310527,16.032705862323137,79.68047322030138,1612710000,0
2021-02-07 18:00:00,4532117045436,Shell,health_fitness,600.2,15.92210351399772,79.73813615735324,15.56482827486887,79.8676160194721,1612720800,0
2021-02-07 21:00:00,4532117045436,MakeMyTrip,food_dining,305.78,15.898300152018209,79.75259198447336,15.848310807765117,80.9430367516046,1612731600,0
2021-02-08 00:00:00,4532117045436,Shell,health_fitness,290.07,15.913387924756172,79.7363325872692,15.443393550087476,80.18716163835957,1612742400,0
2021-02-08 03:00:00,4532117045436,Netflix,gas_transport,806.85,15.926179630346855,79.74347789479607,15.27060995953042,79.46891978381856,1612753200,0
2021-02-08 06:00:00,4532117045436,MakeMyTrip,grocery_pos,533.15,15.903184400027241,79.73946127620813,16.016755181367788,79.58737255700056,1612764000,0
2021-02-08 09:00:00,4532117045436,Netflix,health_fitness,594.36,15.924105914322833,79.73981001132724,16.02142242539318,80.34410279057552,1612774800,0
2021-02-08 12:00:00,4532117045436,Walmart,shopping_net,518.83,15.92358907459285,79.73850540114748,15.922502709576683,79.54259776761303,1612785600,0
2021-02-08 15:00:00,4532117045436,Walmart,grocery_pos,382.13,15.900529753474782,79.72963823598224,15.767590972317537,80.59038700224909,1612796400,0
2021-02-08 18:00:00,4532117045436,MakeMyTrip,gas_transport,253.97,15.916278785611098,79.7454514316668,15.561104044129605,80.12268583104013,1612807200,0
2021-02-08 21:00:00,4532117045436,Amazon,health_fitness,405.18,15.914488139916685,79.74634121801242,15.37230824005457,79.06198709777907,1612818000,0
2021-02-09 00:00:00,4532117045436,Walmart,food_dining,303.28,15.911136373069375,79.73418012587133,15.35270082662481,80.17416672287152,1612828800,0
2021-02-09 03:00:00,4532117045436,Shell,gas_transport,312.28,15.897631107777764,79.73557711322034,15.61096207975693,78.66182542178466,1612839600,0
2021-02-09 06:00:00,4532117045436,Netflix,shopping_net,212.52,15.910269402638654,79.74912991237217,16.423541196655595,79.56580152207829,1612850400,0
2021-02-09 09:00:00,4532117045436,Walmart,health_fitness,467.17,15.911337041326586,79.73736212268315,16.028400804185804,80.16759559466577,1612861200,0
2021-02-09 12:00:00,4532117045436,Walmart,travel,686.01,15.895916987142202,79.74092597148551,16.093025228205953,78.80687674700816,1612872000,0
2021-02-09 15:00:00,4532117045436,Amazon,travel,533.72,15.89984848362965,79.73118402759414,15.285045020102135,80.75474175864137,1612882800,0
2021-02-09 18:00:00,4532117045436,MakeMyTrip,entertainment,434.13,15.9036300460655,79.73936527288276,16.00575752724875,80.22421386277809,1612893600,0
2021-02-09 21:00:00,4532117045436,MakeMyTrip,grocery_pos,443.91,15.902417184347517,79.73123821321194,16.081433670376292,79.25056545116472,1612904400,0
2021-02-10 00:00:00,4532117045436,Apollo,food_dining,10.0,15.916162703710562,79.73395024243294,16.705832033205226,80.5000061703917,1612915200,0
2021-02-10 03:00:00,4532117045436,Amazon,entertainment,386.42,15.922015105268649,79.73235819168326,15.903508878286944,78.78518094473036,1612926000,0
2021-02-10 06:00:00,4532117045436,Shell,health_fitness,236.0,15.909794568531971,79.74863283625665,15.716005619901232,79.23621004236908,1612936800,0
2021-02-10 09:00:00,4532117045436,MakeMyTrip,travel,470.16,15.92056289567509,79.72670412583435,15.529702610646718,79.03244279523958,1612947600,0
2021-02-10 12:00:00,4532117045436,Netflix,travel,411.0,15.922424884604848,79.74266681677796,15.942772190497541,78.75252406465734,1612958400,0
2021-02-10 15:00:00,4532117045436,Amazon,travel,319.6,15.912047070569553,79.7377687556218,15.81545006977685,79.57341710735041,1612969200,0
2021-02-10 18:00:00,4532117045436,Walmart,health_fitness,466.78,15.916980437431961,79.75396262493138,16.474126786725883,79.83557537479066,1612980000,0
2021-02-10 21:00:00,4532117045436,Netflix,travel,465.49,15.910666548418293,79.7477946998458,16.363898616176062,79.82064647980675,1612990800,0
2021-02-11 00:00:00,4532117045436,Netflix,gas_transport,677.79,15.90167170245805,79.72760033881394,15.415361450700559,79.80518917551754,1613001600,0
2021-02-11 03:00:00,4532117045436,Walmart,health_fitness,552.96,15.905432405484552,79.7343947719346,15.901803986444877,79.76629017670119,1613012400,0
2021-02-11 06:00:00,4532117045436,Amazon,food_dining,482.55,15.91616148160658,79.7398608692697,17.13663999835503,79.1492734397212,1613023200,0
2021-02-11 09:00:00,4532117045436,Walmart,entertainment,307.87,15.911686704603817,79.73439273880345,15.180000944063684,79.48875745453253,1613034000,0
2021-02-11 12:00:00,4532117045436,Apollo,food_dining,288.98,15.920271730131098,79.7490827333262,15.819517923026277,78.36454546255305,1613044800,0
2021-02-11 15:00:00,4532117045436,Netflix,shopping_net,539.83,15.894030129262175,79.74169941924552,16.28914953292933,80.2797787207199,1613055600,0
2021-02-11 18:00:00,4532117045436,Zomato,travel,3638.12,15.89643428434302,79.73806654050287,29.72275689820462,75.6361602069446,1613066400,1
2021-02-11 21:00:00,4532117045436,Zomato,shopping_net,487.4,15.897617751466436,79.74980897368383,15.751890417541407,79.77416134179177,1613077200,0
2021-02-12 00:00:00,4532117045436,Shell,grocery_pos,596.7,15.914566531811039,79.72822641612198,15.678098554365288,80.1297041843165,1613088000,0
2021-02-12 03:00:00,4532117045436,MakeMyTrip,grocery_pos,223.03,15.89911896901661,79.7373448732467,15.380961873742423,80.16548565896586,1613098800,0
2021-02-12 06:00:00,4532117045436,Walmart,shopping_net,659.56,15.91610129164977,79.74247999164555,15.828374584287147,79.5594104879811,1613109600,0
2021-02-12 09:00:00,4532117045436,Walmart,health_fitness,595.41,15.920430099210641,79.73858685469644,16.425912201724497,79.68156051295988,1613120400,0
2021-02-12 12:00:00,4532117045436,Shell,food_dining,141.83,15.928062497734194,79.70895394748274,15.276984473482079,80.52306763000837,1613131200,0
2021-02-12 15:00:00,4532117045436,Shell,shopping_net,802.96,15.926959075516404,79.74339023610358,16.046248839941956,79.44735531550803,1613142000,0
2021-02-12 18:00:00,4532117045436,Shell,grocery_pos,498.21,15.905945803456662,79.74502727596311,16.45239827835117,80.51861204179794,1613152800,0
2021-02-12 21:00:00,4532117045436,Netflix,shopping_net,378.22,15.896203620069818,79.7298745203271,15.902573303464452,79.56483551745434,1613163600,0
2021-02-13 00:00:00,4532117045436,Apollo,health_fitness,6105.63,15.9065805800169,79.71817024713549,29.750648872766018,76.36760366066758,1613174400,1
2021-02-13 03:00:00,4532117045436,Walmart,shopping_net,303.38,15.922668357469362,79.73322264417122,16.250067560538433,79.78475998722855,1613185200,0
2021-02-13 06:00:00,4532117045436,Netflix,food_dining,531.92,15.909003099311603,79.73796518068148,15.462760409384595,79.56097251488205,1613196000,0
2021-02-13 09:00:00,4532117045436,Shell,entertainment,330.98,15.912656794099613,79.73889468890232,16.123849769457053,79.06586720669495,1613206800,0
2021-02-13 12:00:00,4532117045436,Walmart,health_fitness,753.05,15.90732839255599,79.72032893542539,15.829631417431061,79.69949431727535,1613217600,0
2021-02-13 15:00:00,4532117045436,Netflix,grocery_pos,459.02,15.928712027649198,79.7420321836616,15.944221201602872,79.49724830813682,1613228400,0
2021-02-13 18:00:00,4532117045436,Apollo,food_dining,547.47,15.902755392351809,79.75028876739526,16.75116636113357,80.67693077438537,1613239200,0
2021-02-13 21:00:00,4532117045436,Netflix,shopping_net,332.09,15.913567655397314,79.74956806627475,16.49099352211512,80.2242445003945,1613250000,0
2021-02-14 00:00:00,4532117045436,Apollo,shopping_net,572.47,15.923982385611,79.75221843347695,16.653667498564197,79.25935362652619,1613260800,0
2021-02-14 03:00:00,4532117045436,Shell,entertainment,448.11,15.931315494763954,79.727870263604,15.503921628725065,79.36987031968982,1613271600,0
2021-02-14 06:00:00,4532117045436,Apollo,grocery_pos,238.22,15.905951978984614,79.74879062308169,15.402027910439736,80.24029043403256,1613282400,0
2021-02-14 09:00:00,4532117045436,Walmart,grocery_pos,414.19,15.922508058661384,79.73066179422209,16.146271450422837,80.34625835403838,1613293200,0
2021-02-14 12:00:00,4532117045436,Shell,gas_transport,3074.65,15.906577350064769,79.74789239953662,27.74209883958174,79.70457922785485,1613304000,1
2021-02-14 15:00:00,4532117045436,Walmart,grocery_pos,578.85,15.926671598685788,79.73262648642422,14.924670090925586,79.49954329651372,1613314800,0
2021-02-14 18:00:00,4532117045436,Zomato,entertainment,393.15,15.930194670517293,79.7435202312593,16.081716132995385,79.6764211364844,1613325600,0
2021-02-14 21:00:00,4532117045436,Amazon,travel,169.63,15.904004051014624,79.75535187011867,16.936556231494933,79.88499237922098,1613336400,0
2021-02-15 00:00:00,4532117045436,Apollo,gas_transport,325.13,15.919434635088852,79.74932936328968,16.8614266716349,80.102821312071,1613347200,0
2021-02-15 03:00:00,4532117045436,Amazon,gas_transport,239.03,15.924032865277718,79.73077723642636,15.56305109684257,80.12869599117357,1613358000,0
2021-02-15 06:00:00,4532117045436,Amazon,shopping_net,173.25,15.90995732612377,79.72861115944762,16.268414860445333,79.21218492554262,1613368800,0
2021-02-15 09:00:00,4532117045436,Apollo,shopping_net,567.84,15.918377144401932,79.74776340367916,15.46838514453873,79.56014565101064,1613379600,0
2021-02-15 12:00:00,4532117045436,Shell,grocery_pos,459.36,15.918900172606435,79.75319467843954,15.864950461420799,78.69607489844256,1613390400,0
2021-02-15 15:00:00,4532117045436,Zomato,gas_transport,719.27,15.932996501357898,79.74429799489529,15.502783763002899,79.72823391946783,1613401200,0
2021-02-15 18:00:00,4532117045436,Walmart,shopping_net,300.35,15.893189982808002,79.7348882703206,15.328392125721049,79.04607457408488,1613412000,0
2021-02-15 21:00:00,4532117045436,Netflix,entertainment,449.66,15.912340864979452,79.74041870050266,16.354545735364127,79.37409536043066,1613422800,0
2021-02-16 00:00:00,4532117045436,Walmart,shopping_net,240.87,15.900397465980797,79.74432444131477,16.056146973405504,80.29202184759168,1613433600,0
2021-02-16 03:00:00,4532117045436,Netflix,health_fitness,360.77,15.913037980777334,79.73910444348665,16.134955695312293,79.93501980966984,1613444400,0
2021-02-16 06:00:00,4532117045436,Walmart,health_fitness,416.68,15.90507141997418,79.73078719360507,16.229417145152794,79.9145383459106,1613455200,0
2021-02-16 09:00:00,4532117045436,Apollo,shopping_net,393.8,15.910350827806335,79.75063738566162,16.01152564704021,79.7411523365617,1613466000,0
2021-02-16 12:00:00,4532117045436,Zomato,gas_transport,458.03,15.904158526613145,79.75878286148978,15.394087307365352,80.44189109844734,1613476800,0
2021-02-16 15:00:00,4532117045436,Netflix,travel,595.74,15.914453674531357,79.75426554818517,16.01809561320704,79.42608256274417,1613487600,0
2021-02-16 18:00:00,4532117045436,MakeMyTrip,travel,5240.23,15.923638941701835,79.71828834620312,28.091740302390427,78.36260180980686,1613498400,1
2021-02-16 21:00:00,4532117045436,Shell,gas_transport,334.6,15.909172652125678,79.7515598204112,15.817198459328694,79.79509508759604,1613509200,0
2021-02-17 00:00:00,4532117045436,Walmart,food_dining,445.45,15.927206222057286,79.745781997332,15.441077655414658,79.56573029999308,1613520000,0
2021-02-17 03:00:00,4532117045436,Walmart,travel,5328.07,15.923339568080092,79.73342718727778,28.50401424860226,78.75517979632247,1613530800,1
2021-02-17 06:00:00,4532117045436,Netflix,health_fitness,605.36,15.93324069018957,79.72037817372063,15.629282313533565,79.12953675445085,1613541600,0
2021-02-17 09:00:00,4532117045436,Shell,entertainment,350.83,15.917013570120575,79.73886363147717,16.1855797582209,78.81587362789514,1613552400,0
2021-02-17 12:00:00,4532117045436,Shell,gas_transport,556.22,15.912283559583688,79.74363681563867,15.878198352853781,79.79399627358063,1613563200,0
2021-02-17 15:00:00,4532117045436,Apollo,grocery_pos,499.67,15.897047628034565,79.72893145109526,16.80448569210518,79.43848170179442,1613574000,0
2021-02-17 18:00:00,4532117045436,MakeMyTrip,health_fitness,290.1,15.90508312878407,79.75232257482378,15.88013803493397,78.57930275995459,1613584800,0
2021-02-17 21:00:00,4532117045436,Apollo,entertainment,2172.36,15.910820970105009,79.75208019437873,29.831544092485885,77.11962345380934,1613595600,1
2021-02-18 00:00:00,4532117045436,Apollo,entertainment,472.73,15.912004929688385,79.74467915925672,15.92121033720303,79.86089172644704,1613606400,0
2021-02-18 03:00:00,4532117045436,Apollo,gas_transport,188.79,15.936387224022466,79.72627184966204,15.381576469751968,80.30114325673757,1613617200,0
2021-02-18 06:00:00,4532117045436,Apollo,entertainment,405.92,15.910830232184436,79.7373792453245,15.902169537796496,79.46198847092138,1613628000,0
2021-02-18 09:00:00,4532117045436,Apollo,gas_transport,455.98,15.895216467107295,79.7472369288546,15.378728501721806,78.81048939220284,1613638800,0
2021-02-18 12:00:00,4532117045436,Zomato,travel,359.13,15.91954570356778,79.74657740981709,15.878655894441513,79.27083730287207,1613649600,0
2021-02-18 15:00:00,4532117045436,Shell,shopping_net,634.23,15.918964982402693,79.7330097086172,15.032932311607272,78.779075831996,1613660400,0
2021-02-18 18:00:00,4532117045436,Apollo,health_fitness,639.67,15.908310702955601,79.73447609302099,15.878168524847382,80.48837798120785,1613671200,0
2021-02-18 21:00:00,4532117045436,Shell,food_dining,392.63,15.934176704577526,79.73275184037722,15.986923934605056,80.24290078911048,1613682000,0
2021-02-19 00:00:00,4532117045436,Shell,shopping_net,376.17,15.893933789452571,79.73717111585717,16.022959597749715,80.38166719970233,1613692800,0
2021-02-19 03:00:00,4532117045436,Amazon,health_fitness,430.31,15.925394570995879,79.73513310754252,15.195629765509791,80.0732308537927,1613703600,0
2021-02-19 06:00:00,4532117045436,Zomato,gas_transport,419.99,15.90998903295922,79.73331069781678,16.153259264713498,79.03978861791578,1613714400,0
2021-02-19 09:00:00,4532117045436,Apollo,health_fitness,361.12,15.903395822217208,79.73862382320351,16.242409059199847,79.5379850111159,1613725200,0
2021-02-19 12:00:00,4532117045436,Walmart,travel,10.0,15.936903982779375,79.74039991566084,15.433816504499719,80.1362485457397,1613736000,0
2021-02-19 15:00:00,4532117045436,Netflix,gas_transport,713.22,15.920266967302913,79.7508705282238,16.40558208762931,78.8903074624899,1613746800,0
2021-02-19 18:00:00,4532117045436,MakeMyTrip,shopping_net,450.06,15.90991561316802,79.72218727744902,16.007246944105443,79.96038162797218,1613757600,0
2021-02-19 21:00:00,4532117045436,Walmart,grocery_pos,423.25,15.909712363111337,79.75219263313117,15.882791407056887,80.12915411444126,1613768400,0
2021-02-20 00:00:00,4532117045436,Zomato,grocery_pos,498.78,15.915654188353702,79.7325268426596,16.196831113012017,80.87161376431366,1613779200,0
2021-02-20 03:00:00,4532117045436,Netflix,health_fitness,437.99,15.908280364840817,79.75860506725336,16.72362879642701,80.2177680128807,1613790000,0
2021-02-20 06:00:00,4532117045436,Zomato,grocery_pos,385.45,15.92589608524609,79.74673197034282,15.842505555572911,79.97753702950656,1613800800,0
2021-02-20 09:00:00,4532117045436,Shell,gas_transport,299.15,15.913776853930626,79.74547338160576,15.665901071421787,79.75423387015813,1613811600,0
2021-02-20 12:00:00,4532117045436,Netflix,entertainment,174.21,15.92307564451697,79.73895985343339,16.953220306233142,80.0116229552871,1613822400,0
2021-02-20 15:00:00,4532117045436,Shell,gas_transport,246.84,15.914979263449966,79.76063024090213,15.826444105750994,80.04524226528693,1613833200,0
2021-02-20 18:00:00,4532117045436,Walmart,entertainment,282.5,15.921598349991744,79.73969394905996,16.096226601366045,78.70421916120132,1613844000,0
2021-02-20 21:00:00,4532117045436,Walmart,shopping_net,547.64,15.926355097517465,79.75511697420721,15.82622933737635,79.84671844141693,1613854800,0
2021-02-21 00:00:00,4532117045436,Netflix,food_dining,558.69,15.929709298322658,79.7342546711265,15.109371256929148,78.41765205289529,1613865600,0
2021-02-21 03:00:00,4532117045436,Netflix,entertainment,317.73,15.917809466876204,79.74716593652178,15.759138106788894,78.6130888961708,1613876400,0
2021-02-21 06:00:00,4532117045436,Apollo,grocery_pos,50.45,15.90423452914359,79.75898180775232,16.468488151186886,79.76103203643483,1613887200,0
2021-02-21 09:00:00,4532117045436,Zomato,gas_transport,451.37,15.911174177324716,79.73152026485994,15.507992180697654,79.9792863325224,1613898000,0
2021-02-21 12:00:00,4532117045436,Apollo,shopping_net,386.77,15.91263862130722,79.7449126016854,16.57204805772376,79.07702757798519,1613908800,0
2021-02-21 15:00:00,4532117045436,Zomato,grocery_pos,5633.39,15.907167911619215,79.73293625076207,30.721812097369607,78.25216451666768,1613919600,1
2021-02-21 18:00:00,4532117045436,Apollo,shopping_net,593.39,15.905498457769966,79.74429662577502,15.410763170203813,80.49975245849367,1613930400,0
2021-02-21 21:00:00,4532117045436,Shell,food_dining,470.8,15.914645005692105,79.7589398851803,15.310693903730646,80.14297211241663,1613941200,0
2021-02-22 00:00:00,4532117045436,Netflix,travel,303.54,15.903066923618923,79.73066580869204,15.296802609667385,79.72664019369834,1613952000,0
2021-02-22 03:00:00,4532117045436,Walmart,gas_transport,3720.84,15.901125995093274,79.74156008012118,27.835767063757707,78.2632961460736,1613962800,1
2021-02-22 06:00:00,4532117045436,Zomato,health_fitness,410.61,15.895955641685417,79.73165528741995,15.368100574826187,79.79643864963191,1613973600,0
2021-02-22 09:00:00,4532117045436,Zomato,gas_transport,314.04,15.917703366948354,79.73870718686582,16.522807189548477,79.84699089865371,1613984400,0
2021-02-22 12:00:00,4532117045436,Walmart,food_dining,439.14,15.91631247978148,79.74621226351788,15.321121492721474,79.22792653586234,1613995200,0
2021-02-22 15:00:00,4532117045436,Apollo,gas_transport,603.92,15.909653244967602,79.73701831709548,15.4670454919227,79.55369592143867,1614006000,0
2021-02-22 18:00:00,4532117045436,Zomato,health_fitness,243.03,15.922842312757687,79.75573913982394,16.672324402037194,79.76978956166508,1614016800,0
2021-02-22 21:00:00,4532117045436,MakeMyTrip,entertainment,463.17,15.90291190642678,79.74483343631971,15.781183577334195,79.90857469225388,1614027600,0
2021-02-23 00:00:00,4532117045436,Shell,shopping_net,587.26,15.916708741073219,79.7267658840255,16.123634210682397,80.03477393149107,1614038400,0
2021-02-23 03:00:00,4532117045436,Netflix,health_fitness,437.07,15.913441633604355,79.74319794534932,16.145157490942363,79.2407775403425,1614049200,0
2021-02-23 06:00:00,4532117045436,Walmart,grocery_pos,6042.79,15.905493196613273,79.75461117851421,27.457291750131617,76.60024575388167,1614060000,1
2021-02-23 09:00:00,4532117045436,Netflix,food_dining,406.91,15.907974575702035,79.74542414211778,16.31428922365301,79.60578441140713,1614070800,0
2021-02-23 12:00:00,4532117045436,MakeMyTrip,entertainment,475.62,15.907205040199456,79.74260761044606,16.219540511088166,80.71974527838005,1614081600,0
2021-02-23 15:00:00,4532117045436,Zomato,grocery_pos,516.12,15.915427539690615,79.73702467993976,16.2391548666987,79.86488060414071,1614092400,0
2021-02-23 18:00:00,4532117045436,Zomato,grocery_pos,364.2,15.918834288736557,79.73902973279009,15.573561906659515,80.07687979935847,1614103200,0
2021-02-23 21:00:00,4532117045436,MakeMyTrip,food_dining,748.6,15.908636061684854,79.74010841744287,16.0563755161922,80.23823660506932,1614114000,0
2021-02-24 00:00:00,4532117045436,Walmart,entertainment,536.64,15.905778954758825,79.71554060775948,15.82643043389734,80.16690925031736,1614124800,0
2021-02-24 03:00:00,4532117045436,Shell,travel,645.45,15.914272221285268,79.74463698528017,15.959468831372263,78.72272450362765,1614135600,0
2021-02-24 06:00:00,4532117045436,Amazon,grocery_pos,610.65,15.896382488324916,79.74996697843544,15.524290461466023,79.65088562765773,1614146400,0
2021-02-24 09:00:00,4532117045436,Walmart,grocery_pos,499.09,15.913243574664424,79.73252070329022,15.817777753300815,80.07899544851482,1614157200,0
2021-02-24 12:00:00,4532117045436,Amazon,entertainment,657.87,15.928517754845217,79.74232483622512,16.401350866212223,79.80507455422749,1614168000,0
2021-02-24 15:00:00,4532117045436,MakeMyTrip,gas_transport,478.19,15.905860367297871,79.74353611603725,14.949914108570326,78.9060086557566,1614178800,0
2021-02-24 18:00:00,4532117045436,Apollo,grocery_pos,7536.62,15.911131448399251,79.74810297205777,28.72976252128997,77.11554138654957,1614189600,1
2021-02-24 21:00:00,4532117045436,Amazon,shopping_net,452.22,15.923145617493025,79.74012343404121,16.232279482902673,79.29608433966806,1614200400,0
2021-02-25 00:00:00,4532117045436,Shell,entertainment,299.07,15.920446733410753,79.74539636906482,15.368970789233966,79.9041156883448,1614211200,0
2021-02-25 03:00:00,4532117045436,Apollo,grocery_pos,3288.38,15.913518390817249,79.72838404569808,26.64303167704735,75.78711840282212,1614222000,1
2021-02-25 06:00:00,4532117045436,Amazon,food_dining,322.12,15.912314714739367,79.72985743658238,16.147417732835986,80.50191871934535,1614232800,0
2021-02-25 09:00:00,4532117045436,MakeMyTrip,health_fitness,6564.3,15.900544424246318,79.74431147008488,27.048127661428484,75.6890817945013,1614243600,1
2021-02-25 12:00:00,4532117045436,Apollo,shopping_net,609.29,15.91781152820898,79.737704058196,16.06352389337132,79.84178192483404,1614254400,0
2021-02-25 15:00:00,4532117045436,MakeMyTrip,health_fitness,321.67,15.899466249875886,79.72419289147128,16.72722194233657,79.07151498041057,1614265200,0
2021-02-25 18:00:00,4532117045436,Amazon,health_fitness,601.52,15.892248151278789,79.7434749680427,15.576719296993907,79.66208535675293,1614276000,0
2021-02-25 21:00:00,4532117045436,MakeMyTrip,grocery_pos,268.4,15.9229810306945,79.72725247986213,15.21898172313888,80.8766924488262,1614286800,0
2021-02-26 00:00:00,4532117045436,Shell,shopping_net,312.07,15.916769862983932,79.76702610717977,15.700660033671095,79.91105551897499,1614297600,0
2021-02-26 03:00:00,4532117045436,Amazon,shopping_net,667.37,15.92169735695058,79.71823872541154,15.4156502932371,79.46005686234092,1614308400,0
2021-02-26 06:00:00,4532117045436,Amazon,gas_transport,457.14,15.905534903460653,79.74052678214251,16.105412186922894,79.94776654873279,1614319200,0
2021-02-26 09:00:00,4532117045436,Amazon,health_fitness,423.96,15.917563639661756,79.72883851645916,15.685145726880497,80.26097207480107,1614330000,0
2021-02-26 12:00:00,4532117045436,Walmart,shopping_net,485.29,15.908509321013671,79.74915868558845,16.21945597613985,79.98889729950967,1614340800,0
2021-02-26 15:00:00,4532117045436,Walmart,gas_transport,269.04,15.909627573470383,79.73597115795134,16.05849222423582,80.1557909616215,1614351600,0
2021-02-26 18:00:00,4532117045436,Walmart,entertainment,400.37,15.922637541241896,79.75012832807779,15.570296219154129,80.21965917298841,1614362400,0
2021-02-26 21:00:00,4532117045436,Shell,gas_transport,450.4,15.911402087067987,79.74767337413299,15.451602443189802,79.81840426604855,1614373200,0
2021-02-27 00:00:00,4532117045436,Apollo,food_dining,634.71,15.905936142079073,79.72932247897836,15.216372193902597,79.90452822346052,1614384000,0
2021-02-27 03:00:00,4532117045436,MakeMyTrip,travel,199.44,15.899244815778886,79.73272668143022,16.438599822127493,79.44087336278429,1614394800,0
2021-02-27 06:00:00,4532117045436,Zomato,grocery_pos,714.45,15.916506893758605,79.73655480416504,16.17512623800069,79.43526318717518,1614405600,0
2021-02-27 09:00:00,4532117045436,Amazon,entertainment,431.3,15.923494761674268,79.73932468574877,15.707497965491228,79.69975173549776,1614416400,0
2021-02-27 12:00:00,4532117045436,MakeMyTrip,travel,283.42,15.9050687160995,79.73803546217593,16.216028170283924,79.07780466763845,1614427200,0
2021-02-27 15:00:00,4532117045436,Amazon,travel,256.25,15.919789789347092,79.74728110830347,15.360717610321112,79.92443246070427,1614438000,0
2021-02-27 18:00:00,4532117045436,Shell,entertainment,7097.2,15.903472213512666,79.74233951998649,27.823515780797685,77.37611207131013,1614448800,1
2021-02-27 21:00:00,4532117045436,Amazon,food_dining,247.92,15.920393023032961,79.73387349978522,15.425521360247037,79.8294611925546,1614459600,0
2021-02-28 00:00:00,4532117045436,Walmart,gas_transport,365.98,15.913229144646616,79.73087547212202,16.05120193533796,79.99861969334034,1614470400,0
2021-02-28 03:00:00,4532117045436,Zomato,grocery_pos,412.51,15.915578361725633,79.73184105908243,15.610579342342238,79.08163563047376,1614481200,0
2021-02-28 06:00:00,4532117045436,Netflix,gas_transport,621.55,15.905925896516878,79.74329993027818,15.185864624696462,79.945031983748,1614492000,0
2021-02-28 09:00:00,4532117045436,Amazon,shopping_net,602.77,15.91647550863487,79.73806927567766,15.958563033413917,78.70736409804165,1614502800,0
2021-02-28 12:00:00,4532117045436,MakeMyTrip,gas_transport,353.55,15.906923127586655,79.76080314258108,16.199412942889293,80.03434206826357,1614513600,0
2021-02-28 15:00:00,4532117045436,Walmart,entertainment,418.1,15.908763265078651,79.73999756654376,15.84492786643475,80.04129371443108,1614524400,0
2021-02-28 18:00:00,4532117045436,Netflix,grocery_pos,210.69,15.897723723534522,79.74188730399437,16.482774487057608,80.07516400407403,1614535200,0
2021-02-28 21:00:00,4532117045436,Zomato,gas_transport,144.14,15.905178478391482,79.72198963817645,16.314296312262925,79.91188786376193,1614546000,0
2021-03-01 00:00:00,4532117045436,Netflix,grocery_pos,265.64,15.907645046970755,79.72661940499555,16.472239256597156,79.4809121096488,1614556800,0
2021-03-01 03:00:00,4532117045436,Walmart,grocery_pos,618.46,15.916028095126387,79.72878598579442,16.304788780470922,79.49866785409922,1614567600,0
2021-03-01 06:00:00,4532117045436,Apollo,shopping_net,567.01,15.91885655775578,79.7346696933986,16.030832580505624,79.43193866761749,1614578400,0
2021-03-01 09:00:00,4532117045436,Apollo,shopping_net,7804.14,15.906820682235779,79.72517762777957,28.607564776142343,77.96531894063583,1614589200,1
2021-03-01 12:00:00,4532117045436,Netflix,entertainment,231.36,15.91125555461771,79.72845070684963,15.739834522639143,80.58534525206447,1614600000,0
2021-03-01 15:00:00,4532117045436,Shell,food_dining,343.25,15.929763852644612,79.74664937317971,15.656692356270158,79.78221461109217,1614610800,0
2021-03-01 18:00:00,4532117045436,MakeMyTrip,travel,321.33,15.914211085630848,79.7314013753085,15.468650766313283,79.2459201443437,1614621600,0
2021-03-01 21:00:00,4532117045436,MakeMyTrip,grocery_pos,425.1,15.907531075555962,79.73958987382008,15.625494960754073,79.60097219151714,1614632400,0
2021-03-02 00:00:00,4532117045436,Netflix,food_dining,4594.68,15.896103512398108,79.74592140314252,29.790281526680463,76.20561922457816,1614643200,1
2021-03-02 03:00:00,4532117045436,Amazon,travel,299.71,15.904360774866309,79.74946619949117,16.354871560464364,80.01697363293425,1614654000,0
2021-03-02 06:00:00,4532117045436,Amazon,travel,502.38,15.90397130381923,79.74292524130537,15.38344359099436,79.75696748328444,1614664800,0
2021-03-02 09:00:00,4532117045436,MakeMyTrip,entertainment,484.34,15.932678737204004,79.74352741229586,16.319538469773857,79.60784453589318,1614675600,0
2021-03-02 12:00:00,4532117045436,MakeMyTrip,travel,4797.89,15.90441542477707,79.7497727702427,28.82725728649728,77.91187486991718,1614686400,1
2021-03-02 15:00:00,4532117045436,Apollo,travel,495.64,15.913410429283383,79.74414265786663,15.529823418786004,79.63256046228314,1614697200,0
2021-03-02 18:00:00,4532117045436,Shell,grocery_pos,6977.63,15.91660757558879,79.75035425434413,29.75643333048923,77.64764641475232,1614708000,1
2021-03-02 21:00:00,4532117045436,Walmart,grocery_pos,664.21,15.92396524925019,79.71856607487605,16.162172015830066,79.52940675428896,1614718800,0
2021-03-03 00:00:00,4532117045436,Amazon,health_fitness,523.6,15.912980242418593,79.73916320449028,15.694655737342737,79.88081206113502,1614729600,0
2021-03-03 03:00:00,4532117045436,MakeMyTrip,food_dining,519.19,15.907796854923994,79.74055687478081,15.512999621282244,80.61522642256523,1614740400,0
2021-03-03 06:00:00,4532117045436,Apollo,gas_transport,413.98,15.907134634484201,79.73882115735465,16.133378889761488,79.74989268184109,1614751200,0
2021-03-03 09:00:00,4532117045436,Zomato,shopping_net,604.46,15.916463799926799,79.74123200493246,15.542587947955596,80.03914887334578,1614762000,0
2021-03-03 12:00:00,4532117045436,Apollo,gas_transport,289.45,15.906056605424602,79.7359166727563,16.981773671401584,79.7096561039597,1614772800,0
2021-03-03 15:00:00,4532117045436,Amazon,food_dining,587.08,15.901858188572612,79.74788977519448,16.19375603340522,79.70947044064677,1614783600,0
2021-03-03 18:00:00,4532117045436,Amazon,shopping_net,406.86,15.907794956781697,79.73464431306077,16.247553864728168,80.31038150503213,1614794400,0
2021-03-03 21:00:00,4532117045436,Apollo,gas_transport,673.64,15.899655156587974,79.73782257012844,15.86800548472239,79.92684648064566,1614805200,0
2021-03-04 00:00:00,4532117045436,Walmart,health_fitness,538.23,15.931406165845207,79.75444037664235,16.844390544655464,80.12947517084952,1614816000,0
2021-03-04 03:00:00,4532117045436,Netflix,shopping_net,439.82,15.918865527100714,79.75304439038682,15.541583061771654,80.35992633804335,1614826800,0
2021-03-04 06:00:00,4532117045436,Amazon,grocery_pos,7719.42,15.929108438434147,79.74157634435538,27.35580107822082,80.09822665475072,1614837600,1
2021-03-04 09:00:00,4532117045436,Apollo,gas_transport,528.84,15.917754360367406,79.73363111788078,15.243800581972573,79.86228112061126,1614848400,0
2021-03-04 12:00:00,4532117045436,MakeMyTrip,shopping_net,521.57,15.928145930300426,79.7236572695824,17.059709592623214,80.10846554600674,1614859200,0
2021-03-04 15:00:00,4532117045436,Apollo,health_fitness,390.25,15.91657464664056,79.73868649428833,16.322850580657736,79.41557213120807,1614870000,0
2021-03-04 18:00:00,4532117045436,Shell,travel,463.78,15.920161813209955,79.7450817943782,15.442962988129523,79.42414152427236,1614880800,0
2021-03-04 21:00:00,4532117045436,Netflix,shopping_net,584.46,15.89156280973459,79.7327883853864,16.175756998739043,79.360620554022,1614891600,0
2021-03-05 00:00:00,4532117045436,Zomato,shopping_net,245.5,15.903756704030238,79.74005928747478,16.44427378587623,79.49470198896572,1614902400,0
2021-03-05 03:00:00,4532117045436,Walmart,health_fitness,558.88,15.91326927775256,79.73651560994793,15.465883754394861,79.14654636009203,1614913200,0
2021-03-05 06:00:00,4532117045436,Zomato,travel,528.18,15.913511877647899,79.72277805075896,15.682740781604164,78.91180118680194,1614924000,0
2021-03-05 09:00:00,4532117045436,Netflix,gas_transport,628.0,15.912136189813273,79.74117166219047,15.41614809018829,79.32910199967162,1614934800,0
2021-03-05 12:00:00,4532117045436,Netflix,entertainment,342.65,15.917429952770908,79.74435089806731,16.152319609004095,78.56390855692759,1614945600,0
2021-03-05 15:00:00,4532117045436,Netflix,gas_transport,450.86,15.917842029379301,79.74159419381449,16.003973171265834,79.88195107822945,1614956400,0
2021-03-05 18:00:00,4532117045436,Zomato,travel,480.76,15.921551158170878,79.75612497766939,15.92860544902553,79.78937647601899,1614967200,0
2021-03-05 21:00:00,4532117045436,MakeMyTrip,food_dining,560.82,15.919589935211041,79.7367813293099,15.510135561113714,80.1105602333068,1614978000,0
2021-03-06 00:00:00,4532117045436,Netflix,health_fitness,514.37,15.924940873995775,79.73598683703739,15.80944499337543,79.2737459602019,1614988800,0
2021-03-06 03:00:00,4532117045436,Apollo,gas_transport,264.07,15.925022336174266,79.76166460189712,15.555038793176733,79.98946198269819,1614999600,0
2021-03-06 06:00:00,4532117045436,Zomato,shopping_net,493.66,15.914646644488753,79.72751257046558,16.15524834178601,79.33572030513105,1615010400,0
2021-03-06 09:00:00,4532117045436,Netflix,health_fitness,750.63,15.933716487885643,79.73380179674902,15.386465492071098,80.12706426881573,1615021200,0
2021-03-06 12:00:00,4532117045436,Apollo,grocery_pos,541.76,15.926493305349217,79.74360983251027,15.51342812821335,78.82904505522161,1615032000,0
2021-03-06 15:00:00,4532117045436,MakeMyTrip,travel,695.71,15.904830490955344,79.75125270951423,16.32055518604935,79.62135217111307,1615042800,0
2021-03-06 18:00:00,4532117045436,Shell,gas_transport,606.46,15.916826033310574,79.74934835723012,15.692954463326751,79.54044763572705,1615053600,0
2021-03-06 21:00:00,4532117045436,MakeMyTrip,health_fitness,654.36,15.894473818580844,79.72960119301347,16.793355868351348,80.13847509111704,1615064400,0
2021-03-07 00:00:00,4532117045436,Netflix,gas_transport,496.5,15.896158017183177,79.75627645220781,16.01093383755181,80.13100148557233,1615075200,0
2021-03-07 03:00:00,4532117045436,Zomato,health_fitness,528.28,15.907905056696643,79.74464060267137,15.006277466888411,80.34941047910351,1615086000,0
2021-03-07 06:00:00,4532117045436,Amazon,shopping_net,488.33,15.904145550713363,79.7318062974492,15.250743449810868,78.73287549228743,1615096800,0
2021-03-07 09:00:00,4532117045436,Netflix,grocery_pos,450.65,15.907966570499259,79.73264799542847,15.617754295809858,80.48810567804114,1615107600,0
2021-03-07 12:00:00,4532117045436,Amazon,grocery_pos,561.33,15.916184938623966,79.74071546707033,16.284246872024696,79.27719071846927,1615118400,0
2021-03-07 15:00:00,4532117045436,Apollo,food_dining,371.85,15.925152903058498,79.76152323913944,16.233474017201644,80.59405068013909,1615129200,0
2021-03-07 18:00:00,4532117045436,Shell,health_fitness,2061.9,15.924617519364732,79.742124480575,28.108854825316598,77.51158954523797,1615140000,1
2021-03-07 21:00:00,4532117045436,Walmart,gas_transport,310.8,15.91703193736968,79.76143161518021,16.529084918869952,80.33553921754967,1615150800,0
2021-03-08 00:00:00,4532117045436,MakeMyTrip,grocery_pos,571.71,15.90202880580938,79.74878087385078,16.07726560352186,79.31135416317147,1615161600,0
2021-03-08 03:00:00,4532117045436,Shell,travel,656.8,15.907326118787003,79.72737701527778,15.753333738593039,79.11776098569229,1615172400,0
2021-03-08 06:00:00,4532117045436,Netflix,grocery_pos,423.51,15.919271833254072,79.75407510414222,16.499450727273103,79.38737434492732,1615183200,0
2021-03-08 09:00:00,4532117045436,Amazon,entertainment,283.05,15.904638834984597,79.7305584859798,15.50919665674869,80.02522878390246,1615194000,0
2021-03-08 12:00:00,4532117045436,MakeMyTrip,entertainment,623.33,15.900230832624361,79.73384888168889,16.190459423365304,79.20833863888149,1615204800,0
2021-03-08 15:00:00,4532117045436,Amazon,grocery_pos,480.51,15.917823171256043,79.7427575306862,16.241486887901843,78.81078387887351,1615215600,0
2021-03-08 18:00:00,4532117045436,Zomato,health_fitness,572.0,15.912416373634155,79.73971564845047,16.222117753100033,80.2805507858145,1615226400,0
2021-03-08 21:00:00,4532117045436,Amazon,food_dining,433.58,15.910790809601929,79.74893414435847,15.835108606369243,79.43981932102314,1615237200,0
2021-03-09 00:00:00,4532117045436,Zomato,grocery_pos,709.79,15.923998019356524,79.74501721932663,16.348373652007698,80.19726198594101,1615248000,0
2021-03-09 03:00:00,4532117045436,Apollo,shopping_net,132.45,15.923788080836504,79.73882071709197,16.83369120691559,80.12582426146476,1615258800,0
2021-03-09 06:00:00,4532117045436,MakeMyTrip,gas_transport,506.43,15.930711179907394,79.75698926154627,15.835253131633692,79.83881231270452,1615269600,0
2021-03-09 09:00:00,4532117045436,MakeMyTrip,food_dining,651.26,15.906385882099936,79.73525461380854,15.946653431804528,80.15967943132596,1615280400,0
2021-03-09 12:00:00,4532117045436,Walmart,shopping_net,465.8,15.9171973358089,79.72999975359643,16.3754602101832,80.48038510207007,1615291200,0
2021-03-09 15:00:00,4532117045436,Netflix,food_dining,495.35,15.913090084705575,79.74463299125932,15.780053362086491,80.12209316811112,1615302000,0
2021-03-09 18:00:00,4532117045436,Zomato,shopping_net,384.9,15.916283158317453,79.73981816620709,15.766398887938502,80.1355019375076,1615312800,0
2021-03-09 21:00:00,4532117045436,Walmart,gas_transport,453.1,15.901556188242152,79.74245376261779,15.332846537934655,79.93382184714369,1615323600,0
2021-03-10 00:00:00,4532117045436,Amazon,gas_transport,199.22,15.898875266655649,79.74738161448407,15.050826105010984,79.52347116124145,1615334400,0
2021-03-10 03:00:00,4532117045436,Amazon,entertainment,342.24,15.912497838637712,79.73814907170328,15.345490969875266,79.89414841776508,1615345200,0
2021-03-10 06:00:00,4532117045436,Walmart,health_fitness,331.99,15.90447487410026,79.75858608896678,16.344265574799344,79.84454054112109,1615356000,0
2021-03-10 09:00:00,4532117045436,MakeMyTrip,shopping_net,550.37,15.922282076205514,79.74264986529813,15.399044221982127,79.9845713545865,1615366800,0
2021-03-10 12:00:00,4532117045436,Amazon,entertainment,364.29,15.897893226326415,79.73549606368968,16.156138254174476,79.90679607762799,1615377600,0
2021-03-10 15:00:00,4532117045436,Apollo,shopping_net,368.63,15.898717991127537,79.7458957924496,16.65556724185578,79.51133601913408,1615388400,0
2021-03-10 18:00:00,4532117045436,Apollo,entertainment,393.31,15.908733375247511,79.73914518738952,15.992226215470202,80.30972059897157,1615399200,0
2021-03-10 21:00:00,4532117045436,Walmart,gas_transport,337.7,15.897519249940672,79.74113296819634,15.471706310531017,79.47636888418852,1615410000,0
2021-03-11 00:00:00,4532117045436,Zomato,food_dining,490.35,15.929660031320974,79.72893867570914,15.846754007726918,79.9371048908269,1615420800,0
2021-03-11 03:00:00,4532117045436,Zomato,travel,506.64,15.911070826260637,79.73007206524804,16.102813164019622,79.99751978498216,1615431600,0
2021-03-11 06:00:00,4532117045436,Walmart,entertainment,573.75,15.90687199294636,79.75061590336912,16.105387120813194,79.21502936880157,1615442400,0
2021-03-11 09:00:00,4532117045436,Zomato,shopping_net,547.91,15.917579640256264,79.72765642548771,15.971429164078843,80.52091302019974,1615453200,0
2021-03-11 12:00:00,4532117045436,MakeMyTrip,shopping_net,532.91,15.921738485360208,79.73877623766991,16.228735434817427,79.71949320949123,1615464000,0
2021-03-11 15:00:00,4532117045436,MakeMyTrip,travel,400.65,15.914969589010843,79.74325850637852,16.412698336460014,79.24317389403367,1615474800,0
2021-03-11 18:00:00,4532117045436,Zomato,health_fitness,5793.2,15.91221908507108,79.75413026015121,28.39224851562565,76.85854903045274,1615485600,1
2021-03-11 21:00:00,4532117045436,Apollo,gas_transport,319.32,15.90306527075296,79.73518722387907,16.61526890463076,79.25275126806498,1615496400,0
2021-03-12 00:00:00,4532117045436,Zomato,shopping_net,316.61,15.919209093189213,79.74758899454875,16.07770643222197,79.4500213678429,1615507200,0
2021-03-12 03:00:00,4532117045436,MakeMyTrip,grocery_pos,479.14,15.927067030901862,79.73879475251928,14.800226661993447,79.44024497176605,1615518000,0
2021-03-12 06:00:00,4532117045436,Shell,food_dining,342.09,15.910702802451327,79.71819880096339,15.818972515686822,79.672084082537,1615528800,0
2021-03-12 09:00:00,4532117045436,Netflix,entertainment,670.25,15.90441214499689,79.74046075787835,15.826127929073548,80.42238504884621,1615539600,0
2021-03-12 12:00:00,4532117045436,Amazon,health_fitness,444.37,15.914714957675008,79.73933092506327,16.45297098505385,79.79318243356562,1615550400,0
2021-03-12 15:00:00,4532117045436,Shell,travel,675.21,15.912926498940006,79.74425121672421,15.622268079121357,79.82220747064565,1615561200,0
2021-03-12 18:00:00,4532117045436,Zomato,food_dining,535.77,15.90073647617426,79.73357350272029,15.98748117592914,79.5014987557897,1615572000,0
2021-03-12 21:00:00,4532117045436,Apollo,gas_transport,333.41,15.907873113007922,79.73463975077101,15.203336688616398,79.88166270928797,1615582800,0
2021-03-13 00:00:00,4532117045436,Walmart,health_fitness,440.69,15.930784857679782,79.75201069458105,15.497787669935967,79.72345719931045,1615593600,0
2021-03-13 03:00:00,4532117045436,Zomato,entertainment,198.98,15.89942445132891,79.73663853401503,16.311389996275036,79.6980984710296,1615604400,0
2021-03-13 06:00:00,4532117045436,Apollo,entertainment,478.56,15.905993796465756,79.72086569627737,15.30222473645417,80.09353378852079,1615615200,0
2021-03-13 09:00:00,4532117045436,Netflix,travel,347.13,15.903412866254763,79.74490444448342,16.395876253184614,79.26924918298634,1615626000,0
2021-03-13 12:00:00,4532117045436,Zomato,grocery_pos,282.98,15.904297001578085,79.74862564596663,16.4828805729745,80.37324061467265,1615636800,0
2021-03-13 15:00:00,4532117045436,MakeMyTrip,travel,678.32,15.908445236058405,79.74853763618121,16.533585149112206,78.392168761118,1615647600,0
2021-03-13 18:00:00,4532117045436,Walmart,gas_transport,604.59,15.917383821014614,79.7338466705435,16.68556023220122,79.69345508041546,1615658400,0
2021-03-13 21:00:00,4532117045436,Apollo,health_fitness,6020.75,15.925985625306211,79.74000228941853,30.249934863106123,75.64276232019498,1615669200,1
2021-03-14 00:00:00,4532117045436,Apollo,health_fitness,567.32,15.914933215939284,79.74531277590096,16.125628418275696,80.34336734727364,1615680000,0
2021-03-14 03:00:00,4532117045436,Apollo,shopping_net,264.77,15.906056181788365,79.74963912680677,16.222715981470444,79.81918629910976,1615690800,0
2021-03-14 06:00:00,4532117045436,Netflix,grocery_pos,389.93,15.928299151458903,79.74502080384752,15.948542784763255,79.33504036479974,1615701600,0
2021-03-14 09:00:00,4532117045436,Zomato,grocery_pos,399.07,15.89221436478996,79.74775623686062,15.726101975615993,79.67329813604756,1615712400,0
2021-03-14 12:00:00,4532117045436,Netflix,health_fitness,193.54,15.919634781528123,79.73267852509899,16.29795388952373,81.03573870336174,1615723200,0
2021-03-14 15:00:00,4532117045436,Amazon,health_fitness,366.45,15.902632413809712,79.71709903138344,16.13743403439356,80.0943810896413,1615734000,0
2021-03-14 18:00:00,4532117045436,Amazon,food_dining,368.09,15.912390768225363,79.75053695202311,16.353054013111986,78.88972409712788,1615744800,0
2021-03-14 21:00:00,4532117045436,Zomato,food_dining,468.9,15.918530999275507,79.7305398212348,15.808600942962448,79.78145698873135,1615755600,0
2021-03-15 00:00:00,4532117045436,MakeMyTrip,food_dining,829.86,15.896846238902835,79.73828579086289,15.852614418503055,79.44069746580927,1615766400,0
2021-03-15 03:00:00,4532117045436,Netflix,grocery_pos,446.87,15.914316538182511,79.74807842947727,16.01864601731596,79.10503409786061,1615777200,0
2021-03-15 06:00:00,4532117045436,Walmart,shopping_net,6592.66,15.915084770679135,79.74026686050574,27.526100927586675,76.9808847204752,1615788000,1
2021-03-15 09:00:00,4532117045436,Apollo,entertainment,412.47,15.927523376821634,79.7470267019173,17.33381178045859,79.25484594941692,1615798800,0
2021-03-15 12:00:00,4532117045436,Apollo,food_dining,560.66,15.940051493172225,79.76454858020043,16.880126307685615,80.51415745485895,1615809600,0
2021-03-15 15:00:00,4532117045436,Zomato,shopping_net,288.91,15.897370301942624,79.7455151586898,15.91504668657724,80.4105390450862,1615820400,0
2021-03-15 18:00:00,4532117045436,MakeMyTrip,travel,734.41,15.927071536838326,79.73271364428439,15.847460418192753,79.3751930905895,1615831200,0
2021-03-15 21:00:00,4532117045436,Amazon,gas_transport,431.38,15.912521197658602,79.72552786539103,16.135914304831417,79.34391610237239,1615842000,0
2021-03-16 00:00:00,4532117045436,Amazon,food_dining,390.72,15.90481428760868,79.74676679954781,15.698181370316926,80.07663068077684,1615852800,0
2021-03-16 03:00:00,4532117045436,Apollo,travel,595.51,15.916590531702552,79.7408150704108,15.689759320621278,80.24888157673666,1615863600,0
2021-03-16 06:00:00,4532117045436,Zomato,entertainment,316.36,15.899877086043137,79.7262104027278,15.934351963364099,79.61417324568113,1615874400,0
2021-03-16 09:00:00,4532117045436,Netflix,gas_transport,557.89,15.90047387366196,79.75179070353376,15.727208821188466,80.22922756477315,1615885200,0
2021-03-16 12:00:00,4532117045436,Amazon,gas_transport,3411.43,15.895548413617684,79.74724148618907,27.743878682503286,77.22495698778154,1615896000,1
2021-03-16 15:00:00,4532117045436,Netflix,entertainment,413.8,15.918360890101233,79.73988414415369,16.09794558021405,79.90495421367409,1615906800,0
2021-03-16 18:00:00,4532117045436,MakeMyTrip,food_dining,757.93,15.916170118250193,79.76186806493658,14.32175937573241,79.22548957581259,1615917600,0
2021-03-16 21:00:00,4532117045436,Amazon,grocery_pos,546.64,15.904756163049397,79.75023169969164,14.949703715071061,80.13275882267216,1615928400,0
2021-03-17 00:00:00,4532117045436,Amazon,entertainment,548.5,15.928136018136916,79.73009356049653,15.48904707250154,79.81159092029469,1615939200,0
2021-03-17 03:00:00,4532117045436,Shell,entertainment,654.88,15.906270443101652,79.75172632060516,16.05273440084774,79.57922254089543,1615950000,0
2021-03-17 06:00:00,4532117045436,Amazon,entertainment,694.61,15.925729895941457,79.74254921815292,15.527548169200998,80.11585495196572,1615960800,0
2021-03-17 09:00:00,4532117045436,Walmart,gas_transport,489.28,15.914120808770337,79.758933085678,17.067950439507495,80.34353190500985,1615971600,0
2021-03-17 12:00:00,4532117045436,Zomato,shopping_net,569.54,15.906136316769887,79.7494298395426,16.360213474210973,79.83300572255285,1615982400,0
2021-03-17 15:00:00,4532117045436,Zomato,travel,659.45,15.911750185967518,79.74484305290213,16.89204042659918,78.6004289093834,1615993200,0
2021-03-17 18:00:00,4532117045436,Netflix,grocery_pos,275.73,15.900362574611039,79.74427378104514,16.362987373296747,79.79990741380736,1616004000,0
2021-03-17 21:00:00,4532117045436,MakeMyTrip,food_dining,190.57,15.915067333630443,79.72811514981552,15.12098408661008,79.853481459233,1616014800,0
2021-03-18 00:00:00,4532117045436,Amazon,food_dining,441.37,15.913205500793637,79.73487976871671,15.330109556230049,81.0329560994277,1616025600,0
2021-03-18 03:00:00,4532117045436,Walmart,travel,186.98,15.918174474611172,79.7420835267216,15.65719940921408,79.80481073554611,1616036400,0
2021-03-18 06:00:00,4532117045436,Netflix,shopping_net,402.9,15.921691523930848,79.72628250169458,15.314903120374844,79.65434066021983,1616047200,0
2021-03-18 09:00:00,4532117045436,Shell,entertainment,497.16,15.914056157768533,79.74467188943754,16.453515797121387,80.08490646409591,1616058000,0
2021-03-18 12:00:00,4532117045436,Netflix,grocery_pos,2926.97,15.898136783452227,79.73256721921841,27.255687174792342,76.90730371465322,1616068800,1
2021-03-18 15:00:00,4532117045436,Netflix,food_dining,428.76,15.92222363332473,79.7360682018344,16.01544421545478,79.39693670031033,1616079600,0
2021-03-18 18:00:00,4532117045436,Amazon,travel,299.75,15.913046639667797,79.7471070050327,16.601181206858627,78.94279371177936,1616090400,0
2021-03-18 21:00:00,4532117045436,Shell,health_fitness,568.22,15.893959373889366,79.7344405007378,16.876260445755374,79.44223716370406,1616101200,0
2021-03-19 00:00:00,4532117045436,Netflix,travel,290.48,15.915996148039646,79.7446948759829,15.777206271063905,78.7861021818978,1616112000,0
2021-03-19 03:00:00,4532117045436,Walmart,food_dining,134.56,15.916751239739083,79.74144970025931,15.230611107250242,79.88162351759715,1616122800,0
2021-03-19 06:00:00,4532117045436,Walmart,entertainment,418.9,15.909315203590698,79.72941375410382,15.3187690912566,79.8479177453824,1616133600,0
2021-03-19 09:00:00,4532117045436,Zomato,health_fitness,587.25,15.910921631431629,79.74881393639905,16.48760327474323,80.0882097510082,1616144400,0
2021-03-19 12:00:00,4532117045436,Shell,shopping_net,461.97,15.906947348886034,79.74932753232316,16.045702231664137,79.22444907064028,1616155200,0
2021-03-19 15:00:00,4532117045436,Shell,grocery_pos,275.28,15.917061266795157,79.74987104198435,15.467882364390011,79.0206446193645,1616166000,0
2021-03-19 18:00:00,4532117045436,Zomato,shopping_net,465.29,15.914299913849929,79.75907680634313,16.2668754493082,80.76873199544522,1616176800,0
2021-03-19 21:00:00,4532117045436,Netflix,shopping_net,515.75,15.903817712997089,79.73588864898646,15.374786846443387,79.70068305920216,1616187600,0
2021-03-20 00:00:00,4532117045436,Shell,travel,463.55,15.929079705787883,79.72050354805738,15.02670660799996,80.08990499225487,1616198400,0
2021-03-20 03:00:00,4532117045436,Walmart,grocery_pos,410.31,15.906241969306741,79.73342993720344,14.909038717432228,79.80645546187272,1616209200,0
2021-03-20 06:00:00,4532117045436,Walmart,grocery_pos,522.91,15.885834815421852,79.7495949200542,15.189917244339721,80.11247186659088,1616220000,0
2021-03-20 09:00:00,4532117045436,Amazon,food_dining,189.24,15.908193257637409,79.7391863007654,16.491558041999543,79.85401853609713,1616230800,0
2021-03-20 12:00:00,4532117045436,Shell,food_dining,315.91,15.923209375680363,79.72595227317088,15.811619607648243,79.3389932735218,1616241600,0
2021-03-20 15:00:00,4532117045436,Netflix,grocery_pos,254.22,15.910834679634501,79.72316577023736,15.89600000021397,80.01091095197688,1616252400,0
2021-03-20 18:00:00,4532117045436,Zomato,health_fitness,652.26,15.896552202219159,79.75420355011683,16.006384549561435,79.8919661808545,1616263200,0
2021-03-20 21:00:00,4532117045436,Zomato,gas_transport,556.8,15.902619085561502,79.74608582556827,15.407656901897687,78.89883653524036,1616274000,0
2021-03-21 00:00:00,4532117045436,Netflix,food_dining,477.77,15.90209013584226,79.73503334274254,15.67306621344753,79.88726861667305,1616284800,0
2021-03-21 03:00:00,4532117045436,MakeMyTrip,gas_transport,232.41,15.90714713754914,79.75882515530816,15.7211910648335,79.54644365542028,1616295600,0
2021-03-21 06:00:00,4532117045436,Apollo,travel,561.62,15.910282950235398,79.76648903621386,15.447412782278356,79.40662033660706,1616306400,0
2021-03-21 09:00:00,4532117045436,Amazon,health_fitness,657.98,15.91783854608934,79.75034845103389,15.669980882349286,80.22767119973003,1616317200,0
2021-03-21 12:00:00,4532117045436,Zomato,grocery_pos,535.72,15.914184387049612,79.74755343217618,15.852072438615934,79.70407189590242,1616328000,0
2021-03-21 15:00:00,4532117045436,Shell,health_fitness,444.72,15.914664037820721,79.74528253599343,15.788967010787001,79.71929004984766,1616338800,0
2021-03-21 18:00:00,4532117045436,Amazon,food_dining,544.76,15.93069353125761,79.74855689616777,16.129493347690172,79.78462481622337,1616349600,0
2021-03-21 21:00:00,4532117045436,Shell,shopping_net,490.94,15.92150829340315,79.75958369806784,15.670085161546892,79.72382147193632,1616360400,0
2021-03-22 00:00:00,4532117045436,MakeMyTrip,travel,588.91,15.920628046636374,79.73027281718643,16.68532261526466,79.69111988427468,1616371200,0
2021-03-22 03:00:00,4532117045436,Walmart,grocery_pos,585.55,15.894768380539022,79.73660923589703,15.39652950213212,80.46804157805259,1616382000,0
2021-03-22 06:00:00,4532117045436,Amazon,entertainment,416.84,15.905381944025095,79.73952212468765,15.647756966105998,79.39787763495598,1616392800,0
2021-03-22 09:00:00,4532117045436,Zomato,travel,350.9,15.896929760042251,79.74574308484978,16.109902747530924,78.87160218400736,1616403600,0
2021-03-22 12:00:00,4532117045436,Amazon,gas_transport,390.03,15.905209471921545,79.75565425663744,16.221704421604695,79.7623354348279,1616414400,0
2021-03-22 15:00:00,4532117045436,Amazon,health_fitness,530.38,15.920848667126881,79.7441282929358,15.309824294064597,79.27029110060721,1616425200,0
2021-03-22 18:00:00,4532117045436,Amazon,grocery_pos,6569.92,15.908971714460824,79.74625233868467,28.5886219761233,76.46758807451107,1616436000,1
2021-03-22 21:00:00,4532117045436,Apollo,travel,337.42,15.9236244159516,79.7467671724735,16.312666791252607,79.73213283922867,1616446800,0
2021-03-23 00:00:00,4532117045436,Amazon,health_fitness,449.86,15.919831352020628,79.74023085660696,15.111604350962457,79.87733906905734,1616457600,0
2021-03-23 03:00:00,4532117045436,Shell,grocery_pos,616.12,15.913404527733721,79.73583867910862,15.868993095672614,79.65316194917467,1616468400,0
2021-03-23 06:00:00,4532117045436,Walmart,food_dining,470.27,15.923860464094204,79.74074676607208,15.16943726257774,79.5116345934873,1616479200,0
2021-03-23 09:00:00,4532117045436,MakeMyTrip,travel,408.57,15.926544160097698,79.73345703981327,15.506431540647164,79.6397488974009,1616490000,0
2021-03-23 12:00:00,4532117045436,Netflix,food_dining,498.06,15.917443872704258,79.73362903974602,15.955682279506403,79.71453204520442,1616500800,0
2021-03-23 15:00:00,4532117045436,Amazon,travel,462.61,15.915199671136222,79.7436803557455,15.804234085207524,79.73865921820237,1616511600,0
2021-03-23 18:00:00,4532117045436,Zomato,food_dining,159.95,15.919233688092751,79.7352177525348,15.342596050990117,78.84389097443095,1616522400,0
2021-03-23 21:00:00,4532117045436,Amazon,health_fitness,554.51,15.898834133126277,79.75846704565328,16.523602013193592,80.1769458776887,1616533200,0
2021-03-24 00:00:00,4532117045436,Zomato,entertainment,511.12,15.91172428536324,79.74146542864433,15.746071155989126,79.01119649157584,1616544000,0
2021-03-24 03:00:00,4532117045436,Shell,travel,452.43,15.912660094902837,79.75359252769714,16.18784475137101,79.40445864726786,1616554800,0
2021-03-24 06:00:00,4532117045436,Zomato,travel,609.35,15.909212556891434,79.7275490561022,16.663781727005475,78.96289800953554,1616565600,0
2021-03-24 09:00:00,4532117045436,Netflix,food_dining,631.95,15.905005042052688,79.72785512439161,15.574691067515701,79.8236346014857,1616576400,0
2021-03-24 12:00:00,4532117045436,Walmart,grocery_pos,569.82,15.92288045221636,79.73888931242146,16.22070506611651,79.38470500133145,1616587200,0
2021-03-24 15:00:00,4532117045436,Zomato,travel,322.45,15.91460058191544,79.74936766781829,16.120481970225782,79.64808778843211,1616598000,0
2021-03-24 18:00:00,4532117045436,Zomato,food_dining,327.64,15.915509907321924,79.73509942149212,15.218126400726502,79.3685551769696,1616608800,0
2021-03-24 21:00:00,4532117045436,Walmart,shopping_net,617.6,15.927145800712667,79.73899623136526,16.516518144447424,79.21294659284055,1616619600,0
2021-03-25 00:00:00,4532117045436,Netflix,food_dining,168.42,15.910946716447432,79.74999925415801,15.963369602322432,78.48500326073004,1616630400,0
2021-03-25 03:00:00,4532117045436,Amazon,health_fitness,427.67,15.909012207567892,79.73611971460087,15.646482200956477,79.4442838695971,1616641200,0
2021-03-25 06:00:00,4532117045436,Zomato,entertainment,515.97,15.926512931244392,79.73242481603809,15.103088388366283,79.13495596156478,1616652000,0
2021-03-25 09:00:00,4532117045436,Walmart,shopping_net,7656.14,15.897992606202845,79.74708392345975,29.02969173090542,75.22660158133222,1616662800,1
2021-03-25 12:00:00,4532117045436,Shell,health_fitness,485.15,15.9134119111998,79.72695963979311,15.858641189350932,80.78045186603873,1616673600,0
2021-03-25 15:00:00,4532117045436,Walmart,health_fitness,593.16,15.905523575665427,79.7362633585771,15.24397056419966,80.65496293117016,1616684400,0
2021-03-25 18:00:00,4532117045436,Shell,health_fitness,227.16,15.915826791188218,79.74114276340406,16.229273259598273,79.69943600705588,1616695200,0
2021-03-25 21:00:00,4532117045436,Netflix,grocery_pos,698.73,15.918619649347216,79.74529019138546,15.723388422125199,79.34445133934099,1616706000,0
2021-03-26 00:00:00,4532117045436,Amazon,health_fitness,298.53,15.919175907322842,79.74822648021697,15.132193414351727,78.7650753850398,1616716800,0
2021-03-26 03:00:00,4532117045436,Walmart,grocery_pos,536.21,15.923162390818986,79.74978652955414,15.581425955276124,79.53061611130356,1616727600,0
2021-03-26 06:00:00,4532117045436,MakeMyTrip,health_fitness,437.46,15.910374726731892,79.73697526141606,15.381454896548469,79.2839199661223,1616738400,0
2021-03-26 09:00:00,4532117045436,MakeMyTrip,gas_transport,460.43,15.910997787178628,79.74957513261921,15.300832567747348,79.3713645717412,1616749200,0
2021-03-26 12:00:00,4532117045436,Apollo,shopping_net,257.48,15.918166022143518,79.74506149256177,14.805329614575149,78.92391201914032,1616760000,0
2021-03-26 15:00:00,4532117045436,Zomato,gas_transport,639.07,15.921775016933061,79.74721207311286,15.962654927739857,80.0913744981117,1616770800,0
2021-03-26 18:00:00,4532117045436,Netflix,health_fitness,498.88,15.899896961828617,79.7336621790421,15.43598257096095,79.9946132589758,1616781600,0
2021-03-26 21:00:00,4532117045436,Walmart,shopping_net,693.13,15.916041211746798,79.74665108055257,16.851209822291423,79.28226401264784,1616792400,0
2021-03-27 00:00:00,4532117045436,MakeMyTrip,shopping_net,261.39,15.90894755674572,79.73847249805326,16.40918773184825,80.16792692900457,1616803200,0
2021-03-27 03:00:00,4532117045436,Zomato,travel,422.81,15.913771525703844,79.74047868327165,16.7286386675624,79.76980792127947,1616814000,0
2021-03-27 06:00:00,4532117045436,MakeMyTrip,entertainment,481.43,15.909333113467124,79.74165141590044,16.270678027833057,80.00511197855039,1616824800,0
2021-03-27 09:00:00,4532117045436,Walmart,gas_transport,459.06,15.905672533937077,79.76113185136,15.620583624796462,80.12705450628172,1616835600,0
2021-03-27 12:00:00,4532117045436,Shell,entertainment,550.02,15.902714767371767,79.73085144324641,16.07494137323354,79.92249506912087,1616846400,0
2021-03-27 15:00:00,4532117045436,Walmart,shopping_net,420.91,15.911389759850298,79.75189316403568,15.761521228114596,79.32969553287158,1616857200,0
2021-03-27 18:00:00,4532117045436,Apollo,grocery_pos,768.3,15.91648405791756,79.75430372534022,16.083214210446023,80.26465255663837,1616868000,0
2021-03-27 21:00:00,4532117045436,Walmart,shopping_net,455.98,15.906869921999263,79.74825588916778,16.3585371717145,80.126370726452,1616878800,0
2021-03-28 00:00:00,4532117045436,Walmart,entertainment,17.38,15.924798119668669,79.7346454911087,16.21163405832957,80.13367865443274,1616889600,0
2021-03-28 03:00:00,4532117045436,Apollo,gas_transport,462.63,15.937484503430015,79.75696505581907,15.917071264553847,79.07534390737398,1616900400,0
2021-03-28 06:00:00,4532117045436,Netflix,health_fitness,639.22,15.91703125120984,79.7366798610746,15.94581453164133,79.00652613647598,1616911200,0
2021-03-28 09:00:00,4532117045436,Walmart,travel,4678.66,15.912487644754533,79.74687118666357,29.063494475548268,76.66231663904094,1616922000,1
2021-03-28 12:00:00,4532117045436,Apollo,travel,301.99,15.903777372595753,79.74120914429446,16.465821148300062,79.42095330994826,1616932800,0
2021-03-28 15:00:00,4532117045436,Zomato,travel,323.94,15.91660058088368,79.7363085006574,15.668067563553413,79.86621776106051,1616943600,0
2021-03-28 18:00:00,4532117045436,Shell,health_fitness,288.53,15.927671757333684,79.74546684063723,15.783541433411603,80.34318493749693,1616954400,0
2021-03-28 21:00:00,4532117045436,Shell,travel,378.09,15.932384794100974,79.7587941080732,15.659164475975581,80.55648436726362,1616965200,0
2021-03-29 00:00:00,4532117045436,Walmart,gas_transport,586.39,15.926861557984868,79.7425634535488,15.981549784054772,80.02706905460728,1616976000,0
2021-03-29 03:00:00,4532117045436,Netflix,health_fitness,2323.83,15.921333096283062,79.75978436920136,29.61117892666879,77.10510028759893,1616986800,1
2021-03-29 06:00:00,4532117045436,Netflix,travel,86.36,15.917001933700472,79.73816718323496,16.062726828622225,79.59667847683562,1616997600,0
2021-03-29 09:00:00,4532117045436,Zomato,health_fitness,393.23,15.902413319691197,79.74077414955735,15.884062334406394,79.92534925543052,1617008400,0
2021-03-29 12:00:00,4532117045436,Walmart,entertainment,495.4,15.911902784521699,79.72774208514818,16.449286127744116,79.82744386838141,1617019200,0
2021-03-29 15:00:00,4532117045436,Shell,gas_transport,480.4,15.91074121862529,79.73442161754868,15.515791213018717,79.38200398558983,1617030000,0
2021-03-29 18:00:00,4532117045436,Netflix,food_dining,734.99,15.911967959645928,79.7378162991983,15.16299791775995,78.41339518370263,1617040800,0
2021-03-29 21:00:00,4532117045436,Walmart,grocery_pos,148.4,15.905705877871732,79.73670956148142,16.073675940173228,79.37205273342725,1617051600,0
2021-03-30 00:00:00,4532117045436,MakeMyTrip,travel,61.64,15.920478619684364,79.73039757931595,15.892770087522942,79.63350327728857,1617062400,0
2021-03-30 03:00:00,4532117045436,Netflix,grocery_pos,759.33,15.91016135206593,79.73238154903021,15.829337018170147,79.73518322335259,1617073200,0
2021-03-30 06:00:00,4532117045436,Apollo,health_fitness,563.02,15.909349695928565,79.73713409874429,15.25316892899269,80.59334956528546,1617084000,0
2021-03-30 09:00:00,4532117045436,MakeMyTrip,grocery_pos,364.29,15.90573973375789,79.75186538556447,16.012201079920025,80.27355666598845,1617094800,0
2021-03-30 12:00:00,4532117045436,Netflix,gas_transport,475.74,15.915222999882744,79.72504419423812,16.810436828313783,79.5091833245934,1617105600,0
2021-03-30 15:00:00,4532117045436,Shell,gas_transport,486.48,15.927867745260558,79.71917820936966,15.247128814095928,79.99187575925225,1617116400,0
2021-03-30 18:00:00,4532117045436,Amazon,shopping_net,360.67,15.912797917033895,79.72239172467042,15.834349300892432,78.40773035996682,1617127200,0
2021-03-30 21:00:00,4532117045436,MakeMyTrip,travel,471.27,15.915717405484664,79.73152600540797,15.95064640551277,80.35304874906276,1617138000,0
2021-03-31 00:00:00,4532117045436,Zomato,shopping_net,503.22,15.932252605630401,79.74636970078264,15.69093294915221,79.49181973479324,1617148800,0
2021-03-31 03:00:00,4532117045436,Zomato,grocery_pos,752.33,15.924934425392513,79.73643691754977,15.99510177205742,79.83359070769208,1617159600,0
2021-03-31 06:00:00,4532117045436,Shell,food_dining,594.52,15.918777448175522,79.7363004130396,15.689385035847044,79.75490845370408,1617170400,0
2021-03-31 09:00:00,4532117045436,Netflix,shopping_net,710.9,15.918356977662574,79.73607590040716,15.989696495255663,80.25311567563088,1617181200,0
2021-03-31 12:00:00,4532117045436,Walmart,shopping_net,248.46,15.906869340922071,79.72122169123932,15.785453745556369,79.56566186553317,1617192000,0
2021-03-31 15:00:00,4532117045436,Netflix,gas_transport,7646.79,15.905891305511174,79.74861424572524,26.466785916845176,78.689464966351,1617202800,1
2021-03-31 18:00:00,4532117045436,Shell,food_dining,486.34,15.914314081530051,79.75310523843267,15.874361699511315,79.92233419870551,1617213600,0
2021-03-31 21:00:00,4532117045436,Zomato,health_fitness,161.83,15.914567741051583,79.7366452853916,16.153530606472902,79.80128926780651,1617224400,0
2021-04-01 00:00:00,4532117045436,Netflix,grocery_pos,3194.41,15.904402351309672,79.74085461212754,28.813052829921887,77.61040636229336,1617235200,1
2021-04-01 03:00:00,4532117045436,Zomato,shopping_net,546.33,15.919932966639475,79.74118720919238,16.259850887113167,79.48531071180194,1617246000,0
2021-04-01 06:00:00,4532117045436,MakeMyTrip,food_dining,394.93,15.910127021115029,79.72932177530971,15.55002613345627,79.65709013553433,1617256800,0
2021-04-01 09:00:00,4532117045436,Walmart,travel,422.5,15.924173207357128,79.73558511137531,16.222111525358383,79.5488652343648,1617267600,0
2021-04-01 12:00:00,4532117045436,MakeMyTrip,food_dining,638.08,15.912345914882106,79.7578575691572,15.578008061317188,79.94940687716038,1617278400,0
2021-04-01 15:00:00,4532117045436,Zomato,grocery_pos,330.68,15.911460797699641,79.73996010570518,16.269565104123114,79.17276971876377,1617289200,0
2021-04-01 18:00:00,4532117045436,Zomato,food_dining,644.13,15.90352603550494,79.74223519134995,15.888424425919975,79.77604129939884,1617300000,0
2021-04-01 21:00:00,4532117045436,Amazon,food_dining,412.19,15.904621402648814,79.73306358833246,15.448191963270329,80.49810912017384,1617310800,0
2021-04-02 00:00:00,4532117045436,Amazon,food_dining,563.4,15.926077643650776,79.73570041354205,15.693510056602612,79.52004521232152,1617321600,0
2021-04-02 03:00:00,4532117045436,MakeMyTrip,travel,463.01,15.91558963746989,79.74646291903692,16.50973359859619,79.95915918414127,1617332400,0
2021-04-02 06:00:00,4532117045436,Apollo,shopping_net,784.98,15.916793023805226,79.73160399713252,15.938814182322783,78.57835825315607,1617343200,0
2021-04-02 09:00:00,4532117045436,MakeMyTrip,grocery_pos,316.89,15.928906469568831,79.75619982864228,15.683882554823866,78.94963207313154,1617354000,0
2021-04-02 12:00:00,4532117045436,Amazon,travel,364.01,15.899724113796578,79.72383733854232,16.4831684313487,79.6734976438557,1617364800,0
2021-04-02 15:00:00,4532117045436,Zomato,food_dining,224.08,15.919612557170414,79.73366836928385,16.340483286890677,79.7023543028501,1617375600,0
2021-04-02 18:00:00,4532117045436,Shell,food_dining,285.49,15.89702109135307,79.72520123303623,15.492787288563685,79.76067189609674,1617386400,0
2021-04-02 21:00:00,4532117045436,MakeMyTrip,shopping_net,556.97,15.908523480579467,79.75324363246516,15.810655383166786,80.83539715472105,1617397200,0
2021-04-03 00:00:00,4532117045436,Zomato,grocery_pos,690.02,15.901449129752915,79.739637265137,15.031644733854998,79.44854132224413,1617408000,0
2021-04-03 03:00:00,4532117045436,Shell,gas_transport,573.97,15.921485905459322,79.73713610654767,16.348876488469696,79.78220647249096,1617418800,0
2021-04-03 06:00:00,4532117045436,Shell,travel,4682.42,15.894002736479404,79.74397603474544,28.978000076106017,77.45558715743755,1617429600,1
2021-04-03 09:00:00,4532117045436,Amazon,shopping_net,315.96,15.910599154886473,79.75399014780716,16.247980143086156,80.10844621051159,1617440400,0
2021-04-03 12:00:00,4532117045436,MakeMyTrip,grocery_pos,584.76,15.901312298068017,79.74216068754053,14.946847769802723,79.16481987847783,1617451200,0
2021-04-03 15:00:00,4532117045436,Netflix,travel,307.71,15.90435191627396,79.75142650685962,15.772471352449642,79.39049740489625,1617462000,0
2021-04-03 18:00:00,4532117045436,Walmart,food_dining,247.66,15.905892888358125,79.73706362907106,15.99669483188184,79.28926567453841,1617472800,0
2021-04-03 21:00:00,4532117045436,Amazon,grocery_pos,403.73,15.926091045374987,79.73038660416192,14.853779156100725,80.15185067876021,1617483600,0
2021-04-04 00:00:00,4532117045436,Amazon,grocery_pos,144.91,15.909547705499685,79.7423221401388,16.241076682483445,79.80299354160336,1617494400,0
2021-04-04 03:00:00,4532117045436,Netflix,health_fitness,242.79,15.930173256960149,79.73302641328007,15.751168375926722,79.88174769780224,1617505200,0
2021-04-04 06:00:00,4532117045436,Walmart,grocery_pos,2484.2,15.932265863268466,79.74688747561483,26.889364317236648,76.40910030848273,1617516000,1
2021-04-04 09:00:00,4532117045436,Zomato,gas_transport,214.98,15.934036838686236,79.73590671696394,15.655646106623319,80.34463259475392,1617526800,0
2021-04-04 12:00:00,4532117045436,Apollo,grocery_pos,271.78,15.91231233079048,79.7391545742555,16.141240805414963,79.66253579665339,1617537600,0
2021-04-04 15:00:00,4532117045436,MakeMyTrip,gas_transport,460.77,15.915003571393713,79.7175960064657,15.456345954952107,80.72265868719857,1617548400,0
2021-04-04 18:00:00,4532117045436,Apollo,food_dining,468.59,15.916679556428628,79.73875278752465,15.890063766499269,80.3747225502633,1617559200,0
2021-04-04 21:00:00,4532117045436,Zomato,gas_transport,414.81,15.909225121714393,79.73757414815998,15.696333445317316,79.00208055204352,1617570000,0
2021-04-05 00:00:00,4532117045436,Amazon,travel,149.49,15.91714370258842,79.7516296380779,14.915848928946382,80.05926753725687,1617580800,0
2021-04-05 03:00:00,4532117045436,Walmart,food_dining,577.27,15.903548037928633,79.74870107217112,16.224817693767676,80.37390904925695,1617591600,0
2021-04-05 06:00:00,4532117045436,Amazon,food_dining,383.54,15.894145242372025,79.74024218367019,16.316767886270014,79.53613226078845,1617602400,0
2021-04-05 09:00:00,4532117045436,Shell,gas_transport,633.07,15.920041345994216,79.72369561846433,16.48726570749185,79.94572819856917,1617613200,0
2021-04-05 12:00:00,4532117045436,Amazon,shopping_net,353.28,15.909402266952835,79.73559767647282,15.917406181044,79.00104780870723,1617624000,0
2021-04-05 15:00:00,4532117045436,Amazon,entertainment,597.37,15.903133081619611,79.75164024088468,16.15520156431761,79.24199240929019,1617634800,0
2021-04-05 18:00:00,4532117045436,Zomato,grocery_pos,644.41,15.904397736973308,79.73801550647704,15.105880660034455,79.61418261457897,1617645600,0
2021-04-05 21:00:00,4532117045436,Zomato,health_fitness,379.96,15.928051218207655,79.72933241297413,16.032963061874675,79.06276870901387,1617656400,0
2021-04-06 00:00:00,4532117045436,Zomato,entertainment,582.07,15.917541127909221,79.75151823899067,15.753925274601746,79.76759699486382,1617667200,0
2021-04-06 03:00:00,4532117045436,Apollo,grocery_pos,250.72,15.897676928175363,79.72376485948101,15.874422615354895,80.06519076277675,1617678000,0
2021-04-06 06:00:00,4532117045436,Shell,grocery_pos,489.55,15.901030135874121,79.73887063248955,15.354229999828739,79.2820432962081,1617688800,0
2021-04-06 09:00:00,4532117045436,Zomato,food_dining,633.33,15.90998120394183,79.74558083761745,16.474231976484667,79.06974007787743,1617699600,0
2021-04-06 12:00:00,4532117045436,Walmart,grocery_pos,527.77,15.91766409358342,79.74126053921427,15.087412515520276,78.95056630561913,1617710400,0
2021-04-06 15:00:00,4532117045436,Apollo,health_fitness,810.93,15.904954286216272,79.72758480787331,16.048905825033998,80.34620578413474,1617721200,0
2021-04-06 18:00:00,4532117045436,Netflix,grocery_pos,536.15,15.911170533251548,79.73070807550646,15.454145902119494,78.86896858609563,1617732000,0
2021-04-06 21:00:00,4532117045436,Walmart,gas_transport,395.21,15.914045511882302,79.73302023458754,16.972199765038873,79.88789755812132,1617742800,0
2021-04-07 00:00:00,4532117045436,MakeMyTrip,entertainment,876.13,15.914252684091027,79.74784469517523,16.26058291099682,80.39294206774325,1617753600,0
2021-04-07 03:00:00,4532117045436,MakeMyTrip,gas_transport,695.06,15.888948637810008,79.74170525147396,15.898650927595638,79.25101442885756,1617764400,0
2021-04-07 06:00:00,4532117045436,Walmart,health_fitness,209.56,15.915116413718032,79.73612456485483,15.398940274174825,79.31801898121674,1617775200,0
2021-04-07 09:00:00,4532117045436,Zomato,grocery_pos,332.38,15.895571403570598,79.74408910655852,16.357914638752337,79.82783809184,1617786000,0
2021-04-07 12:00:00,4532117045436,Netflix,travel,294.28,15.91003601518499,79.73249813173918,14.280582085736249,79.86033539011765,1617796800,0
2021-04-07 15:00:00,4532117045436,Netflix,health_fitness,546.84,15.907885849530915,79.74738378775515,16.10498505411215,79.49079142976466,1617807600,0
2021-04-07 18:00:00,4532117045436,Apollo,food_dining,535.67,15.902112671007998,79.74450557907379,16.168089773441135,79.59147618670278,1617818400,0
2021-04-07 21:00:00,4532117045436,Netflix,gas_transport,534.52,15.921331672040013,79.73775500860123,16.138768464945095,79.78542647765913,1617829200,0
2021-04-08 00:00:00,4532117045436,MakeMyTrip,gas_transport,205.51,15.901660241401032,79.73837733460913,16.33182337775837,79.53796669871758,1617840000,0
2021-04-08 03:00:00,4532117045436,Shell,shopping_net,354.29,15.907670631106125,79.73658176571503,15.630413767814543,79.55479219745833,1617850800,0
2021-04-08 06:00:00,4532117045436,Zomato,grocery_pos,427.61,15.921687341730033,79.74995942022743,16.18755692030867,80.71119863141645,1617861600,0
2021-04-08 09:00:00,4532117045436,Netflix,food_dining,176.71,15.907384995940104,79.74216091846115,15.577903724862173,80.24671494010151,1617872400,0
2021-04-08 12:00:00,4532117045436,Apollo,travel,319.23,15.905314900093146,79.73783513151282,15.497708558665579,80.28598697473608,1617883200,0
2021-04-08 15:00:00,4532117045436,MakeMyTrip,gas_transport,653.47,15.910218445559474,79.73029689096937,15.396726868064318,79.56947420944333,1617894000,0
2021-04-08 18:00:00,4532117045436,Shell,gas_transport,216.89,15.918305025205711,79.74589491544718,15.78691016606782,78.88061868967478,1617904800,0
2021-04-08 21:00:00,4532117045436,Amazon,food_dining,668.29,15.927363076047943,79.7454275518745,16.468512007200555,80.97804420265277,1617915600,0
2021-04-09 00:00:00,4532117045436,Amazon,health_fitness,613.67,15.903538784020622,79.734743575821,16.77043806372685,79.43160843788952,1617926400,0
2021-04-09 03:00:00,4532117045436,Shell,health_fitness,406.39,15.90434918034534,79.73579843058077,15.777690061471286,79.89463732154164,1617937200,0
2021-04-09 06:00:00,4532117045436,MakeMyTrip,grocery_pos,352.67,15.910136645950734,79.7388298574465,15.590416044117548,80.13185687284634,1617948000,0
2021-04-09 09:00:00,4532117045436,Apollo,shopping_net,574.77,15.915201406512672,79.72846374339109,16.577615852547193,79.44976723450928,1617958800,0
2021-04-09 12:00:00,4532117045436,Shell,gas_transport,331.84,15.905197533360028,79.74073706818903,16.129613731323456,80.19073740558159,1617969600,0
2021-04-09 15:00:00,4532117045436,Zomato,shopping_net,339.3,15.919785633678861,79.72354562161738,15.927430058067964,79.74450561103454,1617980400,0
2021-04-09 18:00:00,4532117045436,Zomato,health_fitness,446.42,15.903727222485475,79.7272053056257,15.360009048107733,79.60823687212034,1617991200,0
2021-04-09 21:00:00,4532117045436,Amazon,health_fitness,130.46,15.893891454105042,79.73490405594883,16.628750832858458,79.44955303633941,1618002000,0
2021-04-10 00:00:00,4532117045436,Netflix,entertainment,232.5,15.918217752811657,79.73371704912381,15.959742414336764,79.24170364087243,1618012800,0
2021-04-10 03:00:00,4532117045436,Apollo,travel,402.65,15.919375894731463,79.74451390926356,15.912979898520518,78.8085913162722,1618023600,0
2021-04-10 06:00:00,4532117045436,Amazon,grocery_pos,2863.69,15.923346506356328,79.74282997381022,29.156336218623085,77.51309432713785,1618034400,1
2021-04-10 09:00:00,4532117045436,Netflix,entertainment,329.76,15.89298100202843,79.75376624093975,15.92384912673904,80.46867003691632,1618045200,0
2021-04-10 12:00:00,4532117045436,Netflix,travel,420.36,15.906243849484772,79.74092847818785,16.650218322556857,79.79147000588637,1618056000,0
2021-04-10 15:00:00,4532117045436,Zomato,entertainment,207.98,15.910389418318013,79.7420612996823,16.418800491200695,80.52000873620572,1618066800,0
2021-04-10 18:00:00,4532117045436,MakeMyTrip,entertainment,7311.26,15.93046958173418,79.72836945731746,28.83703402399306,77.52431274041521,1618077600,1
2021-04-10 21:00:00,4532117045436,Walmart,grocery_pos,483.01,15.91130798605021,79.72839023274351,15.956350466119913,80.03827024844564,1618088400,0
2021-04-11 00:00:00,4532117045436,MakeMyTrip,grocery_pos,496.28,15.899434833119745,79.74064426673732,15.620190169581402,79.56750121018297,1618099200,0
2021-04-11 03:00:00,4532117045436,Walmart,food_dining,523.24,15.915867404647548,79.7408171192626,16.85758205847131,80.27707142843283,1618110000,0
2021-04-11 06:00:00,4532117045436,Shell,shopping_net,461.72,15.925994562257962,79.74289590366288,15.551460635625409,80.1943061075835,1618120800,0
2021-04-11 09:00:00,4532117045436,Zomato,shopping_net,377.43,15.923866389429609,79.75269633947367,15.853385864084848,80.13558358712784,1618131600,0
2021-04-11 12:00:00,4532117045436,Netflix,food_dining,619.45,15.918517981643278,79.7288319256356,16.094863322044063,79.57139062879554,1618142400,0
2021-04-11 15:00:00,4532117045436,Apollo,food_dining,473.53,15.915526323671083,79.75689911994931,16.165759724053103,79.92947071373989,1618153200,0
2021-04-11 18:00:00,4532117045436,Walmart,health_fitness,425.14,15.89022247690549,79.72509989706735,16.25018956817768,79.87670382712103,1618164000,0
2021-04-11 21:00:00,4532117045436,MakeMyTrip,travel,448.7,15.913156664550538,79.74372940488507,16.313383277163346,79.54964109258694,1618174800,0
2021-04-12 00:00:00,4532117045436,Netflix,entertainment,445.51,15.914681402625318,79.72753646104839,16.259330028039514,79.92498661074058,1618185600,0
2021-04-12 03:00:00,4532117045436,Walmart,food_dining,423.64,15.911300903257489,79.74724137132276,15.696413152660508,80.36639103415266,1618196400,0
2021-04-12 06:00:00,4532117045436,Walmart,gas_transport,3435.3,15.919970998874895,79.72516165346123,28.679367531839723,78.5333296123941,1618207200,1
2021-04-12 09:00:00,4532117045436,Walmart,shopping_net,309.62,15.911140021972274,79.71267525658452,15.932014936431704,79.98972192050809,1618218000,0
2021-04-12 12:00:00,4532117045436,Apollo,food_dining,320.58,15.909214367949973,79.74145869953979,15.63705066377777,79.65698299134993,1618228800,0
2021-04-12 15:00:00,4532117045436,Zomato,gas_transport,533.89,15.923289977216523,79.73875019790447,15.584040930290792,80.16735653431446,1618239600,0
2021-04-12 18:00:00,4532117045436,Apollo,gas_transport,428.21,15.908764112862244,79.75106070440931,15.701930637745525,79.30395881337678,1618250400,0
2021-04-12 21:00:00,4532117045436,Amazon,gas_transport,595.71,15.913546540721391,79.74077865785826,16.963967347132254,79.55145004904642,1618261200,0
2021-04-13 00:00:00,4532117045436,Netflix,health_fitness,511.33,15.92187531279682,79.73255145517304,16.684811397692254,80.37758298296083,1618272000,0
2021-04-13 03:00:00,4532117045436,Zomato,health_fitness,367.11,15.902793312487468,79.73460189943803,15.79331000636627,80.67588361626522,1618282800,0
2021-04-13 06:00:00,4532117045436,Zomato,gas_transport,536.26,15.901708136678387,79.77216020168021,14.8796432902252,80.30995426844768,1618293600,0
2021-04-13 09:00:00,4532117045436,Zomato,travel,629.58,15.92647940155651,79.73125425273892,15.617754330793497,79.69920345481411,1618304400,0
2021-04-13 12:00:00,4532117045436,MakeMyTrip,health_fitness,517.05,15.906972879963137,79.74524549184065,16.352910498912685,78.64516509996135,1618315200,0
2021-04-13 15:00:00,4532117045436,Zomato,entertainment,549.84,15.919824324316862,79.74402199802388,15.130131951426309,80.13198776054833,1618326000,0
2021-04-13 18:00:00,4532117045436,Apollo,gas_transport,424.23,15.895146789681597,79.74547860987566,16.214821483687565,80.00183870174224,1618336800,0
2021-04-13 21:00:00,4532117045436,Zomato,entertainment,598.96,15.887869484068913,79.7446621393071,16.182756789570337,80.01623120223957,1618347600,0
2021-04-14 00:00:00,4532117045436,Shell,entertainment,362.9,15.916542300583453,79.737323822781,15.921562354676539,79.02297376341357,1618358400,0
2021-04-14 03:00:00,4532117045436,Netflix,gas_transport,500.78,15.911624793482106,79.72237951224459,15.894098121356398,79.57469671660296,1618369200,0
2021-04-14 06:00:00,4532117045436,Zomato,shopping_net,835.43,15.91663631441664,79.74155630886499,15.460611683461321,80.67265031034587,1618380000,0
2021-04-14 09:00:00,4532117045436,Netflix,travel,530.83,15.931647088026098,79.73987179388423,16.261311961548063,79.22806276254005,1618390800,0
2021-04-14 12:00:00,4532117045436,Shell,gas_transport,6927.68,15.900526581800877,79.74123931918703,28.78489774841154,76.56574587881167,1618401600,1
2021-04-14 15:00:00,4532117045436,Shell,gas_transport,386.51,15.913281878942465,79.74565231948876,15.67258595346972,79.411892363369,1618412400,0
2021-04-14 18:00:00,4532117045436,Netflix,health_fitness,439.3,15.927674660855827,79.73586382419101,15.520393535707655,79.99374011059344,1618423200,0
2021-04-14 21:00:00,4532117045436,Walmart,gas_transport,577.69,15.901970098865034,79.73379709114792,15.316187685929263,79.64051837222085,1618434000,0
2021-04-15 00:00:00,4532117045436,Amazon,shopping_net,471.87,15.907052729642272,79.74900843122613,16.098660482674898,80.34324855272435,1618444800,0
2021-04-15 03:00:00,4532117045436,MakeMyTrip,health_fitness,352.72,15.895227147959984,79.73671153183341,15.811778141458495,79.76062901998021,1618455600,0
2021-04-15 06:00:00,4532117045436,Walmart,grocery_pos,352.46,15.935278492591687,79.73506281507878,15.818151837299661,80.23735094091383,1618466400,0
2021-04-15 09:00:00,4532117045436,Walmart,grocery_pos,472.81,15.890854594938322,79.73419757154156,15.132309410738554,80.79562889211246,1618477200,0
2021-04-15 12:00:00,4532117045436,Apollo,entertainment,456.36,15.920885857026436,79.74594568886914,15.36531254093227,80.23304500697267,1618488000,0
2021-04-15 15:00:00,4532117045436,MakeMyTrip,travel,518.25,15.899702000392198,79.73790234155551,15.310929826379423,80.02828543126753,1618498800,0
2021-04-15 18:00:00,4532117045436,MakeMyTrip,entertainment,587.62,15.902391077676013,79.76212807789446,16.297275237625787,80.31865446307171,1618509600,0
2021-04-15 21:00:00,4532117045436,Walmart,shopping_net,859.1,15.923539539372232,79.740574479151,15.998749965370916,80.02132054586497,1618520400,0
2021-04-16 00:00:00,4532117045436,Zomato,food_dining,230.69,15.905474895677056,79.72793397881019,15.771407963504531,79.43600356422924,1618531200,0
2021-04-16 03:00:00,4532117045436,Apollo,travel,553.03,15.919417875712272,79.73563125974822,16.465680452744515,79.31705850623811,1618542000,0
2021-04-16 06:00:00,4532117045436,Apollo,grocery_pos,464.75,15.92670031583845,79.74655320795553,16.39496301812321,80.085071783267,1618552800,0
2021-04-16 09:00:00,4532117045436,Shell,entertainment,173.31,15.914906969856524,79.73399828724506,16.46561783894629,79.42734820229539,1618563600,0
2021-04-16 12:00:00,4532117045436,MakeMyTrip,grocery_pos,637.43,15.921792858492141,79.73982781521765,15.791877985003067,79.3788331556941,1618574400,0
2021-04-16 15:00:00,4532117045436,Walmart,shopping_net,4740.94,15.913706731956028,79.74978455404312,29.979539825072752,77.43444362541426,1618585200,1
2021-04-16 18:00:00,4532117045436,Shell,shopping_net,569.97,15.914170060852786,79.7512886755295,16.76614953958197,78.87694444238353,1618596000,0
2021-04-16 21:00:00,4532117045436,Netflix,food_dining,195.09,15.906550709041618,79.73475582158467,16.175004394752996,79.41305720730625,1618606800,0
2021-04-17 00:00:00,4532117045436,Amazon,food_dining,416.94,15.932188594336731,79.73743176986234,16.185366611538804,79.37220874273861,1618617600,0
2021-04-17 03:00:00,4532117045436,Apollo,health_fitness,288.12,15.920328444941154,79.7409682466169,16.250834541397364,80.97098159133685,1618628400,0
2021-04-17 06:00:00,4532117045436,Netflix,travel,774.47,15.918118052744527,79.75342326459483,17.29464927297016,80.11555584124586,1618639200,0
2021-04-17 09:00:00,4532117045436,Netflix,shopping_net,621.68,15.920602947580797,79.72900196710356,15.862679736113451,79.52932207393869,1618650000,0
2021-04-17 12:00:00,4532117045436,Zomato,entertainment,347.85,15.906127096648836,79.74359724796462,16.631141412148015,79.35656360354854,1618660800,0
2021-04-17 15:00:00,4532117045436,Amazon,grocery_pos,219.5,15.922209718858525,79.74055440850832,15.486592751030443,78.52102875843399,1618671600,0
2021-04-17 18:00:00,4532117045436,Netflix,gas_transport,479.11,15.92845880781492,79.73102979828253,16.32051612134325,79.00767011908347,1618682400,0
2021-04-17 21:00:00,4532117045436,Netflix,food_dining,613.86,15.899093023782996,79.75237338360847,16.804620951254577,78.90994243362347,1618693200,0
2021-04-18 00:00:00,4532117045436,Amazon,gas_transport,189.74,15.918315628015383,79.7499034036128,15.889418926447084,79.25165548397891,1618704000,0
2021-04-18 03:00:00,4532117045436,Amazon,entertainment,310.23,15.91352790069834,79.75538276704312,14.953436865453575,79.73482451132841,1618714800,0
2021-04-18 06:00:00,4532117045436,Netflix,food_dining,284.16,15.907708150636246,79.75180202706667,16.196406314282203,79.6460787527858,1618725600,0
2021-04-18 09:00:00,4532117045436,Amazon,gas_transport,580.04,15.901967440095548,79.74010199542843,15.804445938448483,79.29351936697789,1618736400,0
2021-04-18 12:00:00,4532117045436,Netflix,travel,394.53,15.92341919662988,79.74619424570056,16.335029370829073,79.71454841706564,1618747200,0
2021-04-18 15:00:00,4532117045436,Netflix,entertainment,400.81,15.91497989662925,79.74331833987239,15.679694486107957,79.02342642814578,1618758000,0
2021-04-18 18:00:00,4532117045436,Zomato,grocery_pos,476.2,15.910828699964979,79.7309291782121,17.10669081447125,79.96208916219327,1618768800,0
2021-04-18 21:00:00,4532117045436,Walmart,travel,318.26,15.918323821134999,79.72695594138607,15.966115915773674,80.1219846531059,1618779600,0
2021-04-19 00:00:00,4532117045436,Netflix,entertainment,233.45,15.91162519212481,79.74369009635717,16.308439088224038,79.98644245618952,1618790400,0
2021-04-19 03:00:00,4532117045436,Shell,health_fitness,655.45,15.90585928278253,79.74096472998934,15.413054764101473,80.2869573840844,1618801200,0
2021-04-19 06:00:00,4532117045436,Apollo,food_dining,669.37,15.914189520479455,79.73663586566292,15.325365724381019,78.98132286407068,1618812000,0
2021-04-19 09:00:00,4532117045436,MakeMyTrip,shopping_net,476.94,15.912619940364182,79.73907631130264,15.264462046175897,79.75989192228701,1618822800,0
2021-04-19 12:00:00,4532117045436,Walmart,grocery_pos,487.82,15.895158120484817,79.75769463828736,15.267825208685887,79.26360871753641,1618833600,0
2021-04-19 15:00:00,4532117045436,Walmart,travel,639.15,15.906604334052242,79.71820390186755,16.252131899832847,79.16408833634686,1618844400,0
2021-04-19 18:00:00,4532117045436,Walmart,travel,473.5,15.90025604998799,79.74639896326853,15.611393838461515,79.03269562586729,1618855200,0
2021-04-19 21:00:00,4532117045436,Zomato,gas_transport,387.14,15.896385977248444,79.7484252114107,15.277885544070275,80.97922159159668,1618866000,0
2021-04-20 00:00:00,4532117045436,Netflix,food_dining,455.9,15.917576993729227,79.74967724096673,15.564554438481672,80.195657720802,1618876800,0
2021-04-20 03:00:00,4532117045436,Zomato,shopping_net,658.98,15.9062123307017,79.72621646023528,16.2647195209556,80.55125899596838,1618887600,0
2021-04-20 06:00:00,4532117045436,Netflix,entertainment,458.0,15.923314062955193,79.73706807244596,16.252243511223188,79.91638073553267,1618898400,0
2021-04-20 09:00:00,4532117045436,Zomato,shopping_net,349.59,15.894614036836561,79.7365685721317,16.41135092577616,79.32606089533994,1618909200,0
2021-04-20 12:00:00,4532117045436,Zomato,food_dining,472.05,15.909922460651668,79.74291985842875,15.772136061109713,80.0759330560236,1618920000,0
2021-04-20 15:00:00,4532117045436,Apollo,food_dining,548.43,15.906740736907237,79.72870592745636,16.911460590003596,80.91134991812822,1618930800,0
2021-04-20 18:00:00,4532117045436,Shell,health_fitness,530.44,15.897120353257966,79.74378477532436,16.45390668471846,80.00233480486358,1618941600,0
2021-04-20 21:00:00,4532117045436,Zomato,health_fitness,532.92,15.912950870321815,79.73115233784073,15.325821392608912,79.6837215838594,1618952400,0
2021-04-21 00:00:00,4532117045436,Apollo,shopping_net,5525.82,15.897993354537022,79.73702420000586,29.280071869741533,76.3700770953831,1618963200,1
2021-04-21 03:00:00,4532117045436,Amazon,entertainment,6546.83,15.915127158396224,79.7534505304406,28.490923419010528,76.63248433591096,1618974000,1
2021-04-21 06:00:00,4532117045436,Shell,shopping_net,454.27,15.920107587592735,79.74842153767226,15.830362830064654,79.73197329830604,1618984800,0
2021-04-21 09:00:00,4532117045436,Zomato,food_dining,343.23,15.915575531763247,79.74123827079762,15.917821486180989,79.68162717736159,1618995600,0
2021-04-21 12:00:00,4532117045436,MakeMyTrip,food_dining,564.32,15.916838834959758,79.72607740712603,15.5799211793656,79.40119182065176,1619006400,0
2021-04-21 15:00:00,4532117045436,Walmart,gas_transport,381.95,15.92321234905074,79.74332380371382,16.41739833921267,79.91736011538863,1619017200,0
2021-04-21 18:00:00,4532117045436,Amazon,health_fitness,5390.86,15.91263236598873,79.74399593329687,29.326433799410292,76.29881118826597,1619028000,1
2021-04-21 21:00:00,4532117045436,Amazon,gas_transport,299.91,15.90463972357115,79.71900585503327,15.632817945132812,79.54764155215317,1619038800,0
2021-04-22 00:00:00,4532117045436,Apollo,grocery_pos,422.75,15.906810484948439,79.74350848976306,16.29299677764985,79.6757603285936,1619049600,0
2021-04-22 03:00:00,4532117045436,Amazon,food_dining,536.75,15.90702625885302,79.72923933781246,16.998138163800828,79.21000619577202,1619060400,0
2021-04-22 06:00:00,4532117045436,Shell,gas_transport,320.39,15.902466612984565,79.7252042477298,15.66443762991405,79.72872389675364,1619071200,0
2021-04-22 09:00:00,4532117045436,Zomato,shopping_net,413.9,15.920742113034423,79.72878018577764,15.2896374598917,80.21673075671615,1619082000,0
2021-04-22 12:00:00,4532117045436,Zomato,health_fitness,267.51,15.918169028286835,79.71838521126615,16.48282225895215,80.46525960784352,1619092800,0
2021-04-22 15:00:00,4532117045436,MakeMyTrip,health_fitness,597.3,15.896249967649192,79.73592413405412,16.010421167339548,79.62165980985563,1619103600,0
2021-04-22 18:00:00,4532117045436,Walmart,entertainment,707.6,15.904636755371847,79.72994720015613,16.16407511195528,79.51249060501996,1619114400,0
2021-04-22 21:00:00,4532117045436,Apollo,shopping_net,691.39,15.901980146451185,79.75140584125637,15.930064053988225,79.60955603296176,1619125200,0
2021-04-23 00:00:00,4532117045436,Walmart,entertainment,6559.09,15.916073460057534,79.73640938592133,28.303988912557077,78.31937359907553,1619136000,1
2021-04-23 03:00:00,4532117045436,Amazon,gas_transport,579.38,15.923665095111234,79.73280172748318,16.094843565567857,79.42807765880542,1619146800,0
2021-04-23 06:00:00,4532117045436,MakeMyTrip,travel,139.22,15.917381860233418,79.72407001659396,15.651169478747766,79.42735025996049,1619157600,0
2021-04-23 09:00:00,4532117045436,Walmart,grocery_pos,476.58,15.905888075383533,79.73572071710699,16.264838823453363,79.87551648591803,1619168400,0
2021-04-23 12:00:00,4532117045436,Shell,shopping_net,6145.39,15.909710216976615,79.75353448952698,28.89456588345116,77.32010856144797,1619179200,1
2021-04-23 15:00:00,4532117045436,Zomato,shopping_net,582.07,15.898971487434318,79.75547319021703,15.727300186368563,79.84043763081752,1619190000,0
2021-04-23 18:00:00,4532117045436,Amazon,shopping_net,69.36,15.899738374832182,79.73635259592197,15.826390689001297,79.80196960459871,1619200800,0
2021-04-23 21:00:00,4532117045436,MakeMyTrip,entertainment,478.95,15.921360497149248,79.73930491640432,15.519957532708375,79.49777853752991,1619211600,0
2021-04-24 00:00:00,4532117045436,Walmart,gas_transport,417.83,15.927341122031313,79.74702902686302,16.14384413391971,79.75017203314059,1619222400,0
2021-04-24 03:00:00,4532117045436,Apollo,shopping_net,617.76,15.905752314711904,79.72974459040375,16.1493135774647,78.5483462506681,1619233200,0
2021-04-24 06:00:00,4532117045436,Shell,travel,682.2,15.913381188201326,79.74369061382217,15.893527743541648,80.51488973431567,1619244000,0
2021-04-24 09:00:00,4532117045436,Shell,shopping_net,310.67,15.920105237600014,79.76366729303753,15.343536399999113,79.82056000595871,1619254800,0
2021-04-24 12:00:00,4532117045436,Walmart,health_fitness,317.44,15.896261577981612,79.74765113867396,14.901635942828394,80.7919864032651,1619265600,0
2021-04-24 15:00:00,4532117045436,Zomato,grocery_pos,484.57,15.902413133883645,79.74733217533547,15.797203753770408,80.38431423867499,1619276400,0
2021-04-24 18:00:00,4532117045436,Walmart,health_fitness,710.06,15.932836354852446,79.7534381311346,16.03120763559154,79.33245066297147,1619287200,0
2021-04-24 21:00:00,4532117045436,Amazon,health_fitness,459.02,15.903322835021106,79.74903784137824,16.23523858822253,79.55794997658698,1619298000,0
2021-04-25 00:00:00,4532117045436,Walmart,grocery_pos,3315.57,15.90928165690581,79.73747180684671,27.671691920828174,76.82380096270698,1619308800,1
2021-04-25 03:00:00,4532117045436,Shell,travel,359.12,15.90687065639604,79.72820202390697,15.734345199902746,79.40521175214367,1619319600,0
2021-04-25 06:00:00,4532117045436,MakeMyTrip,gas_transport,480.4,15.8929522064211,79.73866505919932,15.121858481529998,78.95807972009034,1619330400,0
2021-04-25 09:00:00,4532117045436,Walmart,health_fitness,486.03,15.913727225385045,79.73030318634052,15.656061687825286,79.27819185033364,1619341200,0
2021-04-25 12:00:00,4532117045436,Zomato,gas_transport,344.39,15.912647483757011,79.73718121471555,17.004533149432927,79.22244915388977,1619352000,0
2021-04-25 15:00:00,4532117045436,MakeMyTrip,health_fitness,356.13,15.914708512144202,79.73128752525852,16.735016628493927,80.18076475938788,1619362800,0
2021-04-25 18:00:00,4532117045436,Apollo,food_dining,302.76,15.912054244426521,79.73610128867114,16.126944854623822,78.92972107420802,1619373600,0
2021-04-25 21:00:00,4532117045436,Netflix,grocery_pos,621.18,15.908301390590118,79.72514674068223,15.697095896139988,80.85293699732057,1619384400,0
2021-04-26 00:00:00,4532117045436,Walmart,health_fitness,324.78,15.90772727799648,79.73306686233988,15.867260442921806,79.57912021614861,1619395200,0
2021-04-26 03:00:00,4532117045436,Zomato,food_dining,380.28,15.9078982397084,79.7440551311932,16.77024968807429,80.4135605911713,1619406000,0
2021-04-26 06:00:00,4532117045436,MakeMyTrip,entertainment,376.01,15.903013102811531,79.74657937907483,16.0178954826285,79.25791186550937,1619416800,0
2021-04-26 09:00:00,4532117045436,Zomato,food_dining,209.11,15.904561953876128,79.74440944187194,15.722647341875323,80.12907549923297,1619427600,0
2021-04-26 12:00:00,4532117045436,Apollo,shopping_net,320.49,15.903180863202698,79.73624017678995,16.57602484925381,79.00577758909374,1619438400,0
2021-04-26 15:00:00,4532117045436,Shell,health_fitness,634.22,15.918634104938953,79.74124822585418,14.939062434445924,79.00297572234602,1619449200,0
2021-04-26 18:00:00,4532117045436,Zomato,food_dining,268.61,15.915961025704581,79.75943966823775,15.410619335992532,80.28724667626271,1619460000,0
2021-04-26 21:00:00,4532117045436,MakeMyTrip,gas_transport,305.45,15.913171338481819,79.73279251917651,15.510424190350356,79.67903732747548,1619470800,0
2021-04-27 00:00:00,4532117045436,Zomato,entertainment,250.12,15.9323226521086,79.75604920792657,16.413713004688383,79.64088916005083,1619481600,0
2021-04-27 03:00:00,4532117045436,Zomato,travel,436.41,15.903643046900557,79.72556140533894,15.632509590258996,79.23835940054974,1619492400,0
2021-04-27 06:00:00,4532117045436,Zomato,health_fitness,732.82,15.924087768152534,79.72291162527478,15.026385961680583,79.30438324387059,1619503200,0
2021-04-27 09:00:00,4532117045436,Amazon,shopping_net,430.1,15.910299698255123,79.7385271847462,15.566808551001742,78.94199423451376,1619514000,0
2021-04-27 12:00:00,4532117045436,Amazon,travel,460.01,15.914471646849403,79.7396255163491,15.677422216145878,79.47834678912972,1619524800,0
2021-04-27 15:00:00,4532117045436,Shell,food_dining,330.68,15.919611362314608,79.72869368633498,15.879152820315054,79.86811248947267,1619535600,0
2021-04-27 18:00:00,4532117045436,Walmart,travel,440.76,15.90812463462308,79.73670886878325,15.977016420873666,79.77961554771646,1619546400,0
2021-04-27 21:00:00,4532117045436,Zomato,travel,634.36,15.902333021618265,79.74402618398008,16.396736827853378,79.78488111255933,1619557200,0
2021-04-28 00:00:00,4532117045436,Apollo,entertainment,471.44,15.90398224168975,79.73025132324193,15.756883568626321,78.71348569889693,1619568000,0
2021-04-28 03:00:00,4532117045436,Walmart,travel,769.77,15.891837161829665,79.7501591211711,15.621521825917826,79.83836211749423,1619578800,0
2021-04-28 06:00:00,4532117045436,Apollo,travel,638.92,15.918967961573212,79.75125161874014,15.936248315499682,79.58058288984887,1619589600,0
2021-04-28 09:00:00,4532117045436,Walmart,health_fitness,437.05,15.918727396266602,79.75245051686534,16.03422446144095,79.34700459378193,1619600400,0
2021-04-28 12:00:00,4532117045436,Shell,entertainment,434.13,15.928736505560924,79.73092100044194,15.612235061291125,79.12243801444109,1619611200,0
2021-04-28 15:00:00,4532117045436,Zomato,shopping_net,694.64,15.917049289090688,79.73222133307256,15.061392294433926,80.07197336612344,1619622000,0
2021-04-28 18:00:00,4532117045436,Zomato,food_dining,470.6,15.919452247474265,79.7382712692462,15.66795049830542,78.67695211205039,1619632800,0
2021-04-28 21:00:00,4532117045436,Netflix,entertainment,6172.98,15.912084536441307,79.73727757482544,27.742952329466377,75.86630026981722,1619643600,1
2021-04-29 00:00:00,4532117045436,Apollo,entertainment,750.44,15.91754879220816,79.73674309417177,15.873492541615054,79.81356593687889,1619654400,0
2021-04-29 03:00:00,4532117045436,Walmart,grocery_pos,419.37,15.923795929336599,79.74755758046958,16.53482550480523,79.48295103643096,1619665200,0
2021-04-29 06:00:00,4532117045436,Walmart,entertainment,502.79,15.914714722168586,79.74611671060977,16.164177371479205,79.92909811094214,1619676000,0
2021-04-29 09:00:00,4532117045436,Amazon,grocery_pos,597.0,15.907687684421614,79.731254350023,15.648939530088875,79.7881840175681,1619686800,0
2021-04-29 12:00:00,4532117045436,Netflix,food_dining,565.13,15.910697737654385,79.72858837034192,16.647419357814982,79.40038844413681,1619697600,0
2021-04-29 15:00:00,4532117045436,MakeMyTrip,travel,564.07,15.920418636032336,79.72760927027129,15.478372734136137,78.89360106974041,1619708400,0
2021-04-29 18:00:00,4532117045436,MakeMyTrip,health_fitness,249.98,15.907987365937242,79.73120941908002,15.075320971673847,80.11657433213894,1619719200,0
2021-04-29 21:00:00,4532117045436,Amazon,health_fitness,322.74,15.921790663261712,79.74845889640233,16.08493899919535,79.65354824234046,1619730000,0
2021-04-30 00:00:00,4532117045436,Amazon,food_dining,375.71,15.931985978716908,79.74143328971672,15.52096258936824,79.08233063441786,1619740800,0
2021-04-30 03:00:00,4532117045436,Amazon,food_dining,632.16,15.921914621348318,79.7492584917071,15.884561610621105,78.69033373817945,1619751600,0
2021-04-30 06:00:00,4532117045436,Apollo,gas_transport,264.69,15.920371359032089,79.72299980514435,15.376912037335055,79.90626720071208,1619762400,0
2021-04-30 09:00:00,4532117045436,Apollo,travel,678.48,15.916376322610576,79.74273391103985,15.91517035245566,79.42233093346908,1619773200,0
2021-04-30 12:00:00,4532117045436,Shell,food_dining,566.98,15.90513130516418,79.74260591145139,16.15529774104782,79.16718724061364,1619784000,0
2021-04-30 15:00:00,4532117045436,Shell,entertainment,623.13,15.904224180339636,79.752003183082,16.229189333022,80.32903556569197,1619794800,0
2021-04-30 18:00:00,4532117045436,Amazon,health_fitness,310.57,15.904123776098505,79.73590907557843,15.343761374418648,78.80251767735238,1619805600,0
2021-04-30 21:00:00,4532117045436,Netflix,shopping_net,460.85,15.918447320688486,79.73520174562869,15.23583931661351,79.6151061906429,1619816400,0
2021-05-01 00:00:00,4532117045436,Walmart,health_fitness,494.84,15.90900537112713,79.75506499578304,16.11164122107657,80.10235672507412,1619827200,0
2021-05-01 03:00:00,4532117045436,Apollo,grocery_pos,488.25,15.912610076080814,79.73828986738957,15.723113401623776,79.98430442363697,1619838000,0
2021-05-01 06:00:00,4532117045436,Netflix,health_fitness,494.35,15.91708656430653,79.74177270714706,15.634518661710564,79.08826922138529,1619848800,0
2021-05-01 09:00:00,4532117045436,Zomato,gas_transport,408.52,15.904495787117416,79.7447629871236,15.854100695562506,80.39866612394592,1619859600,0
2021-05-01 12:00:00,4532117045436,Apollo,travel,470.28,15.907880762003721,79.72332242896293,15.827696725620072,80.44993806739923,1619870400,0
2021-05-01 15:00:00,4532117045436,Apollo,food_dining,605.03,15.916128828016292,79.74041102135719,16.099876384289427,80.25220889583841,1619881200,0
2021-05-01 18:00:00,4532117045436,Shell,travel,275.02,15.909991461308907,79.72754862322246,16.156655801081417,79.30666534119345,1619892000,0
2021-05-01 21:00:00,4532117045436,Walmart,food_dining,682.06,15.910925489684425,79.73912370638028,16.404846198837514,79.62734355123972,1619902800,0
2021-05-02 00:00:00,4532117045436,Walmart,health_fitness,597.28,15.902573449837034,79.73705436243947,15.783785940928006,80.36903367680263,1619913600,0
2021-05-02 03:00:00,4532117045436,MakeMyTrip,shopping_net,305.22,15.911060884826513,79.73493631120795,16.41078598804896,79.96205755898833,1619924400,0
2021-05-02 06:00:00,4532117045436,MakeMyTrip,shopping_net,507.58,15.929421699778679,79.74626672683569,16.206658703036606,79.42089870713666,1619935200,0
2021-05-02 09:00:00,4532117045436,MakeMyTrip,gas_transport,585.22,15.90843647494799,79.74097396822074,16.349412077088044,79.63362841060955,1619946000,0
2021-05-02 12:00:00,4532117045436,MakeMyTrip,grocery_pos,264.71,15.90142989184956,79.72939097533235,15.359515351937125,78.97761756238668,1619956800,0
2021-05-02 15:00:00,4532117045436,Zomato,health_fitness,456.3,15.922481361576114,79.72905156254772,15.861370418600407,80.31460269158687,1619967600,0
2021-05-02 18:00:00,4532117045436,Zomato,food_dining,438.22,15.918133549318418,79.74840150658103,16.860519158964713,79.6890372307136,1619978400,0
2021-05-02 21:00:00,4532117045436,Apollo,health_fitness,353.16,15.915026184425177,79.73962221451794,15.227304778707538,80.61149654456295,1619989200,0
2021-05-03 00:00:00,4532117045436,Amazon,gas_transport,463.85,15.899713580341675,79.72575899150272,16.808668565839177,78.82701327383344,1620000000,0
2021-05-03 03:00:00,4532117045436,Shell,entertainment,359.96,15.90113386316802,79.7358350428894,16.786541661525522,79.25424717707135,1620010800,0
2021-05-03 06:00:00,4532117045436,Shell,entertainment,656.15,15.897526811502031,79.73842551070784,16.278881032220916,79.71359638461122,1620021600,0
2021-05-03 09:00:00,4532117045436,MakeMyTrip,gas_transport,356.0,15.917215315011505,79.72766078111539,15.23952741667782,80.87067557457044,1620032400,0
2021-05-03 12:00:00,4532117045436,Apollo,food_dining,568.8,15.923098689285018,79.7336307776178,15.804608936887925,79.77883886254483,1620043200,0
2021-05-03 15:00:00,4532117045436,Netflix,travel,201.69,15.917552676067722,79.74917854553244,16.3091829017158,79.36010047405921,1620054000,0
2021-05-03 18:00:00,4532117045436,Amazon,gas_transport,425.73,15.932399023977167,79.76489628260386,15.249996983569062,79.74888775861197,1620064800,0
2021-05-03 21:00:00,4532117045436,Apollo,food_dining,451.85,15.908480963368346,79.74302662259933,16.251015898819734,79.40208833171091,1620075600,0
2021-05-04 00:00:00,4532117045436,Amazon,shopping_net,420.86,15.909663305586653,79.72645128786367,15.966894673241722,80.2131586437701,1620086400,0
2021-05-04 03:00:00,4532117045436,Amazon,gas_transport,390.55,15.913965618913949,79.73782341584767,15.62840180007723,80.17067221800863,1620097200,0
2021-05-04 06:00:00,4532117045436,Amazon,food_dining,349.87,15.910605015842567,79.74122029918169,15.353292375212954,80.54512519931681,1620108000,0
2021-05-04 09:00:00,4532117045436,Apollo,gas_transport,563.18,15.9178871090985,79.74786343650649,16.64242502301047,78.91892355910882,1620118800,0
2021-05-04 12:00:00,4532117045436,MakeMyTrip,gas_transport,599.92,15.906503790610614,79.74809992139132,16.301287831348827,78.83746701520198,1620129600,0
2021-05-04 15:00:00,4532117045436,Shell,travel,437.68,15.898952756550576,79.75364252790341,15.830427372895278,79.6235410040989,1620140400,0
2021-05-04 18:00:00,4532117045436,Shell,travel,285.5,15.895006594210084,79.73998449203019,15.930311802835384,80.14790917586839,1620151200,0
2021-05-04 21:00:00,4532117045436,MakeMyTrip,food_dining,719.09,15.917705126237655,79.74017678501836,15.778985804433189,80.25231756631175,1620162000,0
2021-05-05 00:00:00,4532117045436,Amazon,food_dining,2465.35,15.907640888793907,79.72112063058408,29.302931176278264,75.13063703903094,1620172800,1
2021-05-05 03:00:00,4532117045436,Netflix,grocery_pos,231.09,15.901204590195489,79.72987220846079,16.557144541536484,80.14702073804331,1620183600,0
2021-05-05 06:00:00,4532117045436,Walmart,gas_transport,148.11,15.906709409300008,79.72637748218763,16.022321346942867,80.49749300639505,1620194400,0
2021-05-05 09:00:00,4532117045436,Apollo,entertainment,464.92,15.932425319025954,79.73159358449476,16.390090665209083,79.34611804768096,1620205200,0
2021-05-05 12:00:00,4532117045436,Walmart,gas_transport,417.39,15.901791066071638,79.72848128118275,15.685785109763101,80.47355132731148,1620216000,0
2021-05-05 15:00:00,4532117045436,MakeMyTrip,gas_transport,604.64,15.920171915303499,79.72915807491054,15.95896909509556,80.48878693659681,1620226800,0
2021-05-05 18:00:00,4532117045436,Netflix,food_dining,541.66,15.917110935714492,79.75089278233695,16.072861800001142,79.4640190255753,1620237600,0
2021-05-05 21:00:00,4532117045436,Apollo,gas_transport,493.53,15.926314328180132,79.7207640714277,16.428479016992902,79.26542445043641,1620248400,0
2021-05-06 00:00:00,4532117045436,MakeMyTrip,health_fitness,409.29,15.911669071283859,79.73801648578477,16.809398210368894,80.11892137780215,1620259200,0
2021-05-06 03:00:00,4532117045436,Amazon,gas_transport,616.5,15.897296556015693,79.74864157258467,15.738524259024398,80.73533057240886,1620270000,0
2021-05-06 06:00:00,4532117045436,Shell,health_fitness,730.11,15.922825453047809,79.73698507111003,15.739091610275937,79.31776912672413,1620280800,0
2021-05-06 09:00:00,4532117045436,Walmart,travel,601.35,15.910401776848873,79.75327108427919,15.790045594558341,80.70016163110941,1620291600,0
2021-05-06 12:00:00,4532117045436,Zomato,entertainment,380.47,15.92564463129812,79.73400428630683,15.61474967668493,79.25976229939066,1620302400,0
2021-05-06 15:00:00,4532117045436,Zomato,food_dining,2244.46,15.921059688933118,79.75750743240634,29.470096169411413,76.66780561801869,1620313200,1
2021-05-06 18:00:00,4532117045436,Netflix,gas_transport,389.69,15.922858695923807,79.72431382910062,15.0721056384521,79.17527143051025,1620324000,0
2021-05-06 21:00:00,4532117045436,Amazon,health_fitness,284.24,15.936584817093255,79.75328975586807,17.25609889174152,79.9553750884456,1620334800,0
2021-05-07 00:00:00,4532117045436,Walmart,health_fitness,315.14,15.91571998044896,79.73105761711618,16.23223576263006,79.80782764546727,1620345600,0
2021-05-07 03:00:00,4532117045436,Amazon,travel,396.27,15.927328550698114,79.75444898424159,15.871611312023257,79.76483554166259,1620356400,0
2021-05-07 06:00:00,4532117045436,Walmart,health_fitness,465.59,15.908851544659703,79.73531929221063,15.494084079065358,79.42615835975707,1620367200,0
2021-05-07 09:00:00,4532117045436,Netflix,shopping_net,759.09,15.918307113966657,79.75104591098902,15.892667135036746,79.52636777905845,1620378000,0
2021-05-07 12:00:00,4532117045436,Netflix,grocery_pos,317.75,15.907877292804281,79.75273800806487,15.631027066996502,79.70676122174106,1620388800,0
2021-05-07 15:00:00,4532117045436,Zomato,entertainment,648.52,15.917692398390576,79.73422047441822,16.603079562248702,79.60947704658162,1620399600,0
2021-05-07 18:00:00,4532117045436,Amazon,travel,402.41,15.916648054972734,79.75021896801884,16.228414601154295,79.71865625949091,1620410400,0
2021-05-07 21:00:00,4532117045436,Apollo,travel,147.54,15.892294334564939,79.73972033941223,16.74835840268551,78.9917400656463,1620421200,0
2021-05-08 00:00:00,4532117045436,Zomato,gas_transport,374.14,15.906782721063433,79.72537397772827,15.767696943246703,78.66456589666369,1620432000,0
2021-05-08 03:00:00,4532117045436,Amazon,shopping_net,626.5,15.915203157048724,79.7450830970566,15.983571164466145,79.91348602974041,1620442800,0
2021-05-08 06:00:00,4532117045436,Zomato,gas_transport,501.7,15.89032607017789,79.7298342886242,15.86419830621388,79.92979736384375,1620453600,0
2021-05-08 09:00:00,4532117045436,Apollo,gas_transport,510.67,15.911941556292948,79.73346985301919,15.725995155627174,79.85717085124385,1620464400,0
2021-05-08 12:00:00,4532117045436,Shell,food_dining,649.28,15.922984702898397,79.73107215696051,15.398380512153922,80.00387984424536,1620475200,0
2021-05-08 15:00:00,4532117045436,Shell,food_dining,294.55,15.925902464832257,79.74378217281011,16.272586780529934,79.51364334217352,1620486000,0
2021-05-08 18:00:00,4532117045436,Shell,food_dining,292.24,15.905075552863217,79.73014421258812,16.08341460481495,79.56415075147062,1620496800,0
2021-05-08 21:00:00,4532117045436,Shell,shopping_net,110.44,15.926544061735479,79.72773645614552,15.88928122330473,79.50094414705319,1620507600,0
2021-05-09 00:00:00,4532117045436,MakeMyTrip,gas_transport,581.56,15.924981165131696,79.72956628272203,16.16437198024473,78.83493960488804,1620518400,0
2021-05-09 03:00:00,4532117045436,Walmart,grocery_pos,534.37,15.891421093027612,79.73290220642787,15.706828990564567,80.0273815173698,1620529200,0
2021-05-09 06:00:00,4532117045436,MakeMyTrip,entertainment,558.59,15.914057919129844,79.74496668793181,15.920500105021457,80.13267083846678,1620540000,0
2021-05-09 09:00:00,4532117045436,MakeMyTrip,food_dining,272.55,15.91516429211212,79.74909072242885,16.343916109791625,80.2059274090415,1620550800,0
2021-05-09 12:00:00,4532117045436,MakeMyTrip,food_dining,209.36,15.928087952178927,79.74894747549965,16.412223517827478,79.58460721191987,1620561600,0
2021-05-09 15:00:00,4532117045436,Shell,travel,252.06,15.91576384960925,79.73965244125954,16.676993866357794,79.38123541688418,1620572400,0
2021-05-09 18:00:00,4532117045436,Apollo,gas_transport,311.61,15.926837310396081,79.73939442207455,15.358122980594155,79.5047458972904,1620583200,0
2021-05-09 21:00:00,4532117045436,Netflix,gas_transport,683.09,15.90509218314603,79.73816275544318,15.431587627648481,79.48224920573563,1620594000,0
2021-05-10 00:00:00,4532117045436,Netflix,shopping_net,600.02,15.896919507466011,79.74444152020821,15.336937572696202,78.73826727851538,1620604800,0
2021-05-10 03:00:00,4532117045436,Walmart,shopping_net,381.27,15.90642161812378,79.75119593555895,15.588793266134877,79.88857109446207,1620615600,0
2021-05-10 06:00:00,4532117045436,Shell,food_dining,494.89,15.928669884366803,79.7384890219499,15.745300282427198,80.16183125098313,1620626400,0
2021-05-10 09:00:00,4532117045436,Shell,gas_transport,348.25,15.922159193800065,79.74532635743302,16.131429846021028,79.8483086973034,1620637200,0
2021-05-10 12:00:00,4532117045436,Shell,grocery_pos,504.64,15.936124614336402,79.72759569542167,16.49517454245336,79.75127415654849,1620648000,0
2021-05-10 15:00:00,4532117045436,Zomato,entertainment,279.29,15.8984667055459,79.74852674843615,15.715970790386578,79.42637297650204,1620658800,0
2021-05-10 18:00:00,4532117045436,Amazon,gas_transport,562.54,15.923313219796936,79.74216068092252,16.199886413031752,80.12101301598558,1620669600,0
2021-05-10 21:00:00,4532117045436,Zomato,travel,322.54,15.920448661997735,79.72967417562006,16.5518978361023,79.69616426714028,1620680400,0
2021-05-11 00:00:00,4532117045436,Amazon,gas_transport,570.89,15.910046832628371,79.75069284550167,15.685271151285708,79.13063294072924,1620691200,0
2021-05-11 03:00:00,4532117045436,Shell,health_fitness,385.89,15.920659275916627,79.72758781975976,15.772251372886123,80.40158705160837,1620702000,0
2021-05-11 06:00:00,4532117045436,Shell,shopping_net,331.49,15.914299648109235,79.71725084710879,15.945957285964464,80.06333710159586,1620712800,0
2021-05-11 09:00:00,4532117045436,Zomato,travel,691.95,15.917503075155416,79.74846783348194,15.07508952232472,80.56745711736428,1620723600,0
2021-05-11 12:00:00,4532117045436,Zomato,entertainment,476.54,15.919705499310036,79.74385368911169,16.168548869164663,80.32140522101153,1620734400,0
2021-05-11 15:00:00,4532117045436,Amazon,food_dining,401.67,15.92270109295255,79.72788981648297,15.310475577297652,79.42849559659811,1620745200,0
2021-05-11 18:00:00,4532117045436,Netflix,travel,563.73,15.913768116661604,79.74355352881238,16.307753163811878,79.59745508552064,1620756000,0
2021-05-11 21:00:00,4532117045436,Amazon,gas_transport,249.0,15.930673360546129,79.75169878251646,15.69742883873174,80.24577235606554,1620766800,0
2021-05-12 00:00:00,4532117045436,Zomato,food_dining,616.03,15.91074274675105,79.74261177546433,15.657701945386037,79.15236355269826,1620777600,0
2021-05-12 03:00:00,4532117045436,Apollo,gas_transport,429.08,15.931737576206881,79.76438550473075,15.423573032097638,80.56794653814015,1620788400,0
2021-05-12 06:00:00,4532117045436,Zomato,food_dining,540.12,15.901621560715576,79.7314898574613,16.183399707745938,79.9037360903309,1620799200,0
2021-05-12 09:00:00,4532117045436,Apollo,entertainment,217.82,15.903049404753208,79.71764342385343,16.180138309044935,80.15397915212321,1620810000,0
2021-05-12 12:00:00,4532117045436,Walmart,shopping_net,5307.7,15.903634897346443,79.72589032344146,27.393688079061913,77.46470620842057,1620820800,1
2021-05-12 15:00:00,4532117045436,Zomato,entertainment,450.69,15.922468607817258,79.71705618490596,16.811723548161442,79.76669417368721,1620831600,0
2021-05-12 18:00:00,4532117045436,Walmart,health_fitness,604.54,15.904845384806928,79.76138897857163,15.930049337086306,79.59482301005312,1620842400,0
2021-05-12 21:00:00,4532117045436,Netflix,grocery_pos,552.06,15.927801253606036,79.73995059461973,15.905920706946842,79.66674810049601,1620853200,0
2021-05-13 00:00:00,4532117045436,Amazon,shopping_net,391.13,15.907635262891272,79.75939102053894,15.942552916421358,78.40462981935714,1620864000,0
2021-05-13 03:00:00,4532117045436,Apollo,entertainment,497.69,15.916892856982484,79.73645446500637,15.572740601406107,80.02137990472998,1620874800,0
2021-05-13 06:00:00,4532117045436,Amazon,health_fitness,638.49,15.919300875254368,79.73094911641168,15.415977524213519,80.82936663793093,1620885600,0
2021-05-13 09:00:00,4532117045436,Walmart,grocery_pos,420.0,15.902742556769008,79.72269925121772,15.726134657795377,79.3254047491537,1620896400,0
2021-05-13 12:00:00,4532117045436,Apollo,health_fitness,403.67,15.898992265632303,79.73603246569617,16.22989180772938,79.00594055595568,1620907200,0
2021-05-13 15:00:00,4532117045436,Amazon,gas_transport,166.54,15.915728832000342,79.74844208648834,14.987244250129644,80.52438362893866,1620918000,0
2021-05-13 18:00:00,4532117045436,Zomato,gas_transport,408.14,15.910127583697676,79.7377538776753,15.163135297232474,79.92879511275524,1620928800,0
2021-05-13 21:00:00,4532117045436,Shell,food_dining,189.06,15.917884490078842,79.72402492425246,15.609122964639337,80.19233119543607,1620939600,0
2021-05-14 00:00:00,4532117045436,Walmart,shopping_net,432.85,15.899443419206953,79.74653124615048,15.015858380444199,79.99165006261175,1620950400,0
2021-05-14 03:00:00,4532117045436,Amazon,gas_transport,598.22,15.909332428320942,79.74838797621001,15.204544845527643,79.27633103636094,1620961200,0
2021-05-14 06:00:00,4532117045436,Walmart,travel,132.05,15.911081623584082,79.73470145289406,16.317631151491483,80.19442800216547,1620972000,0
2021-05-14 09:00:00,4532117045436,MakeMyTrip,health_fitness,635.13,15.888525302635594,79.73344945289726,15.693768827926801,79.49350607204107,1620982800,0
2021-05-14 12:00:00,4532117045436,Walmart,shopping_net,400.47,15.922854572709571,79.72290654281157,15.489951166598445,79.32701301779265,1620993600,0
2021-05-14 15:00:00,4532117045436,Apollo,travel,445.93,15.905325581548839,79.74628067996932,15.98287867335231,80.05921637511875,1621004400,0
2021-05-14 18:00:00,4532117045436,MakeMyTrip,gas_transport,374.64,15.927891613416726,79.73537670982921,15.970395448862254,79.82638737557996,1621015200,0
2021-05-14 21:00:00,4532117045436,Apollo,food_dining,193.01,15.90597169282086,79.71321219866,16.49520164598154,79.94656749851477,1621026000,0
2021-05-15 00:00:00,4532117045436,Shell,entertainment,7148.6,15.907686732640071,79.72514912946176,28.304285150568354,77.83437425588716,1621036800,1
2021-05-15 03:00:00,4532117045436,MakeMyTrip,food_dining,764.61,15.900480878814395,79.74562218385397,15.449681163861776,80.15514934458878,1621047600,0
2021-05-15 06:00:00,4532117045436,Zomato,travel,285.59,15.924366127310886,79.7365808629446,15.614394086190241,80.3883564492309,1621058400,0
2021-05-15 09:00:00,4532117045436,Walmart,grocery_pos,211.72,15.917441618495102,79.72864542109012,16.108468247388217,79.84576906671148,1621069200,0
2021-05-15 12:00:00,4532117045436,Amazon,gas_transport,471.19,15.926901357111326,79.74053792877847,17.358847617027102,80.46229923256446,1621080000,0
2021-05-15 15:00:00,4532117045436,Netflix,travel,437.13,15.910826510065617,79.73159952605818,16.206090538653264,80.30584547556901,1621090800,0
2021-05-15 18:00:00,4532117045436,Walmart,grocery_pos,4315.51,15.91248284253217,79.73357225851973,30.27957441884822,77.17979391291487,1621101600,1
2021-05-15 21:00:00,4532117045436,Walmart,grocery_pos,452.17,15.896079867682298,79.73730470579355,15.306259051964451,79.45262159092907,1621112400,0
2021-05-16 00:00:00,4532117045436,Shell,health_fitness,546.63,15.906659556231306,79.75685491771709,15.243688919618625,80.22985211139046,1621123200,0
2021-05-16 03:00:00,4532117045436,Zomato,shopping_net,361.93,15.914604986547673,79.75680762002594,16.364472635771396,79.9537874841494,1621134000,0
2021-05-16 06:00:00,4532117045436,Netflix,health_fitness,479.16,15.916772008374664,79.72028820425642,15.515511204475494,79.06883848706417,1621144800,0
2021-05-16 09:00:00,4532117045436,MakeMyTrip,gas_transport,603.58,15.931139374733053,79.73935390854919,15.735858316875884,79.14787058698612,1621155600,0
2021-05-16 12:00:00,4532117045436,MakeMyTrip,grocery_pos,300.71,15.894390528437578,79.72547793415079,16.741534538257234,79.13251385696682,1621166400,0
2021-05-16 15:00:00,4532117045436,MakeMyTrip,travel,101.67,15.915194547508039,79.72936761531388,15.055588689733941,79.14342012594558,1621177200,0
2021-05-16 18:00:00,4532117045436,Apollo,entertainment,550.62,15.909137627239028,79.72141110861524,16.048141888054957,79.19217920691202,1621188000,0
2021-05-16 21:00:00,4532117045436,Apollo,grocery_pos,825.44,15.913655035932383,79.73132267267879,15.46108051498452,80.15826112950528,1621198800,0
2021-05-17 00:00:00,4532117045436,Amazon,travel,448.9,15.913927162513103,79.72806788645067,16.731035452292623,79.78108040856942,1621209600,0
2021-05-17 03:00:00,4532117045436,Netflix,entertainment,480.29,15.910988154377499,79.75025540577343,15.443610873754125,80.18141051234167,1621220400,0
2021-05-17 06:00:00,4532117045436,MakeMyTrip,health_fitness,405.63,15.901568920818665,79.73158069756124,16.247358586264028,79.18000271994904,1621231200,0
2021-05-17 09:00:00,4532117045436,Apollo,health_fitness,688.21,15.89971222809494,79.72054174466153,15.00881164892407,78.96907605637307,1621242000,0
2021-05-17 12:00:00,4532117045436,Amazon,shopping_net,438.34,15.910250882152036,79.73997175996911,16.68953907402208,79.30841182900915,1621252800,0
2021-05-17 15:00:00,4532117045436,Zomato,travel,422.02,15.89869382502985,79.73823072125775,16.372761926687367,80.08645916742869,1621263600,0
2021-05-17 18:00:00,4532117045436,Amazon,grocery_pos,586.63,15.911770957208653,79.73736450795911,15.634803561608411,80.11405695865217,1621274400,0
2021-05-17 21:00:00,4532117045436,Apollo,food_dining,377.36,15.910366305578611,79.74609998670037,16.109391550079916,79.6264517287524,1621285200,0
2021-05-18 00:00:00,4532117045436,Shell,health_fitness,257.3,15.888399646982903,79.75231893840211,16.391563366382425,79.9012147426257,1621296000,0
2021-05-18 03:00:00,4532117045436,Shell,health_fitness,582.35,15.932236130761726,79.73721835920308,15.9893161403788,79.48670199444595,1621306800,0
2021-05-18 06:00:00,4532117045436,MakeMyTrip,shopping_net,361.27,15.91367257666146,79.74265683347674,15.71862640036893,79.37718076286983,1621317600,0
2021-05-18 09:00:00,4532117045436,Shell,entertainment,303.68,15.888526098598255,79.7374728405535,15.863856600916098,79.93882680133657,1621328400,0
2021-05-18 12:00:00,4532117045436,MakeMyTrip,shopping_net,765.01,15.915371329322088,79.74506492233806,15.967912462444621,80.07144434143967,1621339200,0
2021-05-18 15:00:00,4532117045436,MakeMyTrip,grocery_pos,423.21,15.910866106806486,79.72530306923994,15.941071241984153,80.6352533584245,1621350000,0
2021-05-18 18:00:00,4532117045436,Apollo,travel,524.13,15.899722343102793,79.74617344420254,16.13015967410433,79.24078962193828,1621360800,0
2021-05-18 21:00:00,4532117045436,Shell,gas_transport,454.43,15.915993029407742,79.74283021148104,15.402277005948214,79.17835790746696,1621371600,0
2021-05-19 00:00:00,4532117045436,MakeMyTrip,gas_transport,317.05,15.903478461448104,79.7304048334893,15.588798509115138,79.49233505094601,1621382400,0
2021-05-19 03:00:00,4532117045436,Netflix,travel,553.42,15.914830326288325,79.76208347786479,15.717817096485083,80.04659892074145,1621393200,0
2021-05-19 06:00:00,4532117045436,Zomato,entertainment,497.19,15.90588490326611,79.7264056780265,16.148401487854013,80.74388501054501,1621404000,0
2021-05-19 09:00:00,4532117045436,Amazon,health_fitness,351.09,15.9038442088252,79.743297734177,15.148869897627138,79.81082638987102,1621414800,0
2021-05-19 12:00:00,4532117045436,Amazon,entertainment,514.98,15.912744661519646,79.73042790385395,15.989850488714398,79.30894518007699,1621425600,0
2021-05-19 15:00:00,4532117045436,Apollo,health_fitness,372.85,15.896679070218296,79.74578002625479,16.303292285578483,79.17046566180622,1621436400,0
2021-05-19 18:00:00,4532117045436,Shell,health_fitness,284.33,15.9120746277439,79.75999640471808,15.937100797850137,79.44877346626704,1621447200,0
2021-05-19 21:00:00,4532117045436,Shell,gas_transport,269.15,15.91947253778013,79.74775554217089,15.950506584965016,79.85469026224727,1621458000,0
2021-05-20 00:00:00,4532117045436,MakeMyTrip,entertainment,490.51,15.925606107907356,79.73883953953084,15.761648805649381,80.0962943282484,1621468800,0
2021-05-20 03:00:00,4532117045436,Walmart,shopping_net,392.59,15.923785682139941,79.74928605518065,15.944019777447732,79.84928943100691,1621479600,0
2021-05-20 06:00:00,4532117045436,MakeMyTrip,health_fitness,675.26,15.926433305158554,79.73409551134223,15.692346556172568,79.38007761003415,1621490400,0
2021-05-20 09:00:00,4532117045436,Zomato,food_dining,443.56,15.908352859737704,79.74488977742713,15.829708249157294,79.08603200528061,1621501200,0
2021-05-20 12:00:00,4532117045436,Netflix,food_dining,332.22,15.902653642484953,79.74087750202881,15.692072377697999,80.06790968999462,1621512000,0
2021-05-20 15:00:00,4532117045436,Amazon,shopping_net,473.67,15.921053563616036,79.72783417531605,15.823211163934614,79.46465842617694,1621522800,0
2021-05-20 18:00:00,4532117045436,MakeMyTrip,food_dining,255.86,15.907731066590118,79.75708609293416,15.754106671448453,79.50605866608161,1621533600,0
2021-05-20 21:00:00,4532117045436,Walmart,grocery_pos,437.38,15.912962622802603,79.75243822216376,15.322303054555887,79.23299488485132,1621544400,0
2021-05-21 00:00:00,4532117045436,Walmart,health_fitness,497.88,15.920368670108354,79.73143856693926,15.160098541820702,78.96293319986086,1621555200,0
2021-05-21 03:00:00,4532117045436,MakeMyTrip,shopping_net,479.35,15.933110977703873,79.75025667881715,15.952514385021773,80.56246568082469,1621566000,0
2021-05-21 06:00:00,4532117045436,Apollo,entertainment,645.42,15.91818800510118,79.72822521417325,16.21483982812163,79.41069256799686,1621576800,0
2021-05-21 09:00:00,4532117045436,Amazon,health_fitness,839.63,15.914951029824508,79.74462924259448,16.690022423214227,78.75781452781462,1621587600,0
2021-05-21 12:00:00,4532117045436,Apollo,shopping_net,550.71,15.901688891160097,79.74047517965094,16.461683803813585,79.82146633917587,1621598400,0
2021-05-21 15:00:00,4532117045436,Netflix,gas_transport,4239.74,15.924593554235587,79.75678394814108,31.23845010364844,75.11386234533691,1621609200,1
2021-05-21 18:00:00,4532117045436,Walmart,entertainment,831.52,15.916986428607881,79.74331900500061,16.027510060812613,78.80361657928717,1621620000,0
2021-05-21 21:00:00,4532117045436,Walmart,gas_transport,299.07,15.909428580298357,79.72454839804548,15.97251791078831,80.3104072054472,1621630800,0
2021-05-22 00:00:00,4532117045436,Zomato,health_fitness,469.59,15.908395816458606,79.75019267478122,15.51831888939432,80.07115979562194,1621641600,0
2021-05-22 03:00:00,4532117045436,Netflix,entertainment,378.3,15.9088313737906,79.7355941916113,15.461777805216762,80.16125534428615,1621652400,0
2021-05-22 06:00:00,4532117045436,Walmart,food_dining,576.4,15.913339652027783,79.73512266758684,16.00815529506191,79.87390321312719,1621663200,0
2021-05-22 09:00:00,4532117045436,Netflix,shopping_net,490.74,15.8983099299353,79.740291981502,15.495403318245053,79.08826086080288,1621674000,0
2021-05-22 12:00:00,4532117045436,Amazon,health_fitness,327.24,15.925080228047197,79.73425315192794,15.867609014932743,79.7088815788203,1621684800,0
2021-05-22 15:00:00,4532117045436,Shell,grocery_pos,451.64,15.923246733973055,79.75794815526692,14.66401744897216,79.49959307204735,1621695600,0
2021-05-22 18:00:00,4532117045436,Walmart,entertainment,607.04,15.911225116484596,79.74805187628888,16.14646947620985,79.41493969996804,1621706400,0
2021-05-22 21:00:00,4532117045436,Zomato,entertainment,254.44,15.9088535051713,79.72856124784501,15.395527803979778,80.55819398223568,1621717200,0
2021-05-23 00:00:00,4532117045436,Amazon,travel,330.4,15.912668222952151,79.73272448088848,15.199010353695213,79.2443640730729,1621728000,0
2021-05-23 03:00:00,4532117045436,MakeMyTrip,health_fitness,307.91,15.914365618255866,79.72690382408146,16.274129012867117,79.50842586475953,1621738800,0
2021-05-23 06:00:00,4532117045436,Netflix,health_fitness,498.96,15.909899033039146,79.74967726685834,16.3944374275281,79.75887126447509,1621749600,0
2021-05-23 09:00:00,4532117045436,MakeMyTrip,gas_transport,636.08,15.92289085059983,79.73933108521942,15.87066536062132,79.9369329281643,1621760400,0
2021-05-23 12:00:00,4532117045436,Apollo,travel,148.54,15.898658918289915,79.73023362977203,15.554341277607893,80.58614532318198,1621771200,0
2021-05-23 15:00:00,4532117045436,Amazon,food_dining,464.16,15.905780638300653,79.75571821305776,16.27204032309884,79.65824258206592,1621782000,0
2021-05-23 18:00:00,4532117045436,MakeMyTrip,gas_transport,311.37,15.92065241991864,79.74504878722267,15.528398290105518,79.88545765318753,1621792800,0
2021-05-23 21:00:00,4532117045436,Walmart,travel,600.81,15.91614276542479,79.74185525773638,15.83408111407727,79.13785404003723,1621803600,0
2021-05-24 00:00:00,4532117045436,Netflix,gas_transport,414.45,15.906104587495916,79.74138358682357,16.58705479198502,80.02775599997639,1621814400,0
2021-05-24 03:00:00,4532117045436,Shell,food_dining,469.6,15.91690468466697,79.72642013550082,16.100532880336335,80.70772870841408,1621825200,0
2021-05-24 06:00:00,4532117045436,Amazon,travel,449.8,15.904970395549137,79.74559354555068,15.889821725518917,79.52630074858492,1621836000,0
2021-05-24 09:00:00,4532117045436,Walmart,travel,618.63,15.909798841692208,79.73581125292175,15.77495417147659,80.14151379229178,1621846800,0
2021-05-24 12:00:00,4532117045436,Zomato,grocery_pos,757.29,15.923337189455426,79.74870650458412,15.934813252422328,79.0347979016893,1621857600,0
2021-05-24 15:00:00,4532117045436,Apollo,gas_transport,279.8,15.922230835770652,79.74639232465782,16.045903531288275,79.56749142607707,1621868400,0
2021-05-24 18:00:00,4532117045436,Netflix,gas_transport,5029.16,15.91578236757764,79.73938924185478,29.54932461282295,77.51697764587213,1621879200,1
2021-05-24 21:00:00,4532117045436,Amazon,entertainment,498.22,15.902388509627468,79.73868183478922,16.51702857033602,79.91604025358865,1621890000,0
2021-05-25 00:00:00,4532117045436,Amazon,food_dining,327.54,15.909123448499052,79.75658930671996,15.683830547015447,79.67019358939802,1621900800,0
2021-05-25 03:00:00,4532117045436,Shell,shopping_net,590.04,15.913864656428094,79.72663141954568,15.810637358196148,80.30461631614749,1621911600,0
2021-05-25 06:00:00,4532117045436,Shell,grocery_pos,614.12,15.927454213880653,79.73426600913541,16.31971071054153,79.48316508533229,1621922400,0
2021-05-25 09:00:00,4532117045436,Zomato,travel,368.01,15.895076305663574,79.75136533030172,15.842163766964717,80.10542451562247,1621933200,0
2021-05-25 12:00:00,4532117045436,Apollo,travel,335.47,15.904178559531001,79.75485175315939,16.353413207367918,79.82071606764856,1621944000,0
2021-05-25 15:00:00,4532117045436,Zomato,travel,408.78,15.924186033921222,79.73862115115159,15.889386835761607,79.20062779348343,1621954800,0
2021-05-25 18:00:00,4532117045436,Walmart,grocery_pos,465.6,15.92650167077794,79.73300680955268,15.962566460930802,78.62578127216389,1621965600,0
2021-05-25 21:00:00,4532117045436,Walmart,travel,497.23,15.912202862627222,79.73320945445276,16.020586401561623,79.81332983177882,1621976400,0
2021-05-26 00:00:00,4532117045436,Zomato,travel,112.08,15.928284007412232,79.72565572747519,16.099852930719244,79.39770796346563,1621987200,0
2021-05-26 03:00:00,4532117045436,Apollo,food_dining,304.88,15.905566288455786,79.76001749889303,16.192651703834926,79.8776595967706,1621998000,0
2021-05-26 06:00:00,4532117045436,Zomato,health_fitness,389.39,15.897807605959365,79.73851941606289,16.438897024074347,79.10972892308703,1622008800,0
2021-05-26 09:00:00,4532117045436,Apollo,health_fitness,330.45,15.920802302756792,79.74464875092812,16.40921248334312,80.006766259884,1622019600,0
2021-05-26 12:00:00,4532117045436,Apollo,entertainment,5489.86,15.925847049096122,79.74475026614554,28.937560844390102,77.77471600880321,1622030400,1
2021-05-26 15:00:00,4532117045436,MakeMyTrip,entertainment,166.74,15.925680291919821,79.75483833779973,16.6400007218742,79.6203049288774,1622041200,0
2021-05-26 18:00:00,4532117045436,Netflix,travel,254.2,15.904265553937874,79.73580744379666,15.062644474447534,78.74196655399163,1622052000,0
2021-05-26 21:00:00,4532117045436,Apollo,food_dining,432.71,15.91489379862819,79.73651242187404,15.597298368629755,79.71214586200594,1622062800,0
2021-05-27 00:00:00,4532117045436,Shell,travel,384.57,15.9212981804696,79.748309175467,15.844005588616474,79.38374201367529,1622073600,0
2021-05-27 03:00:00,4532117045436,Apollo,entertainment,355.26,15.915909777132317,79.72205087113436,15.329770465957719,79.26628142403786,1622084400,0
2021-05-27 06:00:00,4532117045436,Apollo,grocery_pos,569.48,15.927363567091462,79.75490311944355,16.05281120372729,79.6352012740341,1622095200,0
2021-05-27 09:00:00,4532117045436,Apollo,grocery_pos,569.42,15.908849541427987,79.75738133418949,16.282830221947517,80.23831875052218,1622106000,0
2021-05-27 12:00:00,4532117045436,MakeMyTrip,shopping_net,472.49,15.912193841896785,79.74245784186375,15.556587826850048,79.45155400554364,1622116800,0
2021-05-27 15:00:00,4532117045436,MakeMyTrip,health_fitness,468.02,15.915261904615056,79.73062256270073,16.144624784152292,80.08871273605018,1622127600,0
2021-05-27 18:00:00,4532117045436,Walmart,food_dining,321.5,15.921225541392362,79.74853122876425,16.331324035014916,79.63220113000023,1622138400,0
2021-05-27 21:00:00,4532117045436,MakeMyTrip,gas_transport,339.45,15.910955402687982,79.73808965422813,14.945139459253305,79.69473197202589,1622149200,0
2021-05-28 00:00:00,4532117045436,Shell,health_fitness,193.85,15.922174341439334,79.74142212862658,16.00002221345914,80.28590934413054,1622160000,0
2021-05-28 03:00:00,4532117045436,Shell,gas_transport,412.39,15.92894624708055,79.74218475652985,16.099554201780787,79.60017375425173,1622170800,0
2021-05-28 06:00:00,4532117045436,MakeMyTrip,shopping_net,567.86,15.907719288475985,79.73341664704638,15.454294796976669,80.12305148717365,1622181600,0
2021-05-28 09:00:00,4532117045436,Zomato,shopping_net,653.15,15.911253406202901,79.74347262822833,15.315434545992028,79.62631810185842,1622192400,0
2021-05-28 12:00:00,4532117045436,Netflix,travel,413.28,15.922577595917762,79.72536723187913,15.569014270379288,80.01980597642289,1622203200,0
2021-05-28 15:00:00,4532117045436,MakeMyTrip,entertainment,523.75,15.93217528374137,79.718042545397,15.81937110367861,79.60724226072082,1622214000,0
2021-05-28 18:00:00,4532117045436,Apollo,shopping_net,21.6,15.919259592853813,79.74364382030555,15.537568028589359,79.82558516170604,1622224800,0
2021-05-28 21:00:00,4532117045436,Amazon,shopping_net,385.06,15.905037637299658,79.75043634616183,16.19068534190579,79.86859634181172,1622235600,0
2021-05-29 00:00:00,4532117045436,Netflix,gas_transport,381.55,15.914881722697231,79.73486463247383,16.12596786217909,80.07785304028668,1622246400,0
2021-05-29 03:00:00,4532117045436,Netflix,entertainment,673.68,15.922501933517655,79.73430298612485,16.100863149992925,79.97990686662489,1622257200,0
2021-05-29 06:00:00,4532117045436,Shell,shopping_net,508.94,15.904774314326271,79.74647526180951,16.54199722059689,79.31784919024619,1622268000,0
2021-05-29 09:00:00,4532117045436,Netflix,health_fitness,524.14,15.902116197966608,79.73979294277697,16.235623590527283,80.65007449866012,1622278800,0
2021-05-29 12:00:00,4532117045436,MakeMyTrip,shopping_net,516.35,15.909450169834438,79.73433905530727,16.05459341387198,79.75308674431541,1622289600,0
2021-05-29 15:00:00,4532117045436,Apollo,entertainment,456.82,15.919496335484386,79.7430528480643,15.300582137556958,80.19772824884201,1622300400,0
2021-05-29 18:00:00,4532117045436,Apollo,travel,679.85,15.89920785754158,79.74006365889058,16.491645555162542,78.545022719711,1622311200,0
2021-05-29 21:00:00,4532117045436,Walmart,food_dining,104.21,15.905969212123285,79.72750706789533,16.54623405246775,80.14169648317822,1622322000,0
2021-05-30 00:00:00,4532117045436,Apollo,entertainment,471.93,15.915636598851474,79.73891174688785,15.748357254486416,80.12265455822879,1622332800,0
2021-05-30 03:00:00,4532117045436,Apollo,gas_transport,619.47,15.92380518753649,79.7418293674782,15.508240118652418,79.85697972032126,1622343600,0
2021-05-30 06:00:00,4532117045436,Shell,food_dining,166.29,15.915802107430954,79.7346621665778,16.290189865743002,78.61171204921675,1622354400,0
2021-05-30 09:00:00,4532117045436,Apollo,health_fitness,575.69,15.916646847839328,79.74925752563703,15.002732945136449,79.37890635119528,1622365200,0
2021-05-30 12:00:00,4532117045436,Walmart,grocery_pos,335.83,15.922949217190498,79.74483329181066,16.112078183809583,79.22812857046797,1622376000,0
2021-05-30 15:00:00,4532117045436,Amazon,entertainment,466.47,15.928872578104764,79.73722926228442,16.661294610666275,80.3214289836271,1622386800,0
2021-05-30 18:00:00,4532117045436,MakeMyTrip,travel,332.95,15.927755118868655,79.74133649804472,15.722321140891497,79.13831192183453,1622397600,0
2021-05-30 21:00:00,4532117045436,Shell,gas_transport,593.87,15.892486384039321,79.73623549323996,16.033999248160566,80.01707881137273,1622408400,0
2021-05-31 00:00:00,4532117045436,Amazon,health_fitness,406.75,15.91388057912468,79.73775697627252,15.963414911122474,79.5951883614263,1622419200,0
2021-05-31 03:00:00,4532117045436,Shell,food_dining,576.87,15.922025158644182,79.73812488952784,16.4345595072399,80.28147559276024,1622430000,0
2021-05-31 06:00:00,4532117045436,Zomato,health_fitness,515.3,15.929897867310213,79.72229864460363,15.965960548958728,79.85445338792543,1622440800,0
2021-05-31 09:00:00,4532117045436,Netflix,entertainment,330.93,15.919309866111853,79.74027401074486,15.741542829548687,79.41724922497158,1622451600,0
2021-05-31 12:00:00,4532117045436,Zomato,shopping_net,525.28,15.904308137021395,79.74318341213011,15.153296061850373,79.3527790298104,1622462400,0
2021-05-31 15:00:00,4532117045436,Apollo,travel,350.46,15.90562987131563,79.76461493490733,15.960022882093172,79.51915291075488,1622473200,0
2021-05-31 18:00:00,4532117045436,Amazon,entertainment,459.62,15.905909682390707,79.74439883095388,15.877993654593515,78.19400222403425,1622484000,0
2021-05-31 21:00:00,4532117045436,Apollo,grocery_pos,404.01,15.915975188812507,79.73347083919292,14.895616972238841,80.6252614939553,1622494800,0
2021-06-01 00:00:00,4532117045436,Netflix,entertainment,584.99,15.908101779483756,79.72359187260423,15.409578901517875,80.39694626292682,1622505600,0
2021-06-01 03:00:00,4532117045436,Shell,food_dining,531.05,15.88245337834927,79.72943696580865,15.614082209899486,79.77401098553572,1622516400,0
2021-06-01 06:00:00,4532117045436,Netflix,food_dining,445.39,15.901117109860715,79.73500709091513,15.614186369276435,80.20980917418265,1622527200,0
2021-06-01 09:00:00,4532117045436,Walmart,entertainment,6440.77,15.908457508784808,79.735185407911,28.941286190503035,76.40353496509324,1622538000,1
2021-06-01 12:00:00,4532117045436,Netflix,food_dining,259.65,15.899275175100785,79.73762572998592,15.85801409218842,79.95815720076557,1622548800,0
2021-06-01 15:00:00,4532117045436,Walmart,shopping_net,470.35,15.900764705519093,79.735976924229,15.881522602875705,80.23345187137707,1622559600,0
2021-06-01 18:00:00,4532117045436,Netflix,health_fitness,355.16,15.933409706304907,79.73769099925194,17.042691814954757,79.62077479601503,1622570400,0
2021-06-01 21:00:00,4532117045436,MakeMyTrip,entertainment,168.3,15.912813781058356,79.73577690474451,15.692187752562504,80.12698118488022,1622581200,0
2021-06-02 00:00:00,4532117045436,Walmart,travel,250.5,15.909038852906216,79.74018415738233,15.478214599078509,78.84164623448007,1622592000,0
2021-06-02 03:00:00,4532117045436,Amazon,shopping_net,693.88,15.919573434277254,79.73096600205172,16.696397099831298,79.8472865271393,1622602800,0
2021-06-02 06:00:00,4532117045436,Apollo,health_fitness,351.0,15.924360694226504,79.7274122984509,16.644870855414744,79.73279813743292,1622613600,0
2021-06-02 09:00:00,4532117045436,Apollo,travel,612.32,15.935306156644552,79.73761938511367,15.371789980233544,79.56992083811218,1622624400,0
2021-06-02 12:00:00,4532117045436,Zomato,travel,396.5,15.929953730180301,79.74433961642522,16.519613846154517,79.6366479148788,1622635200,0
2021-06-02 15:00:00,4532117045436,Apollo,travel,635.94,15.917248088296251,79.72880961564536,14.989563939671251,79.61903532681602,1622646000,0
2021-06-02 18:00:00,4532117045436,Shell,health_fitness,625.07,15.897571920996569,79.73425400697525,17.348094858323435,80.29399917340398,1622656800,0
2021-06-02 21:00:00,4532117045436,MakeMyTrip,shopping_net,326.15,15.90287517618593,79.73853854754601,16.804318982238083,79.71088534568794,1622667600,0
2021-06-03 00:00:00,4532117045436,Netflix,travel,151.8,15.908881415533253,79.73829706060258,16.178867334867565,81.15065148474197,1622678400,0
2021-06-03 03:00:00,4532117045436,Zomato,travel,164.5,15.917965632050695,79.7475284718253,16.342185210630667,79.27024181185764,1622689200,0
2021-06-03 06:00:00,4532117045436,Shell,gas_transport,328.7,15.913843165212786,79.74939828868835,16.13475840958202,80.01735176924389,1622700000,0
2021-06-03 09:00:00,4532117045436,Shell,entertainment,733.45,15.898169732614216,79.7422201989458,15.58338464867595,80.18742816436719,1622710800,0
2021-06-03 12:00:00,4532117045436,Walmart,health_fitness,388.42,15.896382489723296,79.75209418301016,16.510731636934807,79.54520913264179,1622721600,0
2021-06-03 15:00:00,4532117045436,Apollo,health_fitness,471.79,15.915490080535838,79.73630977718632,16.590978950421395,79.13324128178972,1622732400,0
2021-06-03 18:00:00,4532117045436,Amazon,food_dining,645.5,15.914100405503495,79.74840198302554,15.549271901906515,79.51423617383044,1622743200,0
2021-06-03 21:00:00,4532117045436,Amazon,health_fitness,466.55,15.910801231323886,79.73386987179187,15.896897216977088,79.07947206823413,1622754000,0
2021-06-04 00:00:00,4532117045436,Zomato,shopping_net,461.38,15.917729260540401,79.74296013425227,15.296309347087838,79.32823421349883,1622764800,0
2021-06-04 03:00:00,4532117045436,MakeMyTrip,health_fitness,543.4,15.925368124608946,79.7464412287396,15.889075783848455,79.93357463902932,1622775600,0
2021-06-04 06:00:00,4532117045436,Amazon,gas_transport,493.35,15.916000689366658,79.7405614594395,15.77909359785528,81.03501475542379,1622786400,0
2021-06-04 09:00:00,4532117045436,Netflix,entertainment,435.08,15.903483496452024,79.73035005284797,16.53914440098843,80.60778320222633,1622797200,0
2021-06-04 12:00:00,4532117045436,Amazon,entertainment,341.78,15.9320521963567,79.72327443628801,16.713320366656752,79.43598868190553,1622808000,0
2021-06-04 15:00:00,4532117045436,Zomato,health_fitness,461.77,15.911136915173767,79.74556910660547,15.381071080958062,80.2128315322835,1622818800,0
2021-06-04 18:00:00,4532117045436,Amazon,travel,614.16,15.913399976329275,79.7372697670378,16.297468707368555,79.55818975435065,1622829600,0
2021-06-04 21:00:00,4532117045436,Netflix,grocery_pos,4632.75,15.906363419616737,79.73797090257717,28.47190686649933,78.21651238139536,1622840400,1
2021-06-05 00:00:00,4532117045436,Walmart,grocery_pos,493.84,15.902155864513368,79.75500108948174,15.03896631636097,79.69864558650582,1622851200,0
2021-06-05 03:00:00,4532117045436,MakeMyTrip,travel,563.27,15.902970056464284,79.73053771239964,16.395402535676318,78.64592211397844,1622862000,0
2021-06-05 06:00:00,4532117045436,Zomato,travel,490.46,15.900772057529315,79.7474035254706,15.17383905480458,78.89964800305084,1622872800,0
2021-06-05 09:00:00,4532117045436,Walmart,travel,436.9,15.882800589197762,79.73262287868947,15.6572887896974,80.19653388386685,1622883600,0
2021-06-05 12:00:00,4532117045436,Walmart,shopping_net,527.14,15.911337402744767,79.73822692850806,15.46239495143251,80.42196457690314,1622894400,0
2021-06-05 15:00:00,4532117045436,Walmart,grocery_pos,628.4,15.923923488554959,79.72914098520639,15.127342737220893,78.49499365601697,1622905200,0
2021-06-05 18:00:00,4532117045436,Shell,travel,317.05,15.903056875665733,79.73255308351838,16.46479585520207,80.4686742993242,1622916000,0
2021-06-05 21:00:00,4532117045436,MakeMyTrip,shopping_net,232.29,15.938494878894527,79.74413243541716,15.441798816086798,80.31930922234746,1622926800,0
2021-06-06 00:00:00,4532117045436,Apollo,food_dining,370.05,15.926763778072807,79.75293995479274,15.714754927531427,79.56568395974215,1622937600,0
2021-06-06 03:00:00,4532117045436,MakeMyTrip,shopping_net,481.75,15.912717761655292,79.74423503306234,15.909489580724628,79.96749531066891,1622948400,0
2021-06-06 06:00:00,4532117045436,Shell,grocery_pos,580.48,15.901789181782888,79.74305836582927,16.28439375154954,80.64864377995896,1622959200,0
2021-06-06 09:00:00,4532117045436,Apollo,health_fitness,301.57,15.896929021187205,79.76549070205687,15.428583037765142,80.3529849189118,1622970000,0
2021-06-06 12:00:00,4532117045436,MakeMyTrip,food_dining,76.71,15.911763163248109,79.74560565511129,16.156644580441945,79.98704223387088,1622980800,0
2021-06-06 15:00:00,4532117045436,Walmart,grocery_pos,373.58,15.91358120646849,79.73066378972736,15.797410159787168,79.42313240320367,1622991600,0
2021-06-06 18:00:00,4532117045436,Zomato,shopping_net,420.91,15.910856128858736,79.72316720673986,15.408862846809532,79.53493253239958,1623002400,0
2021-06-06 21:00:00,4532117045436,Apollo,gas_transport,275.66,15.923593231202927,79.74379149745036,16.423153905803474,80.08965394878086,1623013200,0
2021-06-07 00:00:00,4532117045436,Netflix,entertainment,336.59,15.927870820962402,79.72593479026334,16.952128034964005,80.0109088729435,1623024000,0
2021-06-07 03:00:00,4532117045436,Netflix,grocery_pos,580.09,15.917626738915535,79.72998543426351,16.014871245435458,80.32095545751488,1623034800,0
2021-06-07 06:00:00,4532117045436,Amazon,travel,461.72,15.918164659732547,79.74303301518414,15.608415386545548,79.0175912943374,1623045600,0
2021-06-07 09:00:00,4532117045436,Apollo,shopping_net,501.84,15.909744447378078,79.75039922487572,15.545048282090512,79.96247959556078,1623056400,0
2021-06-07 12:00:00,4532117045436,Zomato,travel,396.65,15.912850819249334,79.73714305064878,16.316112652609984,80.09964287925405,1623067200,0
2021-06-07 15:00:00,4532117045436,Shell,travel,336.88,15.917016334534074,79.72793863859467,15.919660226271592,79.61890060709652,1623078000,0
2021-06-07 18:00:00,4532117045436,Walmart,travel,395.57,15.90973261837234,79.73853549561393,15.38173675565865,80.93100347702739,1623088800,0
2021-06-07 21:00:00,4532117045436,Amazon,travel,524.83,15.919508471707996,79.7372791184529,15.066305155901784,79.30767907698336,1623099600,0
2021-06-08 00:00:00,4532117045436,Netflix,travel,226.3,15.902338242847623,79.74117693534564,16.10350717252847,79.71189976302904,1623110400,0
2021-06-08 03:00:00,4532117045436,Shell,food_dining,697.53,15.905577977147002,79.72797503167448,15.280233630122565,80.10547183938498,1623121200,0
2021-06-08 06:00:00,4532117045436,Shell,grocery_pos,536.23,15.902430869036563,79.73162850719689,15.71161656746786,80.17174964444187,1623132000,0
2021-06-08 09:00:00,4532117045436,Walmart,grocery_pos,369.62,15.906213778860247,79.75023557863375,16.727256676486014,79.6173157232847,1623142800,0
2021-06-08 12:00:00,4532117045436,Apollo,entertainment,572.01,15.9100271577471,79.7476125049968,15.497330619034893,79.61640600639826,1623153600,0
2021-06-08 15:00:00,4532117045436,Netflix,shopping_net,633.35,15.923190911366873,79.7516408722237,16.43974127789941,80.08935797395063,1623164400,0
2021-06-08 18:00:00,4532117045436,Zomato,gas_transport,400.45,15.91331432181957,79.72149506147929,15.402298329883644,79.97214578515923,1623175200,0
2021-06-08 21:00:00,4532117045436,Shell,food_dining,417.51,15.90005692268215,79.73113869417004,16.35024408710051,79.78605076153126,1623186000,0
2021-06-09 00:00:00,4532117045436,Walmart,shopping_net,674.02,15.898880395327598,79.74990909276518,16.200468868614912,78.81004090534196,1623196800,0
2021-06-09 03:00:00,4532117045436,Zomato,food_dining,767.85,15.908740024710825,79.74592331893592,16.156989299415063,79.81386091983693,1623207600,0
2021-06-09 06:00:00,4532117045436,Apollo,grocery_pos,454.42,15.92124401029978,79.74407305615442,15.608570467411129,80.54763545334947,1623218400,0
2021-06-09 09:00:00,4532117045436,Netflix,travel,276.27,15.926929769447947,79.73637611851159,16.23134422257989,80.03472241872512,1623229200,0
2021-06-09 12:00:00,4532117045436,Apollo,entertainment,379.41,15.896992350030638,79.73379828724448,16.100190267002287,79.35212690064624,1623240000,0
2021-06-09 15:00:00,4532117045436,Shell,entertainment,604.95,15.9166235246447,79.74032230965896,16.856871546859065,79.01064733284666,1623250800,0
2021-06-09 18:00:00,4532117045436,Zomato,health_fitness,295.47,15.90888127538524,79.73551487755059,15.604922927785319,80.21938785905697,1623261600,0
2021-06-09 21:00:00,4532117045436,Zomato,gas_transport,418.76,15.909657792150766,79.74528111521829,16.55589558772939,79.5101159821562,1623272400,0
2021-06-10 00:00:00,4532117045436,Zomato,entertainment,493.89,15.902257581210906,79.7403713041325,15.462585517504472,80.40761839486314,1623283200,0
2021-06-10 03:00:00,4532117045436,Shell,travel,311.59,15.91069936752547,79.73028844469025,15.793502467900101,80.39616858077795,1623294000,0
2021-06-10 06:00:00,4532117045436,Shell,grocery_pos,614.47,15.901808205401132,79.74634940673485,15.593645877556957,79.66562512579402,1623304800,0
2021-06-10 09:00:00,4532117045436,Apollo,gas_transport,554.1,15.910241490765157,79.75254279242958,15.66517914422303,79.9025145548913,1623315600,0
2021-06-10 12:00:00,4532117045436,Amazon,shopping_net,751.43,15.924382578425845,79.75321034025718,15.834210175916464,79.96493144659313,1623326400,0
2021-06-10 15:00:00,4532117045436,Apollo,travel,567.22,15.919212375199894,79.74673420745425,16.633774183043652,79.13990663431957,1623337200,0
2021-06-10 18:00:00,4532117045436,Netflix,travel,305.87,15.93203751610689,79.74687079596639,16.141221457371422,80.59325292952522,1623348000,0
2021-06-10 21:00:00,4532117045436,Walmart,entertainment,529.56,15.91816357229702,79.72838786187218,16.529938915240642,79.98951007263808,1623358800,0
2021-06-11 00:00:00,4532117045436,Zomato,gas_transport,598.2,15.914645180694968,79.73328664128759,15.920187886360019,79.81651727253009,1623369600,0
2021-06-11 03:00:00,4532117045436,Amazon,grocery_pos,605.92,15.918428956075124,79.7383165470152,16.55426763733383,80.2332430496808,1623380400,0
2021-06-11 06:00:00,4532117045436,Walmart,health_fitness,333.47,15.905142018305847,79.74592574154073,16.02640447095355,79.89251280423191,1623391200,0
2021-06-11 09:00:00,4532117045436,Amazon,food_dining,315.55,15.892039716512393,79.73399658679114,15.51827237578172,79.19614411435889,1623402000,0
2021-06-11 12:00:00,4532117045436,MakeMyTrip,food_dining,279.05,15.920861711514641,79.73693037681224,16.440900316514202,79.33723304536797,1623412800,0
2021-06-11 15:00:00,4532117045436,Apollo,grocery_pos,690.71,15.894946709152629,79.74559613311136,16.654851074026766,78.66716049991254,1623423600,0
2021-06-11 18:00:00,4532117045436,Shell,grocery_pos,543.43,15.924116010552977,79.74137109059603,16.23205848341284,79.7730347402232,1623434400,0
2021-06-11 21:00:00,4532117045436,Zomato,food_dining,326.82,15.92040813743342,79.74333868499441,16.328339980280656,80.01624679246018,1623445200,0
2021-06-12 00:00:00,4532117045436,Apollo,health_fitness,469.08,15.904404788542896,79.7322196452393,16.55247654345191,79.64625254749681,1623456000,0
2021-06-12 03:00:00,4532117045436,Walmart,gas_transport,431.45,15.908539103368778,79.73679532101177,15.777875832944504,79.16216957272145,1623466800,0
2021-06-12 06:00:00,4532117045436,MakeMyTrip,food_dining,304.11,15.91278461393876,79.73530460141629,15.553927593870423,79.49246554862106,1623477600,0
2021-06-12 09:00:00,4532117045436,MakeMyTrip,grocery_pos,455.43,15.903678286825798,79.7399906406314,16.09424890559097,79.55558414753457,1623488400,0
2021-06-12 12:00:00,4532117045436,MakeMyTrip,entertainment,478.6,15.91830520189349,79.73566872897956,16.776125595980766,80.17369084597024,1623499200,0
2021-06-12 15:00:00,4532117045436,Walmart,shopping_net,739.69,15.919186697815823,79.73431173456204,16.063494823078063,80.45591085117748,1623510000,0
2021-06-12 18:00:00,4532117045436,Walmart,health_fitness,351.65,15.898470385598532,79.74125027578691,16.227753264586408,78.37181349408344,1623520800,0
2021-06-12 21:00:00,4532117045436,Walmart,travel,193.59,15.904668909928846,79.76096729683184,15.950265019446718,79.70058916325078,1623531600,0
2021-06-13 00:00:00,4532117045436,Walmart,health_fitness,292.66,15.91253193154027,79.74583568038365,16.06018646236587,79.43794752327784,1623542400,0
2021-06-13 03:00:00,4532117045436,MakeMyTrip,entertainment,316.1,15.924305803309704,79.72219785674834,15.648890939222335,79.60965847017785,1623553200,0
2021-06-13 06:00:00,4532117045436,MakeMyTrip,entertainment,385.96,15.919422849956481,79.7435129527733,16.187033674416966,80.1610399830509,1623564000,0
2021-06-13 09:00:00,4532117045436,Amazon,travel,293.02,15.889590816984741,79.73485098338328,16.351792133658957,79.49024572358162,1623574800,0
2021-06-13 12:00:00,4532117045436,Apollo,grocery_pos,573.32,15.909980058222843,79.7305892726146,15.161642291414832,80.08221298836342,1623585600,0
2021-06-13 15:00:00,4532117045436,Zomato,food_dining,282.6,15.917626736170035,79.74703853163949,15.162329077851844,80.73568296444134,1623596400,0
2021-06-13 18:00:00,4532117045436,Shell,gas_transport,453.0,15.90490040182547,79.74077181894721,15.035969084055518,79.51488096588918,1623607200,0
2021-06-13 21:00:00,4532117045436,MakeMyTrip,health_fitness,750.03,15.904125876446015,79.76486371698878,16.65062859940753,79.6314914797733,1623618000,0
2021-06-14 00:00:00,4532117045436,Shell,travel,533.04,15.905430453170117,79.73885725945063,15.450503256503001,79.62028665204814,1623628800,0
2021-06-14 03:00:00,4532117045436,Apollo,health_fitness,517.61,15.909820228749089,79.73773774230352,16.08876372121783,80.93349545396681,1623639600,0
2021-06-14 06:00:00,4532117045436,Apollo,entertainment,728.6,15.903109065793236,79.7519714868837,16.805407944774984,79.48994444022894,1623650400,0
2021-06-14 09:00:00,4532117045436,Shell,food_dining,636.85,15.919499303697274,79.74021971217184,16.079161911475502,80.47498411491323,1623661200,0
2021-06-14 12:00:00,4532117045436,MakeMyTrip,health_fitness,534.77,15.904292985308881,79.72942759844402,16.17004672554635,79.72204770212555,1623672000,0
2021-06-14 15:00:00,4532117045436,Shell,gas_transport,403.39,15.902538412580181,79.7311923755243,15.49133741372337,79.82513465719126,1623682800,0
2021-06-14 18:00:00,4532117045436,Amazon,entertainment,446.6,15.908913080999712,79.73671561975989,16.079505488117682,80.15416045975279,1623693600,0
2021-06-14 21:00:00,4532117045436,Netflix,gas_transport,439.3,15.927689165540476,79.74657638278562,15.415351771040694,79.55364510191359,1623704400,0
2021-06-15 00:00:00,4532117045436,MakeMyTrip,food_dining,389.79,15.918152798684908,79.75272127514909,14.96124427715548,80.23126078311867,1623715200,0
2021-06-15 03:00:00,4532117045436,MakeMyTrip,health_fitness,481.81,15.918788638344507,79.74801949216791,15.939070959145186,79.60159620516995,1623726000,0
2021-06-15 06:00:00,4532117045436,Zomato,shopping_net,502.61,15.915762512713009,79.74568032012589,16.073308080417842,79.20573278026697,1623736800,0
2021-06-15 09:00:00,4532117045436,Walmart,health_fitness,263.31,15.90343019055467,79.75096875585764,15.648708230778526,80.24834707580312,1623747600,0
2021-06-15 12:00:00,4532117045436,Netflix,food_dining,694.81,15.906499342163995,79.74621172632278,15.539587608634507,80.0451595630116,1623758400,0
2021-06-15 15:00:00,4532117045436,Apollo,health_fitness,511.47,15.904800040689466,79.73096771718691,15.806184419055038,79.44694408974601,1623769200,0
2021-06-15 18:00:00,4532117045436,MakeMyTrip,travel,410.58,15.923815600018854,79.73779241936205,15.549531763245836,80.31637797808925,1623780000,0
2021-06-15 21:00:00,4532117045436,Shell,health_fitness,483.18,15.915853367312828,79.73484754278292,16.28400074088508,79.24781240736169,1623790800,0
2021-06-16 00:00:00,4532117045436,Netflix,grocery_pos,589.56,15.896226942973048,79.75262276444609,16.13632316541753,79.95144342199049,1623801600,0
2021-06-16 03:00:00,4532117045436,Zomato,health_fitness,230.0,15.927426530783848,79.73045394231968,16.72692058520267,78.89364775326527,1623812400,0
2021-06-16 06:00:00,4532117045436,Apollo,health_fitness,434.24,15.909580485688888,79.73064822236884,15.73514591695141,79.54536047306861,1623823200,0
2021-06-16 09:00:00,4532117045436,Walmart,gas_transport,272.12,15.919433780145203,79.7416992956602,15.947811133750992,79.3188932114046,1623834000,0
2021-06-16 12:00:00,4532117045436,Walmart,shopping_net,848.55,15.923423379400464,79.75929020690397,15.999689850492516,79.11036464451274,1623844800,0
2021-06-16 15:00:00,4532117045436,Zomato,gas_transport,470.73,15.887279313165433,79.74734890728935,15.726402899797845,79.75225594228553,1623855600,0
2021-06-16 18:00:00,4532117045436,Zomato,gas_transport,2523.26,15.9174459770728,79.75041676189969,27.01557881208295,78.4996717955754,1623866400,1
2021-06-16 21:00:00,4532117045436,Shell,entertainment,989.92,15.910374239349574,79.72893198674015,16.1348450900251,80.04739674544527,1623877200,0
2021-06-17 00:00:00,4532117045436,MakeMyTrip,grocery_pos,369.6,15.888681080027183,79.74668801511676,17.080310845673424,79.74084018954703,1623888000,0
2021-06-17 03:00:00,4532117045436,Walmart,gas_transport,418.64,15.901574729074744,79.72888810900308,16.412577705896112,79.95543114688034,1623898800,0
2021-06-17 06:00:00,4532117045436,Apollo,travel,429.48,15.908353914583651,79.74730935565435,16.891993378962248,79.17844362495636,1623909600,0
2021-06-17 09:00:00,4532117045436,Netflix,food_dining,322.81,15.921356513767671,79.72429158979187,16.36129818045265,79.29986930665179,1623920400,0
2021-06-17 12:00:00,4532117045436,Apollo,travel,487.1,15.911137620499881,79.73660879287146,15.836916252980199,79.73109134106399,1623931200,0
2021-06-17 15:00:00,4532117045436,Amazon,food_dining,118.39,15.914381213143391,79.71946882027966,16.21369116781039,79.30194677344635,1623942000,0
2021-06-17 18:00:00,4532117045436,Amazon,health_fitness,612.88,15.909338716371602,79.73115287800066,16.447846440425565,79.74277220237143,1623952800,0
2021-06-17 21:00:00,4532117045436,Zomato,entertainment,280.83,15.923779042743059,79.72575393412583,15.11257303215231,79.41499590427073,1623963600,0
2021-06-18 00:00:00,4532117045436,Shell,grocery_pos,387.7,15.918110311566142,79.74651182972607,16.13531077348796,79.66073651747881,1623974400,0
2021-06-18 03:00:00,4532117045436,Amazon,travel,562.73,15.91452855481784,79.74094388549712,15.863683614500445,78.9077768425593,1623985200,0
2021-06-18 06:00:00,4532117045436,Walmart,grocery_pos,419.33,15.901468669988038,79.7353246551568,16.651622341770402,78.88392476378283,1623996000,0
2021-06-18 09:00:00,4532117045436,Apollo,travel,425.47,15.914098394151312,79.74117122515322,16.099062583046454,79.3814856959151,1624006800,0
2021-06-18 12:00:00,4532117045436,Apollo,health_fitness,298.19,15.940718718053793,79.73169060854192,14.682747796844449,79.07661865091713,1624017600,0
2021-06-18 15:00:00,4532117045436,Zomato,food_dining,764.35,15.920852672864994,79.74321860704795,16.132843102382243,78.42781142146998,1624028400,0
2021-06-18 18:00:00,4532117045436,MakeMyTrip,shopping_net,529.72,15.905506572163675,79.73922276600545,14.88197422316073,79.98128621903349,1624039200,0
2021-06-18 21:00:00,4532117045436,MakeMyTrip,entertainment,287.58,15.931424598902135,79.76280894135026,16.549954208179795,80.22566533770028,1624050000,0
2021-06-19 00:00:00,4532117045436,Netflix,travel,476.73,15.905066063785428,79.75633513855817,15.528955899896035,80.17759782200197,1624060800,0
2021-06-19 03:00:00,4532117045436,Zomato,travel,276.98,15.92004304040711,79.74940559884014,15.347527100899065,79.66781959477139,1624071600,0
2021-06-19 06:00:00,4532117045436,Netflix,health_fitness,708.36,15.912438001692488,79.7429232296042,15.527375284244043,79.65764737010066,1624082400,0
2021-06-19 09:00:00,4532117045436,MakeMyTrip,entertainment,479.95,15.914721290863122,79.74420357310777,15.466062879611084,79.78963885050807,1624093200,0
2021-06-19 12:00:00,4532117045436,Zomato,food_dining,303.67,15.915088297181597,79.75240889227535,15.835044919547265,79.41268589598101,1624104000,0
2021-06-19 15:00:00,4532117045436,Zomato,food_dining,554.64,15.910424315735884,79.7428814236438,15.48264608491985,78.81870297039701,1624114800,0
2021-06-19 18:00:00,4532117045436,Zomato,travel,408.29,15.909006602923284,79.74349665270896,15.762487517345836,80.33373711161123,1624125600,0
2021-06-19 21:00:00,4532117045436,MakeMyTrip,shopping_net,256.77,15.89973165915437,79.73423521131738,15.141760232024076,79.74717380308628,1624136400,0
2021-06-20 00:00:00,4532117045436,Netflix,shopping_net,507.16,15.901649809697895,79.7331268285696,15.787077555942021,79.71644354818926,1624147200,0
2021-06-20 03:00:00,4532117045436,Netflix,grocery_pos,502.93,15.916239636992783,79.73892768328686,16.624193670351396,79.58165406385673,1624158000,0
2021-06-20 06:00:00,4532117045436,Zomato,entertainment,620.66,15.906072856838467,79.713852580072,15.688607123715325,80.03681857031403,1624168800,0
2021-06-20 09:00:00,4532117045436,Amazon,entertainment,459.68,15.903799901115452,79.73970932140351,16.224973384083686,79.68096367354073,1624179600,0
2021-06-20 12:00:00,4532117045436,Shell,food_dining,466.06,15.941173239005881,79.73757844055297,15.284754513993704,79.4953078423099,1624190400,0
2021-06-20 15:00:00,4532117045436,MakeMyTrip,grocery_pos,474.02,15.937793454252747,79.74879029899127,16.20274803302089,79.57218429365032,1624201200,0
2021-06-20 18:00:00,4532117045436,Shell,health_fitness,689.29,15.918708240946463,79.75224635288932,16.481692114697186,79.77245105905877,1624212000,0
2021-06-20 21:00:00,4532117045436,Shell,entertainment,403.49,15.920115117380888,79.76571430744809,16.62550599160714,79.16366111834311,1624222800,0
2021-06-21 00:00:00,4532117045436,Netflix,grocery_pos,520.42,15.904775833589369,79.74579540113241,16.013273850316217,80.44711394993713,1624233600,0
2021-06-21 03:00:00,4532117045436,Netflix,grocery_pos,542.51,15.901047590613954,79.74152026780267,16.248621385551438,79.4364553918021,1624244400,0
2021-06-21 06:00:00,4532117045436,Amazon,travel,502.47,15.909496641739063,79.73433852455379,15.272640576799143,79.34241197595658,1624255200,0
2021-06-21 09:00:00,4532117045436,Shell,food_dining,397.81,15.912902965542745,79.72951058938557,15.721195068662368,79.55103939809983,1624266000,0
2021-06-21 12:00:00,4532117045436,Shell,grocery_pos,468.09,15.920030775595363,79.74914208994399,15.512758162519216,80.19457950757929,1624276800,0
2021-06-21 15:00:00,4532117045436,Zomato,shopping_net,435.95,15.894596634989336,79.73972548202984,16.077126411246486,79.6057463027502,1624287600,0
2021-06-21 18:00:00,4532117045436,Netflix,shopping_net,743.88,15.934372471678955,79.7442491626549,15.648792389959024,80.3221043945282,1624298400,0
2021-06-21 21:00:00,4532117045436,Shell,gas_transport,381.34,15.915380247166857,79.74018569628716,16.256293973989628,79.57516535133281,1624309200,0
2021-06-22 00:00:00,4532117045436,Apollo,food_dining,4757.74,15.897393032994515,79.74044666582664,26.982440440022316,77.68187578405481,1624320000,1
2021-06-22 03:00:00,4532117045436,Amazon,travel,449.07,15.91447474795349,79.74219218887563,16.22368737957086,79.32252158645026,1624330800,0
2021-06-22 06:00:00,4532117045436,Apollo,health_fitness,438.5,15.903875491369064,79.74422082903682,16.618728991670316,79.39694704639649,1624341600,0
2021-06-22 09:00:00,4532117045436,Apollo,gas_transport,479.53,15.903174599032567,79.74940720223486,15.320623719680976,80.06429046879053,1624352400,0
2021-06-22 12:00:00,4532117045436,MakeMyTrip,shopping_net,381.38,15.902275981128255,79.72767694816392,15.870414933335995,79.51084861529195,1624363200,0
2021-06-22 15:00:00,4532117045436,MakeMyTrip,travel,466.56,15.91033514038181,79.74586080850524,16.021327720968923,79.14973866538818,1624374000,0
2021-06-22 18:00:00,4532117045436,Amazon,gas_transport,469.44,15.933927156907542,79.7271186010176,15.945427848897289,79.0162150020265,1624384800,0
2021-06-22 21:00:00,4532117045436,Apollo,food_dining,585.9,15.913826653386442,79.7470142250292,16.83456572900543,78.82421290041916,1624395600,0
2021-06-23 00:00:00,4532117045436,Shell,travel,463.95,15.9198388980593,79.74320228316648,15.540956976528465,81.0668135311098,1624406400,0
2021-06-23 03:00:00,4532117045436,Netflix,food_dining,465.37,15.922285142818316,79.73923394652522,16.074462013824938,79.36531716037418,1624417200,0
2021-06-23 06:00:00,4532117045436,Amazon,grocery_pos,527.45,15.91145243671441,79.73962483787544,14.698666124152219,79.96136646989774,1624428000,0
2021-06-23 09:00:00,4532117045436,Zomato,entertainment,580.15,15.901289799815586,79.74136915219917,16.12523655268176,79.13663439921187,1624438800,0
2021-06-23 12:00:00,4532117045436,Apollo,grocery_pos,302.45,15.89691258316584,79.75090983797922,16.165857927957276,80.3538201650769,1624449600,0
2021-06-23 15:00:00,4532117045436,Amazon,food_dining,262.15,15.909025478163333,79.75002452025224,15.886774268340357,79.31127569365134,1624460400,0
2021-06-23 18:00:00,4532117045436,Walmart,travel,704.32,15.92433936313382,79.74885399376295,16.110550758489097,80.67536868439382,1624471200,0
2021-06-23 21:00:00,4532117045436,Walmart,shopping_net,555.61,15.922253921500497,79.72653597801028,15.630655304127577,80.72597024523708,1624482000,0
2021-06-24 00:00:00,4532117045436,MakeMyTrip,health_fitness,417.09,15.915463806280261,79.74576208624599,15.302140228215158,79.18228964621542,1624492800,0
2021-06-24 03:00:00,4532117045436,Netflix,shopping_net,452.96,15.916788786165588,79.7160223598638,15.418629814659395,80.35951963652225,1624503600,0
2021-06-24 06:00:00,4532117045436,Shell,travel,391.12,15.911531756395544,79.71869301409417,15.486616990598314,80.67870122410147,1624514400,0
2021-06-24 09:00:00,4532117045436,Netflix,grocery_pos,481.69,15.90808518006212,79.75123937198312,15.266724195516442,78.93866304674903,1624525200,0
2021-06-24 12:00:00,4532117045436,Netflix,health_fitness,304.22,15.905518164211461,79.72553070500668,15.246988816810939,78.99643178711514,1624536000,0
2021-06-24 15:00:00,4532117045436,Netflix,travel,576.03,15.898185497556982,79.73820876317748,15.497867917304296,78.69360415640546,1624546800,0
2021-06-24 18:00:00,4532117045436,Netflix,food_dining,476.32,15.93087125816625,79.75404341457674,15.734848409140595,79.27014770896882,1624557600,0
2021-06-24 21:00:00,4532117045436,Zomato,shopping_net,481.74,15.914611209673074,79.74583767325151,15.978838251129483,79.23722510975037,1624568400,0
2021-06-25 00:00:00,4532117045436,Zomato,food_dining,315.91,15.90847534744343,79.7437000019933,15.300946173029857,79.57300455250657,1624579200,0
2021-06-25 03:00:00,4532117045436,MakeMyTrip,health_fitness,528.64,15.931111665357925,79.7394557912477,15.445970676342762,79.10166188575522,1624590000,0
2021-06-25 06:00:00,4532117045436,Amazon,health_fitness,319.35,15.933019824307623,79.74125891896546,15.605767517106184,80.08586683499927,1624600800,0
2021-06-25 09:00:00,4532117045436,Walmart,shopping_net,4802.21,15.940351583530084,79.73374818516196,29.316021352738275,78.08364279032001,1624611600,1
2021-06-25 12:00:00,4532117045436,Netflix,food_dining,463.14,15.91041672551662,79.73520417917769,15.315334068852298,79.95219457404093,1624622400,0
2021-06-25 15:00:00,4532117045436,MakeMyTrip,gas_transport,826.1,15.913952307727795,79.74086463470395,15.654267734776278,80.25479411632107,1624633200,0
2021-06-25 18:00:00,4532117045436,Amazon,food_dining,475.72,15.919409559224949,79.74232405213654,16.399102772704254,79.8715435032675,1624644000,0
2021-06-25 21:00:00,4532117045436,Walmart,health_fitness,64.68,15.929521851332478,79.73842158800305,15.515588745387179,79.62806209086625,1624654800,0
2021-06-26 00:00:00,4532117045436,Apollo,food_dining,353.62,15.913520231779568,79.71763669500636,15.28926053498902,79.32932931246538,1624665600,0
2021-06-26 03:00:00,4532117045436,Shell,travel,552.56,15.903066451429654,79.75564874397932,15.869290368631761,80.18875737259472,1624676400,0
2021-06-26 06:00:00,4532117045436,Zomato,grocery_pos,280.73,15.905366204192326,79.74937286554965,15.497295040168273,79.8752260963073,1624687200,0
2021-06-26 09:00:00,4532117045436,Apollo,gas_transport,574.67,15.92467431449389,79.73795950443962,14.531927665007153,79.84938849324246,1624698000,0
2021-06-26 12:00:00,4532117045436,Walmart,entertainment,473.82,15.919110351931547,79.74968428124906,16.012422883970036,79.43738029340204,1624708800,0
2021-06-26 15:00:00,4532117045436,Apollo,travel,598.7,15.911170898875096,79.73641473747244,16.348018545866793,79.8901119083921,1624719600,0
2021-06-26 18:00:00,4532117045436,Shell,grocery_pos,366.17,15.910513198884136,79.74317539541511,15.901720681496787,79.34918779331848,1624730400,0
2021-06-26 21:00:00,4532117045436,MakeMyTrip,entertainment,354.48,15.911171344614363,79.72076786302165,16.434499157814567,79.89500445405204,1624741200,0
2021-06-27 00:00:00,4532117045436,Walmart,shopping_net,534.75,15.925290390298887,79.74256733725034,16.234912949055055,79.60760540279469,1624752000,0
2021-06-27 03:00:00,4532117045436,Apollo,entertainment,3452.07,15.905010470538878,79.7371866169429,27.604685494118325,76.5111826568042,1624762800,1
2021-06-27 06:00:00,4532117045436,Zomato,travel,439.8,15.900765888991806,79.74218056180614,16.93765343964352,79.07575752370326,1624773600,0
2021-06-27 09:00:00,4532117045436,Zomato,food_dining,685.35,15.931068087735792,79.75709888364652,16.07347179094882,79.76378543693363,1624784400,0
2021-06-27 12:00:00,4532117045436,Amazon,travel,540.62,15.913150544720397,79.73981912943184,16.126801454055318,80.09140544416141,1624795200,0
2021-06-27 15:00:00,4532117045436,Apollo,entertainment,151.51,15.91210671240858,79.73542485097475,15.416166190724086,79.77728513926499,1624806000,0
2021-06-27 18:00:00,4532117045436,Netflix,health_fitness,569.86,15.919609921197178,79.73553592833137,15.139975732271209,79.02883754144517,1624816800,0
2021-06-27 21:00:00,4532117045436,Apollo,grocery_pos,554.85,15.903010896414655,79.7258385867661,15.371203030792667,79.36773149046944,1624827600,0
2021-06-28 00:00:00,4532117045436,MakeMyTrip,grocery_pos,627.74,15.920404960007765,79.74404246599985,16.372950606923073,80.37361577180407,1624838400,0
2021-06-28 03:00:00,4532117045436,Walmart,entertainment,309.05,15.909072727606693,79.74534430377545,16.768149188267127,79.70461303536781,1624849200,0
2021-06-28 06:00:00,4532117045436,Walmart,grocery_pos,498.72,15.92415672536684,79.74065417212869,16.05727553559266,79.33035606827988,1624860000,0
2021-06-28 09:00:00,4532117045436,MakeMyTrip,health_fitness,466.74,15.897562658983299,79.74919907225573,15.959162487169559,80.36711864404592,1624870800,0
2021-06-28 12:00:00,4532117045436,Apollo,travel,306.36,15.917406661879662,79.74929407393718,16.396519815967398,80.51483441087717,1624881600,0
2021-06-28 15:00:00,4532117045436,MakeMyTrip,grocery_pos,592.01,15.910587674288095,79.74069833808602,16.603484217348587,79.15062164897664,1624892400,0
2021-06-28 18:00:00,4532117045436,Shell,entertainment,413.77,15.905853567018767,79.74585495793049,15.186866986094767,79.48851145564744,1624903200,0
2021-06-28 21:00:00,4532117045436,MakeMyTrip,gas_transport,622.91,15.920613445792128,79.76172680924019,16.726866986275827,79.56781479618569,1624914000,0
2021-06-29 00:00:00,4532117045436,Zomato,gas_transport,338.57,15.911416780771464,79.73177946104599,15.72265342386404,80.00660376725122,1624924800,0
2021-06-29 03:00:00,4532117045436,MakeMyTrip,shopping_net,230.91,15.917560127981568,79.74773164530218,16.454889756979473,79.64981571274447,1624935600,0
2021-06-29 06:00:00,4532117045436,Walmart,grocery_pos,413.62,15.925557119207863,79.74086824366296,15.379084147107696,79.80121507085389,1624946400,0
2021-06-29 09:00:00,4532117045436,Zomato,travel,484.79,15.920814956442207,79.75045746563109,16.429650990301017,79.66698153444543,1624957200,0
2021-06-29 12:00:00,4532117045436,Walmart,entertainment,369.87,15.90209628864953,79.73206511256119,15.196052438704694,80.8399456867337,1624968000,0
2021-06-29 15:00:00,4532117045436,Amazon,grocery_pos,10.0,15.907482537449896,79.74200278741866,16.473556510171253,80.02675749077923,1624978800,0
2021-06-29 18:00:00,4532117045436,Netflix,food_dining,507.55,15.91749291346752,79.733203998744,16.23457316355061,79.59319575544167,1624989600,0
2021-06-29 21:00:00,4532117045436,Walmart,health_fitness,506.85,15.920838769015736,79.72233012619313,15.126878556141182,79.60107400746035,1625000400,0
2021-06-30 00:00:00,4532117045436,Zomato,grocery_pos,553.08,15.90899043724066,79.75404387665718,16.550606884973703,79.97657124515455,1625011200,0
2021-06-30 03:00:00,4532117045436,Amazon,grocery_pos,392.93,15.91487853479528,79.73565536486714,15.42491064547223,79.26242443063302,1625022000,0
2021-06-30 06:00:00,4532117045436,Walmart,gas_transport,384.74,15.91481587106394,79.73157516803059,16.484357797618205,79.87506546974231,1625032800,0
2021-06-30 09:00:00,4532117045436,Shell,health_fitness,7573.55,15.916208991850551,79.73423104542721,28.597251303488743,76.96573734809337,1625043600,1
2021-06-30 12:00:00,4532117045436,MakeMyTrip,entertainment,213.69,15.90111052629234,79.75824439320417,15.289764503644639,79.307690469957,1625054400,0
2021-06-30 15:00:00,4532117045436,Netflix,grocery_pos,412.93,15.898749678694706,79.75310527737481,15.406290340278591,78.58271092823882,1625065200,0
2021-06-30 18:00:00,4532117045436,Walmart,gas_transport,471.35,15.890307629864386,79.73781802159739,17.864299358810964,78.871518150175,1625076000,0
2021-06-30 21:00:00,4532117045436,Amazon,shopping_net,540.9,15.9139556109539,79.74861374183263,17.066573507953322,79.62524147727622,1625086800,0
2021-07-01 00:00:00,4532117045436,Shell,health_fitness,475.47,15.899258097728525,79.72924613787042,15.807560905018521,80.19350948572436,1625097600,0
2021-07-01 03:00:00,4532117045436,Apollo,gas_transport,311.7,15.93426725635715,79.74523542953197,16.12521914407377,79.51539338148827,1625108400,0
2021-07-01 06:00:00,4532117045436,Amazon,gas_transport,625.14,15.919441160544663,79.73569435769124,16.51441693345488,80.17300102172472,1625119200,0
2021-07-01 09:00:00,4532117045436,MakeMyTrip,travel,450.29,15.901081330608887,79.74436098192598,15.26696143217234,79.55666440421733,1625130000,0
2021-07-01 12:00:00,4532117045436,Amazon,gas_transport,4685.29,15.924251307437766,79.72626222940428,29.015521322691963,77.93856855602121,1625140800,1
2021-07-01 15:00:00,4532117045436,Shell,travel,481.38,15.924274983028374,79.73404860798107,16.406484096653735,79.10082502510134,1625151600,0
2021-07-01 18:00:00,4532117045436,Amazon,grocery_pos,521.29,15.925087241549255,79.7418190859881,16.093822371738113,79.27671230584937,1625162400,0
2021-07-01 21:00:00,4532117045436,Shell,grocery_pos,744.11,15.904819283044953,79.74171334355971,16.608372774039314,79.81036854442486,1625173200,0
2021-07-02 00:00:00,4532117045436,Walmart,shopping_net,511.31,15.920060543348923,79.72537182442134,15.98922197875677,79.71719828146809,1625184000,0
2021-07-02 03:00:00,4532117045436,Shell,food_dining,227.7,15.925256672860094,79.73028154389051,16.46554843867778,79.61591538569581,1625194800,0
2021-07-02 06:00:00,4532117045436,Shell,food_dining,232.96,15.928608571497573,79.74423416043976,16.031050143471106,79.63672097313734,1625205600,0
2021-07-02 09:00:00,4532117045436,Netflix,food_dining,638.81,15.897662571650336,79.74306019300737,15.146051194126514,80.29252044441623,1625216400,0
2021-07-02 12:00:00,4532117045436,Shell,travel,329.58,15.910723658930905,79.7465548227391,16.382380913995654,80.67978768661634,1625227200,0
2021-07-02 15:00:00,4532117045436,Shell,health_fitness,217.56,15.904459908154879,79.74190201704778,16.563873429711315,79.37108827527912,1625238000,0
2021-07-02 18:00:00,4532117045436,Apollo,health_fitness,600.08,15.93154124265092,79.72946806905337,15.837298707584443,79.64594481178119,1625248800,0
2021-07-02 21:00:00,4532117045436,Walmart,shopping_net,378.64,15.917810573338546,79.7364615731934,15.243353622833885,79.1293189925333,1625259600,0
2021-07-03 00:00:00,4532117045436,MakeMyTrip,health_fitness,592.05,15.921812478043822,79.74531022393617,16.346937279324024,79.73272874904846,1625270400,0
2021-07-03 03:00:00,4532117045436,Netflix,food_dining,7574.66,15.917663553557016,79.729983230597,28.131416395415716,77.04458814999258,1625281200,1
2021-07-03 06:00:00,4532117045436,Apollo,food_dining,671.07,15.916652855844069,79.72873970866746,16.061406306573215,79.84733318126186,1625292000,0
2021-07-03 09:00:00,4532117045436,Zomato,gas_transport,580.81,15.904267118790399,79.7369702541578,16.007409733482536,80.17915157624995,1625302800,0
2021-07-03 12:00:00,4532117045436,Walmart,health_fitness,341.6,15.908434905771532,79.74271449910555,16.416755202296663,79.13515983993682,1625313600,0
2021-07-03 15:00:00,4532117045436,Walmart,grocery_pos,200.94,15.913615153645013,79.72157168145468,16.05686813378976,79.63372361311245,1625324400,0
2021-07-03 18:00:00,4532117045436,Zomato,grocery_pos,795.77,15.906414142893619,79.73757509223374,15.675439584492077,79.60150791910617,1625335200,0
2021-07-03 21:00:00,4532117045436,MakeMyTrip,gas_transport,418.47,15.904568282102383,79.74518558702006,15.105269661467217,79.81939184347611,1625346000,0
2021-07-04 00:00:00,4532117045436,Shell,gas_transport,2314.66,15.91084322727054,79.74715359838187,29.542331305269713,77.0224884905644,1625356800,1
2021-07-04 03:00:00,4532117045436,Apollo,gas_transport,7666.06,15.90684855991322,79.7299623020505,28.762631051713765,75.86548668918637,1625367600,1
2021-07-04 06:00:00,4532117045436,Amazon,grocery_pos,591.86,15.913398170901775,79.74371939843994,15.745519232188581,80.04459417913489,1625378400,0
2021-07-04 09:00:00,4532117045436,Netflix,food_dining,627.42,15.90847129585533,79.74993693515555,16.36682466922903,80.57609885140803,1625389200,0
2021-07-04 12:00:00,4532117045436,Amazon,gas_transport,435.22,15.9060514134051,79.7460670517168,15.205775899284914,79.31702543599899,1625400000,0
2021-07-04 15:00:00,4532117045436,Zomato,shopping_net,2830.97,15.903623758396863,79.73588104264873,28.11560335363307,78.15479634621916,1625410800,1
2021-07-04 18:00:00,4532117045436,Walmart,travel,253.41,15.912960959200458,79.71614797762874,15.378049460179577,79.80926867390208,1625421600,0
2021-07-04 21:00:00,4532117045436,MakeMyTrip,gas_transport,367.19,15.921782982738575,79.74209335406259,15.980587833993408,79.09189121067853,1625432400,0
2021-07-05 00:00:00,4532117045436,Walmart,travel,508.48,15.919408715539456,79.75578563907516,16.80890668245192,80.02958289913123,1625443200,0
2021-07-05 03:00:00,4532117045436,Netflix,entertainment,625.22,15.897630898149112,79.74824061812528,17.0350501456005,80.30135591262936,1625454000,0
2021-07-05 06:00:00,4532117045436,Walmart,gas_transport,549.17,15.921497507610109,79.74754582396906,16.44166927010797,79.40599758562375,1625464800,0
2021-07-05 09:00:00,4532117045436,Walmart,grocery_pos,437.57,15.919338090319535,79.7416847861656,14.933944746800648,79.59517962313141,1625475600,0
2021-07-05 12:00:00,4532117045436,Netflix,health_fitness,378.73,15.921772734063975,79.74896782430558,15.536859483522745,78.86651721332892,1625486400,0
2021-07-05 15:00:00,4532117045436,Apollo,gas_transport,626.03,15.923736123303033,79.74303248727126,14.393474583156284,80.26599582449641,1625497200,0
2021-07-05 18:00:00,4532117045436,Apollo,health_fitness,564.66,15.90562346176217,79.72253716073719,15.995501378567837,80.17268092371098,1625508000,0
2021-07-05 21:00:00,4532117045436,Netflix,entertainment,318.82,15.909901972330402,79.74891579013095,16.725340539024003,79.26210807517758,1625518800,0
2021-07-06 00:00:00,4532117045436,MakeMyTrip,shopping_net,314.36,15.930804635141072,79.73138868103773,16.320653668551444,79.3188093951429,1625529600,0
2021-07-06 03:00:00,4532117045436,Zomato,health_fitness,368.18,15.930210403814785,79.74067232986309,15.030166246399503,79.54112301210446,1625540400,0
2021-07-06 06:00:00,4532117045436,Walmart,travel,348.94,15.912134114396826,79.74739196767739,16.60726122289306,80.38600006026735,1625551200,0
2021-07-06 09:00:00,4532117045436,MakeMyTrip,food_dining,604.48,15.918931114246686,79.7325082525186,16.515039783509202,79.70391806869469,1625562000,0
2021-07-06 12:00:00,4532117045436,Walmart,gas_transport,515.36,15.919805998714269,79.73014543212213,16.68446409233677,79.815886908526,1625572800,0
2021-07-06 15:00:00,4532117045436,Zomato,entertainment,533.67,15.930476446321537,79.7447716990919,16.46745425624887,79.81595546970851,1625583600,0
2021-07-06 18:00:00,4532117045436,Apollo,entertainment,478.75,15.91635280389938,79.7288646043885,15.64983208115443,80.4263428086232,1625594400,0
2021-07-06 21:00:00,4532117045436,MakeMyTrip,health_fitness,485.82,15.90077713101188,79.73807203768826,14.985442688167517,79.5534420173539,1625605200,0
2021-07-07 00:00:00,4532117045436,Shell,shopping_net,212.73,15.908139940715024,79.75128373459938,16.49836309905496,79.67216329058849,1625616000,0
2021-07-07 03:00:00,4532117045436,Shell,grocery_pos,569.13,15.944235366595434,79.75626492292965,16.301199732578002,80.32718368481876,1625626800,0
2021-07-07 06:00:00,4532117045436,Shell,gas_transport,365.48,15.90031378742632,79.72218370063369,14.926934392890933,80.32178163651093,1625637600,0
2021-07-07 09:00:00,4532117045436,Apollo,entertainment,445.03,15.913402791216276,79.73781291634998,15.43075087074188,79.21785838349257,1625648400,0
2021-07-07 12:00:00,4532117045436,Apollo,shopping_net,379.02,15.936035334402526,79.75270049296414,15.44479614710857,78.76690749110746,1625659200,0
2021-07-07 15:00:00,4532117045436,Zomato,food_dining,471.88,15.904902567582155,79.73601881713267,16.276635591110153,79.73639914784934,1625670000,0
2021-07-07 18:00:00,4532117045436,Walmart,entertainment,535.96,15.885631004986736,79.74791886333227,15.905149863322567,80.06335403999807,1625680800,0
2021-07-07 21:00:00,4532117045436,Zomato,shopping_net,298.67,15.887470027357033,79.74867297364825,15.781059018900857,79.8975386898627,1625691600,0
2021-07-08 00:00:00,4532117045436,Zomato,grocery_pos,487.91,15.904957860362362,79.73389021315103,15.70316042084673,79.43396513571544,1625702400,0
2021-07-08 03:00:00,4532117045436,Apollo,grocery_pos,382.65,15.895270652476102,79.74428618491507,15.350066201727014,80.67196571326068,1625713200,0
2021-07-08 06:00:00,4532117045436,Shell,entertainment,648.22,15.923271673372625,79.74489460083291,16.395590940524457,79.20569738486869,1625724000,0
2021-07-08 09:00:00,4532117045436,Amazon,travel,282.81,15.915581441068099,79.74910186614376,15.54945522618409,79.05810748524539,1625734800,0
2021-07-08 12:00:00,4532117045436,Walmart,entertainment,299.62,15.891561627120018,79.7237485023961,16.49408810890187,80.31724352671266,1625745600,0
2021-07-08 15:00:00,4532117045436,Apollo,health_fitness,396.06,15.896946491077413,79.75292833342002,15.216380901418423,79.5298503270862,1625756400,0
2021-07-08 18:00:00,4532117045436,Shell,gas_transport,311.15,15.925301404930869,79.74686859257326,15.666914172713433,80.58928396492547,1625767200,0
2021-07-08 21:00:00,4532117045436,MakeMyTrip,shopping_net,416.34,15.91483159055699,79.72869614380464,16.895316627966317,79.61522140096586,1625778000,0
2021-07-09 00:00:00,4532117045436,Amazon,entertainment,3744.65,15.927236313443906,79.73872198133854,27.599731763856987,76.50825023330971,1625788800,1
2021-07-09 03:00:00,4532117045436,Amazon,gas_transport,463.26,15.92409010768353,79.74837836961211,15.667626571442888,79.98831670235099,1625799600,0
2021-07-09 06:00:00,4532117045436,Apollo,health_fitness,601.21,15.901394792960268,79.72922893052824,15.59885670612444,80.16750039112627,1625810400,0
2021-07-09 09:00:00,4532117045436,Netflix,gas_transport,460.69,15.921719680656686,79.73075447561256,15.478202973464263,80.8202767249558,1625821200,0
2021-07-09 12:00:00,4532117045436,Walmart,entertainment,474.35,15.918528510660968,79.74018608031912,16.139748486573264,80.1710035646907,1625832000,0
2021-07-09 15:00:00,4532117045436,Amazon,grocery_pos,291.4,15.893282790457372,79.73563762896632,16.362198224552188,80.2755389916862,1625842800,0
2021-07-09 18:00:00,4532117045436,Apollo,shopping_net,429.89,15.899280216707716,79.74250866113698,16.038548620733035,79.45052701677454,1625853600,0
2021-07-09 21:00:00,4532117045436,Apollo,shopping_net,386.74,15.937276704884281,79.74822957797767,15.883291256211088,80.21944243709021,1625864400,0
2021-07-10 00:00:00,4532117045436,Shell,grocery_pos,552.25,15.903623597620664,79.7427224214097,16.21368435487855,80.05279886018674,1625875200,0
2021-07-10 03:00:00,4532117045436,MakeMyTrip,travel,4208.54,15.917015211163331,79.73989701301323,29.225195223212634,78.30669787035937,1625886000,1
2021-07-10 06:00:00,4532117045436,Netflix,entertainment,320.9,15.910993492518122,79.74827543152149,16.101941034108933,79.05221058075318,1625896800,0
2021-07-10 09:00:00,4532117045436,Walmart,shopping_net,497.61,15.914737239518777,79.73895099745405,16.13022717685462,79.28853550311592,1625907600,0
2021-07-10 12:00:00,4532117045436,Zomato,entertainment,747.02,15.911655019318937,79.73254262293065,16.046576515621684,79.48170577913086,1625918400,0
2021-07-10 15:00:00,4532117045436,MakeMyTrip,health_fitness,423.61,15.922551872929432,79.75155281789026,15.635285258302666,79.64280359800503,1625929200,0
2021-07-10 18:00:00,4532117045436,MakeMyTrip,entertainment,475.23,15.92228990844353,79.71581335237687,15.525378402959117,80.11294363782572,1625940000,0
2021-07-10 21:00:00,4532117045436,Shell,gas_transport,592.2,15.914079245675744,79.74064029955038,15.26248559413886,80.21345049159596,1625950800,0
2021-07-11 00:00:00,4532117045436,Amazon,grocery_pos,526.49,15.90385526956397,79.73636575811899,16.648190786209604,80.61440852901453,1625961600,0
2021-07-11 03:00:00,4532117045436,Amazon,travel,527.47,15.907212111590512,79.7307699430288,15.885061343566656,79.95322505183996,1625972400,0
2021-07-11 06:00:00,4532117045436,Shell,entertainment,435.72,15.897140803031958,79.742985807512,15.701001858792068,79.01344997014927,1625983200,0
2021-07-11 09:00:00,4532117045436,Apollo,travel,438.64,15.909555706982406,79.74459712632539,15.652285061314945,79.28955438926809,1625994000,0
2021-07-11 12:00:00,4532117045436,Amazon,travel,336.73,15.895235747995562,79.73170981144507,15.434653579116091,79.62541450489059,1626004800,0
2021-07-11 15:00:00,4532117045436,Netflix,health_fitness,5440.07,15.915088471997125,79.72604026737694,29.16421886942514,76.77291064765141,1626015600,1
2021-07-11 18:00:00,4532117045436,Walmart,food_dining,519.53,15.915859982286579,79.72694036720047,16.51851483573992,80.050830091621,1626026400,0
2021-07-11 21:00:00,4532117045436,MakeMyTrip,grocery_pos,557.57,15.92295251961652,79.75813237449961,16.203755635891497,79.3604699589926,1626037200,0
2021-07-12 00:00:00,4532117045436,MakeMyTrip,travel,376.78,15.900699142067522,79.75923699135296,16.327146704553453,79.18318221192976,1626048000,0
2021-07-12 03:00:00,4532117045436,Netflix,shopping_net,574.52,15.901378046989155,79.74029550441394,16.392543203517544,79.4228392030164,1626058800,0
2021-07-12 06:00:00,4532117045436,Amazon,gas_transport,620.0,15.92814701368523,79.72628426619838,17.01281506685104,79.121442560901,1626069600,0
2021-07-12 09:00:00,4532117045436,MakeMyTrip,shopping_net,267.91,15.899212695370482,79.73854648952087,15.926760091091639,79.68018073656954,1626080400,0
2021-07-12 12:00:00,4532117045436,Zomato,health_fitness,405.47,15.93341216219019,79.71799327107652,15.69890603427698,79.9624659617337,1626091200,0
2021-07-12 15:00:00,4532117045436,Walmart,health_fitness,626.25,15.903661028834794,79.74314678546183,16.131488637390227,79.8879531553131,1626102000,0
2021-07-12 18:00:00,4532117045436,Walmart,shopping_net,2156.62,15.903730917039198,79.73005938757804,29.306172059924815,77.85006892239002,1626112800,1
2021-07-12 21:00:00,4532117045436,MakeMyTrip,grocery_pos,529.31,15.921328098457138,79.72789800154406,15.895877085614346,79.75408748978944,1626123600,0
2021-07-13 00:00:00,4532117045436,Shell,shopping_net,7339.79,15.918393915286979,79.74977632966801,28.24055634519643,77.8217951812547,1626134400,1
2021-07-13 03:00:00,4532117045436,MakeMyTrip,entertainment,499.63,15.929315368145945,79.73845754226976,16.005898388062835,79.39711120365409,1626145200,0
2021-07-13 06:00:00,4532117045436,Shell,shopping_net,455.86,15.893986958477699,79.74865679652045,16.185145166412344,79.89552323225276,1626156000,0
2021-07-13 09:00:00,4532117045436,MakeMyTrip,gas_transport,561.93,15.91823635427805,79.75206910489861,16.086594087108036,80.86489120749097,1626166800,0
2021-07-13 12:00:00,4532117045436,Zomato,gas_transport,296.77,15.912440264456965,79.73910588371638,14.994080348784536,80.41351318265932,1626177600,0
2021-07-13 15:00:00,4532117045436,Apollo,food_dining,313.0,15.902132719455661,79.73994841778767,15.117855250245134,79.08572541543118,1626188400,0
2021-07-13 18:00:00,4532117045436,Walmart,gas_transport,669.68,15.931714728930011,79.75058273207979,16.27129214063719,80.16218603929805,1626199200,0
2021-07-13 21:00:00,4532117045436,MakeMyTrip,shopping_net,7867.42,15.915253497988832,79.73461222226061,30.75231525100487,77.81615281150052,1626210000,1
2021-07-14 00:00:00,4532117045436,Zomato,gas_transport,449.19,15.912271508926274,79.75154633657905,17.025186291376166,79.84166156054987,1626220800,0
2021-07-14 03:00:00,4532117045436,Shell,grocery_pos,707.29,15.917440062255938,79.71976756471247,16.583480366277037,81.0161004038072,1626231600,0
2021-07-14 06:00:00,4532117045436,Shell,travel,2303.78,15.895616457328872,79.73645190942132,29.955426271190255,76.88219206152307,1626242400,1
2021-07-14 09:00:00,4532117045436,Walmart,gas_transport,370.26,15.90041393974579,79.74187243022335,16.426157641964924,80.00395627506265,1626253200,0
2021-07-14 12:00:00,4532117045436,Netflix,entertainment,668.62,15.909573788431292,79.72794998855774,16.713188435102783,80.12421199886705,1626264000,0
2021-07-14 15:00:00,4532117045436,MakeMyTrip,grocery_pos,570.62,15.916064016807944,79.74369538949895,15.690263183660601,79.3925568237528,1626274800,0
2021-07-14 18:00:00,4532117045436,Amazon,food_dining,690.96,15.92564634370045,79.74172207971985,15.869811189606374,78.69353309924277,1626285600,0
2021-07-14 21:00:00,4532117045436,Shell,entertainment,520.28,15.90405078770801,79.73267807489685,15.638881475743602,79.0753258165873,1626296400,0
2021-07-15 00:00:00,4532117045436,Apollo,shopping_net,298.12,15.901767086803353,79.73229552290812,15.351571780538938,79.86747769989289,1626307200,0
2021-07-15 03:00:00,4532117045436,Apollo,travel,483.54,15.917914263667535,79.73127958504222,16.701388973534318,80.18813586489864,1626318000,0
2021-07-15 06:00:00,4532117045436,Shell,shopping_net,630.3,15.911541019896346,79.72433471503876,14.617913086228741,80.01055656643693,1626328800,0
2021-07-15 09:00:00,4532117045436,Netflix,travel,430.09,15.893687256019435,79.75610087102682,15.575609413337927,80.00450540827131,1626339600,0
2021-07-15 12:00:00,4532117045436,Netflix,travel,407.03,15.903716245266173,79.73789612236288,15.701670332010675,79.90717023686885,1626350400,0
2021-07-15 15:00:00,4532117045436,Zomato,shopping_net,522.58,15.91108232013252,79.72647063928079,15.991493977801747,79.32673231522195,1626361200,0
2021-07-15 18:00:00,4532117045436,Apollo,entertainment,366.07,15.911357964902887,79.73877690117813,15.293051873341234,79.72613922920368,1626372000,0
2021-07-15 21:00:00,4532117045436,Zomato,entertainment,494.33,15.913798582728333,79.74239886686159,16.59036719370918,80.05403661938057,1626382800,0
2021-07-16 00:00:00,4532117045436,Apollo,travel,459.53,15.899896804399534,79.73181927111516,14.99495014849512,79.97559236641031,1626393600,0
2021-07-16 03:00:00,4532117045436,MakeMyTrip,entertainment,376.44,15.911589852544811,79.73635326596656,15.002263751243337,80.55969174295102,1626404400,0
2021-07-16 06:00:00,4532117045436,MakeMyTrip,travel,597.11,15.922370783769779,79.7530398599211,15.941926554955034,79.448906949813,1626415200,0
2021-07-16 09:00:00,4532117045436,Amazon,travel,546.9,15.884023656992829,79.72832187819897,15.269423458876672,79.45812501797802,1626426000,0
2021-07-16 12:00:00,4532117045436,MakeMyTrip,grocery_pos,396.95,15.910076100083607,79.73418379539508,16.016778976885377,79.38874117112663,1626436800,0
2021-07-16 15:00:00,4532117045436,Amazon,health_fitness,447.76,15.896280292622853,79.71994580051965,15.542853151779573,78.37359970838345,1626447600,0
2021-07-16 18:00:00,4532117045436,MakeMyTrip,grocery_pos,409.31,15.912577683112387,79.75823280943287,16.316597762030327,80.0470518663633,1626458400,0
2021-07-16 21:00:00,4532117045436,Walmart,shopping_net,354.2,15.897852151078947,79.74658156560953,15.44896569710418,79.74211389177933,1626469200,0
2021-07-17 00:00:00,4532117045436,MakeMyTrip,health_fitness,195.26,15.914240745349032,79.73950434852631,16.63517538614314,79.61817154595434,1626480000,0
2021-07-17 03:00:00,4532117045436,Zomato,gas_transport,377.43,15.929166363837336,79.73281929903514,16.22760375723531,79.33237432229475,1626490800,0
2021-07-17 06:00:00,4532117045436,Shell,shopping_net,356.4,15.903105408777957,79.73231990764955,15.533852353159375,80.01580680420912,1626501600,0
2021-07-17 09:00:00,4532117045436,Zomato,food_dining,467.23,15.904555590655056,79.73730918691662,16.22502320231637,79.7486637253714,1626512400,0
2021-07-17 12:00:00,4532117045436,Shell,grocery_pos,516.1,15.908201486505673,79.7449615005564,15.985907971304226,80.51237651661894,1626523200,0
2021-07-17 15:00:00,4532117045436,Netflix,entertainment,329.67,15.916086821532295,79.72936417033269,16.30565526275829,79.75210663740441,1626534000,0
2021-07-17 18:00:00,4532117045436,Zomato,grocery_pos,506.02,15.90270953728874,79.73536883196046,16.212621831899163,79.94951017463653,1626544800,0
2021-07-17 21:00:00,4532117045436,Netflix,entertainment,306.56,15.909097888445448,79.74857260586911,16.09254343139019,80.52601922065588,1626555600,0
2021-07-18 00:00:00,4532117045436,Amazon,health_fitness,431.21,15.9062050975464,79.7560913318682,15.945226027049607,79.57484795540023,1626566400,0
2021-07-18 03:00:00,4532117045436,Amazon,food_dining,359.64,15.908234725052637,79.74543525591201,16.36513699426433,79.52313946091516,1626577200,0
2021-07-18 06:00:00,4532117045436,Walmart,health_fitness,561.93,15.916204113223628,79.73337774406546,16.498198295740064,80.45328891357615,1626588000,0
2021-07-18 09:00:00,4532117045436,MakeMyTrip,food_dining,467.52,15.918410638295683,79.73844989577294,15.98118350044945,78.9604365876411,1626598800,0
2021-07-18 12:00:00,4532117045436,Zomato,grocery_pos,433.47,15.898131993531841,79.74412287133876,16.215974283209306,79.6101910968189,1626609600,0
2021-07-18 15:00:00,4532117045436,Netflix,entertainment,356.21,15.916165080976631,79.73708526382343,16.381529106018714,79.5978999428317,1626620400,0
2021-07-18 18:00:00,4532117045436,Shell,health_fitness,400.67,15.944357615867245,79.74711834883077,16.71636351345902,79.31784455003626,1626631200,0
2021-07-18 21:00:00,4532117045436,Amazon,food_dining,724.36,15.928342250926788,79.73269954406173,16.628961726989914,80.0041913889592,1626642000,0
2021-07-19 00:00:00,4532117045436,MakeMyTrip,travel,3518.61,15.906481423809302,79.75613281918841,27.90490503978494,76.46839835382416,1626652800,1
2021-07-19 03:00:00,4532117045436,Amazon,shopping_net,521.91,15.914219035287307,79.73912488413596,15.70583877876996,79.792676072823,1626663600,0
2021-07-19 06:00:00,4532117045436,Shell,shopping_net,433.1,15.912564217342764,79.73368885694933,15.256462840591091,79.27366403652408,1626674400,0
2021-07-19 09:00:00,4532117045436,MakeMyTrip,health_fitness,517.62,15.917494547189687,79.74591605001949,16.192548544696223,79.88273549044222,1626685200,0
2021-07-19 12:00:00,4532117045436,MakeMyTrip,entertainment,575.55,15.908677854150845,79.73020854088224,16.188763509059754,80.77983934742115,1626696000,0
2021-07-19 15:00:00,4532117045436,Netflix,travel,396.9,15.910208501642606,79.74147919025802,15.71442890500839,79.71380717749015,1626706800,0
2021-07-19 18:00:00,4532117045436,Netflix,health_fitness,556.47,15.905591760490195,79.75401403689044,15.245775977458358,79.73501875797963,1626717600,0
2021-07-19 21:00:00,4532117045436,Zomato,grocery_pos,863.5,15.923854385785164,79.72783460114961,16.740796756377215,79.14640217795697,1626728400,0
2021-07-20 00:00:00,4532117045436,Zomato,food_dining,535.13,15.916009712139127,79.75191379168848,16.125696959222953,80.16123778409894,1626739200,0
2021-07-20 03:00:00,4532117045436,Apollo,grocery_pos,692.04,15.916085560484657,79.7270895378211,15.308776976654105,79.69684881471409,1626750000,0
2021-07-20 06:00:00,4532117045436,Apollo,shopping_net,522.16,15.92508379145785,79.7482047525506,15.849410253295934,79.93643830101404,1626760800,0
2021-07-20 09:00:00,4532117045436,Walmart,food_dining,310.21,15.925231731948651,79.73053364759775,15.241057577734596,80.21458469948075,1626771600,0
2021-07-20 12:00:00,4532117045436,Amazon,health_fitness,491.35,15.92334498032702,79.75191822521822,16.253792117274923,79.64947642542747,1626782400,0
2021-07-20 15:00:00,4532117045436,Zomato,grocery_pos,2999.45,15.924931640821121,79.73423906720127,27.796793467114348,76.93856146875859,1626793200,1
2021-07-20 18:00:00,4532117045436,Netflix,gas_transport,360.61,15.928526680897479,79.73643484691979,15.819888488791749,80.28314414544857,1626804000,0
2021-07-20 21:00:00,4532117045436,Shell,entertainment,439.11,15.90323380859438,79.7306155859623,15.866657126542858,79.90992826746204,1626814800,0
2021-07-21 00:00:00,4532117045436,Netflix,travel,426.79,15.909913219369551,79.71588012824371,15.774756581947253,79.83972151178165,1626825600,0
2021-07-21 03:00:00,4532117045436,Amazon,travel,291.01,15.919989483327901,79.72857657959281,15.80070173980175,79.753936981385,1626836400,0
2021-07-21 06:00:00,4532117045436,Apollo,entertainment,856.27,15.904044704233547,79.72315455518479,15.524937339396539,80.02082319431764,1626847200,0
2021-07-21 09:00:00,4532117045436,Netflix,gas_transport,571.18,15.909267455954899,79.71958114320593,16.60392142999962,79.9983079724534,1626858000,0
2021-07-21 12:00:00,4532117045436,Walmart,shopping_net,486.66,15.914844172211446,79.74293939848286,16.010414000849373,79.02493876768644,1626868800,0
2021-07-21 15:00:00,4532117045436,Amazon,food_dining,463.48,15.910598644652906,79.75524867044409,15.944591454442007,79.40415142244386,1626879600,0
2021-07-21 18:00:00,4532117045436,Apollo,entertainment,630.35,15.913560187493433,79.75797351872616,15.79987322227329,80.21861434717373,1626890400,0
2021-07-21 21:00:00,4532117045436,Shell,gas_transport,761.34,15.90144608278115,79.72837402712052,15.27645177305987,79.86407458518296,1626901200,0
2021-07-22 00:00:00,4532117045436,Apollo,health_fitness,552.76,15.912522452923161,79.73890082730797,16.382091080101283,79.63139373478022,1626912000,0
2021-07-22 03:00:00,4532117045436,MakeMyTrip,travel,468.18,15.914240240661808,79.75164787324826,16.624379341594913,80.62094862830284,1626922800,0
2021-07-22 06:00:00,4532117045436,Walmart,gas_transport,670.9,15.929050043675547,79.72688400354279,14.98216608051882,80.14599593494313,1626933600,0
2021-07-22 09:00:00,4532117045436,Amazon,shopping_net,471.35,15.910213705591175,79.75203604394781,16.2676235984662,80.27991411377148,1626944400,0
2021-07-22 12:00:00,4532117045436,Shell,shopping_net,515.3,15.906397362292445,79.75220045558783,16.344125376068867,79.62967021458059,1626955200,0
2021-07-22 15:00:00,4532117045436,Walmart,grocery_pos,600.15,15.920029440594515,79.72053886981016,16.555002592899584,79.93273955280219,1626966000,0
2021-07-22 18:00:00,4532117045436,Apollo,entertainment,392.03,15.881152510618666,79.71643917619701,16.515632610995265,79.69928229831743,1626976800,0
2021-07-22 21:00:00,4532117045436,Walmart,grocery_pos,138.62,15.909726515445554,79.73599750863346,17.23080132599537,79.22242523001515,1626987600,0
2021-07-23 00:00:00,4532117045436,Amazon,travel,384.74,15.907762865382875,79.74938074836973,16.113030311541525,79.83847256558987,1626998400,0
2021-07-23 03:00:00,4532117045436,Zomato,gas_transport,565.95,15.915509216568067,79.72480272868879,16.40923909488895,79.7111921494345,1627009200,0
2021-07-23 06:00:00,4532117045436,Walmart,food_dining,555.38,15.925362262543407,79.71961694590132,15.919116123805281,79.70284383639465,1627020000,0
2021-07-23 09:00:00,4532117045436,MakeMyTrip,food_dining,651.4,15.928412811989014,79.7406436684714,15.511482578502973,80.23535750607824,1627030800,0
2021-07-23 12:00:00,4532117045436,Walmart,shopping_net,390.48,15.915369476862525,79.74632759309065,16.267036720817966,79.68462018210997,1627041600,0
2021-07-23 15:00:00,4532117045436,Apollo,food_dining,687.14,15.897383162885559,79.73319816778088,16.4097970004549,79.7750316650766,1627052400,0
2021-07-23 18:00:00,4532117045436,Apollo,food_dining,477.76,15.90775813393659,79.73401545948855,16.083792485961368,79.79938326564658,1627063200,0
2021-07-23 21:00:00,4532117045436,Shell,travel,540.66,15.908854498750575,79.74626688225334,15.082777383639634,79.99134335661884,1627074000,0
2021-07-24 00:00:00,4532117045436,Apollo,food_dining,585.54,15.916572154258022,79.73130079272354,15.188421739341177,79.88901491726416,1627084800,0
2021-07-24 03:00:00,4532117045436,Netflix,gas_transport,242.75,15.913462465401604,79.73205133534009,16.29654749939979,80.08349176565227,1627095600,0
2021-07-24 06:00:00,4532117045436,Amazon,food_dining,299.27,15.906017018721638,79.74277286906353,15.730031440879293,79.09841612932144,1627106400,0
2021-07-24 09:00:00,4532117045436,Amazon,health_fitness,294.29,15.900383515580836,79.74388997945483,16.090946646460594,79.81211169383509,1627117200,0
2021-07-24 12:00:00,4532117045436,Zomato,food_dining,610.83,15.90421423100357,79.73776074175082,16.15424560900732,79.68394344151996,1627128000,0
2021-07-24 15:00:00,4532117045436,Zomato,food_dining,404.18,15.903846531164346,79.75484483922898,15.855691530136243,79.0818528880332,1627138800,0
2021-07-24 18:00:00,4532117045436,Amazon,grocery_pos,754.14,15.929115769935361,79.74749773025734,15.784857874777975,79.01860245310918,1627149600,0
2021-07-24 21:00:00,4532117045436,MakeMyTrip,gas_transport,450.51,15.905203413936935,79.73649062113493,15.847766519441535,79.42605267650956,1627160400,0
2021-07-25 00:00:00,4532117045436,Zomato,shopping_net,229.29,15.913501360557163,79.72709289706785,16.20864512120452,79.4140852204164,1627171200,0
2021-07-25 03:00:00,4532117045436,Shell,grocery_pos,349.14,15.922584414083476,79.74991422612236,16.15289897516674,79.62038465727613,1627182000,0
2021-07-25 06:00:00,4532117045436,Apollo,entertainment,467.61,15.914848982864328,79.75026475920407,15.513412701361412,79.80408096326714,1627192800,0
2021-07-25 09:00:00,4532117045436,Amazon,gas_transport,527.28,15.902039973590549,79.73900973727311,15.905481987735175,79.98704617608833,1627203600,0
2021-07-25 12:00:00,4532117045436,Zomato,health_fitness,302.27,15.922750850277993,79.7427688204139,15.38254655700069,79.12095569943723,1627214400,0
2021-07-25 15:00:00,4532117045436,Amazon,gas_transport,535.27,15.916441871197033,79.74701243542795,16.17007787545681,79.2883097851064,1627225200,0
2021-07-25 18:00:00,4532117045436,Netflix,entertainment,575.33,15.891045122641458,79.7560310360319,15.680128891836208,79.30524938379865,1627236000,0
2021-07-25 21:00:00,4532117045436,Walmart,entertainment,353.86,15.925357214359943,79.74887259494561,16.272786064324634,79.68051943188568,1627246800,0
2021-07-26 00:00:00,4532117045436,Apollo,entertainment,745.37,15.921633797031035,79.74445017597901,15.79268540698651,79.75403666159386,1627257600,0
2021-07-26 03:00:00,4532117045436,Amazon,travel,370.1,15.916285004864303,79.74929749707327,16.484903012815483,80.2395402992249,1627268400,0
2021-07-26 06:00:00,4532117045436,Walmart,shopping_net,300.02,15.929247634856956,79.75151123699607,16.579429891440313,79.28147000800621,1627279200,0
2021-07-26 09:00:00,4532117045436,Zomato,food_dining,220.62,15.921404677035126,79.74270719437456,16.135000670091713,80.12765306790212,1627290000,0
2021-07-26 12:00:00,4532117045436,Walmart,gas_transport,633.1,15.924179418087729,79.7491752926869,15.729278360295808,78.99952517118406,1627300800,0
2021-07-26 15:00:00,4532117045436,Apollo,travel,453.43,15.923264015907186,79.7332369114551,15.444251403803303,79.74960920763911,1627311600,0
2021-07-26 18:00:00,4532117045436,Amazon,food_dining,378.11,15.92047043990744,79.75035265772532,16.393716045980188,80.0158007212385,1627322400,0
2021-07-26 21:00:00,4532117045436,Netflix,food_dining,228.88,15.89499117153863,79.73332002330487,15.879803293763832,80.05669828199193,1627333200,0
2021-07-27 00:00:00,4532117045436,MakeMyTrip,health_fitness,391.61,15.896185327420664,79.72991668823875,15.936975004512545,80.58568008062,1627344000,0
2021-07-27 03:00:00,4532117045436,Zomato,entertainment,807.22,15.92140840482843,79.73871157320252,15.718698352991721,80.9288996573841,1627354800,0
2021-07-27 06:00:00,4532117045436,Amazon,shopping_net,128.33,15.925216507390752,79.7265824199014,15.221503223705103,79.9426998206769,1627365600,0
2021-07-27 09:00:00,4532117045436,Apollo,health_fitness,355.25,15.905848266024316,79.73403498435478,16.450141509303783,79.08089849538878,1627376400,0
2021-07-27 12:00:00,4532117045436,Zomato,grocery_pos,718.92,15.90176237156234,79.74378473816657,15.8705427546829,81.64458255360897,1627387200,0
2021-07-27 15:00:00,4532117045436,Shell,travel,637.35,15.915526501367935,79.74277924194976,14.981775163376755,80.31105159235187,1627398000,0
2021-07-27 18:00:00,4532117045436,Walmart,travel,364.41,15.898379452430774,79.74639558565501,15.843885701085222,80.25515786454365,1627408800,0
2021-07-27 21:00:00,4532117045436,MakeMyTrip,shopping_net,480.54,15.911211021558762,79.74655003134619,15.235553065778001,79.52643451014545,1627419600,0
2021-07-28 00:00:00,4532117045436,Apollo,food_dining,519.44,15.909348935264848,79.7437421025379,16.20808930794663,79.67905702068738,1627430400,0
2021-07-28 03:00:00,4532117045436,Shell,travel,470.08,15.910655432969985,79.73148351525717,16.139401621726467,79.32730931887299,1627441200,0
2021-07-28 06:00:00,4532117045436,Amazon,shopping_net,717.67,15.931744310179054,79.74923269890544,16.667027319316748,80.07623664593144,1627452000,0
2021-07-28 09:00:00,4532117045436,Netflix,travel,500.96,15.906560085415393,79.73890382340356,15.174607824725816,79.50822377978112,1627462800,0
2021-07-28 12:00:00,4532117045436,Zomato,travel,620.33,15.913434086939452,79.74240271322763,16.63150406961001,80.09928168880703,1627473600,0
2021-07-28 15:00:00,4532117045436,Walmart,entertainment,477.24,15.899778437982308,79.74104107146927,16.172567373750944,79.37009600884065,1627484400,0
2021-07-28 18:00:00,4532117045436,Zomato,grocery_pos,145.14,15.92230374036916,79.75574600810528,15.229443414537673,80.21522004326731,1627495200,0
2021-07-28 21:00:00,4532117045436,MakeMyTrip,entertainment,271.14,15.911104144758932,79.72805124964162,16.826408755716276,79.88139726305972,1627506000,0
2021-07-29 00:00:00,4532117045436,Amazon,grocery_pos,302.27,15.924683082452779,79.73656876287144,15.850670414946029,80.37578031113985,1627516800,0
2021-07-29 03:00:00,4532117045436,Zomato,travel,412.61,15.888328928867576,79.74531354542704,15.31728263743946,80.79573180705248,1627527600,0
2021-07-29 06:00:00,4532117045436,Walmart,health_fitness,761.76,15.912318690186984,79.74021908590922,16.4326915376223,79.88164135592511,1627538400,0
2021-07-29 09:00:00,4532117045436,Amazon,food_dining,504.36,15.914221275356565,79.7351530170861,15.368446783184877,80.42258705192076,1627549200,0
2021-07-29 12:00:00,4532117045436,Zomato,travel,434.13,15.922015232779055,79.72081963240544,16.491010549245523,80.42495096100247,1627560000,0
2021-07-29 15:00:00,4532117045436,Netflix,grocery_pos,635.78,15.906480012147687,79.73713069648952,15.816921766453328,79.72937575132647,1627570800,0
2021-07-29 18:00:00,4532117045436,Apollo,grocery_pos,232.22,15.920768248143911,79.74362424524612,15.738288474643392,79.87006801875104,1627581600,0
2021-07-29 21:00:00,4532117045436,Amazon,grocery_pos,376.55,15.907625644854715,79.74543514841297,15.262079429731328,79.87563967990161,1627592400,0
2021-07-30 00:00:00,4532117045436,Apollo,travel,354.4,15.913837571789042,79.73831925786713,15.391104664187083,79.5218405354216,1627603200,0
2021-07-30 03:00:00,4532117045436,Amazon,shopping_net,509.71,15.92211951557255,79.74177976711854,15.993132636270811,79.52648376341956,1627614000,0
2021-07-30 06:00:00,4532117045436,Netflix,health_fitness,584.38,15.903602304806736,79.72856516496381,15.09329966741791,80.35234596321685,1627624800,0
2021-07-30 09:00:00,4532117045436,Apollo,shopping_net,520.72,15.92030584670731,79.74389402960588,16.25751265221029,79.38486722229032,1627635600,0
2021-07-30 12:00:00,4532117045436,Shell,food_dining,523.1,15.91624902571986,79.74009438292435,15.650493070493669,79.66531916910971,1627646400,0
2021-07-30 15:00:00,4532117045436,Walmart,travel,395.83,15.90956325869026,79.74165209344638,15.714705510589255,79.57666538983412,1627657200,0
2021-07-30 18:00:00,4532117045436,Shell,grocery_pos,498.11,15.906217934046307,79.73780555895853,16.204482435481737,79.97013934572429,1627668000,0
2021-07-30 21:00:00,4532117045436,Zomato,health_fitness,324.02,15.891891711321993,79.7421282299415,15.81086366428262,80.89020321164783,1627678800,0
2021-07-31 00:00:00,4532117045436,Netflix,health_fitness,551.12,15.91209734043641,79.7463461191965,16.528188131206207,79.6452825335772,1627689600,0
2021-07-31 03:00:00,4532117045436,Shell,gas_transport,374.91,15.909579983276657,79.74255458357838,14.887722379791425,79.01926462780621,1627700400,0
2021-07-31 06:00:00,4532117045436,Amazon,food_dining,6222.0,15.919291317586856,79.7217711540903,30.59826388266919,77.71821446322997,1627711200,1
2021-07-31 09:00:00,4532117045436,Zomato,health_fitness,455.67,15.91827997966049,79.74276165448221,15.924944470628331,79.25358265153895,1627722000,0
2021-07-31 12:00:00,4532117045436,Zomato,travel,163.03,15.923601173043615,79.73612132805167,15.583959267645275,79.86849213121155,1627732800,0
2021-07-31 15:00:00,4532117045436,Shell,grocery_pos,671.16,15.923967292840194,79.73291805575116,16.387395563281377,79.3590114491487,1627743600,0
2021-07-31 18:00:00,4532117045436,Shell,grocery_pos,569.56,15.944455378773856,79.75349172979072,16.206311885062057,79.82154026272448,1627754400,0
2021-07-31 21:00:00,4532117045436,Netflix,health_fitness,500.55,15.918036599688708,79.73067484869999,16.027069628642163,79.14317083789301,1627765200,0
2021-08-01 00:00:00,4532117045436,Walmart,shopping_net,206.45,15.904295294105916,79.7318032038346,15.78636013956016,79.60709462803078,1627776000,0
2021-08-01 03:00:00,4532117045436,Shell,food_dining,344.97,15.921161929891904,79.71758610412745,15.560166996679477,79.24355454428395,1627786800,0
2021-08-01 06:00:00,4532117045436,MakeMyTrip,grocery_pos,456.08,15.928959040565383,79.75440514872226,15.373428969464515,80.36662081538553,1627797600,0
2021-08-01 09:00:00,4532117045436,Shell,health_fitness,410.53,15.917648973243825,79.74891145460619,16.59586758650654,79.37790341713202,1627808400,0
2021-08-01 12:00:00,4532117045436,Apollo,grocery_pos,196.72,15.89165708944791,79.73667771333247,16.326267924388112,80.017216950401,1627819200,0
2021-08-01 15:00:00,4532117045436,Amazon,health_fitness,252.54,15.91845360204003,79.74612799806478,16.197226848322686,79.82952963060796,1627830000,0
2021-08-01 18:00:00,4532117045436,MakeMyTrip,food_dining,407.54,15.906601281527285,79.71774421803694,15.699401335622854,79.83945668798661,1627840800,0
2021-08-01 21:00:00,4532117045436,MakeMyTrip,health_fitness,257.51,15.899680741199205,79.74475285774562,16.929846458389136,79.92650034108473,1627851600,0
2021-08-02 00:00:00,4532117045436,Apollo,gas_transport,4189.63,15.914766867733041,79.73142932070253,30.327591418643255,76.771871442981,1627862400,1
2021-08-02 03:00:00,4532117045436,Apollo,health_fitness,524.18,15.897641850173843,79.75673752498001,15.723864085746948,80.3930917671355,1627873200,0
2021-08-02 06:00:00,4532117045436,Zomato,health_fitness,329.48,15.923131471042957,79.74367542398738,16.819377147232526,80.20666888523098,1627884000,0
2021-08-02 09:00:00,4532117045436,Walmart,travel,625.37,15.920208791674325,79.74131006772015,15.886695535740387,80.50302217123004,1627894800,0
2021-08-02 12:00:00,4532117045436,Amazon,food_dining,595.16,15.91203331059751,79.73179295114086,16.7819548555041,79.20799001415841,1627905600,0
2021-08-02 15:00:00,4532117045436,Netflix,travel,493.34,15.907399217677925,79.73185549410785,16.102197606490943,79.0692974145106,1627916400,0
2021-08-02 18:00:00,4532117045436,MakeMyTrip,health_fitness,444.06,15.911059007122763,79.7459255353864,15.655511007192107,80.56858727816886,1627927200,0
2021-08-02 21:00:00,4532117045436,Netflix,food_dining,405.23,15.90279084752398,79.73169932072318,15.814995435999052,80.02124426949355,1627938000,0
2021-08-03 00:00:00,4532117045436,Shell,gas_transport,369.01,15.912129557079194,79.7313061763481,15.554497239063428,79.20799255405899,1627948800,0
2021-08-03 03:00:00,4532117045436,Shell,food_dining,249.48,15.884455409225065,79.75407084833522,16.259566442869918,79.6002270752711,1627959600,0
2021-08-03 06:00:00,4532117045436,Netflix,grocery_pos,679.25,15.91378709963427,79.74287550056464,16.524344534555148,80.00851133850513,1627970400,0
2021-08-03 09:00:00,4532117045436,Shell,travel,2401.12,15.91404219941589,79.72903811172684,28.200951237245167,76.97473674244095,1627981200,1
2021-08-03 12:00:00,4532117045436,Walmart,food_dining,454.23,15.921351496680908,79.74551746554869,16.054714832851452,80.04620794396082,1627992000,0
2021-08-03 15:00:00,4532117045436,Apollo,gas_transport,313.46,15.915898115759935,79.73720939853783,15.393282705230977,79.15269599142678,1628002800,0
2021-08-03 18:00:00,4532117045436,Shell,entertainment,411.08,15.922673347618716,79.72234177463682,16.459596250887607,79.72491632226215,1628013600,0
2021-08-03 21:00:00,4532117045436,Zomato,health_fitness,877.62,15.918370311090525,79.73500991494903,16.332848442838415,79.79881036570123,1628024400,0
2021-08-04 00:00:00,4532117045436,Shell,food_dining,341.1,15.923265242704062,79.72951418687857,16.051946080281784,79.38665098163513,1628035200,0
2021-08-04 03:00:00,4532117045436,Amazon,health_fitness,667.29,15.939114250639927,79.74255777564285,15.762213622629806,79.59834181824726,1628046000,0
2021-08-04 06:00:00,4532117045436,Walmart,shopping_net,445.83,15.917100171419484,79.73344417978838,15.934852436834438,79.50834507105532,1628056800,0
2021-08-04 09:00:00,4532117045436,Amazon,grocery_pos,551.99,15.914740241447674,79.74090902250444,15.457953618980618,79.18530701373578,1628067600,0
2021-08-04 12:00:00,4532117045436,Amazon,travel,636.69,15.924770489212682,79.74666259684096,15.175741057858373,79.43128059782347,1628078400,0
2021-08-04 15:00:00,4532117045436,Zomato,grocery_pos,490.84,15.908217684972296,79.7636095968296,15.762976381250745,79.83548530343899,1628089200,0
2021-08-04 18:00:00,4532117045436,Walmart,shopping_net,397.24,15.911708122340347,79.75979901172053,15.482887808039107,79.25272514396715,1628100000,0
2021-08-04 21:00:00,4532117045436,Walmart,shopping_net,422.09,15.917109946182785,79.74223249418807,15.659082126136322,79.40255747079999,1628110800,0
2021-08-05 00:00:00,4532117045436,Walmart,travel,427.14,15.913624150377286,79.73947395852323,15.668924403929095,78.8885423023927,1628121600,0
2021-08-05 03:00:00,4532117045436,Walmart,food_dining,729.66,15.913579134408009,79.73404908291113,15.87388725036488,80.46014847440298,1628132400,0
2021-08-05 06:00:00,4532117045436,Walmart,shopping_net,227.38,15.921897792033263,79.72356902033417,15.841052441168912,80.20301065489274,1628143200,0
2021-08-05 09:00:00,4532117045436,Zomato,entertainment,184.39,15.895939451604805,79.71713686181405,14.38632331755017,80.34238478219426,1628154000,0
2021-08-05 12:00:00,4532117045436,Shell,health_fitness,194.39,15.933234590784723,79.73157296006339,16.086848773485737,79.92053309574369,1628164800,0
2021-08-05 15:00:00,4532117045436,Amazon,health_fitness,315.91,15.917759000179846,79.75637444815882,15.978648269837795,79.88722011722606,1628175600,0
2021-08-05 18:00:00,4532117045436,Walmart,gas_transport,555.01,15.908897386701858,79.75603097564007,16.393473828886414,79.63441982881223,1628186400,0
2021-08-05 21:00:00,4532117045436,MakeMyTrip,shopping_net,564.21,15.929180529083489,79.74071643289571,15.8059949496071,80.39013048318311,1628197200,0
2021-08-06 00:00:00,4532117045436,Shell,shopping_net,358.87,15.913935340507038,79.74465216157681,16.45511678780153,79.75179870130403,1628208000,0
2021-08-06 03:00:00,4532117045436,Shell,entertainment,445.73,15.914198985375963,79.73395282919937,15.836384619038771,78.7598476987195,1628218800,0
2021-08-06 06:00:00,4532117045436,Amazon,grocery_pos,282.56,15.910752967173135,79.7396984956571,16.08293929617844,78.77354333921187,1628229600,0
2021-08-06 09:00:00,4532117045436,Zomato,grocery_pos,296.47,15.927576936638676,79.73223826595743,15.45433253131443,79.92172135122121,1628240400,0
2021-08-06 12:00:00,4532117045436,Netflix,health_fitness,536.98,15.912806490208322,79.7322202996691,16.480940122247485,79.26020396006084,1628251200,0
2021-08-06 15:00:00,4532117045436,Netflix,health_fitness,607.15,15.907315840341392,79.74612537858626,16.562898803739134,79.7886909973955,1628262000,0
2021-08-06 18:00:00,4532117045436,Shell,food_dining,378.48,15.922887729688599,79.73394706428849,16.8545578435923,80.11944285742821,1628272800,0
2021-08-06 21:00:00,4532117045436,Apollo,travel,695.25,15.924729553757555,79.74492165829383,15.641679284432088,79.32522632255395,1628283600,0
2021-08-07 00:00:00,4532117045436,Apollo,entertainment,594.84,15.928966083136721,79.73852808544619,16.17774281798789,79.59020654887188,1628294400,0
2021-08-07 03:00:00,4532117045436,Amazon,travel,4865.13,15.919235990420496,79.75417872219472,29.742133194373412,77.30278642661838,1628305200,1
2021-08-07 06:00:00,4532117045436,Netflix,travel,404.86,15.924362664952431,79.74552341299909,14.969283086738331,79.30669758870562,1628316000,0
2021-08-07 09:00:00,4532117045436,Shell,gas_transport,678.1,15.910307468074018,79.74244326301593,16.194617810059928,79.02542786474538,1628326800,0
2021-08-07 12:00:00,4532117045436,Zomato,travel,776.93,15.923157994199483,79.72569676334268,15.85647992646117,79.19379805664832,1628337600,0
2021-08-07 15:00:00,4532117045436,Netflix,gas_transport,388.12,15.920325226059338,79.7350949052977,15.270354976460403,78.99318131370057,1628348400,0
2021-08-07 18:00:00,4532117045436,Shell,travel,426.87,15.918204602689427,79.73949715674517,16.002465300892137,79.65114168870379,1628359200,0
2021-08-07 21:00:00,4532117045436,Shell,entertainment,307.84,15.89732875239233,79.74054561191726,16.379720425433835,79.64437442287142,1628370000,0
2021-08-08 00:00:00,4532117045436,Walmart,gas_transport,278.37,15.90901826026456,79.74663228781972,15.944449392907062,79.47656798508788,1628380800,0
2021-08-08 03:00:00,4532117045436,Zomato,grocery_pos,280.12,15.912442849933202,79.74206020140144,16.52713870183152,79.02996065641122,1628391600,0
2021-08-08 06:00:00,4532117045436,Walmart,gas_transport,328.28,15.918215960272352,79.72966771983803,15.58252195679258,80.29266830651399,1628402400,0
2021-08-08 09:00:00,4532117045436,Amazon,gas_transport,4820.39,15.936907371087244,79.74592114258022,28.352042139773847,75.64371223969486,1628413200,1
2021-08-08 12:00:00,4532117045436,Walmart,entertainment,334.62,15.921492439163522,79.73538732922981,15.721014608664797,81.0233055452942,1628424000,0
2021-08-08 15:00:00,4532117045436,MakeMyTrip,entertainment,486.62,15.904799866392286,79.73352468523356,16.527982798620982,80.17258699218023,1628434800,0
2021-08-08 18:00:00,4532117045436,Walmart,gas_transport,489.73,15.90809756480151,79.72897286985842,15.277304572555776,78.7088929152079,1628445600,0
2021-08-08 21:00:00,4532117045436,MakeMyTrip,shopping_net,379.48,15.926798637023508,79.7364867163913,16.028267731886526,80.35721748676589,1628456400,0
2021-08-09 00:00:00,4532117045436,Netflix,entertainment,440.6,15.907657797858821,79.73442789961517,16.027209943111913,79.38877525146965,1628467200,0
2021-08-09 03:00:00,4532117045436,Apollo,food_dining,370.81,15.923087044975214,79.75160741336009,16.15145795261152,79.27653595271458,1628478000,0
2021-08-09 06:00:00,4532117045436,Shell,food_dining,403.39,15.914072220902357,79.73732489743233,15.73719004894962,79.60397026418865,1628488800,0
2021-08-09 09:00:00,4532117045436,MakeMyTrip,grocery_pos,328.67,15.911236110605337,79.74532161565244,16.128738263100946,80.30689906492962,1628499600,0
2021-08-09 12:00:00,4532117045436,Zomato,travel,462.62,15.907809346100422,79.72197261646279,15.813756253140603,80.00169133342231,1628510400,0
2021-08-09 15:00:00,4532117045436,Walmart,gas_transport,359.92,15.882435754790675,79.74744431941431,15.649608649912732,79.83123666649001,1628521200,0
2021-08-09 18:00:00,4532117045436,MakeMyTrip,shopping_net,275.09,15.918297511242008,79.74641383499602,16.619946368369597,79.3290576864644,1628532000,0
2021-08-09 21:00:00,4532117045436,Zomato,grocery_pos,539.01,15.9023787023699,79.72544272108327,15.951916270284796,80.2115607744247,1628542800,0
2021-08-10 00:00:00,4532117045436,Apollo,gas_transport,544.09,15.898716324002352,79.7312815746756,15.155984318620927,79.24796984446347,1628553600,0
2021-08-10 03:00:00,4532117045436,Apollo,entertainment,616.75,15.915377747018859,79.73337005789514,15.576384975663675,80.26144405761502,1628564400,0
2021-08-10 06:00:00,4532117045436,Walmart,food_dining,2257.33,15.923195428779579,79.7379730489318,29.36797093615605,77.67633082269255,1628575200,1
2021-08-10 09:00:00,4532117045436,Amazon,health_fitness,377.86,15.895931919119073,79.73295090948857,15.458596422721975,79.44214907148103,1628586000,0
2021-08-10 12:00:00,4532117045436,Walmart,shopping_net,484.57,15.92293395507647,79.73755038415173,16.18332243638438,80.80275872931672,1628596800,0
2021-08-10 15:00:00,4532117045436,Netflix,health_fitness,374.69,15.903867940768716,79.74653563523708,15.565628990492806,80.19602762137175,1628607600,0
2021-08-10 18:00:00,4532117045436,MakeMyTrip,food_dining,535.64,15.91938931056033,79.73441832402578,15.19379766813744,80.01931733178375,1628618400,0
2021-08-10 21:00:00,4532117045436,Shell,travel,524.69,15.918689492039018,79.7429724701093,16.153127443305902,79.79166877773349,1628629200,0
2021-08-11 00:00:00,4532117045436,Amazon,travel,521.89,15.910833565515514,79.74175538462917,15.74860704606702,79.16812655730153,1628640000,0
2021-08-11 03:00:00,4532117045436,Walmart,health_fitness,5564.43,15.913198729345616,79.71042474730898,27.035036964350894,78.0905704761381,1628650800,1
2021-08-11 06:00:00,4532117045436,Zomato,entertainment,546.61,15.908937996765223,79.73192173330357,16.475671944305613,80.5421128936207,1628661600,0
2021-08-11 09:00:00,4532117045436,Amazon,gas_transport,473.08,15.915535372569275,79.74985663878748,16.545528959410593,79.0512223964142,1628672400,0
2021-08-11 12:00:00,4532117045436,MakeMyTrip,entertainment,420.97,15.915447060930154,79.73105265903247,16.44594336510739,80.02364129947898,1628683200,0
2021-08-11 15:00:00,4532117045436,Amazon,health_fitness,431.42,15.903661147960193,79.72929167996172,16.257656149959637,80.43715330376544,1628694000,0
2021-08-11 18:00:00,4532117045436,MakeMyTrip,entertainment,290.37,15.8993216807686,79.7503589329697,15.229997880116246,80.46216377302497,1628704800,0
2021-08-11 21:00:00,4532117045436,Walmart,food_dining,185.14,15.922983541831906,79.74153444050276,15.795922812903045,79.28995616374023,1628715600,0
2021-08-12 00:00:00,4532117045436,MakeMyTrip,shopping_net,519.56,15.914940106806545,79.7545726023585,16.248337055534158,79.4675480608448,1628726400,0
2021-08-12 03:00:00,4532117045436,Amazon,entertainment,633.54,15.921598362829826,79.7353520034248,15.767697280182569,79.79046138186858,1628737200,0
2021-08-12 06:00:00,4532117045436,Zomato,food_dining,400.48,15.906195962203562,79.75202134187082,15.897900842523827,79.96692344697607,1628748000,0
2021-08-12 09:00:00,4532117045436,Apollo,shopping_net,688.06,15.904655615622053,79.73111156611343,16.275205855047567,80.38086314326016,1628758800,0
2021-08-12 12:00:00,4532117045436,Amazon,travel,423.52,15.902781630721302,79.71431546506504,16.440928511692423,79.63943129167856,1628769600,0
2021-08-12 15:00:00,4532117045436,MakeMyTrip,gas_transport,156.93,15.911092424220298,79.74673272982157,15.451603684370253,80.21281899395153,1628780400,0
2021-08-12 18:00:00,4532117045436,Apollo,health_fitness,587.74,15.91522446287588,79.74573232373126,16.24792050456494,78.45800711519352,1628791200,0
2021-08-12 21:00:00,4532117045436,MakeMyTrip,travel,378.11,15.907461751327926,79.74672881621305,16.195380611217907,79.60700529796219,1628802000,0
2021-08-13 00:00:00,4532117045436,Zomato,gas_transport,601.32,15.928548245823318,79.73793462075739,15.418465713331873,80.21234461165876,1628812800,0
2021-08-13 03:00:00,4532117045436,MakeMyTrip,travel,258.37,15.906478522071193,79.75466950873522,15.709658366542756,80.1567486680423,1628823600,0
2021-08-13 06:00:00,4532117045436,Walmart,grocery_pos,511.81,15.915387961354792,79.74865508627185,15.987742579938374,79.26087077898853,1628834400,0
2021-08-13 09:00:00,4532117045436,Shell,travel,329.93,15.904069569110032,79.74824918981335,16.607874147017853,80.25325141557657,1628845200,0
2021-08-13 12:00:00,4532117045436,Amazon,food_dining,480.21,15.90616880002509,79.7412165407828,15.705523894632123,79.02989928927983,1628856000,0
2021-08-13 15:00:00,4532117045436,Shell,shopping_net,564.99,15.91203662409652,79.72653001475094,16.121727477923688,80.33822254338642,1628866800,0
2021-08-13 18:00:00,4532117045436,MakeMyTrip,travel,530.16,15.904573639392634,79.74067647198386,16.497283232438313,79.6378332680226,1628877600,0
2021-08-13 21:00:00,4532117045436,Zomato,entertainment,460.41,15.913794154480597,79.74359456457982,16.8402403882779,79.51433365254631,1628888400,0
2021-08-14 00:00:00,4532117045436,Amazon,gas_transport,243.23,15.917302509136224,79.76032803938969,16.026313921105917,79.59096790033024,1628899200,0
2021-08-14 03:00:00,4532117045436,MakeMyTrip,travel,559.55,15.923833744290302,79.7426604402456,14.853067188429819,79.92952000307183,1628910000,0
2021-08-14 06:00:00,4532117045436,Apollo,shopping_net,604.71,15.902100970571084,79.72953915779807,16.374607631640426,80.78018664780507,1628920800,0
2021-08-14 09:00:00,4532117045436,Netflix,food_dining,293.55,15.914578423055824,79.74467288578171,16.018435251265753,80.349050628076,1628931600,0
2021-08-14 12:00:00,4532117045436,MakeMyTrip,grocery_pos,315.6,15.912280518745085,79.75257522083388,15.490442125666195,79.16641338565402,1628942400,0
2021-08-14 15:00:00,4532117045436,Shell,gas_transport,611.03,15.894418187405408,79.75708564701026,16.268431785561777,79.21934658033582,1628953200,0
2021-08-14 18:00:00,4532117045436,Amazon,health_fitness,418.73,15.901612129034055,79.73893099192937,16.84556568774953,78.78709846815615,1628964000,0
2021-08-14 21:00:00,4532117045436,Shell,shopping_net,319.48,15.917649472858853,79.73800411868943,16.01739462944369,79.8944338371842,1628974800,0
2021-08-15 00:00:00,4532117045436,Amazon,health_fitness,490.88,15.899373431860154,79.72588645711674,15.101994106514448,79.65523062901642,1628985600,0
2021-08-15 03:00:00,4532117045436,MakeMyTrip,shopping_net,354.22,15.91216579519312,79.73396655870089,16.634946048870255,80.05368789624733,1628996400,0
2021-08-15 06:00:00,4532117045436,Walmart,shopping_net,474.16,15.891675575031748,79.74432814626674,15.924222218297432,79.48950300187971,1629007200,0
2021-08-15 09:00:00,4532117045436,Apollo,food_dining,388.02,15.911870476320727,79.72476138394977,16.269174315595077,79.54175467277747,1629018000,0
2021-08-15 12:00:00,4532117045436,MakeMyTrip,food_dining,400.87,15.892364910887807,79.76047552166308,15.943906148712518,79.01395221600019,1629028800,0
2021-08-15 15:00:00,4532117045436,Shell,food_dining,616.56,15.906854214572938,79.73643332508847,16.14098431342629,80.29167493616362,1629039600,0
2021-08-15 18:00:00,4532117045436,Netflix,travel,79.72,15.908522612782177,79.74120359544114,16.245741525953132,79.43902283881899,1629050400,0
2021-08-15 21:00:00,4532117045436,Netflix,entertainment,533.21,15.914130255625283,79.7434214189239,16.31637467994108,79.32219387100291,1629061200,0
2021-08-16 00:00:00,4532117045436,Zomato,shopping_net,591.82,15.910374488800903,79.75129144926274,15.9862309460093,80.22328575142096,1629072000,0
2021-08-16 03:00:00,4532117045436,Amazon,gas_transport,356.7,15.90054099454041,79.74266711764827,15.53261171581025,79.00213512496633,1629082800,0
2021-08-16 06:00:00,4532117045436,Shell,health_fitness,590.66,15.900727850088646,79.72931895654416,16.009740175544085,80.01484729097781,1629093600,0
2021-08-16 09:00:00,4532117045436,Zomato,food_dining,306.15,15.89675891397734,79.74421804805506,16.307168617509667,79.35593014479198,1629104400,0
2021-08-16 12:00:00,4532117045436,Shell,travel,351.0,15.914964855044236,79.75127044596796,15.536096928393196,79.68203885107464,1629115200,0
2021-08-16 15:00:00,4532117045436,Amazon,food_dining,333.72,15.914523531982622,79.73105304146347,15.359575741128559,78.77260462815126,1629126000,0
2021-08-16 18:00:00,4532117045436,MakeMyTrip,health_fitness,592.69,15.919594082147839,79.74800032489826,16.579413899348403,80.02875958482832,1629136800,0
2021-08-16 21:00:00,4532117045436,MakeMyTrip,health_fitness,188.26,15.907898583469635,79.74254249159151,16.758690736122485,80.76501463384332,1629147600,0
2021-08-17 00:00:00,4532117045436,Netflix,shopping_net,696.02,15.895556566112756,79.74095149604992,15.932085983806864,79.10849563948163,1629158400,0
2021-08-17 03:00:00,4532117045436,MakeMyTrip,food_dining,404.26,15.909740007057383,79.73360011977462,16.213509926759045,80.31750052214925,1629169200,0
2021-08-17 06:00:00,4532117045436,MakeMyTrip,health_fitness,542.24,15.913010469924389,79.73777755333731,16.100790564430216,79.71634667700218,1629180000,0
2021-08-17 09:00:00,4532117045436,Walmart,entertainment,529.31,15.901252510076663,79.74438573235427,14.822930776441524,80.00730202924134,1629190800,0
2021-08-17 12:00:00,4532117045436,Netflix,entertainment,472.68,15.902201603038845,79.73575823647255,16.016263423566055,79.14998224268906,1629201600,0
2021-08-17 15:00:00,4532117045436,Zomato,food_dining,359.9,15.917409230857576,79.73020714828886,16.64588649315266,79.22399206213223,1629212400,0
2021-08-17 18:00:00,4532117045436,Apollo,travel,636.36,15.913906215462102,79.72979870110738,15.325712490157057,79.78372973590915,1629223200,0
2021-08-17 21:00:00,4532117045436,Walmart,health_fitness,372.77,15.9242286942372,79.74280920261177,15.279981205203574,79.63179008051732,1629234000,0
2021-08-18 00:00:00,4532117045436,Zomato,shopping_net,340.31,15.930121008084955,79.74489270922491,15.547725592876082,79.81453487054445,1629244800,0
2021-08-18 03:00:00,4532117045436,Amazon,shopping_net,581.66,15.897871913639653,79.73932309745567,15.675832219148422,79.00818956027837,1629255600,0
2021-08-18 06:00:00,4532117045436,Walmart,travel,471.86,15.908711323443915,79.7581512262255,16.24647128496402,80.04521187810934,1629266400,0
2021-08-18 09:00:00,4532117045436,Zomato,shopping_net,653.67,15.914136344670204,79.72299325995267,16.573220202244006,79.93417855879461,1629277200,0
2021-08-18 12:00:00,4532117045436,Amazon,grocery_pos,440.6,15.916535733992292,79.7437970641237,16.561490362261623,80.29295127841475,1629288000,0
2021-08-18 15:00:00,4532117045436,Netflix,food_dining,352.37,15.923058811842157,79.72159265270442,16.239873634527488,79.89825653879062,1629298800,0
2021-08-18 18:00:00,4532117045436,Apollo,shopping_net,491.21,15.920186249643663,79.73896193969263,15.117356756680898,80.86784769478943,1629309600,0
2021-08-18 21:00:00,4532117045436,Amazon,entertainment,382.86,15.924284301165617,79.74250045440463,15.11530977901879,80.74378669175873,1629320400,0
2021-08-19 00:00:00,4532117045436,MakeMyTrip,health_fitness,356.71,15.913513602063507,79.73823482513279,16.279990115990014,79.74860746522648,1629331200,0
2021-08-19 03:00:00,4532117045436,Shell,gas_transport,574.78,15.906614962530826,79.7204786083224,15.119406499867631,79.72885783221577,1629342000,0
2021-08-19 06:00:00,4532117045436,Amazon,travel,724.73,15.932399565193874,79.73904880621545,16.19057746402625,79.32496345727515,1629352800,0
2021-08-19 09:00:00,4532117045436,Amazon,gas_transport,2620.09,15.914433251792623,79.74002921742468,29.215871500987856,77.09081239639389,1629363600,1
2021-08-19 12:00:00,4532117045436,Apollo,shopping_net,303.79,15.910481525099966,79.7489748250065,15.681169556753115,79.62607422563813,1629374400,0
2021-08-19 15:00:00,4532117045436,Shell,gas_transport,426.98,15.90217780684825,79.72572975538161,14.63970890191506,79.4180348248033,1629385200,0
2021-08-19 18:00:00,4532117045436,MakeMyTrip,gas_transport,527.22,15.914494684144376,79.75440963071323,16.01379088816349,79.34728914580907,1629396000,0
2021-08-19 21:00:00,4532117045436,Zomato,grocery_pos,488.62,15.9229449002637,79.71482183176929,16.168828394135335,79.91569365956906,1629406800,0
2021-08-20 00:00:00,4532117045436,Zomato,entertainment,629.13,15.907895346048807,79.72704001996681,15.6348466196115,78.95203394948668,1629417600,0
2021-08-20 03:00:00,4532117045436,Amazon,travel,549.76,15.911566204516008,79.7417613766665,15.366932269715933,79.14874885515779,1629428400,0
2021-08-20 06:00:00,4532117045436,Shell,entertainment,284.49,15.915391564415435,79.74310657374974,16.059567628651646,78.75412792332209,1629439200,0
2021-08-20 09:00:00,4532117045436,Shell,grocery_pos,376.0,15.917621747695625,79.75511955310714,15.186766823677093,79.06373059524158,1629450000,0
2021-08-20 12:00:00,4532117045436,MakeMyTrip,grocery_pos,242.87,15.910301648838997,79.7419325527838,16.221330217540043,79.43805490849746,1629460800,0
2021-08-20 15:00:00,4532117045436,Apollo,gas_transport,621.7,15.908963908014893,79.73898461345587,16.44082145527506,80.14403867179703,1629471600,0
2021-08-20 18:00:00,4532117045436,Netflix,food_dining,151.22,15.907792379805384,79.74444436751612,14.932830527800848,80.70639922328053,1629482400,0
2021-08-20 21:00:00,4532117045436,Zomato,health_fitness,257.5,15.901834036092335,79.71658733943777,15.64883161155027,78.87628113372547,1629493200,0
2021-08-21 00:00:00,4532117045436,Apollo,health_fitness,373.23,15.905198219626595,79.72992333675813,15.88851568990225,80.17855207340868,1629504000,0
2021-08-21 03:00:00,4532117045436,Walmart,gas_transport,534.59,15.904929332414605,79.7282466482661,15.903200041720304,79.25835112131308,1629514800,0
2021-08-21 06:00:00,4532117045436,Zomato,health_fitness,371.75,15.897478229155572,79.7495193692065,15.473403495040253,79.82167339617338,1629525600,0
2021-08-21 09:00:00,4532117045436,Apollo,grocery_pos,395.22,15.922829446697582,79.75300007317564,15.244768967295391,80.02839541008858,1629536400,0
2021-08-21 12:00:00,4532117045436,Zomato,entertainment,398.17,15.916495677382882,79.75864965643565,15.682830055773124,80.4427596236008,1629547200,0
2021-08-21 15:00:00,4532117045436,Netflix,health_fitness,475.92,15.914322271166592,79.74569552686864,16.23495905866237,80.93796219663622,1629558000,0
2021-08-21 18:00:00,4532117045436,Walmart,travel,5784.78,15.92594547984814,79.74892010706901,29.187183862845764,75.9166311469085,1629568800,1
2021-08-21 21:00:00,4532117045436,Netflix,gas_transport,307.92,15.920078473826388,79.74093938346444,16.20425092216978,79.50250565735362,1629579600,0
2021-08-22 00:00:00,4532117045436,MakeMyTrip,food_dining,702.14,15.905003843434127,79.73500691252879,16.53839491372865,78.97072318896035,1629590400,0
2021-08-22 03:00:00,4532117045436,Walmart,gas_transport,510.36,15.924633910613167,79.72920391704895,15.389229696420042,79.85619790408076,1629601200,0
2021-08-22 06:00:00,4532117045436,Amazon,shopping_net,564.12,15.922622615174799,79.72830788667201,15.723911750039429,80.06293964011445,1629612000,0
2021-08-22 09:00:00,4532117045436,Apollo,gas_transport,458.7,15.901720783364231,79.72628803237698,15.820481561109016,79.16258774754934,1629622800,0
2021-08-22 12:00:00,4532117045436,Walmart,grocery_pos,428.96,15.921927810686013,79.7473110914422,14.471659382369168,80.12787104257912,1629633600,0
2021-08-22 15:00:00,4532117045436,MakeMyTrip,entertainment,518.57,15.908227504279008,79.73590068642075,16.02502098841457,79.52605458965981,1629644400,0
2021-08-22 18:00:00,4532117045436,MakeMyTrip,entertainment,559.14,15.922871482389436,79.73276458136259,15.898066713181858,79.17476184606834,1629655200,0
2021-08-22 21:00:00,4532117045436,Netflix,travel,576.91,15.90952053232931,79.71972837229045,15.344722475554674,79.80841477735244,1629666000,0
2021-08-23 00:00:00,4532117045436,Zomato,health_fitness,431.02,15.907566672772846,79.73086827272635,16.34854645379566,79.28869960011018,1629676800,0
2021-08-23 03:00:00,4532117045436,Walmart,grocery_pos,593.31,15.908597258783105,79.73712894467799,16.316951848120343,79.16190153761781,1629687600,0
2021-08-23 06:00:00,4532117045436,Apollo,shopping_net,7128.1,15.90317831793851,79.72463590488759,29.015757838635693,76.4554313081965,1629698400,1
2021-08-23 09:00:00,4532117045436,Walmart,grocery_pos,4169.3,15.898096437219971,79.76659995938098,29.04116512020058,76.4447682828959,1629709200,1
2021-08-23 12:00:00,4532117045436,Shell,gas_transport,385.96,15.887910025401524,79.72659652192078,15.426395644378587,79.55733321104968,1629720000,0
2021-08-23 15:00:00,4532117045436,Zomato,grocery_pos,533.01,15.902353270000008,79.75152587243586,16.06491774264904,79.87735185164456,1629730800,0
2021-08-23 18:00:00,4532117045436,Apollo,grocery_pos,352.6,15.939206232802206,79.73879476809392,15.644422043466186,80.31082883700631,1629741600,0
2021-08-23 21:00:00,4532117045436,Apollo,travel,5580.79,15.917682608887276,79.73433533252988,27.23215046358952,77.37031082020293,1629752400,1
2021-08-24 00:00:00,4532117045436,Amazon,shopping_net,500.96,15.931542226087924,79.73750569261581,15.362323862308946,79.32693563310457,1629763200,0
2021-08-24 03:00:00,4532117045436,Netflix,gas_transport,224.77,15.909717994089137,79.74014060737187,16.008853377787457,79.75397158954866,1629774000,0
2021-08-24 06:00:00,4532117045436,Amazon,food_dining,390.05,15.908216784825235,79.74226516276632,16.66529529178413,79.39050490159515,1629784800,0
2021-08-24 09:00:00,4532117045436,Apollo,travel,328.14,15.93006540657521,79.73018071520487,16.074769332363726,79.0397903906703,1629795600,0
2021-08-24 12:00:00,4532117045436,Zomato,food_dining,423.75,15.91665762428351,79.74559320830465,16.398522718805413,80.06134002467368,1629806400,0
2021-08-24 15:00:00,4532117045436,Walmart,travel,569.58,15.903347245013073,79.73720692772412,16.35170650192527,80.24134269229913,1629817200,0
2021-08-24 18:00:00,4532117045436,Walmart,entertainment,376.52,15.919229174844988,79.72668737362538,15.733804749726483,79.50294681352167,1629828000,0
2021-08-24 21:00:00,4532117045436,Zomato,travel,3261.37,15.925408846186132,79.73572167606895,29.985183705933924,78.08439367383284,1629838800,1
2021-08-25 00:00:00,4532117045436,Apollo,health_fitness,560.9,15.898621275668415,79.75419690661246,16.648251482670503,80.51358993123046,1629849600,0
2021-08-25 03:00:00,4532117045436,MakeMyTrip,grocery_pos,358.91,15.917546583318108,79.74219430489252,16.279169517660815,80.25249521424526,1629860400,0
2021-08-25 06:00:00,4532117045436,Walmart,entertainment,361.09,15.899282752234244,79.74004568198072,16.393335326824186,79.44684600307266,1629871200,0
2021-08-25 09:00:00,4532117045436,MakeMyTrip,shopping_net,655.4,15.92486755324309,79.7360229368886,15.996201673819273,79.70017901192557,1629882000,0
2021-08-25 12:00:00,4532117045436,Walmart,food_dining,438.09,15.915206984319216,79.73680894260215,15.716921858344099,79.3859475487758,1629892800,0
2021-08-25 15:00:00,4532117045436,Walmart,travel,526.37,15.919196611588763,79.74220104658154,15.77777552150036,79.85459695531304,1629903600,0
2021-08-25 18:00:00,4532117045436,Netflix,grocery_pos,525.23,15.9107255606462,79.73734518785068,16.601540145271215,79.76023357948215,1629914400,0
2021-08-25 21:00:00,4532117045436,Netflix,shopping_net,270.3,15.895083975707767,79.74454111873679,15.912494887639346,79.1635575338702,1629925200,0
2021-08-26 00:00:00,4532117045436,Shell,health_fitness,335.87,15.908485678397717,79.7432325793224,16.536724545550307,79.51202716491498,1629936000,0
2021-08-26 03:00:00,4532117045436,Amazon,shopping_net,506.3,15.922198395239725,79.72807027990414,16.615467784031576,78.70752871894302,1629946800,0
2021-08-26 06:00:00,4532117045436,Zomato,grocery_pos,139.9,15.932836287825186,79.74527872863217,16.373204546654048,79.22056186191162,1629957600,0
2021-08-26 09:00:00,4532117045436,Zomato,health_fitness,418.31,15.915722900898887,79.73045404628968,16.314723339440384,79.94636925695956,1629968400,0
2021-08-26 12:00:00,4532117045436,Zomato,shopping_net,320.21,15.906036474221878,79.7300427523351,16.761352267259525,79.8116358073759,1629979200,0
2021-08-26 15:00:00,4532117045436,Shell,health_fitness,616.58,15.918257027782674,79.73974732078625,15.490093782974125,80.21342056761375,1629990000,0
2021-08-26 18:00:00,4532117045436,Netflix,travel,501.92,15.921298947342859,79.74258208542726,15.706757873766463,79.76636356412176,1630000800,0
2021-08-26 21:00:00,4532117045436,Apollo,travel,628.69,15.914227537380752,79.74614925807236,15.283220736727458,79.64191478518742,1630011600,0
2021-08-27 00:00:00,4532117045436,MakeMyTrip,grocery_pos,444.13,15.913612142073323,79.71843665422544,15.164177549900966,80.66895188556454,1630022400,0
2021-08-27 03:00:00,4532117045436,MakeMyTrip,grocery_pos,432.92,15.915036082583203,79.74789247486073,15.890742297787089,79.57036524756214,1630033200,0
2021-08-27 06:00:00,4532117045436,Apollo,health_fitness,7974.8,15.91333550377432,79.74412662039222,29.261548627043645,77.49091545608178,1630044000,1
2021-08-27 09:00:00,4532117045436,Shell,gas_transport,374.54,15.915877809631708,79.73273898230937,16.16558009042787,79.7648041892851,1630054800,0
2021-08-27 12:00:00,4532117045436,Apollo,entertainment,852.7,15.93117563252074,79.73763674113864,15.564259035421676,79.35109876208654,1630065600,0
2021-08-27 15:00:00,4532117045436,Zomato,shopping_net,571.08,15.89256696934395,79.74198099208357,15.706374235869996,79.86852652921812,1630076400,0
2021-08-27 18:00:00,4532117045436,Amazon,shopping_net,290.07,15.910515443055811,79.7051021993073,16.336269532519957,79.37781497350136,1630087200,0
2021-08-27 21:00:00,4532117045436,Walmart,gas_transport,845.9,15.903576458731758,79.72748975217908,15.18264646612506,79.52434132824216,1630098000,0
2021-08-28 00:00:00,4532117045436,MakeMyTrip,gas_transport,389.25,15.924708030605663,79.75161275244453,15.919238003300405,79.36735210968983,1630108800,0
2021-08-28 03:00:00,4532117045436,Netflix,gas_transport,498.17,15.911491178303457,79.73397619838322,16.565870699937857,78.8511055628398,1630119600,0
2021-08-28 06:00:00,4532117045436,Netflix,food_dining,590.94,15.91849704775534,79.73914078473152,15.780098074890242,78.53186038650053,1630130400,0
2021-08-28 09:00:00,4532117045436,Shell,food_dining,219.31,15.92717306777826,79.73883351678029,15.70231921348016,79.02810835306623,1630141200,0
2021-08-28 12:00:00,4532117045436,Netflix,health_fitness,325.9,15.902089903943871,79.74714652771537,16.53431700127175,80.31054459057383,1630152000,0
2021-08-28 15:00:00,4532117045436,Zomato,food_dining,697.22,15.90762482362117,79.73593358181135,15.206033176369713,79.77757046437847,1630162800,0
2021-08-28 18:00:00,4532117045436,MakeMyTrip,travel,416.28,15.926140823698786,79.73677840267058,15.51088573075697,79.49992669680888,1630173600,0
2021-08-28 21:00:00,4532117045436,Apollo,travel,599.8,15.901689372186596,79.74190577289727,15.530097117243082,79.22020301610418,1630184400,0
2021-08-29 00:00:00,4532117045436,Zomato,grocery_pos,381.98,15.907962196495177,79.74846650688582,16.26000741056613,80.37053143259725,1630195200,0
2021-08-29 03:00:00,4532117045436,Shell,health_fitness,435.74,15.896896445003577,79.75163085711948,15.110871661708568,79.41915960611277,1630206000,0
2021-08-29 06:00:00,4532117045436,Zomato,shopping_net,717.79,15.926533633500735,79.73681027514696,16.52970850578977,79.3174476262862,1630216800,0
2021-08-29 09:00:00,4532117045436,Apollo,entertainment,515.63,15.907087534364193,79.73509105263933,15.899594305719917,78.7940737528639,1630227600,0
2021-08-29 12:00:00,4532117045436,Amazon,grocery_pos,398.27,15.916411604670472,79.73853740981892,16.435797843609706,78.62447986864248,1630238400,0
2021-08-29 15:00:00,4532117045436,Shell,shopping_net,347.5,15.91965980324244,79.75335043213997,16.53331253448164,79.97069166745928,1630249200,0
2021-08-29 18:00:00,4532117045436,Amazon,shopping_net,361.22,15.90486763129584,79.74778291625258,15.52010030815932,80.58316364578062,1630260000,0
2021-08-29 21:00:00,4532117045436,Walmart,health_fitness,636.23,15.893859999183032,79.73520237184195,15.92206884439997,79.88820482928382,1630270800,0
2021-08-30 00:00:00,4532117045436,Amazon,gas_transport,564.82,15.910705359026553,79.72385953874944,15.798863950470915,79.88158427229925,1630281600,0
2021-08-30 03:00:00,4532117045436,Walmart,gas_transport,277.7,15.910541722367544,79.75106968867675,15.880177350188639,80.63820724990461,1630292400,0
2021-08-30 06:00:00,4532117045436,Walmart,grocery_pos,463.08,15.912294965214027,79.75219250135774,15.628100171426349,79.99042304343133,1630303200,0
2021-08-30 09:00:00,4532117045436,Amazon,gas_transport,439.98,15.912350170077056,79.72889083009703,16.46998282443787,79.73612665872294,1630314000,0
2021-08-30 12:00:00,4532117045436,Shell,shopping_net,497.41,15.907912271576668,79.73554797649462,15.819869550648992,80.01974456265873,1630324800,0
2021-08-30 15:00:00,4532117045436,Apollo,gas_transport,359.46,15.907524626981527,79.74876521805261,15.745834795231275,80.1914426891754,1630335600,0
2021-08-30 18:00:00,4532117045436,Zomato,food_dining,614.67,15.915877035288148,79.74385799417777,16.474673371976035,79.99474132474548,1630346400,0
2021-08-30 21:00:00,4532117045436,Zomato,gas_transport,449.8,15.904661426099704,79.72005687063262,16.33098618944562,79.49719402146964,1630357200,0
2021-08-31 00:00:00,4532117045436,Apollo,shopping_net,506.02,15.911946765519097,79.7287196457769,16.05667267095225,79.94325336170704,1630368000,0
2021-08-31 03:00:00,4532117045436,MakeMyTrip,health_fitness,332.3,15.907270412685905,79.74581622013079,15.716706210049631,79.39352265083585,1630378800,0
2021-08-31 06:00:00,4532117045436,MakeMyTrip,grocery_pos,339.85,15.915856052436434,79.74249208191381,16.645205342241706,79.72449082399318,1630389600,0
2021-08-31 09:00:00,4532117045436,Walmart,entertainment,848.63,15.923985762803182,79.74666010493904,15.384475372890439,79.93863103093697,1630400400,0
2021-08-31 12:00:00,4532117045436,Walmart,gas_transport,720.01,15.92439377773119,79.7478056728082,16.4490915804586,80.65940583103304,1630411200,0
2021-08-31 15:00:00,4532117045436,Shell,travel,439.55,15.925792908725377,79.74241707742598,16.22612654140247,79.95934052733189,1630422000,0
2021-08-31 18:00:00,4532117045436,Netflix,travel,679.95,15.90955907224658,79.74420378429086,15.279698420913833,79.74820471835991,1630432800,0
2021-08-31 21:00:00,4532117045436,Amazon,shopping_net,631.91,15.910399530081689,79.73430412891207,15.949852589840052,79.53976873527681,1630443600,0
2021-09-01 00:00:00,4532117045436,Walmart,entertainment,356.22,15.900210476865418,79.74114244914837,15.252527858689549,79.44799655972882,1630454400,0
2021-09-01 03:00:00,4532117045436,Zomato,entertainment,341.26,15.909474509721678,79.7431346500141,15.738949278536602,79.54662756467293,1630465200,0
2021-09-01 06:00:00,4532117045436,Shell,food_dining,550.3,15.909831621760523,79.75705956890242,16.052979644054595,79.76010261126271,1630476000,0
2021-09-01 09:00:00,4532117045436,Amazon,entertainment,489.01,15.906728523643807,79.73175414028124,15.405748245090749,80.19791619818959,1630486800,0
2021-09-01 12:00:00,4532117045436,Shell,travel,389.7,15.906682068565773,79.74723846373254,14.739010146164764,79.10282861337278,1630497600,0
2021-09-01 15:00:00,4532117045436,Amazon,health_fitness,558.18,15.895923018098213,79.73884444446132,15.849023151769096,80.12305481755105,1630508400,0
2021-09-01 18:00:00,4532117045436,Amazon,shopping_net,233.63,15.899480874042776,79.74744691161972,16.020178071424628,79.45737571209187,1630519200,0
2021-09-01 21:00:00,4532117045436,Apollo,shopping_net,467.25,15.913345435875788,79.73879632585674,15.724412258411991,79.38947808365155,1630530000,0
2021-09-02 00:00:00,4532117045436,Walmart,gas_transport,264.16,15.913720733062798,79.7517740514453,15.905205271381911,79.99535204776937,1630540800,0
2021-09-02 03:00:00,4532117045436,Shell,gas_transport,269.1,15.91773055869496,79.73257455322474,15.823092623294787,79.55245753751686,1630551600,0
2021-09-02 06:00:00,4532117045436,Shell,gas_transport,343.99,15.910311055297823,79.74142215935024,15.40406631011839,79.97821582704371,1630562400,0
2021-09-02 09:00:00,4532117045436,Apollo,travel,504.49,15.913016542378326,79.74439370974879,16.886459008197587,79.93405076180046,1630573200,0
2021-09-02 12:00:00,4532117045436,Zomato,travel,348.71,15.925405095490648,79.73318678071288,16.071393775587946,80.14289376479915,1630584000,0
2021-09-02 15:00:00,4532117045436,Zomato,travel,267.28,15.912370991762035,79.7430464591234,15.699985090193449,80.39920058264052,1630594800,0
2021-09-02 18:00:00,4532117045436,MakeMyTrip,travel,521.59,15.906579308528594,79.75006921505845,15.500508004979878,78.87999316289203,1630605600,0
2021-09-02 21:00:00,4532117045436,Walmart,travel,673.91,15.900990520959423,79.73932881378737,15.714117773521776,79.84221989784669,1630616400,0
2021-09-03 00:00:00,4532117045436,Walmart,travel,545.83,15.920874798636184,79.74750485065373,15.730419908697762,79.37011911097997,1630627200,0
2021-09-03 03:00:00,4532117045436,Netflix,health_fitness,720.27,15.895866575966153,79.73325699589087,15.931976472302336,79.94901643866318,1630638000,0
2021-09-03 06:00:00,4532117045436,Apollo,travel,661.38,15.904515813803119,79.72903553579458,16.486003113422075,79.03722805910697,1630648800,0
2021-09-03 09:00:00,4532117045436,Zomato,entertainment,376.89,15.917085793329365,79.74695475502398,15.510615076019949,79.76551066219169,1630659600,0
2021-09-03 12:00:00,4532117045436,Amazon,entertainment,544.82,15.893834468231493,79.73440814457992,16.001762028976987,78.79896665579483,1630670400,0
2021-09-03 15:00:00,4532117045436,Shell,food_dining,436.26,15.906756452121193,79.7232328096548,16.312718836505375,79.76173132303919,1630681200,0
2021-09-03 18:00:00,4532117045436,Walmart,health_fitness,609.31,15.914191675062957,79.73239750460549,15.57597627638246,79.74279326195033,1630692000,0
2021-09-03 21:00:00,4532117045436,Shell,gas_transport,436.23,15.909066623457994,79.75347578747761,15.573102116547325,79.4037250139401,1630702800,0
2021-09-04 00:00:00,4532117045436,Shell,grocery_pos,331.7,15.903073110724717,79.75060266724378,15.158347545101615,79.54306229296436,1630713600,0
2021-09-04 03:00:00,4532117045436,Netflix,travel,656.01,15.906965556751194,79.7287957972994,16.753505469796412,79.55507876707826,1630724400,0
2021-09-04 06:00:00,4532117045436,Zomato,food_dining,497.67,15.92106984326654,79.72538315046218,16.1668627766399,78.96520125805951,1630735200,0
2021-09-04 09:00:00,4532117045436,Walmart,grocery_pos,350.47,15.931213773907793,79.73590764297295,15.627709676200048,79.09177400585047,1630746000,0
2021-09-04 12:00:00,4532117045436,Shell,entertainment,375.19,15.914294886815936,79.75040459255814,15.606057316561763,79.8340731621453,1630756800,0
2021-09-04 15:00:00,4532117045436,Walmart,food_dining,349.51,15.893017150201509,79.73804266398963,15.397208917470307,80.27407297005314,1630767600,0
2021-09-04 18:00:00,4532117045436,Amazon,food_dining,299.74,15.918581022771107,79.73812594415236,15.991450182445057,80.13337381576213,1630778400,0
2021-09-04 21:00:00,4532117045436,Netflix,shopping_net,378.37,15.908936164854444,79.73385867144175,15.741824685408412,78.72552699314737,1630789200,0
2021-09-05 00:00:00,4532117045436,Amazon,entertainment,505.95,15.901945771477616,79.73728479243276,15.454207410862562,80.36000891898048,1630800000,0
2021-09-05 03:00:00,4532117045436,Walmart,entertainment,459.61,15.90489726948575,79.7484740823542,15.527031033246004,80.39050931147808,1630810800,0
2021-09-05 06:00:00,4532117045436,MakeMyTrip,health_fitness,384.27,15.905322101521781,79.74085257556001,16.275758815031086,79.36649967983182,1630821600,0
2021-09-05 09:00:00,4532117045436,Walmart,food_dining,674.33,15.898791523972221,79.73798137052566,15.722182661982439,79.37612900249582,1630832400,0
2021-09-05 12:00:00,4532117045436,Zomato,travel,148.4,15.912269312228936,79.74650689717485,15.298872743813876,79.48116071618935,1630843200,0
2021-09-05 15:00:00,4532117045436,Shell,entertainment,495.92,15.931181467993099,79.74071593547835,15.9452396654687,79.90587204343514,1630854000,0
2021-09-05 18:00:00,4532117045436,Shell,food_dining,428.59,15.901908089089972,79.74950231692358,15.569778958399178,79.58827222984229,1630864800,0
2021-09-05 21:00:00,4532117045436,Amazon,health_fitness,304.47,15.930873470251576,79.73319987476359,16.235936242156026,79.934557280679,1630875600,0
2021-09-06 00:00:00,4532117045436,Netflix,travel,504.67,15.914981166774762,79.74272069898636,16.666370941254534,79.08885494471654,1630886400,0
2021-09-06 03:00:00,4532117045436,MakeMyTrip,health_fitness,417.04,15.91197102711544,79.748875716028,14.944176013503196,79.2041219731784,1630897200,0
2021-09-06 06:00:00,4532117045436,Apollo,shopping_net,637.06,15.90968040084934,79.75553370438291,15.559429605644148,79.30220134786302,1630908000,0
2021-09-06 09:00:00,4532117045436,Shell,travel,580.21,15.904838558325347,79.72906348996055,15.982158224367367,79.33157726780163,1630918800,0
2021-09-06 12:00:00,4532117045436,Zomato,food_dining,735.92,15.915818526018345,79.73826278011332,15.87467362967476,79.95368865863213,1630929600,0
2021-09-06 15:00:00,4532117045436,Amazon,entertainment,377.5,15.918119790471959,79.726840700676,16.538825565949516,79.8628785509548,1630940400,0
2021-09-06 18:00:00,4532117045436,Amazon,entertainment,659.48,15.888648570856915,79.7303019915811,15.903249262349087,80.06917347179912,1630951200,0
2021-09-06 21:00:00,4532117045436,Apollo,food_dining,275.12,15.938330383391676,79.74018516173193,16.015074715018244,80.28082630043285,1630962000,0
2021-09-07 00:00:00,4532117045436,Zomato,food_dining,433.4,15.894790136342506,79.7197303123441,16.1283148852573,79.9371810162471,1630972800,0
2021-09-07 03:00:00,4532117045436,Netflix,food_dining,380.21,15.907676711972952,79.74419338113228,15.572478355487531,78.84887814001786,1630983600,0
2021-09-07 06:00:00,4532117045436,Zomato,gas_transport,540.37,15.887317121406737,79.74557171583515,16.170498498208257,79.53107359105445,1630994400,0
2021-09-07 09:00:00,4532117045436,Netflix,travel,536.74,15.910220907516345,79.73923587149046,16.115687640983158,79.59854437840855,1631005200,0
2021-09-07 12:00:00,4532117045436,Zomato,entertainment,314.91,15.908285361241425,79.73159603660989,15.964497218043174,79.8689299033638,1631016000,0
2021-09-07 15:00:00,4532117045436,Zomato,travel,548.73,15.907783066322008,79.73756083284268,14.954018200112353,79.26822575127831,1631026800,0
2021-09-07 18:00:00,4532117045436,Walmart,health_fitness,392.93,15.915943336718938,79.76116627833173,15.532398668053528,80.4799912650434,1631037600,0
2021-09-07 21:00:00,4532117045436,Amazon,entertainment,327.48,15.910461882773063,79.73479625219831,16.00576220312642,79.53932713823859,1631048400,0
2021-09-08 00:00:00,4532117045436,Zomato,gas_transport,448.23,15.918284187994963,79.73212136221012,15.865339162655312,79.5746073749025,1631059200,0
2021-09-08 03:00:00,4532117045436,Apollo,food_dining,7364.96,15.90052669253786,79.7168786620506,27.94234297327716,77.03997930198679,1631070000,1
2021-09-08 06:00:00,4532117045436,Zomato,shopping_net,589.7,15.91367383276834,79.75043882455923,16.29138737332627,79.48225693578316,1631080800,0
2021-09-08 09:00:00,4532117045436,Shell,food_dining,441.66,15.906583190498443,79.7275979157688,16.085195514140274,78.8723880888854,1631091600,0
2021-09-08 12:00:00,4532117045436,Amazon,food_dining,444.94,15.909196605534667,79.74088218358303,16.291464069704087,80.36054211096024,1631102400,0
2021-09-08 15:00:00,4532117045436,Shell,gas_transport,436.93,15.915603486491806,79.7610667894037,16.162947031567683,79.42264340506432,1631113200,0
2021-09-08 18:00:00,4532117045436,Amazon,travel,697.03,15.907856942685891,79.74369316300212,15.649750125506861,80.0549180812151,1631124000,0
2021-09-08 21:00:00,4532117045436,Shell,entertainment,677.83,15.911848342659228,79.7435818849892,15.909986946596167,79.52731433462095,1631134800,0
2021-09-09 00:00:00,4532117045436,Zomato,food_dining,652.61,15.901357545893566,79.7367420975585,15.363471493903727,79.42543581521893,1631145600,0
2021-09-09 03:00:00,4532117045436,Zomato,entertainment,437.24,15.92385512230346,79.74313810932637,16.659597047659624,79.11751997443541,1631156400,0
2021-09-09 06:00:00,4532117045436,Walmart,grocery_pos,282.66,15.920184440329948,79.74075677538383,15.28566625685848,78.84925303334485,1631167200,0
2021-09-09 09:00:00,4532117045436,Apollo,health_fitness,447.6,15.913899835568149,79.74540328202309,14.870843895521391,79.51733259402124,1631178000,0
2021-09-09 12:00:00,4532117045436,Shell,travel,497.16,15.910473399811739,79.71583492725632,16.973232340915562,79.4961488563964,1631188800,0
2021-09-09 15:00:00,4532117045436,Netflix,entertainment,7017.48,15.911856283951538,79.74379504334784,27.746756594154004,77.34509987279291,1631199600,1
2021-09-09 18:00:00,4532117045436,Walmart,shopping_net,496.68,15.923640233725143,79.74433468898924,16.360277288262402,79.77589082043185,1631210400,0
2021-09-09 21:00:00,4532117045436,Shell,health_fitness,296.03,15.91947605568638,79.76547339209799,16.279369618564385,80.31077019101909,1631221200,0
2021-09-10 00:00:00,4532117045436,Shell,shopping_net,369.69,15.923808443299196,79.73995718145385,16.435599105123792,78.98905525566686,1631232000,0
2021-09-10 03:00:00,4532117045436,Walmart,food_dining,356.08,15.909481089270846,79.74221641579503,16.208466673172985,79.76592347523973,1631242800,0
2021-09-10 06:00:00,4532117045436,Zomato,health_fitness,530.86,15.917733992794581,79.74396329736567,16.21159171161481,80.01535234242404,1631253600,0
2021-09-10 09:00:00,4532117045436,Shell,entertainment,534.54,15.924786739821554,79.74424507023299,14.74289681174893,79.79612420299459,1631264400,0
2021-09-10 12:00:00,4532117045436,Zomato,health_fitness,554.19,15.903638541967064,79.72766378481312,15.431090171297052,79.81507628550581,1631275200,0
2021-09-10 15:00:00,4532117045436,Walmart,food_dining,495.16,15.903009571391935,79.7481839663432,14.598976502865805,79.61527993918766,1631286000,0
2021-09-10 18:00:00,4532117045436,Zomato,gas_transport,141.12,15.915652044947304,79.7308261253222,15.502939599912745,79.1428317190614,1631296800,0
2021-09-10 21:00:00,4532117045436,Amazon,travel,191.12,15.900550581067197,79.74406651258927,15.646375549751852,79.05676048130286,1631307600,0
2021-09-11 00:00:00,4532117045436,Netflix,shopping_net,428.97,15.894741750002991,79.73140881279868,15.854610577360132,80.09333564868051,1631318400,0
2021-09-11 03:00:00,4532117045436,MakeMyTrip,food_dining,464.71,15.924646457300087,79.73777549688958,15.439033585057082,79.40969195811304,1631329200,0
2021-09-11 06:00:00,4532117045436,Shell,gas_transport,638.05,15.926388985256658,79.73529572547201,15.736686183999117,79.52683063598366,1631340000,0
2021-09-11 09:00:00,4532117045436,Apollo,health_fitness,461.67,15.90109980445787,79.73751010328462,15.65395409876279,79.4095882296829,1631350800,0
2021-09-11 12:00:00,4532117045436,Netflix,health_fitness,303.61,15.898580132389197,79.73916972002574,16.085607144907627,79.29328226539461,1631361600,0
2021-09-11 15:00:00,4532117045436,MakeMyTrip,food_dining,549.32,15.906368102983635,79.743723138986,16.292462770614925,79.00872640776012,1631372400,0
2021-09-11 18:00:00,4532117045436,Zomato,entertainment,447.41,15.925428083521195,79.73903827732813,16.020003802888922,80.50802143962912,1631383200,0
2021-09-11 21:00:00,4532117045436,Shell,health_fitness,389.69,15.90879261547422,79.7487451767454,16.228055421229016,78.72071885809925,1631394000,0
2021-09-12 00:00:00,4532117045436,Zomato,entertainment,207.81,15.913846950177149,79.73466436651184,16.008319941261707,80.08393307762627,1631404800,0
2021-09-12 03:00:00,4532117045436,Amazon,entertainment,462.78,15.91614921741028,79.7442971167842,16.50640133418743,80.28443584792512,1631415600,0
2021-09-12 06:00:00,4532117045436,Walmart,travel,484.32,15.914638478023587,79.7316751163635,16.844973449469624,79.81072505458718,1631426400,0
2021-09-12 09:00:00,4532117045436,Shell,entertainment,300.58,15.927840711440036,79.7578262020342,14.68977091004221,79.65250997911147,1631437200,0
2021-09-12 12:00:00,4532117045436,MakeMyTrip,grocery_pos,561.65,15.905701089712773,79.74433964892424,16.479502358880776,79.85645939961952,1631448000,0
2021-09-12 15:00:00,4532117045436,MakeMyTrip,travel,548.22,15.911877932290487,79.73302827955496,15.268099612696323,79.54045260653729,1631458800,0
2021-09-12 18:00:00,4532117045436,Amazon,gas_transport,457.34,15.915224256995975,79.75734524712988,16.00579931290331,80.23131215784895,1631469600,0
2021-09-12 21:00:00,4532117045436,Amazon,gas_transport,451.76,15.912410042988343,79.74518497841733,16.043577616748134,80.29975506534944,1631480400,0
2021-09-13 00:00:00,4532117045436,Shell,health_fitness,591.91,15.90070898792489,79.73306414988463,16.21711806273418,80.01117884630165,1631491200,0
2021-09-13 03:00:00,4532117045436,Zomato,health_fitness,505.13,15.8981746448314,79.73868751005539,15.887432282341992,78.91461091038802,1631502000,0
2021-09-13 06:00:00,4532117045436,Apollo,entertainment,344.66,15.89796522722495,79.72862028420583,15.91045962787361,80.0775493464057,1631512800,0
2021-09-13 09:00:00,4532117045436,MakeMyTrip,travel,420.35,15.920162547498425,79.7286172973004,16.084598214199783,80.38171934167134,1631523600,0
2021-09-13 12:00:00,4532117045436,MakeMyTrip,travel,533.53,15.904695970093107,79.75208413724432,15.739829085701293,80.04411265438736,1631534400,0
2021-09-13 15:00:00,4532117045436,Amazon,grocery_pos,145.15,15.917592749039413,79.73101524614117,14.96317237418596,80.23255937595096,1631545200,0
2021-09-13 18:00:00,4532117045436,Netflix,entertainment,310.27,15.913767430378183,79.72662429642723,15.91202317255913,79.37532867304955,1631556000,0
2021-09-13 21:00:00,4532117045436,Amazon,grocery_pos,552.32,15.903151428644785,79.7463574113237,15.538485687149556,79.50292488768436,1631566800,0
2021-09-14 00:00:00,4532117045436,Apollo,entertainment,631.33,15.903401009308205,79.75659727623326,15.495758159785419,80.39515653991391,1631577600,0
2021-09-14 03:00:00,4532117045436,Zomato,shopping_net,603.16,15.914240131604142,79.75157285894161,15.44711618511234,80.07287432631568,1631588400,0
2021-09-14 06:00:00,4532117045436,Zomato,shopping_net,583.99,15.913676847095623,79.76291127246493,14.92727314544676,79.61638955636579,1631599200,0
2021-09-14 09:00:00,4532117045436,Netflix,food_dining,469.46,15.917820322362772,79.7642158964236,15.713064270370838,79.60403628516964,1631610000,0
2021-09-14 12:00:00,4532117045436,MakeMyTrip,entertainment,295.66,15.908324954422215,79.7309961664473,15.913299134326222,79.74970121897991,1631620800,0
2021-09-14 15:00:00,4532117045436,Amazon,travel,420.51,15.904432922209924,79.73688595082507,16.29690520469039,79.59090884379302,1631631600,0
2021-09-14 18:00:00,4532117045436,Zomato,health_fitness,151.01,15.913998705249954,79.72429384665267,15.617535587577883,79.74281659419107,1631642400,0
2021-09-14 21:00:00,4532117045436,Apollo,gas_transport,645.1,15.927099191244467,79.728370988623,16.701658075828757,81.31163072407419,1631653200,0
2021-09-15 00:00:00,4532117045436,Shell,food_dining,327.43,15.894133209331004,79.75072425236921,16.20477879411303,79.38812401487023,1631664000,0
2021-09-15 03:00:00,4532117045436,Walmart,health_fitness,370.0,15.904909473280263,79.7427685870707,15.352357020619499,78.84316161484203,1631674800,0
2021-09-15 06:00:00,4532117045436,Walmart,shopping_net,608.79,15.918804401422834,79.75456471477806,15.668757828494817,79.4087056868732,1631685600,0
2021-09-15 09:00:00,4532117045436,Walmart,entertainment,207.81,15.915064856344873,79.73134563724072,16.923671822347565,80.01719001730847,1631696400,0
2021-09-15 12:00:00,4532117045436,MakeMyTrip,food_dining,271.59,15.918950192938235,79.7345131019236,16.29287620918969,80.0409170350188,1631707200,0
2021-09-15 15:00:00,4532117045436,Amazon,entertainment,490.2,15.908603449753702,79.74593578658674,15.649457832409789,79.2021496087347,1631718000,0
2021-09-15 18:00:00,4532117045436,Netflix,shopping_net,528.06,15.896780839826913,79.75056644198352,16.359228078763163,79.55168506773212,1631728800,0
2021-09-15 21:00:00,4532117045436,Zomato,food_dining,439.24,15.929614927178667,79.72365055024301,15.282291799123639,80.17289527311239,1631739600,0
2021-09-16 00:00:00,4532117045436,Shell,shopping_net,444.14,15.92373835889911,79.73759521196467,15.636561407483802,79.68625643144964,1631750400,0
2021-09-16 03:00:00,4532117045436,Apollo,grocery_pos,640.26,15.91265821842579,79.743993402607,14.747927645935698,79.22796358077986,1631761200,0
2021-09-16 06:00:00,4532117045436,Shell,shopping_net,545.45,15.90448339383029,79.74782984871923,16.214752447137705,79.33312448879755,1631772000,0
2021-09-16 09:00:00,4532117045436,Apollo,travel,525.18,15.907994324253588,79.74980699951227,15.33012073429886,80.44399914380632,1631782800,0
2021-09-16 12:00:00,4532117045436,MakeMyTrip,travel,566.35,15.915190835118098,79.73925441050123,15.872611182409953,79.51318064053042,1631793600,0
2021-09-16 15:00:00,4532117045436,Amazon,entertainment,404.91,15.91038367733314,79.72764526252337,15.139682233301501,79.76634063031365,1631804400,0
2021-09-16 18:00:00,4532117045436,Walmart,gas_transport,4755.55,15.91275500835485,79.72074533653537,28.98313681926131,77.04491643037807,1631815200,1
2021-09-16 21:00:00,4532117045436,Amazon,shopping_net,103.87,15.929001372041759,79.73817740665307,15.87582165435894,79.62148811542137,1631826000,0
2021-09-17 00:00:00,4532117045436,MakeMyTrip,health_fitness,668.69,15.922136752132996,79.73711171122221,15.17598150407453,81.15198922266251,1631836800,0
2021-09-17 03:00:00,4532117045436,Netflix,travel,585.32,15.901192215313333,79.73203986546817,15.674230887398995,80.63468674697815,1631847600,0
2021-09-17 06:00:00,4532117045436,Netflix,gas_transport,487.24,15.913669190022754,79.74893094478219,15.97949862791378,79.86709706873773,1631858400,0
2021-09-17 09:00:00,4532117045436,MakeMyTrip,grocery_pos,462.0,15.907696364901629,79.72852412971315,16.135490271449072,80.5475914415664,1631869200,0
2021-09-17 12:00:00,4532117045436,Apollo,food_dining,426.67,15.915879431257483,79.73338010969252,16.704550827180906,80.04172078682669,1631880000,0
2021-09-17 15:00:00,4532117045436,Zomato,food_dining,615.52,15.912266685934911,79.75166800129217,16.521837401781227,80.90294637386984,1631890800,0
2021-09-17 18:00:00,4532117045436,Zomato,travel,444.02,15.942576987787668,79.73225038228496,15.565374608291217,80.07352070360956,1631901600,0
2021-09-17 21:00:00,4532117045436,Apollo,gas_transport,340.82,15.91719261657536,79.7432316083764,15.55927610986836,80.40999269797146,1631912400,0
2021-09-18 00:00:00,4532117045436,Netflix,travel,585.3,15.911558159938332,79.73990407857413,15.19758016823723,78.6836278827248,1631923200,0
2021-09-18 03:00:00,4532117045436,Netflix,food_dining,687.71,15.931330060573336,79.74243200085016,15.408030493383395,79.9330524575797,1631934000,0
2021-09-18 06:00:00,4532117045436,Netflix,shopping_net,160.92,15.914955494588526,79.74881545019625,16.342977705029522,79.43337542577476,1631944800,0
2021-09-18 09:00:00,4532117045436,Amazon,gas_transport,803.56,15.897712757039198,79.7432529113786,15.118341790858185,80.02052228030367,1631955600,0
2021-09-18 12:00:00,4532117045436,Netflix,entertainment,294.49,15.91165553020398,79.72613459343513,15.835435898176323,80.0013386068593,1631966400,0
2021-09-18 15:00:00,4532117045436,Shell,shopping_net,305.96,15.919037032473721,79.72782605558665,15.762124978982508,80.43186685934792,1631977200,0
2021-09-18 18:00:00,4532117045436,Walmart,shopping_net,263.27,15.917745294828984,79.74294823460457,15.533983025113562,80.2623961679877,1631988000,0
2021-09-18 21:00:00,4532117045436,Netflix,shopping_net,450.13,15.922951747043683,79.73080545323259,15.261741043848696,79.03532125941052,1631998800,0
2021-09-19 00:00:00,4532117045436,Apollo,entertainment,258.04,15.914437164687111,79.74955285119653,14.96572440228931,78.81459924773841,1632009600,0
2021-09-19 03:00:00,4532117045436,Walmart,grocery_pos,276.26,15.913731109715647,79.74309145027475,15.266236720590287,79.63745425199109,1632020400,0
2021-09-19 06:00:00,4532117045436,Amazon,health_fitness,3813.76,15.8988752469831,79.72284227575535,29.41370151183156,78.1356044053925,1632031200,1
2021-09-19 09:00:00,4532117045436,Apollo,travel,470.77,15.928184222578622,79.75889082841282,16.21172866927526,80.05708473073726,1632042000,0
2021-09-19 12:00:00,4532117045436,Walmart,food_dining,485.23,15.90984396419801,79.73633758923933,16.718865752876336,79.77358920895117,1632052800,0
2021-09-19 15:00:00,4532117045436,Apollo,travel,636.18,15.903104651863778,79.73790712770538,16.08014167141249,80.04709267257606,1632063600,0
2021-09-19 18:00:00,4532117045436,Amazon,gas_transport,7088.18,15.939179078881985,79.74422545649304,27.610501761494387,77.43725028845621,1632074400,1
2021-09-19 21:00:00,4532117045436,Shell,grocery_pos,603.69,15.929700856882429,79.73913363499344,16.717008023204478,79.7741193842987,1632085200,0
2021-09-20 00:00:00,4532117045436,Amazon,gas_transport,410.76,15.908422510777427,79.74961639700837,16.082064605090892,80.05083353134901,1632096000,0
2021-09-20 03:00:00,4532117045436,Amazon,travel,173.82,15.894093286557446,79.72981992757435,16.404439405406603,80.09499594452097,1632106800,0
2021-09-20 06:00:00,4532117045436,Apollo,food_dining,170.5,15.905715285787256,79.75147069880353,15.723104057720377,79.7225556665772,1632117600,0
2021-09-20 09:00:00,4532117045436,MakeMyTrip,entertainment,602.66,15.928691355962599,79.74680997336806,16.27352554438598,80.47967896066224,1632128400,0
2021-09-20 12:00:00,4532117045436,Zomato,travel,576.56,15.914667133037055,79.73225601778157,16.017898742838675,79.14076507365368,1632139200,0
2021-09-20 15:00:00,4532117045436,Netflix,shopping_net,357.49,15.89940563653364,79.742516595347,15.791978004157334,80.56521896301695,1632150000,0
2021-09-20 18:00:00,4532117045436,Netflix,travel,233.89,15.920739815422275,79.7521218215564,16.686501108165693,80.26255732661619,1632160800,0
2021-09-20 21:00:00,4532117045436,Shell,shopping_net,292.93,15.91080141971387,79.74521557322797,15.31135428561664,80.81964086398459,1632171600,0
2021-09-21 00:00:00,4532117045436,Shell,entertainment,476.2,15.906412980322079,79.74147395307688,15.482944402129396,78.98042183581266,1632182400,0
2021-09-21 03:00:00,4532117045436,Netflix,travel,7936.73,15.907171595204003,79.74622449739378,29.800211548251617,78.31684086058839,1632193200,1
2021-09-21 06:00:00,4532117045436,Zomato,grocery_pos,606.38,15.92596392508137,79.74706641457097,16.39847452878334,79.98112967435895,1632204000,0
2021-09-21 09:00:00,4532117045436,Netflix,grocery_pos,382.45,15.91836636348354,79.73494228778267,15.919248548086058,79.86907555504501,1632214800,0
2021-09-21 12:00:00,4532117045436,MakeMyTrip,gas_transport,413.39,15.898039423131904,79.74156756745457,16.082746844863134,79.52400863805363,1632225600,0
2021-09-21 15:00:00,4532117045436,Zomato,entertainment,618.8,15.91657188780117,79.74848666546967,16.171592006455338,79.8934623661528,1632236400,0
2021-09-21 18:00:00,4532117045436,Shell,grocery_pos,131.24,15.913976150797463,79.74132924701708,16.095407805593872,80.36293997082026,1632247200,0
2021-09-21 21:00:00,4532117045436,Walmart,travel,497.62,15.908695922684092,79.73282507008695,16.033478050081015,79.8104913322713,1632258000,0
2021-09-22 00:00:00,4532117045436,Apollo,entertainment,399.87,15.909223188765408,79.7428012104013,15.49266445994104,79.05759488915415,1632268800,0
2021-09-22 03:00:00,4532117045436,MakeMyTrip,food_dining,556.91,15.90424947569916,79.73609535506675,16.532015985766538,80.76739650880234,1632279600,0
2021-09-22 06:00:00,4532117045436,MakeMyTrip,shopping_net,526.89,15.906274736284423,79.7458222224578,15.810874301254195,79.26057700270051,1632290400,0
2021-09-22 09:00:00,4532117045436,Shell,travel,345.55,15.91579723448536,79.75426899227824,15.417611434244163,79.13099173475042,1632301200,0
2021-09-22 12:00:00,4532117045436,Shell,shopping_net,373.9,15.910124300929963,79.74677156804752,15.979948479456498,79.37725617266247,1632312000,0
2021-09-22 15:00:00,4532117045436,Amazon,shopping_net,104.7,15.918356816381904,79.73176328646879,16.084506548973557,79.43260877685874,1632322800,0
2021-09-22 18:00:00,4532117045436,MakeMyTrip,entertainment,562.5,15.905050203675561,79.74301687023241,16.110577467841324,79.87781440810998,1632333600,0
2021-09-22 21:00:00,4532117045436,Amazon,entertainment,485.97,15.919974946163709,79.714202587575,16.39929265196496,81.04497113874461,1632344400,0
2021-09-23 00:00:00,4532117045436,Amazon,gas_transport,659.78,15.926044445744562,79.73900356753494,15.722995809949017,79.29248992761855,1632355200,0
2021-09-23 03:00:00,4532117045436,Apollo,shopping_net,3763.84,15.912832163600008,79.7494019652238,28.331023779341063,76.97906456663408,1632366000,1
2021-09-23 06:00:00,4532117045436,Amazon,gas_transport,587.15,15.91810626610275,79.7440220181415,15.490923589114919,80.71552792755435,1632376800,0
2021-09-23 09:00:00,4532117045436,Zomato,shopping_net,289.51,15.918496428719017,79.74110069371132,16.029759201939193,79.52811799593547,1632387600,0
2021-09-23 12:00:00,4532117045436,Netflix,gas_transport,44.28,15.907879019763914,79.7612981349411,15.483575185496635,79.6901779449896,1632398400,0
2021-09-23 15:00:00,4532117045436,Walmart,gas_transport,435.82,15.918533649678322,79.72295174829121,15.617941670829603,79.89271170818134,1632409200,0
2021-09-23 18:00:00,4532117045436,Shell,food_dining,365.0,15.890215655669714,79.72519199407905,16.404625695144173,79.51178402319323,1632420000,0
2021-09-23 21:00:00,4532117045436,Zomato,gas_transport,292.38,15.88623433457828,79.74482093324197,15.981139911894072,78.83188561338783,1632430800,0
2021-09-24 00:00:00,4532117045436,Walmart,entertainment,584.72,15.909605217360124,79.74898092390114,16.62518297033516,80.41613053022806,1632441600,0
2021-09-24 03:00:00,4532117045436,MakeMyTrip,gas_transport,631.24,15.919234658090504,79.74938848796276,16.501258764131283,79.81906575550205,1632452400,0
2021-09-24 06:00:00,4532117045436,MakeMyTrip,shopping_net,465.81,15.912049466697486,79.73427223987636,16.020771927815257,79.45784653291773,1632463200,0
2021-09-24 09:00:00,4532117045436,MakeMyTrip,gas_transport,422.62,15.92035873628979,79.73155877736313,16.08975552179195,79.71817043609126,1632474000,0
2021-09-24 12:00:00,4532117045436,Zomato,grocery_pos,3922.27,15.900882643508513,79.73008594153407,29.321528535302804,78.83666669814858,1632484800,1
2021-09-24 15:00:00,4532117045436,Zomato,health_fitness,352.06,15.921728393999794,79.74322253698615,16.434853703932145,80.03623685150679,1632495600,0
2021-09-24 18:00:00,4532117045436,Shell,shopping_net,534.39,15.929188126144142,79.73016792591228,16.094462227052507,79.29041545344928,1632506400,0
2021-09-24 21:00:00,4532117045436,Netflix,grocery_pos,219.09,15.905935894850941,79.75114619031736,16.367680466618893,79.55123994967467,1632517200,0
2021-09-25 00:00:00,4532117045436,Amazon,shopping_net,289.04,15.920609987615045,79.73978117034915,15.589467738140213,79.81223479519663,1632528000,0
2021-09-25 03:00:00,4532117045436,MakeMyTrip,entertainment,331.31,15.913128183138301,79.7329627394374,15.23236330001193,78.75621771151334,1632538800,0
2021-09-25 06:00:00,4532117045436,Apollo,health_fitness,531.2,15.91731840544936,79.73300343449841,16.16402729793935,79.61704534444918,1632549600,0
2021-09-25 09:00:00,4532117045436,Netflix,health_fitness,404.63,15.92916811566701,79.72468093041809,16.264296554290546,79.39624317194011,1632560400,0
2021-09-25 12:00:00,4532117045436,Apollo,entertainment,654.06,15.916173032731756,79.7320582557155,15.950494789090394,80.04422422555331,1632571200,0
2021-09-25 15:00:00,4532117045436,Shell,health_fitness,570.5,15.920544421209971,79.73447213224892,16.20220819886897,79.86350627949551,1632582000,0
2021-09-25 18:00:00,4532117045436,Shell,entertainment,329.84,15.900269553588204,79.74408080377908,15.486900039572228,80.37421603625081,1632592800,0
2021-09-25 21:00:00,4532117045436,Shell,grocery_pos,545.02,15.920236407859528,79.73900800530343,16.382549001678246,78.73252807158988,1632603600,0
2021-09-26 00:00:00,4532117045436,Walmart,food_dining,388.77,15.929000071508542,79.73140274910057,16.498759355759887,79.43154324582271,1632614400,0
2021-09-26 03:00:00,4532117045436,Apollo,shopping_net,2831.19,15.903664993770867,79.72774762810323,28.10815676184801,77.21500076738474,1632625200,1
2021-09-26 06:00:00,4532117045436,Netflix,entertainment,577.77,15.90966976854352,79.73763015161427,15.974884283077744,80.38599661723428,1632636000,0
2021-09-26 09:00:00,4532117045436,Netflix,shopping_net,617.21,15.919761266342244,79.71947000195313,16.50614702003301,79.1868392517229,1632646800,0
2021-09-26 12:00:00,4532117045436,Zomato,grocery_pos,480.3,15.917377841278,79.7368213756325,15.341465938234236,79.33821850870802,1632657600,0
2021-09-26 15:00:00,4532117045436,Zomato,food_dining,690.02,15.89930272248234,79.75115553725075,16.199636068457572,80.39731100180497,1632668400,0
2021-09-26 18:00:00,4532117045436,MakeMyTrip,grocery_pos,516.2,15.914549113724119,79.73799649508632,16.271125046017303,80.89204229496742,1632679200,0
2021-09-26 21:00:00,4532117045436,Zomato,health_fitness,470.26,15.90957318194769,79.74159321621609,16.16352085702555,80.59296898109574,1632690000,0
2021-09-27 00:00:00,4532117045436,Shell,shopping_net,404.62,15.903213448677029,79.74038092736838,15.442715026133406,80.59788499483352,1632700800,0
2021-09-27 03:00:00,4532117045436,Netflix,travel,355.3,15.926467248683927,79.72614768339216,16.027579029692497,79.95555898124113,1632711600,0
2021-09-27 06:00:00,4532117045436,Apollo,food_dining,512.98,15.912954603775733,79.75757489933618,15.784848996542886,79.80620231540433,1632722400,0
2021-09-27 09:00:00,4532117045436,Shell,health_fitness,465.11,15.922730486529062,79.73592434583973,14.934200316163663,80.69087886366222,1632733200,0
2021-09-27 12:00:00,4532117045436,Walmart,food_dining,489.12,15.901165869737547,79.73996651067095,15.32404303983594,79.577017998834,1632744000,0
2021-09-27 15:00:00,4532117045436,Zomato,health_fitness,522.11,15.918789456575212,79.73344376856079,16.493529086654956,79.23482860499527,1632754800,0
2021-09-27 18:00:00,4532117045436,Shell,grocery_pos,488.49,15.923516895228166,79.75138065367031,15.71394279069326,79.88169142609038,1632765600,0
2021-09-27 21:00:00,4532117045436,Shell,entertainment,751.99,15.910478513996457,79.72541320136754,16.44096526599956,79.55965967604992,1632776400,0
2021-09-28 00:00:00,4532117045436,Walmart,shopping_net,370.81,15.90792819890822,79.75302297831976,16.48472540540854,79.35580139567185,1632787200,0
2021-09-28 03:00:00,4532117045436,Amazon,gas_transport,514.84,15.899857282589872,79.7369570167579,16.186020379306655,80.16531450715142,1632798000,0
2021-09-28 06:00:00,4532117045436,Netflix,gas_transport,415.85,15.904219473208988,79.73466469821301,15.605684434749648,79.61495835313487,1632808800,0
2021-09-28 09:00:00,4532117045436,Apollo,grocery_pos,80.78,15.908373667153645,79.73372248104863,16.385017290242807,79.83227234224132,1632819600,0
2021-09-28 12:00:00,4532117045436,MakeMyTrip,shopping_net,420.98,15.903140888298434,79.75808648574794,16.019678161300657,80.01057702433386,1632830400,0
2021-09-28 15:00:00,4532117045436,Amazon,shopping_net,309.53,15.90522053338895,79.72395222700843,15.935233966812543,78.85742349738507,1632841200,0
2021-09-28 18:00:00,4532117045436,Zomato,grocery_pos,439.98,15.914480969164048,79.73465165576835,15.45709652478743,80.35968342493689,1632852000,0
2021-09-28 21:00:00,4532117045436,Shell,shopping_net,4260.04,15.915677881983928,79.72709232171668,29.56137606456898,77.64492436708571,1632862800,1
2021-09-29 00:00:00,4532117045436,Walmart,entertainment,4062.24,15.923808450205318,79.72187464565748,29.17346460288994,75.66540128382718,1632873600,1
2021-09-29 03:00:00,4532117045436,Walmart,grocery_pos,370.47,15.905282266461215,79.75305286945171,16.392465084480094,77.94362658449656,1632884400,0
2021-09-29 06:00:00,4532117045436,Netflix,entertainment,389.24,15.913131852111345,79.73972871895765,16.680084635625096,79.8527191803828,1632895200,0
2021-09-29 09:00:00,4532117045436,Amazon,shopping_net,555.1,15.908723032274601,79.72839155431001,16.374742716243748,78.81078682094419,1632906000,0
2021-09-29 12:00:00,4532117045436,MakeMyTrip,grocery_pos,328.64,15.90801634750363,79.74829088852414,16.012361438452427,80.33685609176605,1632916800,0
2021-09-29 15:00:00,4532117045436,Netflix,shopping_net,174.23,15.909738607703604,79.7359931599936,15.759481120318837,80.33866623358121,1632927600,0
2021-09-29 18:00:00,4532117045436,Shell,grocery_pos,473.55,15.910938245352536,79.73353433220089,16.151108093157333,79.92630462519072,1632938400,0
2021-09-29 21:00:00,4532117045436,Netflix,shopping_net,610.63,15.91540396266296,79.74575381265183,15.7043619931697,78.41829793522903,1632949200,0
2021-09-30 00:00:00,4532117045436,Apollo,entertainment,553.38,15.909596420334232,79.7357781128761,15.897219064125888,79.74519400107228,1632960000,0
2021-09-30 03:00:00,4532117045436,Walmart,travel,476.32,15.925173306300518,79.73037223968389,15.502166034279963,79.17950697704121,1632970800,0
2021-09-30 06:00:00,4532117045436,Walmart,entertainment,637.6,15.895855996183121,79.7469540231985,16.2382204211986,79.809327579283,1632981600,0
2021-09-30 09:00:00,4532117045436,Zomato,shopping_net,612.3,15.923439536254893,79.73858630809964,16.263354126976807,79.73278153681613,1632992400,0
2021-09-30 12:00:00,4532117045436,Zomato,grocery_pos,400.36,15.90921496334058,79.74746405052983,16.367327817996596,80.26130864091719,1633003200,0
2021-09-30 15:00:00,4532117045436,MakeMyTrip,gas_transport,487.13,15.911011670833973,79.73597177401456,16.191792804370284,79.66091901662139,1633014000,0
2021-09-30 18:00:00,4532117045436,Shell,entertainment,493.57,15.912803845216365,79.75019023117446,16.156885070294848,80.57630097990956,1633024800,0
2021-09-30 21:00:00,4532117045436,Apollo,entertainment,436.99,15.91995642043256,79.74014029941728,15.390988983659732,79.93878084872165,1633035600,0
2021-10-01 00:00:00,4532117045436,Amazon,health_fitness,620.14,15.904097084410308,79.75059364306601,15.370061634699681,79.47743752272719,1633046400,0
2021-10-01 03:00:00,4532117045436,Netflix,gas_transport,427.18,15.906331407727805,79.75026650427928,16.078428096542105,79.6963221491024,1633057200,0
2021-10-01 06:00:00,4532117045436,MakeMyTrip,shopping_net,374.96,15.917905596718978,79.75236251745577,16.463348948616225,80.38377799411107,1633068000,0
2021-10-01 09:00:00,4532117045436,Shell,travel,61.27,15.895918211706247,79.74068287248726,15.779284232542786,80.450130131491,1633078800,0
2021-10-01 12:00:00,4532117045436,Zomato,grocery_pos,330.25,15.912558333691099,79.74382720210464,15.915704391727578,78.40237551627783,1633089600,0
2021-10-01 15:00:00,4532117045436,Netflix,health_fitness,252.69,15.904922703295101,79.73769273850863,15.920898039388614,79.14230237251225,1633100400,0
2021-10-01 18:00:00,4532117045436,Zomato,shopping_net,443.94,15.902817708255451,79.73102295591244,14.991255830864244,79.42636598666995,1633111200,0
2021-10-01 21:00:00,4532117045436,Netflix,food_dining,261.95,15.896515361517352,79.76003297233481,16.033112209347404,80.44316119939867,1633122000,0
2021-10-02 00:00:00,4532117045436,Amazon,travel,541.3,15.920623020550691,79.73247895205903,15.63797398594696,80.36876813530804,1633132800,0
2021-10-02 03:00:00,4532117045436,Shell,entertainment,616.27,15.914488258992098,79.74904867509224,16.21844021544698,80.24228064066293,1633143600,0
2021-10-02 06:00:00,4532117045436,Netflix,food_dining,445.33,15.906177187972517,79.7472581233442,15.89723135503643,80.30771816699277,1633154400,0
2021-10-02 09:00:00,4532117045436,Apollo,entertainment,302.4,15.911254420903294,79.74181052968544,15.823268732164763,80.59639360792283,1633165200,0
2021-10-02 12:00:00,4532117045436,MakeMyTrip,entertainment,492.96,15.901971176857458,79.73845011397712,15.83416048056083,80.01987133790877,1633176000,0
2021-10-02 15:00:00,4532117045436,Walmart,food_dining,734.02,15.907538141565595,79.7385495756987,15.749390177320967,80.2845464501645,1633186800,0
2021-10-02 18:00:00,4532117045436,Apollo,travel,687.37,15.91091653664082,79.7334292056231,15.232125829124989,79.95600840703364,1633197600,0
2021-10-02 21:00:00,4532117045436,Apollo,food_dining,239.09,15.913539504750858,79.74094441819517,16.389574280667365,80.26812196011424,1633208400,0
2021-10-03 00:00:00,4532117045436,MakeMyTrip,shopping_net,233.52,15.91682063611975,79.72818613606599,15.595948026613065,79.49768089313213,1633219200,0
2021-10-03 03:00:00,4532117045436,Walmart,health_fitness,195.07,15.894841475860012,79.74747252556375,15.67902387824508,79.30633239638325,1633230000,0
2021-10-03 06:00:00,4532117045436,Apollo,health_fitness,279.45,15.916851759592248,79.73771462018668,15.952432727213255,79.41037269703926,1633240800,0
2021-10-03 09:00:00,4532117045436,Netflix,food_dining,487.74,15.895645037788066,79.73037978958784,15.355123505564263,79.6022958763873,1633251600,0
2021-10-03 12:00:00,4532117045436,Netflix,shopping_net,366.5,15.917215334785917,79.72723558664704,15.663360120647008,80.14778642980735,1633262400,0
2021-10-03 15:00:00,4532117045436,Netflix,health_fitness,324.2,15.910766890455516,79.73868099217222,16.871146509245122,80.56450951666473,1633273200,0
2021-10-03 18:00:00,4532117045436,Walmart,shopping_net,605.87,15.923814598464126,79.73902883000532,16.081267182344888,79.43742352219412,1633284000,0
2021-10-03 21:00:00,4532117045436,Apollo,shopping_net,529.51,15.906155269106291,79.7348193582936,15.483998586917247,81.004167432415,1633294800,0
2021-10-04 00:00:00,4532117045436,Walmart,entertainment,194.29,15.920708400104738,79.74502404090283,14.87223014233417,79.6287185336707,1633305600,0
2021-10-04 03:00:00,4532117045436,Netflix,health_fitness,597.26,15.901226067750413,79.74348442471056,16.413597121466246,79.74975573841961,1633316400,0
2021-10-04 06:00:00,4532117045436,MakeMyTrip,health_fitness,525.91,15.913958878675931,79.7405677333078,15.40685836040355,79.88327000843853,1633327200,0
2021-10-04 09:00:00,4532117045436,Apollo,entertainment,529.24,15.892519990304477,79.73074038699485,15.641465120048348,79.4245126514661,1633338000,0
2021-10-04 12:00:00,4532117045436,Apollo,food_dining,364.43,15.921730629612039,79.7325998595083,15.704782859018751,79.4899362197993,1633348800,0
2021-10-04 15:00:00,4532117045436,Zomato,entertainment,421.9,15.930168734033396,79.72603409774872,15.456335346858326,79.58786975955532,1633359600,0
2021-10-04 18:00:00,4532117045436,Zomato,health_fitness,154.09,15.905917777775263,79.73808629778145,15.87478184336085,79.15274281278826,1633370400,0
2021-10-04 21:00:00,4532117045436,Amazon,health_fitness,3685.84,15.914126305669814,79.74560741807018,27.852604097021974,78.23438198863886,1633381200,1
2021-10-05 00:00:00,4532117045436,Shell,travel,300.16,15.917338379247953,79.72788931463225,16.21846688416304,79.70137362491957,1633392000,0
2021-10-05 03:00:00,4532117045436,Zomato,food_dining,319.41,15.897397450028475,79.73438840451182,15.983175848825898,79.53675548661184,1633402800,0
2021-10-05 06:00:00,4532117045436,Walmart,entertainment,317.38,15.905408933032097,79.73947101745625,16.62896427007875,79.41571435259753,1633413600,0
2021-10-05 09:00:00,4532117045436,Zomato,grocery_pos,720.06,15.904789901813626,79.74559243691618,16.63907592077365,80.25259728155098,1633424400,0
2021-10-05 12:00:00,4532117045436,Amazon,grocery_pos,349.69,15.936970636504354,79.72523101089571,15.43549155528613,78.8644600495051,1633435200,0
2021-10-05 15:00:00,4532117045436,Apollo,food_dining,591.34,15.923358023643605,79.76219898167723,15.749392398368588,80.03258247326549,1633446000,0
2021-10-05 18:00:00,4532117045436,Amazon,entertainment,446.4,15.91072917135084,79.74752603523906,16.99005287368816,79.81549218517978,1633456800,0
2021-10-05 21:00:00,4532117045436,Apollo,entertainment,325.63,15.92069040744034,79.73400945819708,15.333670253489077,79.88164959480285,1633467600,0
2021-10-06 00:00:00,4532117045436,MakeMyTrip,shopping_net,298.44,15.915012495177088,79.7292965362952,16.311712642589235,79.12610774383909,1633478400,0
2021-10-06 03:00:00,4532117045436,MakeMyTrip,health_fitness,355.67,15.918830372739299,79.74283663401654,16.18689894096816,79.46245046104762,1633489200,0
2021-10-06 06:00:00,4532117045436,Apollo,gas_transport,438.83,15.902364858387527,79.74471949330467,15.488425139345823,79.93587204946016,1633500000,0
2021-10-06 09:00:00,4532117045436,Shell,travel,540.26,15.926633763918794,79.73009732714863,15.51255059422512,79.46965489702968,1633510800,0
2021-10-06 12:00:00,4532117045436,Zomato,food_dining,379.35,15.905222596087297,79.72885876754346,16.835371931100724,78.97172553986425,1633521600,0
2021-10-06 15:00:00,4532117045436,Walmart,gas_transport,373.74,15.905740279745816,79.73106553307828,16.8253763116384,79.6053890661159,1633532400,0
2021-10-06 18:00:00,4532117045436,Walmart,gas_transport,317.83,15.918802271817775,79.74064513927561,16.127857820211553,79.64450166282111,1633543200,0
2021-10-06 21:00:00,4532117045436,Netflix,food_dining,270.89,15.916357607517435,79.74077186510816,15.219797837079183,80.10462491469013,1633554000,0
2021-10-07 00:00:00,4532117045436,Apollo,entertainment,258.35,15.913131567360706,79.761643308492,16.541328934852945,80.30792299518184,1633564800,0
2021-10-07 03:00:00,4532117045436,Walmart,food_dining,598.2,15.921296000835401,79.7183506542478,15.21768235261165,79.80903457068732,1633575600,0
2021-10-07 06:00:00,4532117045436,Shell,gas_transport,370.67,15.901289447612465,79.7332830002457,16.27049951265326,79.95841988465183,1633586400,0
2021-10-07 09:00:00,4532117045436,Apollo,health_fitness,383.96,15.931343535466754,79.73470837285369,15.10326886292995,80.26782766202736,1633597200,0
2021-10-07 12:00:00,4532117045436,Shell,travel,350.01,15.907893447819543,79.7448646626307,15.916709251693288,79.64603676568653,1633608000,0
2021-10-07 15:00:00,4532117045436,Walmart,travel,402.47,15.912015888628472,79.74526670856335,16.355390391451195,80.01077296475506,1633618800,0
2021-10-07 18:00:00,4532117045436,Walmart,health_fitness,505.66,15.931498267617927,79.73800406064588,14.500220794484283,79.0301923480539,1633629600,0
2021-10-07 21:00:00,4532117045436,Netflix,health_fitness,376.97,15.905805599598432,79.75510870407733,15.648710444774318,79.45872897933326,1633640400,0
2021-10-08 00:00:00,4532117045436,Walmart,entertainment,477.11,15.923130425025228,79.72883860307175,15.989555975339032,80.59708366473532,1633651200,0
2021-10-08 03:00:00,4532117045436,Apollo,grocery_pos,662.73,15.910756780718025,79.73304076072908,15.740809776745506,80.2521703715547,1633662000,0
2021-10-08 06:00:00,4532117045436,MakeMyTrip,food_dining,327.05,15.90448165431006,79.72684493431706,15.577362712286734,80.1578863903236,1633672800,0
2021-10-08 09:00:00,4532117045436,Apollo,travel,384.08,15.909062608076345,79.73853395441989,15.846162265328724,79.29690272395759,1633683600,0
2021-10-08 12:00:00,4532117045436,Apollo,health_fitness,546.16,15.918562801967722,79.73668289094607,16.431661911568433,78.97828301196503,1633694400,0
2021-10-08 15:00:00,4532117045436,Netflix,food_dining,674.59,15.923042663297577,79.74786237503135,16.597377453489464,79.2607607523783,1633705200,0
2021-10-08 18:00:00,4532117045436,Netflix,travel,263.65,15.915156059199179,79.7585349747395,16.26541058233684,79.79163698632738,1633716000,0
2021-10-08 21:00:00,4532117045436,Walmart,health_fitness,194.88,15.89692056348115,79.75490550731791,16.689580630607185,80.00558071054364,1633726800,0
2021-10-09 00:00:00,4532117045436,Amazon,travel,449.91,15.919255316496619,79.72777162534643,15.645509714524618,80.53202161785511,1633737600,0
2021-10-09 03:00:00,4532117045436,Amazon,entertainment,434.42,15.911478681653842,79.74053359864526,16.21129232859721,79.13752927449373,1633748400,0
2021-10-09 06:00:00,4532117045436,Netflix,grocery_pos,555.03,15.901875172331712,79.74774380477909,15.403476729606934,79.45662786375712,1633759200,0
2021-10-09 09:00:00,4532117045436,Walmart,grocery_pos,532.13,15.916363936203496,79.74668453009699,17.378462224218925,80.55635199361237,1633770000,0
2021-10-09 12:00:00,4532117045436,Amazon,health_fitness,444.91,15.924238395186471,79.76314417959154,15.96297353134747,78.94525532607372,1633780800,0
2021-10-09 15:00:00,4532117045436,Walmart,travel,607.38,15.912967189479973,79.73780177768019,16.31495346551941,79.84969520134122,1633791600,0
2021-10-09 18:00:00,4532117045436,Walmart,entertainment,347.85,15.922133326917892,79.74078092327376,15.031667546132683,78.77794770593388,1633802400,0
2021-10-09 21:00:00,4532117045436,Walmart,shopping_net,481.74,15.917523960344406,79.76240839274305,16.303567272956055,79.56620891348949,1633813200,0
2021-10-10 00:00:00,4532117045436,Zomato,food_dining,267.64,15.917653042948267,79.74419916881565,15.969749619514884,80.7230915091459,1633824000,0
2021-10-10 03:00:00,4532117045436,Apollo,food_dining,443.68,15.909845130489474,79.73402903746106,16.14495245009703,80.01462121247951,1633834800,0
2021-10-10 06:00:00,4532117045436,Walmart,gas_transport,230.83,15.921086965388273,79.7302520767295,15.919686091012325,80.40238298629707,1633845600,0
2021-10-10 09:00:00,4532117045436,Zomato,entertainment,282.62,15.922041788454303,79.74209074617576,15.853001416274646,80.01289675274133,1633856400,0
2021-10-10 12:00:00,4532117045436,Netflix,travel,706.42,15.920826678402138,79.75066604688969,15.758825712887042,80.0044240159621,1633867200,0
2021-10-10 15:00:00,4532117045436,Amazon,gas_transport,176.32,15.909762132632762,79.75053762650089,15.868071211044642,78.92402865128737,1633878000,0
2021-10-10 18:00:00,4532117045436,Apollo,health_fitness,417.5,15.922750797694887,79.7312785076046,16.647037629228645,80.7725739583029,1633888800,0
2021-10-10 21:00:00,4532117045436,MakeMyTrip,travel,574.08,15.916763145048096,79.7410327828604,15.729208355289227,80.55521096590572,1633899600,0
2021-10-11 00:00:00,4532117045436,Amazon,gas_transport,783.2,15.90317674538573,79.73549154601648,17.04229187675976,79.36686214305843,1633910400,0
2021-10-11 03:00:00,4532117045436,Apollo,grocery_pos,476.56,15.9090850771572,79.73852063400396,15.943588448861211,80.50572803314436,1633921200,0
2021-10-11 06:00:00,4532117045436,MakeMyTrip,food_dining,485.13,15.907595910257704,79.74905570395602,16.612883514880238,80.27210470905271,1633932000,0
2021-10-11 09:00:00,4532117045436,Amazon,travel,455.95,15.893021031204885,79.73950083588977,16.48486305287763,80.0669152457059,1633942800,0
2021-10-11 12:00:00,4532117045436,Apollo,gas_transport,608.59,15.922934130501783,79.74652472545439,15.131181559386748,79.84632130994706,1633953600,0
2021-10-11 15:00:00,4532117045436,Amazon,grocery_pos,514.76,15.94391186717683,79.74682427502461,15.236966166283898,79.68968849799816,1633964400,0
2021-10-11 18:00:00,4532117045436,Amazon,entertainment,363.74,15.92498347901881,79.733890292091,15.573784613396388,80.61008048483949,1633975200,0
2021-10-11 21:00:00,4532117045436,MakeMyTrip,gas_transport,617.33,15.914528593246192,79.75228933826017,15.141058147344388,79.80746452557979,1633986000,0
2021-10-12 00:00:00,4532117045436,Amazon,health_fitness,380.67,15.90774181269371,79.72904763579399,15.7063689070001,79.97612173051637,1633996800,0
2021-10-12 03:00:00,4532117045436,Amazon,health_fitness,210.23,15.903649162567708,79.7273659588888,15.926958977799245,80.56850082347164,1634007600,0
2021-10-12 06:00:00,4532117045436,MakeMyTrip,health_fitness,210.7,15.914406453788189,79.73522489062195,16.237204733394464,80.3213845646341,1634018400,0
2021-10-12 09:00:00,4532117045436,Netflix,travel,419.84,15.922583065132601,79.73024915926801,16.00318820728884,79.12247696633015,1634029200,0
2021-10-12 12:00:00,4532117045436,Walmart,food_dining,465.46,15.906154175477917,79.7460530409278,15.91551989230363,79.44779477928572,1634040000,0
2021-10-12 15:00:00,4532117045436,Shell,gas_transport,593.34,15.938542601775506,79.76563499868128,16.42477064502653,79.32883162569746,1634050800,0
2021-10-12 18:00:00,4532117045436,Zomato,entertainment,546.12,15.899060068672847,79.75128065257388,16.357841587709192,79.96253086480567,1634061600,0
2021-10-12 21:00:00,4532117045436,Shell,gas_transport,461.98,15.915144982048533,79.73183011452657,16.866820623222196,79.4989297751438,1634072400,0
2021-10-13 00:00:00,4532117045436,Shell,food_dining,601.73,15.91360294348539,79.73001992818968,16.006211922043747,79.54897639414293,1634083200,0
2021-10-13 03:00:00,4532117045436,Apollo,grocery_pos,451.91,15.912966264204112,79.74977469658694,14.70741090072616,79.6227709173659,1634094000,0
2021-10-13 06:00:00,4532117045436,Walmart,food_dining,256.43,15.907211450977629,79.7281626519813,16.12649930882884,79.92547177481453,1634104800,0
2021-10-13 09:00:00,4532117045436,Apollo,health_fitness,223.73,15.913724663936971,79.73015197199432,17.047415606833496,79.60945558437861,1634115600,0
2021-10-13 12:00:00,4532117045436,Walmart,travel,641.8,15.908402288582476,79.74369068696384,16.425893046940597,80.22417703146758,1634126400,0
2021-10-13 15:00:00,4532117045436,MakeMyTrip,grocery_pos,113.22,15.925778894022127,79.73458111694598,16.540550034726913,79.19471073997448,1634137200,0
2021-10-13 18:00:00,4532117045436,MakeMyTrip,travel,419.89,15.92910774083409,79.7411933277445,15.960314936369866,78.99997537013215,1634148000,0
2021-10-13 21:00:00,4532117045436,Walmart,health_fitness,897.27,15.909014567506171,79.73669467139912,16.369468324463245,79.4137886719912,1634158800,0
2021-10-14 00:00:00,4532117045436,Amazon,shopping_net,518.89,15.89645029323425,79.7397212465329,16.566864266179067,79.2316179725357,1634169600,0
2021-10-14 03:00:00,4532117045436,Netflix,food_dining,418.72,15.91607647123723,79.74874416147982,15.745774842523543,79.76786476921464,1634180400,0
2021-10-14 06:00:00,4532117045436,Amazon,food_dining,197.33,15.915715944100137,79.74621519862892,15.662508525166762,79.5401299991068,1634191200,0
2021-10-14 09:00:00,4532117045436,Netflix,entertainment,692.61,15.913952123088846,79.74917001549274,16.140251531013003,79.09063480861877,1634202000,0
2021-10-14 12:00:00,4532117045436,Apollo,gas_transport,632.07,15.91822952721018,79.74639271470386,16.397530765135738,79.08120396559622,1634212800,0
2021-10-14 15:00:00,4532117045436,Netflix,grocery_pos,552.72,15.92671527811244,79.747084287005,14.535215484369292,79.8314490099739,1634223600,0
2021-10-14 18:00:00,4532117045436,Apollo,travel,449.92,15.921229721803341,79.73997823010346,15.815510316512135,80.19039628310884,1634234400,0
2021-10-14 21:00:00,4532117045436,MakeMyTrip,grocery_pos,535.8,15.918214353199371,79.72545519640713,14.936172875217162,79.38713398104035,1634245200,0
2021-10-15 00:00:00,4532117045436,Shell,entertainment,427.71,15.920439155447076,79.73892635466001,15.851611385588752,79.69632986954511,1634256000,0
2021-10-15 03:00:00,4532117045436,MakeMyTrip,entertainment,304.01,15.915414758189979,79.74315926918386,16.757707227463122,79.41893543844895,1634266800,0
2021-10-15 06:00:00,4532117045436,MakeMyTrip,travel,593.45,15.903445590566477,79.74074220948128,15.600890820400783,79.66415158499503,1634277600,0
2021-10-15 09:00:00,4532117045436,Shell,gas_transport,442.4,15.927404564151258,79.7441990475361,15.769857862064303,80.62111299719304,1634288400,0
2021-10-15 12:00:00,4532117045436,Netflix,travel,528.29,15.913925835688433,79.76060976496159,16.24386788401384,80.98976919164855,1634299200,0
2021-10-15 15:00:00,4532117045436,Netflix,travel,431.83,15.903440607347797,79.73498483536747,16.409792666821083,79.5168381037977,1634310000,0
2021-10-15 18:00:00,4532117045436,Apollo,health_fitness,519.27,15.901620211844882,79.73595144859884,16.390983316530427,79.48432207621956,1634320800,0
2021-10-15 21:00:00,4532117045436,Amazon,gas_transport,447.83,15.903722008135,79.75208685903159,15.93155897575441,79.95606566653716,1634331600,0
2021-10-16 00:00:00,4532117045436,Apollo,food_dining,436.12,15.900572944794716,79.74124570481024,16.198133420308714,79.80026711489282,1634342400,0
2021-10-16 03:00:00,4532117045436,Amazon,health_fitness,454.5,15.919588844266706,79.74454647881565,16.1761916634251,80.08061798506408,1634353200,0
2021-10-16 06:00:00,4532117045436,MakeMyTrip,shopping_net,894.13,15.91114888370591,79.7340818313757,15.561027148901923,79.67756824291725,1634364000,0
2021-10-16 09:00:00,4532117045436,Shell,gas_transport,570.36,15.920660047440428,79.73267542816969,15.037377314076455,79.64896090915346,1634374800,0
2021-10-16 12:00:00,4532117045436,MakeMyTrip,entertainment,837.91,15.92459473619917,79.7279292853044,15.464387864036587,79.96078865838743,1634385600,0
2021-10-16 15:00:00,4532117045436,Walmart,health_fitness,448.78,15.922007819169462,79.74172390434697,16.632265457205612,79.86108504576032,1634396400,0
2021-10-16 18:00:00,4532117045436,Netflix,gas_transport,403.64,15.919240234060426,79.73021407461466,17.0195065925937,79.49898500714241,1634407200,0
2021-10-16 21:00:00,4532117045436,Amazon,grocery_pos,288.87,15.915775291201532,79.72898627502295,15.867390796873112,79.80194598622802,1634418000,0
2021-10-17 00:00:00,4532117045436,Apollo,travel,690.48,15.91099636936682,79.74661046569184,16.612990023784096,79.80327835989378,1634428800,0
2021-10-17 03:00:00,4532117045436,Shell,shopping_net,314.22,15.91166353872766,79.7336526127163,15.764200912743174,78.36041244874262,1634439600,0
2021-10-17 06:00:00,4532117045436,Amazon,food_dining,721.43,15.918743634890463,79.72799760059318,16.08741655785763,79.7114502198809,1634450400,0
2021-10-17 09:00:00,4532117045436,Apollo,travel,5461.56,15.903286846082324,79.72696636315655,26.709706356311756,77.01298968100699,1634461200,1
2021-10-17 12:00:00,4532117045436,Netflix,grocery_pos,583.0,15.912361152487126,79.7491172288565,16.420174268998817,79.5207084379164,1634472000,0
2021-10-17 15:00:00,4532117045436,MakeMyTrip,grocery_pos,211.35,15.905471578084724,79.73893499216558,15.593592056703343,79.36798360134993,1634482800,0
2021-10-17 18:00:00,4532117045436,Netflix,shopping_net,383.71,15.924629820785755,79.73600669633133,15.466593250479573,79.36991042729194,1634493600,0
2021-10-17 21:00:00,4532117045436,Zomato,food_dining,453.31,15.920070573269127,79.74171461848692,15.93627549415342,79.90429571242737,1634504400,0
2021-10-18 00:00:00,4532117045436,Walmart,entertainment,360.38,15.934274544455755,79.74076273555306,16.32128320939516,79.2466373828564,1634515200,0
2021-10-18 03:00:00,4532117045436,Zomato,health_fitness,424.6,15.9053229874276,79.73470665173073,15.994726555954179,79.85902618150305,1634526000,0
2021-10-18 06:00:00,4532117045436,Shell,food_dining,425.32,15.90639526186618,79.73666317353093,15.678386632517265,79.81947405198198,1634536800,0
2021-10-18 09:00:00,4532117045436,Amazon,gas_transport,571.04,15.913475011002443,79.74730729682082,15.463060939191708,79.07306680405112,1634547600,0
2021-10-18 12:00:00,4532117045436,Shell,grocery_pos,136.99,15.90564541507435,79.74824773207473,15.069454138920907,80.21276271370495,1634558400,0
2021-10-18 15:00:00,4532117045436,MakeMyTrip,gas_transport,365.56,15.918276198035196,79.73161810864573,15.6847734563567,80.36582888566379,1634569200,0
2021-10-18 18:00:00,4532117045436,Apollo,entertainment,638.2,15.912390468732278,79.75279673954992,15.836443082100532,79.86570190654011,1634580000,0
2021-10-18 21:00:00,4532117045436,Netflix,gas_transport,534.37,15.908014692983004,79.760090573898,16.189880279282534,79.75931697953565,1634590800,0
2021-10-19 00:00:00,4532117045436,Zomato,food_dining,640.69,15.923776045646145,79.73708649945998,15.329346311307917,79.48958031429878,1634601600,0
2021-10-19 03:00:00,4532117045436,Zomato,gas_transport,563.82,15.894404114895586,79.73684679266853,16.246993799868452,79.50881942542198,1634612400,0
2021-10-19 06:00:00,4532117045436,MakeMyTrip,entertainment,287.47,15.918321131768389,79.73101773669751,15.615820785795808,79.52348337332677,1634623200,0
2021-10-19 09:00:00,4532117045436,Zomato,entertainment,549.13,15.907388675321304,79.73331412017367,15.656014702559084,80.1116577339238,1634634000,0
2021-10-19 12:00:00,4532117045436,MakeMyTrip,entertainment,465.03,15.921067564739237,79.74323471761741,16.537259883316253,80.02639049400707,1634644800,0
2021-10-19 15:00:00,4532117045436,Shell,food_dining,790.21,15.923462557080654,79.76316953896578,14.67422579686426,78.75449174793182,1634655600,0
2021-10-19 18:00:00,4532117045436,Netflix,entertainment,570.32,15.890136494629475,79.74728339718438,15.299485530393872,78.99919031140773,1634666400,0
2021-10-19 21:00:00,4532117045436,Amazon,grocery_pos,3053.74,15.910783776212458,79.73667861470007,27.25409838275084,76.99323860144787,1634677200,1
2021-10-20 00:00:00,4532117045436,Apollo,travel,550.41,15.913481916279867,79.73575272793616,15.91041450214067,79.50752476164584,1634688000,0
2021-10-20 03:00:00,4532117045436,Amazon,entertainment,520.33,15.889321642568003,79.73336143064708,15.061907744682216,79.95555918375284,1634698800,0
2021-10-20 06:00:00,4532117045436,Shell,gas_transport,516.27,15.915177508272095,79.75059897658534,15.665796475569973,79.47035665786548,1634709600,0
2021-10-20 09:00:00,4532117045436,Apollo,health_fitness,410.06,15.907619470925457,79.73756766481593,16.39190759186635,79.94947805215008,1634720400,0
2021-10-20 12:00:00,4532117045436,Zomato,gas_transport,530.32,15.900842726837691,79.74454269206667,15.33148478314782,80.53820265065713,1634731200,0
2021-10-20 15:00:00,4532117045436,Walmart,health_fitness,592.27,15.90639510915911,79.73763253027195,16.45327613844918,79.4487482064143,1634742000,0
2021-10-20 18:00:00,4532117045436,Shell,gas_transport,609.05,15.90466686363547,79.76118042511777,15.554819871465854,79.28247313409105,1634752800,0
2021-10-20 21:00:00,4532117045436,Shell,food_dining,590.87,15.907191426856278,79.73465811634489,14.976437970157935,79.17648156596489,1634763600,0
2021-10-21 00:00:00,4532117045436,Netflix,gas_transport,676.21,15.914751233909525,79.73296644368708,16.322442759619825,79.22266046619626,1634774400,0
2021-10-21 03:00:00,4532117045436,Amazon,food_dining,618.43,15.922712465300645,79.7351827960329,16.038245887887477,80.01717839924517,1634785200,0
2021-10-21 06:00:00,4532117045436,Shell,food_dining,544.28,15.912121640501761,79.74424009891929,15.179931687188068,80.11928605585048,1634796000,0
2021-10-21 09:00:00,4532117045436,Shell,entertainment,278.45,15.92392758070662,79.75434694570754,15.64151051025629,80.053351442389,1634806800,0
2021-10-21 12:00:00,4532117045436,Zomato,grocery_pos,278.51,15.902440425161094,79.74426167579882,16.775381540851903,79.21538321238118,1634817600,0
2021-10-21 15:00:00,4532117045436,Zomato,health_fitness,412.78,15.914428892666008,79.7470657577998,16.242076171222227,79.54827550718902,1634828400,0
2021-10-21 18:00:00,4532117045436,Apollo,entertainment,457.01,15.933966115481761,79.74567580450655,16.470593029632614,79.54981149250219,1634839200,0
2021-10-21 21:00:00,4532117045436,MakeMyTrip,entertainment,659.7,15.896994352368251,79.72334983367938,15.343741165787723,80.59822181218993,1634850000,0
2021-10-22 00:00:00,4532117045436,MakeMyTrip,travel,33.04,15.89661242271061,79.73983861971463,16.525539225833494,79.88799613149762,1634860800,0
2021-10-22 03:00:00,4532117045436,Walmart,food_dining,295.02,15.925699717033336,79.73682909354181,15.200923495090137,79.79521358898381,1634871600,0
2021-10-22 06:00:00,4532117045436,MakeMyTrip,food_dining,420.87,15.915105251319353,79.73858768708668,15.216740399324,79.8789895976408,1634882400,0
2021-10-22 09:00:00,4532117045436,Netflix,health_fitness,300.47,15.906884999583403,79.73177146899725,16.330459656742427,79.52527864918098,1634893200,0
2021-10-22 12:00:00,4532117045436,Walmart,gas_transport,330.28,15.901603263644946,79.74868307817377,15.247359785525324,79.94151653830471,1634904000,0
2021-10-22 15:00:00,4532117045436,Apollo,gas_transport,375.13,15.912540113971424,79.74048473417086,16.671680477261066,79.5007762332222,1634914800,0
2021-10-22 18:00:00,4532117045436,Zomato,entertainment,308.13,15.914235790902804,79.7404243194497,15.286695061058309,80.4538566291976,1634925600,0
2021-10-22 21:00:00,4532117045436,MakeMyTrip,shopping_net,334.14,15.914285272861047,79.7385276827714,15.426868835912154,79.30431318891047,1634936400,0
2021-10-23 00:00:00,4532117045436,Amazon,shopping_net,654.48,15.901505525824746,79.73370699985244,16.48948578177537,79.83447209036514,1634947200,0
2021-10-23 03:00:00,4532117045436,Zomato,gas_transport,542.15,15.909530510773713,79.72217958844729,15.602523945115555,80.07520941978984,1634958000,0
2021-10-23 06:00:00,4532117045436,Netflix,shopping_net,564.59,15.907219170536548,79.74271684018267,16.310477412252535,79.70000394760837,1634968800,0
2021-10-23 09:00:00,4532117045436,Zomato,travel,444.88,15.919364438913966,79.74113585545763,15.356206818035218,79.80350131366542,1634979600,0
2021-10-23 12:00:00,4532117045436,Netflix,gas_transport,601.67,15.90209550572906,79.74534241779072,15.774599630237228,79.63941142129832,1634990400,0
2021-10-23 15:00:00,4532117045436,Netflix,food_dining,577.17,15.913660277731804,79.74072313840058,16.283332458128413,79.28344756108221,1635001200,0
2021-10-23 18:00:00,4532117045436,Netflix,entertainment,539.78,15.93924226417636,79.72920710186143,15.49003794102328,80.60700402389314,1635012000,0
2021-10-23 21:00:00,4532117045436,Apollo,grocery_pos,351.88,15.901412695213411,79.73205203390046,16.424263422678997,79.560711138619,1635022800,0
2021-10-24 00:00:00,4532117045436,Netflix,entertainment,383.69,15.90542737022095,79.75339453415896,15.732757246209362,79.08717424456044,1635033600,0
2021-10-24 03:00:00,4532117045436,Netflix,gas_transport,608.72,15.911961375469012,79.74318936162071,15.972945584062328,79.37846630985187,1635044400,0
2021-10-24 06:00:00,4532117045436,Amazon,travel,372.49,15.883477455878772,79.74803216270203,15.411568739234115,80.40437341944245,1635055200,0
2021-10-24 09:00:00,4532117045436,Walmart,gas_transport,256.72,15.898631725428803,79.74918916393277,15.52771912888038,80.87856437937961,1635066000,0
2021-10-24 12:00:00,4532117045436,Shell,entertainment,369.6,15.916006925500433,79.73016272310815,15.4908288223834,79.92585313469641,1635076800,0
2021-10-24 15:00:00,4532117045436,Walmart,travel,683.91,15.911143298792336,79.73659495133388,15.608413364990136,80.13486721192675,1635087600,0
2021-10-24 18:00:00,4532117045436,Netflix,travel,369.74,15.923447071575437,79.74681013287731,16.68600152592393,80.66323200532194,1635098400,0
2021-10-24 21:00:00,4532117045436,Amazon,travel,499.15,15.91051875161655,79.73184464922986,16.47329495729979,79.25952775209721,1635109200,0
2021-10-25 00:00:00,4532117045436,Zomato,health_fitness,357.65,15.909638558368039,79.73591755108268,16.138799788844366,79.9361699742153,1635120000,0
2021-10-25 03:00:00,4532117045436,Amazon,gas_transport,6565.36,15.905871292248385,79.73480633119503,28.753054572534058,77.35450565559246,1635130800,1
2021-10-25 06:00:00,4532117045436,Netflix,shopping_net,530.52,15.90947154921891,79.73261882307801,15.491860522695603,80.15962084391082,1635141600,0
2021-10-25 09:00:00,4532117045436,Amazon,shopping_net,226.32,15.900784121818033,79.7386985127464,15.428092853991117,79.6038507452289,1635152400,0
2021-10-25 12:00:00,4532117045436,MakeMyTrip,gas_transport,490.2,15.911425340970352,79.73514167903618,15.760983131282751,79.92085745195024,1635163200,0
2021-10-25 15:00:00,4532117045436,Amazon,gas_transport,197.61,15.903187431861108,79.73601454266958,16.052964607283744,80.67132659688066,1635174000,0
2021-10-25 18:00:00,4532117045436,Netflix,health_fitness,366.89,15.900792345787533,79.74268463351116,16.220035778804267,79.81569612539892,1635184800,0
2021-10-25 21:00:00,4532117045436,Apollo,shopping_net,448.28,15.906505425624987,79.74998088191498,15.920104083291045,79.2781433078099,1635195600,0
2021-10-26 00:00:00,4532117045436,MakeMyTrip,gas_transport,727.03,15.917411528197388,79.74764579039699,16.195624060333934,80.04577351441536,1635206400,0
2021-10-26 03:00:00,4532117045436,Amazon,gas_transport,497.69,15.91432255507558,79.74176409415672,16.38087565241032,79.28827839426947,1635217200,0
2021-10-26 06:00:00,4532117045436,Shell,health_fitness,334.94,15.919576065265543,79.75639378831451,15.727021966244637,79.37285319967737,1635228000,0
2021-10-26 09:00:00,4532117045436,Shell,health_fitness,402.42,15.903667638643302,79.74659008157134,16.462090070254504,79.50737934673151,1635238800,0
2021-10-26 12:00:00,4532117045436,Amazon,entertainment,588.63,15.912768038676184,79.74804500367676,15.421033238356387,79.73069510822727,1635249600,0
2021-10-26 15:00:00,4532117045436,Apollo,health_fitness,336.97,15.929917921015386,79.73836951088252,16.20609095847928,79.3172315634284,1635260400,0
2021-10-26 18:00:00,4532117045436,Zomato,grocery_pos,614.55,15.926875147319075,79.73613385031388,15.928882045624693,79.94532380679523,1635271200,0
2021-10-26 21:00:00,4532117045436,Netflix,shopping_net,371.54,15.900153631141446,79.74376030663595,16.00055002702276,79.56633822178749,1635282000,0
2021-10-27 00:00:00,4532117045436,Shell,entertainment,312.7,15.902815960738286,79.74906215883219,15.728999265743795,80.14938108932807,1635292800,0
2021-10-27 03:00:00,4532117045436,Zomato,grocery_pos,376.35,15.929874703892812,79.74174443336096,16.536560544203777,79.7604546327548,1635303600,0
2021-10-27 06:00:00,4532117045436,Amazon,gas_transport,207.56,15.917415504262527,79.73366841446786,15.610781857118237,79.66298537577474,1635314400,0
2021-10-27 09:00:00,4532117045436,Zomato,gas_transport,124.11,15.91099269913596,79.72716401356345,16.606629113425157,79.68280172402845,1635325200,0
2021-10-27 12:00:00,4532117045436,MakeMyTrip,entertainment,437.62,15.90987588330444,79.7241847309843,16.609916033134617,80.46994390545703,1635336000,0
2021-10-27 15:00:00,4532117045436,Walmart,health_fitness,439.91,15.915174597786057,79.74042547147947,16.13845604382141,80.18122102127073,1635346800,0
2021-10-27 18:00:00,4532117045436,Shell,travel,5951.09,15.915299935051268,79.74815962369462,30.768973866765638,76.2474113526244,1635357600,1
2021-10-27 21:00:00,4532117045436,Amazon,travel,436.88,15.907568388709349,79.71696938814829,15.494013302123495,79.49033020123967,1635368400,0
2021-10-28 00:00:00,4532117045436,Netflix,gas_transport,799.39,15.91126799492252,79.7339252645536,14.915713851632416,79.78818365031458,1635379200,0
2021-10-28 03:00:00,4532117045436,Apollo,travel,475.26,15.90721779163287,79.73229371635057,16.182839059352187,78.65190842953999,1635390000,0
2021-10-28 06:00:00,4532117045436,MakeMyTrip,food_dining,243.53,15.914587405096754,79.7437926604729,15.357152475161525,79.95439501481606,1635400800,0
2021-10-28 09:00:00,4532117045436,Amazon,entertainment,282.01,15.905524324290377,79.73333191667048,15.427158388645596,79.31573706536255,1635411600,0
2021-10-28 12:00:00,4532117045436,Netflix,grocery_pos,450.05,15.900222534263849,79.72769545825405,16.188403915916805,79.37260018401271,1635422400,0
2021-10-28 15:00:00,4532117045436,Apollo,entertainment,384.69,15.927653757637103,79.73391013951664,15.697957499716294,79.38905222239873,1635433200,0
2021-10-28 18:00:00,4532117045436,Apollo,shopping_net,265.73,15.912204244012337,79.73234301029771,16.02169979069799,80.36947379864598,1635444000,0
2021-10-28 21:00:00,4532117045436,Amazon,health_fitness,5076.27,15.92987054659724,79.740129891939,28.564547614410795,76.40794659246706,1635454800,1
2021-10-29 00:00:00,4532117045436,MakeMyTrip,health_fitness,443.37,15.893577172788167,79.73785208104914,16.715250075769614,79.51470422645102,1635465600,0
2021-10-29 03:00:00,4532117045436,Zomato,entertainment,689.35,15.898405269641966,79.74442481440768,16.012186835896703,79.45884109189267,1635476400,0
2021-10-29 06:00:00,4532117045436,Zomato,gas_transport,312.59,15.917567947742562,79.73993749601162,15.638092673246598,79.82237261250837,1635487200,0
2021-10-29 09:00:00,4532117045436,Apollo,gas_transport,387.34,15.912212674064133,79.7501496748519,15.875360878298372,80.53781491038123,1635498000,0
2021-10-29 12:00:00,4532117045436,Zomato,food_dining,688.89,15.901323099369458,79.73552058790064,15.623965695240097,79.61153213466109,1635508800,0
2021-10-29 15:00:00,4532117045436,Walmart,food_dining,2644.74,15.924264953572903,79.74620105919838,28.482424823045502,78.10682274399004,1635519600,1
2021-10-29 18:00:00,4532117045436,Apollo,health_fitness,311.71,15.904201066707692,79.74317850918214,16.099016797240456,79.82412666501828,1635530400,0
2021-10-29 21:00:00,4532117045436,Apollo,food_dining,2013.44,15.92488550703112,79.73704602030347,28.71447804534066,77.528285734157,1635541200,1
2021-10-30 00:00:00,4532117045436,Netflix,grocery_pos,267.88,15.912195651704225,79.74687984010716,16.589150954614944,79.92459324558389,1635552000,0
2021-10-30 03:00:00,4532117045436,Zomato,food_dining,461.59,15.902200694344042,79.73197776158857,15.489075153852932,79.72106172243254,1635562800,0
2021-10-30 06:00:00,4532117045436,MakeMyTrip,grocery_pos,604.67,15.90621261481331,79.75239836692215,15.199655647068568,79.80824839141796,1635573600,0
2021-10-30 09:00:00,4532117045436,Apollo,food_dining,694.64,15.926621530279109,79.73223627781759,15.901529610314128,79.24980349931286,1635584400,0
2021-10-30 12:00:00,4532117045436,MakeMyTrip,health_fitness,227.06,15.90992252964955,79.72659352061055,15.201060588893263,80.28548317192609,1635595200,0
2021-10-30 15:00:00,4532117045436,Walmart,health_fitness,580.37,15.922623408713397,79.72581261977764,15.707347205200367,79.47813732735773,1635606000,0
2021-10-30 18:00:00,4532117045436,Netflix,grocery_pos,474.65,15.926904400847985,79.74091090786484,14.823443596168126,79.61110519025044,1635616800,0
2021-10-30 21:00:00,4532117045436,Amazon,entertainment,410.71,15.912095767501441,79.73435834747076,15.237058982212037,79.93665380428368,1635627600,0
2021-10-31 00:00:00,4532117045436,MakeMyTrip,health_fitness,387.4,15.910668070470738,79.74181239778031,16.524365012309016,79.84596271333436,1635638400,0
2021-10-31 03:00:00,4532117045436,Apollo,entertainment,161.86,15.9088503186242,79.72897318522409,16.115218438988123,80.52815152723129,1635649200,0
2021-10-31 06:00:00,4532117045436,Walmart,gas_transport,545.7,15.916420976243218,79.74486984634301,16.811725741003183,80.39475460802603,1635660000,0
2021-10-31 09:00:00,4532117045436,Shell,grocery_pos,252.17,15.927959300240001,79.74184066743808,15.897330965165345,79.49334728627224,1635670800,0
2021-10-31 12:00:00,4532117045436,Walmart,travel,337.77,15.900629636006936,79.73542513228864,15.878133896478316,80.72908427412194,1635681600,0
2021-10-31 15:00:00,4532117045436,Walmart,health_fitness,512.7,15.91509152359654,79.74624853746809,16.020637307764332,80.21466863098352,1635692400,0
2021-10-31 18:00:00,4532117045436,Netflix,shopping_net,7113.14,15.914658794268583,79.7457505979839,27.981823618137113,77.28970236141606,1635703200,1
2021-10-31 21:00:00,4532117045436,Amazon,gas_transport,251.88,15.894858128903032,79.7409207564513,16.439202368376144,79.4085521193979,1635714000,0
2021-11-01 00:00:00,4532117045436,Shell,entertainment,632.8,15.904025342680198,79.74887282036495,15.492597692980928,79.70775620098692,1635724800,0
2021-11-01 03:00:00,4532117045436,Zomato,health_fitness,468.31,15.906074588933125,79.75110498987235,16.116571075013518,78.7817474369636,1635735600,0
2021-11-01 06:00:00,4532117045436,Zomato,grocery_pos,350.67,15.920540295328003,79.73211443182316,15.989182858264677,80.01158380330577,1635746400,0
2021-11-01 09:00:00,4532117045436,MakeMyTrip,travel,468.9,15.922289509112009,79.75132456296677,16.273352511676332,79.08049473723007,1635757200,0
2021-11-01 12:00:00,4532117045436,Walmart,food_dining,550.42,15.894146216000818,79.7310093200182,16.849510006638653,79.98403529868715,1635768000,0
2021-11-01 15:00:00,4532117045436,Netflix,travel,618.72,15.919292020829552,79.74771540501082,16.206787792455252,79.50048154110881,1635778800,0
2021-11-01 18:00:00,4532117045436,Netflix,shopping_net,283.13,15.917999279848205,79.74947209907926,15.727520328425735,79.80379089783939,1635789600,0
2021-11-01 21:00:00,4532117045436,Zomato,entertainment,296.27,15.918683866764706,79.73825348205244,16.845074459448874,79.43201361118521,1635800400,0
2021-11-02 00:00:00,4532117045436,MakeMyTrip,gas_transport,541.25,15.914427459642978,79.73946736746785,15.25996335024495,79.37912633129343,1635811200,0
2021-11-02 03:00:00,4532117045436,MakeMyTrip,travel,546.06,15.922404398451295,79.73700971545112,15.777320333870762,80.10708855359157,1635822000,0
2021-11-02 06:00:00,4532117045436,MakeMyTrip,grocery_pos,248.4,15.924615206954527,79.73175590485543,16.363629279489526,79.42732165504422,1635832800,0
2021-11-02 09:00:00,4532117045436,Shell,shopping_net,301.9,15.896561343361062,79.7336221721419,15.517648642079042,79.28904676690982,1635843600,0
2021-11-02 12:00:00,4532117045436,Amazon,grocery_pos,420.94,15.912412756967278,79.74496619071279,15.887012378615907,79.21497824121737,1635854400,0
2021-11-02 15:00:00,4532117045436,Shell,health_fitness,453.54,15.910355112540667,79.74855695840102,15.562238329109237,80.16745790124459,1635865200,0
2021-11-02 18:00:00,4532117045436,Apollo,food_dining,457.79,15.907172528969246,79.73985562411428,15.893730242359407,79.18033044868949,1635876000,0
2021-11-02 21:00:00,4532117045436,Apollo,gas_transport,246.1,15.908354919526458,79.72989889974536,15.563100512655925,79.74271004250929,1635886800,0
2021-11-03 00:00:00,4532117045436,Amazon,grocery_pos,456.27,15.914767836263374,79.72853757209907,15.95242238644769,80.84626458896179,1635897600,0
2021-11-03 03:00:00,4532117045436,Zomato,entertainment,342.39,15.899933912417916,79.7389388260177,15.748088738407015,79.39582895582012,1635908400,0
2021-11-03 06:00:00,4532117045436,Amazon,health_fitness,275.05,15.919606220600848,79.73472405640706,16.576520635903538,79.34937214057128,1635919200,0
2021-11-03 09:00:00,4532117045436,Netflix,health_fitness,448.35,15.909208779291612,79.75186213314042,16.105649807876866,80.28328979152647,1635930000,0
2021-11-03 12:00:00,4532117045436,Apollo,gas_transport,433.05,15.921646466795892,79.73297713262754,16.281964895529622,79.14652310714898,1635940800,0
2021-11-03 15:00:00,4532117045436,Walmart,health_fitness,570.25,15.90670068829965,79.7459737931959,15.98505510318109,80.28252312795408,1635951600,0
2021-11-03 18:00:00,4532117045436,Walmart,entertainment,320.85,15.90615886389019,79.73379383975963,15.69568907205621,79.54951128906885,1635962400,0
2021-11-03 21:00:00,4532117045436,Zomato,grocery_pos,3756.76,15.903445366538277,79.73716501638553,26.669130203149628,79.21782431435234,1635973200,1
2021-11-04 00:00:00,4532117045436,Netflix,gas_transport,214.7,15.906756453907146,79.74172145408662,16.014296403309444,79.9592438083159,1635984000,0
2021-11-04 03:00:00,4532117045436,Shell,health_fitness,408.77,15.904885701245517,79.74519582827685,14.70219368084322,80.02736090640869,1635994800,0
2021-11-04 06:00:00,4532117045436,Netflix,health_fitness,519.55,15.917247471890947,79.74422559977933,15.929676529573433,79.51862048343511,1636005600,0
2021-11-04 09:00:00,4532117045436,Walmart,entertainment,532.2,15.923371073196849,79.73440120874422,16.248880832283113,79.54402778246805,1636016400,0
2021-11-04 12:00:00,4532117045436,Walmart,food_dining,533.23,15.916778680896835,79.74100347591751,15.554850458077413,79.47934863730147,1636027200,0
2021-11-04 15:00:00,4532117045436,Apollo,food_dining,570.66,15.912125776350328,79.7362521381044,16.34666024738496,80.40449270528761,1636038000,0
2021-11-04 18:00:00,4532117045436,Netflix,travel,383.13,15.91776887444111,79.72568728133011,16.090695845313448,79.74292262716664,1636048800,0
2021-11-04 21:00:00,4532117045436,Netflix,health_fitness,524.36,15.91253580376591,79.74228927433326,15.714509406630306,80.71438064996163,1636059600,0
2021-11-05 00:00:00,4532117045436,Walmart,grocery_pos,2727.91,15.913185733449586,79.75262704616873,30.134719684912156,76.71716360459418,1636070400,1
2021-11-05 03:00:00,4532117045436,Shell,gas_transport,379.93,15.909833610617342,79.75544183453955,15.728603990505633,79.6476406121121,1636081200,0
2021-11-05 06:00:00,4532117045436,Zomato,health_fitness,657.03,15.921265912631196,79.74317384368138,16.051299069652586,79.6318837159898,1636092000,0
2021-11-05 09:00:00,4532117045436,MakeMyTrip,shopping_net,581.47,15.887240684326533,79.74251925262008,15.782939194566453,79.39142095681612,1636102800,0
2021-11-05 12:00:00,4532117045436,Zomato,gas_transport,410.05,15.891571519668021,79.71380668529072,16.187402625557233,79.85214390799737,1636113600,0
2021-11-05 15:00:00,4532117045436,Netflix,travel,422.57,15.923172244357545,79.76727327847551,16.58631237013275,79.69577627475815,1636124400,0
2021-11-05 18:00:00,4532117045436,Zomato,food_dining,467.76,15.910934728659454,79.75430968457904,15.694840525389884,79.43286763610793,1636135200,0
2021-11-05 21:00:00,4532117045436,Walmart,health_fitness,573.02,15.922072338451978,79.74759135914395,16.36401341592509,79.71043027145802,1636146000,0
2021-11-06 00:00:00,4532117045436,Walmart,entertainment,510.4,15.906819213544479,79.7407199755569,15.763418866891406,79.48977707402365,1636156800,0
2021-11-06 03:00:00,4532117045436,Netflix,shopping_net,378.75,15.92964244132883,79.71769154628636,15.76733873164632,79.88348442203616,1636167600,0
2021-11-06 06:00:00,4532117045436,Netflix,health_fitness,137.69,15.911534813446405,79.7418230544914,15.715267766775684,80.09754683109203,1636178400,0
2021-11-06 09:00:00,4532117045436,MakeMyTrip,travel,550.83,15.917393915470601,79.74031768331409,15.068896647702976,79.42627189836257,1636189200,0
2021-11-06 12:00:00,4532117045436,MakeMyTrip,grocery_pos,160.13,15.908428537521178,79.72590742492389,16.163078159434455,79.51151631222778,1636200000,0
2021-11-06 15:00:00,4532117045436,Apollo,shopping_net,245.1,15.903928683128443,79.7444816187063,16.054923255609204,79.2879967718812,1636210800,0
2021-11-06 18:00:00,4532117045436,Netflix,travel,389.63,15.895490714199296,79.75236613869808,15.994375197202283,80.30695078446645,1636221600,0
2021-11-06 21:00:00,4532117045436,Shell,health_fitness,267.89,15.920757040562634,79.74340562194473,16.69016020348309,78.85255800739012,1636232400,0
2021-11-07 00:00:00,4532117045436,Zomato,grocery_pos,497.63,15.916854175754343,79.74337290135111,16.74521056505475,79.41077598870503,1636243200,0
2021-11-07 03:00:00,4532117045436,Netflix,shopping_net,405.57,15.913836925799446,79.74401493931735,16.566874030723923,80.09459508194936,1636254000,0
2021-11-07 06:00:00,4532117045436,Amazon,grocery_pos,567.78,15.901513841662187,79.736772287064,15.79523580094252,79.42439377106426,1636264800,0
2021-11-07 09:00:00,4532117045436,Apollo,grocery_pos,208.84,15.927054660000845,79.74758337354417,15.769873790423414,79.4060999305525,1636275600,0
2021-11-07 12:00:00,4532117045436,Amazon,shopping_net,350.72,15.913958725935412,79.75523795085739,15.403821324896278,80.07618040420735,1636286400,0
2021-11-07 15:00:00,4532117045436,Walmart,shopping_net,450.63,15.919928888301358,79.74041260523558,15.943818384542167,78.6062056334234,1636297200,0
2021-11-07 18:00:00,4532117045436,MakeMyTrip,grocery_pos,6735.16,15.912870128297952,79.73244628511608,26.334374695339378,78.35294179004327,1636308000,1
2021-11-07 21:00:00,4532117045436,Zomato,travel,554.11,15.902005784528018,79.72614469837465,16.18212244785613,79.46492222872801,1636318800,0
2021-11-08 00:00:00,4532117045436,Netflix,food_dining,312.81,15.922824363611852,79.74500947526788,15.378476796320593,79.47507994534847,1636329600,0
2021-11-08 03:00:00,4532117045436,Amazon,shopping_net,379.8,15.91740768444522,79.74614218513145,15.725769375433378,80.27367415647733,1636340400,0
2021-11-08 06:00:00,4532117045436,Zomato,health_fitness,526.1,15.911085900260765,79.74363945990537,15.065427206288312,79.72974208343315,1636351200,0
2021-11-08 09:00:00,4532117045436,Walmart,gas_transport,120.22,15.917236705323782,79.73764377610406,15.554880634932312,79.16294983743339,1636362000,0
2021-11-08 12:00:00,4532117045436,MakeMyTrip,entertainment,507.74,15.921075435422521,79.74277128271221,16.359217280567446,79.00028157015277,1636372800,0
2021-11-08 15:00:00,4532117045436,Shell,grocery_pos,564.59,15.919502060569796,79.73464389388967,15.362187532423652,79.70972269141822,1636383600,0
2021-11-08 18:00:00,4532117045436,Apollo,grocery_pos,249.95,15.895786737815909,79.7328921338185,16.78488908426058,79.0513804459486,1636394400,0
2021-11-08 21:00:00,4532117045436,Zomato,entertainment,402.75,15.897997982152186,79.73003701926525,16.417351240193554,80.34309861290184,1636405200,0
2021-11-09 00:00:00,4532117045436,Zomato,food_dining,673.9,15.92022849129672,79.73014111878783,16.163520575911484,79.18807561132513,1636416000,0
2021-11-09 03:00:00,4532117045436,Shell,entertainment,548.97,15.90593879886462,79.74530441521644,16.579668065054985,79.73385691958214,1636426800,0
2021-11-09 06:00:00,4532117045436,Zomato,shopping_net,517.05,15.902413874015588,79.73730730575647,15.852383116770508,78.7673934705452,1636437600,0
2021-11-09 09:00:00,4532117045436,Walmart,entertainment,598.64,15.91662104229746,79.73318610780576,15.544137759473534,78.79233788564545,1636448400,0
2021-11-09 12:00:00,4532117045436,Walmart,grocery_pos,720.68,15.902110560928591,79.72638086471507,15.86492883803478,79.63519075298666,1636459200,0
2021-11-09 15:00:00,4532117045436,Shell,entertainment,452.78,15.908108587871709,79.74671061658444,15.05347737638055,81.33949010483902,1636470000,0
2021-11-09 18:00:00,4532117045436,Apollo,gas_transport,388.92,15.921422698495187,79.75069744328198,16.508269048748325,79.45899594863191,1636480800,0
2021-11-09 21:00:00,4532117045436,Netflix,health_fitness,598.28,15.897758581814353,79.72975861256215,15.73845571101059,80.0852914968166,1636491600,0
2021-11-10 00:00:00,4532117045436,Amazon,shopping_net,421.88,15.899217362403045,79.7387534286026,15.535296614520876,79.49330026879421,1636502400,0
2021-11-10 03:00:00,4532117045436,Netflix,entertainment,310.8,15.896790035679512,79.73067437663052,15.593127521329905,80.24842190579557,1636513200,0
2021-11-10 06:00:00,4532117045436,Zomato,grocery_pos,368.99,15.904288351693154,79.73858214262987,15.921188219094157,79.69415424358817,1636524000,0
2021-11-10 09:00:00,4532117045436,Amazon,travel,496.85,15.913727152390598,79.74607907080238,15.972711510397561,79.11677244553947,1636534800,0
2021-11-10 12:00:00,4532117045436,Shell,health_fitness,382.56,15.906712120687452,79.75618337627007,15.839847971742083,79.61531389290374,1636545600,0
2021-11-10 15:00:00,4532117045436,Shell,shopping_net,393.75,15.927933490643259,79.73552967974842,15.837625194276223,78.84931253874579,1636556400,0
2021-11-10 18:00:00,4532117045436,Apollo,grocery_pos,295.9,15.917453097520486,79.74699912684976,16.18777967583401,79.29564496042286,1636567200,0
2021-11-10 21:00:00,4532117045436,Amazon,food_dining,665.3,15.912711819481078,79.7472432891403,15.363562123438745,79.93073993843734,1636578000,0
2021-11-11 00:00:00,4532117045436,Walmart,gas_transport,398.61,15.925574089501778,79.73848869551477,16.025495710609643,79.41267481393933,1636588800,0
2021-11-11 03:00:00,4532117045436,Amazon,food_dining,343.27,15.899591929921549,79.75160099792573,15.753968553870868,79.52234800783145,1636599600,0
2021-11-11 06:00:00,4532117045436,Zomato,gas_transport,359.23,15.921565715237826,79.73672285735249,14.913906013641212,80.20932898696665,1636610400,0
2021-11-11 09:00:00,4532117045436,Walmart,entertainment,570.38,15.910537413633751,79.74435401541484,15.371248381710606,79.48923192375125,1636621200,0
2021-11-11 12:00:00,4532117045436,MakeMyTrip,shopping_net,535.98,15.908346773560327,79.73426377466684,15.516909570800703,79.99613499053652,1636632000,0
2021-11-11 15:00:00,4532117045436,MakeMyTrip,entertainment,374.72,15.919010712541668,79.74531514351365,16.748096552553932,79.44209114193964,1636642800,0
2021-11-11 18:00:00,4532117045436,MakeMyTrip,gas_transport,454.85,15.908774914191296,79.74431210639916,16.139152027617616,80.19829013930614,1636653600,0
2021-11-11 21:00:00,4532117045436,Shell,gas_transport,491.51,15.914719035366875,79.75187361219338,16.048394710434305,80.39477621845832,1636664400,0
2021-11-12 00:00:00,4532117045436,Amazon,gas_transport,344.39,15.91190089143029,79.75835573972383,15.669414117479956,78.75602173974322,1636675200,0
2021-11-12 03:00:00,4532117045436,MakeMyTrip,health_fitness,218.91,15.915964517734292,79.7491582576553,15.656725709788354,79.24751129395756,1636686000,0
2021-11-12 06:00:00,4532117045436,Netflix,grocery_pos,527.26,15.907829195704622,79.74670660131211,15.321460107934637,79.6222616213964,1636696800,0
2021-11-12 09:00:00,4532117045436,Apollo,shopping_net,352.69,15.922167623599183,79.7360931830688,15.749695333516641,79.39767238718984,1636707600,0
2021-11-12 12:00:00,4532117045436,Netflix,entertainment,516.05,15.892458210969046,79.7173433378608,16.6007046844761,80.16886107268095,1636718400,0
2021-11-12 15:00:00,4532117045436,MakeMyTrip,entertainment,498.15,15.919308925551544,79.75298303087959,15.253841335215869,79.84968100303841,1636729200,0
2021-11-12 18:00:00,4532117045436,Apollo,food_dining,458.37,15.893987602575233,79.75856183639819,15.619686014193158,79.26713596572273,1636740000,0
2021-11-12 21:00:00,4532117045436,Zomato,gas_transport,386.08,15.90536551808011,79.74312981408661,16.375993532447808,80.44877389132364,1636750800,0
2021-11-13 00:00:00,4532117045436,Netflix,travel,354.91,15.91812359055291,79.72993892108501,16.374637237610578,80.43944655399895,1636761600,0
2021-11-13 03:00:00,4532117045436,Amazon,gas_transport,279.24,15.892763304289648,79.75377862747358,15.552629737850012,79.07467262926836,1636772400,0
2021-11-13 06:00:00,4532117045436,Amazon,gas_transport,357.79,15.914564807447158,79.75105083044728,16.494710043815697,79.43719007868306,1636783200,0
2021-11-13 09:00:00,4532117045436,Netflix,travel,535.32,15.899186541511321,79.71962679772743,15.695551521448573,80.1571943836132,1636794000,0
2021-11-13 12:00:00,4532117045436,MakeMyTrip,entertainment,659.67,15.903209301522972,79.74140409855055,15.338270209037839,80.20441100597507,1636804800,0
2021-11-13 15:00:00,4532117045436,Amazon,food_dining,637.66,15.902749261769921,79.74242801929203,16.66205599550316,80.44187966077281,1636815600,0
2021-11-13 18:00:00,4532117045436,Zomato,grocery_pos,471.81,15.899466668977214,79.72395581220383,15.95888034067965,80.97599601778771,1636826400,0
2021-11-13 21:00:00,4532117045436,Walmart,travel,659.59,15.895603895974249,79.72921132176803,15.828969269090845,79.94901256779549,1636837200,0
2021-11-14 00:00:00,4532117045436,MakeMyTrip,health_fitness,403.98,15.933611874604662,79.75091560841986,16.0003148673863,80.37832853637686,1636848000,0
2021-11-14 03:00:00,4532117045436,Zomato,shopping_net,256.34,15.911075285194965,79.74069733702163,15.427937902044576,81.07548016288817,1636858800,0
2021-11-14 06:00:00,4532117045436,Apollo,travel,738.13,15.90052577553271,79.73050057269289,15.63194820620898,79.7327073223827,1636869600,0
2021-11-14 09:00:00,4532117045436,Zomato,grocery_pos,529.92,15.907278760635574,79.73330590183714,16.631350914666566,79.34794554709549,1636880400,0
2021-11-14 12:00:00,4532117045436,MakeMyTrip,entertainment,219.81,15.913266610283914,79.72798886852814,16.8424663303357,79.86745168353679,1636891200,0
2021-11-14 15:00:00,4532117045436,Apollo,health_fitness,683.86,15.909113051975313,79.74075419530836,15.356314943997438,80.53661478150025,1636902000,0
2021-11-14 18:00:00,4532117045436,MakeMyTrip,health_fitness,338.49,15.90023158225733,79.74752303800807,15.71822071367432,80.64659047595637,1636912800,0
2021-11-14 21:00:00,4532117045436,Amazon,health_fitness,371.12,15.903907683194195,79.75176672705703,15.915094130876236,79.81328283026282,1636923600,0
2021-11-15 00:00:00,4532117045436,Walmart,gas_transport,603.21,15.924757164095892,79.73332016724267,16.013246932629738,79.65744191481315,1636934400,0
2021-11-15 03:00:00,4532117045436,MakeMyTrip,shopping_net,7963.3,15.898872870433022,79.73646216260612,30.548599035643615,78.02311914203399,1636945200,1
2021-11-15 06:00:00,4532117045436,MakeMyTrip,entertainment,299.89,15.892930291144294,79.74501159178608,16.238120251626107,79.77991509749518,1636956000,0
2021-11-15 09:00:00,4532117045436,Amazon,entertainment,670.65,15.909020451866493,79.74952607825104,16.27589450217907,79.15073706608983,1636966800,0
2021-11-15 12:00:00,4532117045436,Shell,health_fitness,581.14,15.893582836198606,79.74370779857506,16.33805589166539,79.25398652741738,1636977600,0
2021-11-15 15:00:00,4532117045436,Amazon,entertainment,330.04,15.903802265956562,79.75267533066926,16.289132079534003,79.8581116084574,1636988400,0
2021-11-15 18:00:00,4532117045436,Apollo,shopping_net,413.11,15.900380628015869,79.75816905684853,15.953516320274664,79.10127028091189,1636999200,0
2021-11-15 21:00:00,4532117045436,Amazon,shopping_net,677.42,15.900468113585344,79.7236998579794,16.408177931290073,79.91767335799246,1637010000,0
2021-11-16 00:00:00,4532117045436,Amazon,food_dining,215.92,15.913595297843719,79.75519016825685,16.184933131439106,80.2144779142908,1637020800,0
2021-11-16 03:00:00,4532117045436,Walmart,travel,657.11,15.915470569696438,79.75298569048978,15.170962441361661,79.21349187916387,1637031600,0
2021-11-16 06:00:00,4532117045436,Amazon,travel,576.96,15.904840983579412,79.72824448104406,15.174478605207812,79.44549122897644,1637042400,0
2021-11-16 09:00:00,4532117045436,MakeMyTrip,food_dining,526.37,15.911956178506946,79.74463779682462,16.067187379709488,79.01673974523331,1637053200,0
2021-11-16 12:00:00,4532117045436,Walmart,grocery_pos,469.75,15.904342793652464,79.74635973939698,16.555809238481398,80.03682037897853,1637064000,0
2021-11-16 15:00:00,4532117045436,Netflix,travel,745.52,15.916908386375031,79.72910183896512,16.13592272802817,78.99615963859792,1637074800,0
2021-11-16 18:00:00,4532117045436,Shell,shopping_net,767.69,15.898123363099964,79.73938914550055,16.207057848785805,80.08978915504028,1637085600,0
2021-11-16 21:00:00,4532117045436,Walmart,shopping_net,357.72,15.914552406471188,79.74156398599341,15.383355301709946,79.88490398298846,1637096400,0
2021-11-17 00:00:00,4532117045436,Apollo,travel,541.83,15.915310805961754,79.72920069025048,15.946571509922196,80.8194206433157,1637107200,0
2021-11-17 03:00:00,4532117045436,Netflix,shopping_net,731.16,15.936259791698529,79.73661083361458,16.48395329864938,80.57602238567105,1637118000,0
2021-11-17 06:00:00,4532117045436,Walmart,food_dining,332.24,15.895355569067426,79.75401177469489,16.135805752670734,79.14642910556641,1637128800,0
2021-11-17 09:00:00,4532117045436,Walmart,health_fitness,3341.88,15.939457604489126,79.75683324093136,28.265897379452493,78.47661873707419,1637139600,1
2021-11-17 12:00:00,4532117045436,Shell,health_fitness,600.58,15.920466846105887,79.72896417070216,16.20996271203742,79.47264792769246,1637150400,0
2021-11-17 15:00:00,4532117045436,MakeMyTrip,entertainment,147.77,15.931173147061408,79.71335264336332,16.02617062855489,79.33657959879939,1637161200,0
2021-11-17 18:00:00,4532117045436,Apollo,health_fitness,574.28,15.921952651392523,79.75237357796426,16.500169199129942,79.48606867140025,1637172000,0
2021-11-17 21:00:00,4532117045436,Zomato,gas_transport,286.74,15.903464597909718,79.75822412855123,16.025793773978904,79.59595864996666,1637182800,0
2021-11-18 00:00:00,4532117045436,Zomato,food_dining,478.85,15.919478400064891,79.74876765606182,15.897526224509548,80.81957196303921,1637193600,0
2021-11-18 03:00:00,4532117045436,Walmart,shopping_net,621.65,15.90624347260545,79.73712998141627,15.389219001819395,78.33240858399373,1637204400,0
2021-11-18 06:00:00,4532117045436,Amazon,travel,91.62,15.912018553243081,79.7291627314931,16.520095921911725,80.66612330016034,1637215200,0
2021-11-18 09:00:00,4532117045436,Apollo,health_fitness,567.88,15.901153149060455,79.74616775679816,15.442690486473234,80.15474928934167,1637226000,0
2021-11-18 12:00:00,4532117045436,Netflix,food_dining,755.75,15.906113023388624,79.75054678978302,16.031639181213194,79.82390401084258,1637236800,0
2021-11-18 15:00:00,4532117045436,Amazon,health_fitness,370.0,15.921869765383056,79.7334019112367,16.31337803221003,79.44058852746097,1637247600,0
2021-11-18 18:00:00,4532117045436,Amazon,grocery_pos,536.5,15.91727956506849,79.74275058068316,16.807567914316643,79.69370295646961,1637258400,0
2021-11-18 21:00:00,4532117045436,Apollo,shopping_net,650.29,15.923142302339272,79.73565289470093,16.026214710186203,80.16565126267734,1637269200,0
2021-11-19 00:00:00,4532117045436,MakeMyTrip,grocery_pos,211.06,15.898921879975154,79.74753935604983,16.60854610643782,80.2209923130106,1637280000,0
2021-11-19 03:00:00,4532117045436,Walmart,shopping_net,563.61,15.894195591105706,79.71941157752747,15.926593194036077,79.32429605297898,1637290800,0
2021-11-19 06:00:00,4532117045436,Walmart,food_dining,603.56,15.923917157121691,79.74396672526541,15.632686588891726,80.12674464301855,1637301600,0
2021-11-19 09:00:00,4532117045436,Walmart,entertainment,545.79,15.92317672869688,79.73634051752775,17.296110819757775,79.44594014343409,1637312400,0
2021-11-19 12:00:00,4532117045436,Walmart,health_fitness,462.99,15.915015374452917,79.75832068869992,15.30385671194404,79.65195039049121,1637323200,0
2021-11-19 15:00:00,4532117045436,Zomato,health_fitness,299.94,15.91709225648751,79.74311989687196,17.3735621864578,80.39626181618777,1637334000,0
2021-11-19 18:00:00,4532117045436,Walmart,gas_transport,658.71,15.92155038145131,79.74707741169642,16.72708346013983,80.13681008285114,1637344800,0
2021-11-19 21:00:00,4532117045436,Zomato,travel,455.18,15.914715240925881,79.73056846776326,15.625498779550618,78.93062864474359,1637355600,0
2021-11-20 00:00:00,4532117045436,Zomato,grocery_pos,314.42,15.918266672481025,79.73778572496906,16.23782402652769,79.80747141787613,1637366400,0
2021-11-20 03:00:00,4532117045436,MakeMyTrip,health_fitness,402.3,15.921048227202482,79.74394506744821,15.214022895675445,79.94968520709719,1637377200,0
2021-11-20 06:00:00,4532117045436,Walmart,food_dining,505.26,15.911964855036485,79.7364057842856,16.209416151014292,79.8143741991001,1637388000,0
2021-11-20 09:00:00,4532117045436,Shell,entertainment,215.82,15.909444051099296,79.73757735728664,16.073949753915326,78.4815047965395,1637398800,0
2021-11-20 12:00:00,4532117045436,Netflix,travel,452.69,15.916720530357596,79.74262963163616,16.34613708592751,79.06268426390685,1637409600,0
2021-11-20 15:00:00,4532117045436,Amazon,food_dining,387.47,15.93554614030758,79.72286745478387,15.710910995141424,78.85327480472404,1637420400,0
2021-11-20 18:00:00,4532117045436,Zomato,grocery_pos,650.4,15.904423163577485,79.73475584543881,15.9924122706945,79.4229331127049,1637431200,0
2021-11-20 21:00:00,4532117045436,Apollo,gas_transport,168.77,15.908592598412461,79.74788796441753,16.151037336188967,79.80893963849957,1637442000,0
2021-11-21 00:00:00,4532117045436,Apollo,health_fitness,590.81,15.895335892936155,79.73606355640896,15.668668455466525,79.47892342751275,1637452800,0
2021-11-21 03:00:00,4532117045436,Netflix,food_dining,662.56,15.91724803396923,79.76336572222557,16.615947676000946,79.42951020666666,1637463600,0
2021-11-21 06:00:00,4532117045436,Apollo,travel,174.44,15.907600662082558,79.74090744452201,15.97796926397963,78.86946509245608,1637474400,0
2021-11-21 09:00:00,4532117045436,Shell,shopping_net,192.42,15.898896676552155,79.72147974826866,16.085086986056215,79.11559709825391,1637485200,0
2021-11-21 12:00:00,4532117045436,Apollo,entertainment,717.89,15.912264095147664,79.74443874800893,15.496511061115326,79.26223502437618,1637496000,0
2021-11-21 15:00:00,4532117045436,Amazon,travel,314.34,15.927846315650504,79.72944077218796,15.087229252289001,80.18083247960796,1637506800,0
2021-11-21 18:00:00,4532117045436,Amazon,food_dining,914.22,15.909379740187358,79.74339993548865,15.239729599102153,79.95556416122623,1637517600,0
2021-11-21 21:00:00,4532117045436,Zomato,entertainment,179.12,15.910294859660576,79.73434271805795,16.211057244114187,80.13197548072762,1637528400,0
2021-11-22 00:00:00,4532117045436,Walmart,health_fitness,475.51,15.927457069282363,79.73500575854267,15.517754601285167,79.97097039018271,1637539200,0
2021-11-22 03:00:00,4532117045436,MakeMyTrip,shopping_net,446.49,15.91284991795438,79.75035157682362,16.277338854854733,80.15115236997411,1637550000,0
2021-11-22 06:00:00,4532117045436,Shell,gas_transport,418.77,15.900823596965953,79.72416514099456,16.740270773059276,79.05702226489872,1637560800,0
2021-11-22 09:00:00,4532117045436,Zomato,travel,519.44,15.919789991893627,79.73514745242703,16.298388259799236,80.40809908770235,1637571600,0
2021-11-22 12:00:00,4532117045436,Shell,gas_transport,528.1,15.924145932947232,79.73402980102891,16.126055321696718,80.26402262271903,1637582400,0
2021-11-22 15:00:00,4532117045436,Walmart,shopping_net,424.85,15.910896248162357,79.75337039125904,16.24074113773722,79.55306458831295,1637593200,0
2021-11-22 18:00:00,4532117045436,Apollo,entertainment,297.87,15.914204930197155,79.73651085598891,16.46491180873323,80.22499031446256,1637604000,0
2021-11-22 21:00:00,4532117045436,Apollo,health_fitness,607.16,15.899788121664832,79.73058422749399,16.068759578061368,80.3479127060704,1637614800,0
2021-11-23 00:00:00,4532117045436,MakeMyTrip,food_dining,544.21,15.904194126731632,79.74231243517292,16.244747479209938,79.71350715489693,1637625600,0
2021-11-23 03:00:00,4532117045436,Walmart,shopping_net,467.19,15.909569603937529,79.73105713816051,15.630192193839676,80.00860779902122,1637636400,0
2021-11-23 06:00:00,4532117045436,Zomato,grocery_pos,539.46,15.913669306052054,79.73250629244232,15.424793853015922,79.48042734395402,1637647200,0
2021-11-23 09:00:00,4532117045436,MakeMyTrip,entertainment,565.34,15.906702522707391,79.74690118216559,15.660003385898678,80.39996961791361,1637658000,0
2021-11-23 12:00:00,4532117045436,Walmart,gas_transport,335.74,15.909192207352916,79.7113392839211,15.749721305342192,79.51394411074327,1637668800,0
2021-11-23 15:00:00,4532117045436,Netflix,travel,534.1,15.911661829068166,79.7303597166767,15.72931745450374,79.89691626886481,1637679600,0
2021-11-23 18:00:00,4532117045436,Amazon,shopping_net,367.04,15.902919743936751,79.73323231697395,16.486221263762197,79.71848408563136,1637690400,0
2021-11-23 21:00:00,4532117045436,MakeMyTrip,gas_transport,570.31,15.910211991025426,79.75545126867024,14.55501812945873,79.44873637699082,1637701200,0
2021-11-24 00:00:00,4532117045436,MakeMyTrip,entertainment,421.14,15.924459399662107,79.74445330815854,15.80603387573922,78.88764539702252,1637712000,0
2021-11-24 03:00:00,4532117045436,Zomato,gas_transport,541.76,15.906939776035008,79.73968273347548,16.284540248399814,80.1830850574766,1637722800,0
2021-11-24 06:00:00,4532117045436,Shell,shopping_net,384.93,15.903890690551506,79.73896798050076,16.266281564948994,79.72227522661323,1637733600,0
2021-11-24 09:00:00,4532117045436,Netflix,entertainment,549.56,15.93375124461277,79.74123468538137,15.503433637167667,80.65586399759289,1637744400,0
2021-11-24 12:00:00,4532117045436,Zomato,grocery_pos,303.18,15.915156024917193,79.74245602462327,16.782258908481033,80.34836022385018,1637755200,0
2021-11-24 15:00:00,4532117045436,Walmart,shopping_net,455.43,15.905171616778908,79.7412553553799,15.22102361439729,80.34121015873123,1637766000,0
2021-11-24 18:00:00,4532117045436,Walmart,food_dining,597.09,15.919335005365973,79.75946573926463,15.73791643294772,80.10670037243659,1637776800,0
2021-11-24 21:00:00,4532117045436,Walmart,health_fitness,520.08,15.915461072450707,79.73560796561644,15.757985758156785,80.11711979250565,1637787600,0
2021-11-25 00:00:00,4532117045436,Walmart,shopping_net,478.8,15.90719813664852,79.74174387629007,15.752974917318683,79.81821543390222,1637798400,0
2021-11-25 03:00:00,4532117045436,Shell,entertainment,720.53,15.912410481836918,79.74037992106467,16.592750211588935,80.15225784247718,1637809200,0
2021-11-25 06:00:00,4532117045436,Netflix,travel,603.55,15.90998560659053,79.74939279041483,15.920881511516008,79.51604300219542,1637820000,0
2021-11-25 09:00:00,4532117045436,Apollo,health_fitness,578.33,15.922800831639938,79.73306775719422,16.072787737529023,78.51902775345647,1637830800,0
2021-11-25 12:00:00,4532117045436,Amazon,shopping_net,548.7,15.919713424256548,79.73633183603239,16.35255864574438,80.093862910456,1637841600,0
2021-11-25 15:00:00,4532117045436,Shell,grocery_pos,567.4,15.89147055438307,79.72488346284065,15.593109132940377,80.10506980447416,1637852400,0
2021-11-25 18:00:00,4532117045436,Shell,travel,698.57,15.93192908966199,79.74987014836063,15.835535018897675,79.0792055302846,1637863200,0
2021-11-25 21:00:00,4532117045436,Apollo,grocery_pos,387.35,15.910016831302599,79.72477102753514,16.75093396323495,79.99686125799502,1637874000,0
2021-11-26 00:00:00,4532117045436,Apollo,food_dining,601.41,15.93012363186052,79.74539556453117,16.10202146538904,79.98912028281913,1637884800,0
2021-11-26 03:00:00,4532117045436,Amazon,travel,503.47,15.92006051135263,79.75681095693328,15.365411499800793,80.27952491805499,1637895600,0
2021-11-26 06:00:00,4532117045436,Amazon,gas_transport,392.53,15.915382299350775,79.75925735420458,15.484720674455835,79.68715541666477,1637906400,0
2021-11-26 09:00:00,4532117045436,Apollo,travel,435.04,15.911958374063998,79.73694031502855,16.35886643401379,78.97898870448829,1637917200,0
2021-11-26 12:00:00,4532117045436,Walmart,health_fitness,482.87,15.94048777247811,79.73654122399995,15.34816292383302,79.49800901618013,1637928000,0
2021-11-26 15:00:00,4532117045436,Shell,travel,321.01,15.910183504475933,79.73925881079305,15.676404954735354,79.49620475484268,1637938800,0
2021-11-26 18:00:00,4532117045436,Zomato,entertainment,579.6,15.906186688965354,79.74900739330273,16.01455109837115,79.6813669211996,1637949600,0
2021-11-26 21:00:00,4532117045436,Amazon,entertainment,434.57,15.907086909728827,79.73867904045126,15.919710753301352,79.8010584421183,1637960400,0
2021-11-27 00:00:00,4532117045436,Amazon,gas_transport,462.74,15.91291059167962,79.73726261653596,16.654508796551465,79.62134597597871,1637971200,0
2021-11-27 03:00:00,4532117045436,Apollo,travel,653.58,15.912893137532256,79.75072705673627,14.687591297152949,79.93803273555368,1637982000,0
2021-11-27 06:00:00,4532117045436,Netflix,grocery_pos,3932.42,15.922940239723365,79.74043675284344,28.328879140775218,77.77637909734109,1637992800,1
2021-11-27 09:00:00,4532117045436,Zomato,grocery_pos,682.9,15.92048249034212,79.73846911217372,15.771608560481607,79.91992041480025,1638003600,0
2021-11-27 12:00:00,4532117045436,Zomato,shopping_net,371.28,15.92049490686454,79.7312386823818,16.57140410420222,79.36052752334768,1638014400,0
2021-11-27 15:00:00,4532117045436,Amazon,food_dining,285.44,15.910617620068484,79.75027030383464,15.795086439234971,79.63928146045986,1638025200,0
2021-11-27 18:00:00,4532117045436,Walmart,health_fitness,406.5,15.919665221080113,79.74247078134856,15.809575368953322,78.82557038217894,1638036000,0
2021-11-27 21:00:00,4532117045436,Netflix,food_dining,27.79,15.920712966426818,79.73988277450866,15.910861706857569,80.21185154061142,1638046800,0
2021-11-28 00:00:00,4532117045436,Zomato,travel,585.86,15.91210673881515,79.72138025235998,15.58232967377193,79.58693921990834,1638057600,0
2021-11-28 03:00:00,4532117045436,Amazon,food_dining,294.17,15.915692001487228,79.74954498395391,15.617443663995527,79.90940024492438,1638068400,0
2021-11-28 06:00:00,4532117045436,Zomato,shopping_net,357.35,15.92070031392825,79.72865752131148,15.838422150311153,79.32941482734785,1638079200,0
2021-11-28 09:00:00,4532117045436,MakeMyTrip,food_dining,557.44,15.91501165301009,79.74451918961019,16.73538621572271,79.46010860507276,1638090000,0
2021-11-28 12:00:00,4532117045436,Netflix,gas_transport,6715.6,15.915965782751485,79.73221465685285,29.117995674643428,78.23533805042221,1638100800,1
2021-11-28 15:00:00,4532117045436,Netflix,shopping_net,383.92,15.926970952404147,79.72926901056692,15.569151312297972,79.819402157894,1638111600,0
2021-11-28 18:00:00,4532117045436,MakeMyTrip,gas_transport,144.52,15.915090135234752,79.74928151484472,15.71282594680454,80.02762945246161,1638122400,0
2021-11-28 21:00:00,4532117045436,Shell,travel,645.12,15.906822679166547,79.74101657899243,15.914598017946236,79.23941115580617,1638133200,0
2021-11-29 00:00:00,4532117045436,MakeMyTrip,shopping_net,558.46,15.899443199887646,79.74041040118651,16.809122287132,79.80996037390243,1638144000,0
2021-11-29 03:00:00,4532117045436,Apollo,travel,758.36,15.914031509539667,79.75950509489059,15.53100736311723,79.61755523432207,1638154800,0
2021-11-29 06:00:00,4532117045436,Apollo,travel,360.54,15.909585328733518,79.75935035735434,17.162446474653944,79.83706061214717,1638165600,0
2021-11-29 09:00:00,4532117045436,Amazon,food_dining,231.83,15.92098313930997,79.73753045898546,16.139049676233842,79.29077563480193,1638176400,0
2021-11-29 12:00:00,4532117045436,Netflix,gas_transport,599.21,15.928676980986927,79.7269285373327,15.412736932217442,79.97251035028643,1638187200,0
2021-11-29 15:00:00,4532117045436,Shell,travel,421.79,15.902602948766889,79.75413811822227,15.63927244583064,79.60057683847465,1638198000,0
2021-11-29 18:00:00,4532117045436,Shell,gas_transport,544.23,15.904041527566454,79.72655391446926,14.944675122404902,79.67078949122119,1638208800,0
2021-11-29 21:00:00,4532117045436,Zomato,gas_transport,692.99,15.912658408904198,79.74475198942766,15.966240952589144,80.91026442428806,1638219600,0
2021-11-30 00:00:00,4532117045436,Zomato,shopping_net,508.22,15.904900681284078,79.73732107558301,16.43866763284453,78.85902189094108,1638230400,0
2021-11-30 03:00:00,4532117045436,MakeMyTrip,entertainment,475.09,15.910679740690602,79.74075999420651,15.928444490148832,80.01012499017988,1638241200,0
2021-11-30 06:00:00,4532117045436,Shell,food_dining,484.5,15.907538267810994,79.75226291570849,16.314303699283773,79.95762256696197,1638252000,0
2021-11-30 09:00:00,4532117045436,MakeMyTrip,travel,204.41,15.902822222097305,79.73213155603122,16.127143640595115,80.05527029666834,1638262800,0
2021-11-30 12:00:00,4532117045436,MakeMyTrip,gas_transport,616.21,15.92115885381676,79.73391839275853,16.51796724425322,80.03285127127697,1638273600,0
2021-11-30 15:00:00,4532117045436,Zomato,health_fitness,625.81,15.91365282044643,79.74758052400031,15.423031066441677,79.8366350691236,1638284400,0
2021-11-30 18:00:00,4532117045436,Netflix,entertainment,529.59,15.931203687293756,79.75788818307036,16.3543411077044,79.94419260126831,1638295200,0
2021-11-30 21:00:00,4532117045436,MakeMyTrip,travel,222.69,15.916490066409544,79.76474173963304,16.85628797119421,81.08289080045532,1638306000,0
2021-12-01 00:00:00,4532117045436,Walmart,health_fitness,431.83,15.925785323390485,79.72549189327457,17.195549557832074,79.65384096054939,1638316800,0
2021-12-01 03:00:00,4532117045436,Netflix,food_dining,665.78,15.905612033855629,79.73580389373733,16.62306308795415,79.64865823641387,1638327600,0
2021-12-01 06:00:00,4532117045436,Shell,food_dining,365.14,15.905487928647979,79.72968457138653,15.998635705032894,79.20649450871542,1638338400,0
2021-12-01 09:00:00,4532117045436,Shell,gas_transport,627.64,15.935108706069729,79.74846551675398,15.430263390589083,79.3275217010969,1638349200,0
2021-12-01 12:00:00,4532117045436,MakeMyTrip,gas_transport,458.26,15.906810840704043,79.74060867413527,15.504588510573024,79.8517958463656,1638360000,0
2021-12-01 15:00:00,4532117045436,Netflix,travel,556.88,15.903408504491741,79.74877787374963,15.826312503855773,79.92449018962328,1638370800,0
2021-12-01 18:00:00,4532117045436,Zomato,shopping_net,388.18,15.901187538569626,79.73604885597385,16.842861193760157,79.68365282779574,1638381600,0
2021-12-01 21:00:00,4532117045436,Zomato,entertainment,462.66,15.932057505646966,79.7469952800443,15.64771514627296,80.0662219469097,1638392400,0
2021-12-02 00:00:00,4532117045436,Apollo,travel,515.51,15.910153029603354,79.7382105976825,16.002698615413184,79.5395739149276,1638403200,0
2021-12-02 03:00:00,4532117045436,Shell,entertainment,287.51,15.916933920801005,79.74142230484206,16.38328188850644,80.98263008950322,1638414000,0
2021-12-02 06:00:00,4532117045436,Amazon,gas_transport,491.09,15.9144139721949,79.73423759030449,14.27006689795834,79.816342702402,1638424800,0
2021-12-02 09:00:00,4532117045436,Apollo,food_dining,46.72,15.905665904516773,79.75360043615224,15.381193739524143,80.07694297312956,1638435600,0
2021-12-02 12:00:00,4532117045436,Zomato,gas_transport,359.77,15.90993697002496,79.72737282630396,16.889485601206747,79.82076561038325,1638446400,0
2021-12-02 15:00:00,4532117045436,Netflix,food_dining,531.58,15.921356838706949,79.73886269902032,16.43435122422285,79.43886538996523,1638457200,0
2021-12-02 18:00:00,4532117045436,Zomato,travel,618.04,15.900641422815418,79.75780883982938,16.437722270099524,79.48641859287802,1638468000,0
2021-12-02 21:00:00,4532117045436,Netflix,food_dining,520.91,15.919641682405915,79.75275981735228,15.44315277786295,79.16662656735211,1638478800,0
2021-12-03 00:00:00,4532117045436,Apollo,gas_transport,241.45,15.927240376645216,79.73156782178285,16.638650792985054,78.87880955001864,1638489600,0
2021-12-03 03:00:00,4532117045436,Shell,grocery_pos,604.93,15.91582375339988,79.7320763702975,15.504429245350298,80.21490170038169,1638500400,0
2021-12-03 06:00:00,4532117045436,Zomato,entertainment,279.13,15.926234002343328,79.74514074698612,15.958673928470905,79.43537777236723,1638511200,0
2021-12-03 09:00:00,4532117045436,MakeMyTrip,health_fitness,5000.15,15.899185866377792,79.7464993373269,29.08398902814651,76.25904647520623,1638522000,1
2021-12-03 12:00:00,4532117045436,Netflix,food_dining,284.12,15.894599575473164,79.75189903720454,16.329343287550458,80.50637888900948,1638532800,0
2021-12-03 15:00:00,4532117045436,Shell,food_dining,334.02,15.915326443400575,79.72590740253403,16.15967398434257,80.32446677953149,1638543600,0
2021-12-03 18:00:00,4532117045436,Amazon,grocery_pos,6005.92,15.907036549557407,79.75315793412719,29.67396945649325,77.13941958358339,1638554400,1
2021-12-03 21:00:00,4532117045436,Netflix,travel,470.84,15.9216876496166,79.73098569799227,14.989107917750175,79.6346630205349,1638565200,0
2021-12-04 00:00:00,4532117045436,Apollo,travel,420.67,15.909795560194564,79.75334673784135,15.95407640253457,79.66329785465588,1638576000,0
2021-12-04 03:00:00,4532117045436,Amazon,travel,526.34,15.914371923749586,79.723845769171,14.828652152169633,80.84124984618869,1638586800,0
2021-12-04 06:00:00,4532117045436,Amazon,health_fitness,447.2,15.913709838280745,79.72886045827902,16.196689665092396,79.8261953827224,1638597600,0
2021-12-04 09:00:00,4532117045436,Walmart,shopping_net,222.32,15.914028839949006,79.75721015474424,15.423569910362454,81.23595344136422,1638608400,0
2021-12-04 12:00:00,4532117045436,Zomato,grocery_pos,491.37,15.907473545121873,79.7577603763726,15.833135576746876,79.08968687042751,1638619200,0
2021-12-04 15:00:00,4532117045436,Netflix,health_fitness,185.68,15.899253518683631,79.74100335340827,15.657133672475759,79.76347546517103,1638630000,0
2021-12-04 18:00:00,4532117045436,Amazon,grocery_pos,317.42,15.910708084552812,79.73670710515995,16.195906153461614,80.32288381065403,1638640800,0
2021-12-04 21:00:00,4532117045436,Walmart,food_dining,395.41,15.927400417050317,79.73983946270457,15.517848139624748,80.28004952929108,1638651600,0
2021-12-05 00:00:00,4532117045436,Apollo,entertainment,385.02,15.90681171707538,79.74414727950922,16.04100585506384,80.05579732995311,1638662400,0
2021-12-05 03:00:00,4532117045436,Shell,grocery_pos,202.89,15.906756534012741,79.74504810623681,16.005174352066128,79.4348436108988,1638673200,0
2021-12-05 06:00:00,4532117045436,MakeMyTrip,shopping_net,4024.0,15.914476474268685,79.73705267430705,27.183244652599075,77.19474498969288,1638684000,1
2021-12-05 09:00:00,4532117045436,MakeMyTrip,gas_transport,697.2,15.90112897491358,79.72064526753829,16.109237817911854,79.65059428604285,1638694800,0
2021-12-05 12:00:00,4532117045436,Netflix,health_fitness,787.62,15.922934881670244,79.7345629643184,15.311656547566876,80.26162806722077,1638705600,0
2021-12-05 15:00:00,4532117045436,Amazon,grocery_pos,622.15,15.902082645462123,79.72444996716331,15.329955569861898,80.59001134977534,1638716400,0
2021-12-05 18:00:00,4532117045436,MakeMyTrip,grocery_pos,390.68,15.910007027849026,79.74765810621655,16.629637859632865,79.79542311395443,1638727200,0
2021-12-05 21:00:00,4532117045436,Zomato,shopping_net,388.1,15.938289083736267,79.7436889350158,15.142963703642549,79.69094088427963,1638738000,0
2021-12-06 00:00:00,4532117045436,MakeMyTrip,entertainment,379.82,15.901474357629443,79.73888751218978,16.996073907469807,79.84438814565215,1638748800,0
2021-12-06 03:00:00,4532117045436,MakeMyTrip,grocery_pos,747.85,15.927623707175274,79.73749232575312,15.844018598572873,79.85006625206138,1638759600,0
2021-12-06 06:00:00,4532117045436,MakeMyTrip,grocery_pos,432.67,15.914112481671916,79.75966104240584,15.487660307588502,80.33331360688352,1638770400,0
2021-12-06 09:00:00,4532117045436,Walmart,entertainment,640.38,15.915523181374825,79.75146393675539,16.3434742712324,79.55581858353328,1638781200,0
2021-12-06 12:00:00,4532117045436,Amazon,shopping_net,628.72,15.904806387677494,79.74205321067554,15.631783307464335,79.68085994848076,1638792000,0
2021-12-06 15:00:00,4532117045436,Zomato,health_fitness,478.43,15.920887506112349,79.73461950850505,16.081998410406538,79.97100422600661,1638802800,0
2021-12-06 18:00:00,4532117045436,Amazon,health_fitness,232.25,15.909240751870849,79.75289997237029,16.534440749261186,79.42388414715798,1638813600,0
2021-12-06 21:00:00,4532117045436,Netflix,grocery_pos,435.91,15.901422148526526,79.74110500392746,16.269527603053195,79.28031261002783,1638824400,0
2021-12-07 00:00:00,4532117045436,Netflix,entertainment,7574.51,15.927456604031429,79.73351671358652,28.226406007072526,77.48215504415533,1638835200,1
2021-12-07 03:00:00,4532117045436,Netflix,grocery_pos,641.69,15.909041511072711,79.73409414259312,16.240215717537883,79.72800987269773,1638846000,0
2021-12-07 06:00:00,4532117045436,Apollo,travel,452.92,15.894306165528443,79.7466186171839,15.93293698862413,80.18532719704262,1638856800,0
2021-12-07 09:00:00,4532117045436,MakeMyTrip,gas_transport,268.71,15.910212930987507,79.74952320141765,16.31844732384426,80.08513889801739,1638867600,0
2021-12-07 12:00:00,4532117045436,Apollo,health_fitness,598.19,15.920980695126602,79.7463560040827,15.376510836952418,79.05232100490267,1638878400,0
2021-12-07 15:00:00,4532117045436,Walmart,travel,415.87,15.919383618046668,79.74657556783966,16.642458022453816,79.41375098240363,1638889200,0
2021-12-07 18:00:00,4532117045436,Netflix,food_dining,68.21,15.906491208636186,79.73695729154662,15.834796722414714,79.7718971680203,1638900000,0
2021-12-07 21:00:00,4532117045436,Zomato,gas_transport,498.75,15.903125188702148,79.73455818320825,16.00149091471708,79.61970771877351,1638910800,0
2021-12-08 00:00:00,4532117045436,Amazon,grocery_pos,525.12,15.899238227907912,79.74148581331482,15.756124479679032,79.86239742162493,1638921600,0
2021-12-08 03:00:00,4532117045436,MakeMyTrip,shopping_net,323.56,15.912672368283218,79.73917975349396,16.21595541897398,79.8327990242508,1638932400,0
2021-12-08 06:00:00,4532117045436,Shell,health_fitness,421.19,15.914409957412726,79.72999206938802,16.439961799241242,80.13280419068776,1638943200,0
2021-12-08 09:00:00,4532117045436,Zomato,food_dining,6168.56,15.919989606807372,79.73967750107334,26.726918602220376,79.59731251487041,1638954000,1
2021-12-08 12:00:00,4532117045436,MakeMyTrip,gas_transport,499.77,15.911409657694525,79.74689967170637,15.878258680290719,79.77472428149397,1638964800,0
2021-12-08 15:00:00,4532117045436,Apollo,health_fitness,215.6,15.911113322343452,79.73609616312633,15.997827712708837,79.02130207001174,1638975600,0
2021-12-08 18:00:00,4532117045436,Apollo,entertainment,638.03,15.91011506931741,79.75587252078574,16.131061698456623,79.43943711671463,1638986400,0
2021-12-08 21:00:00,4532117045436,Zomato,shopping_net,2833.11,15.914427016994187,79.72748183574603,27.449052949203292,76.59607958645611,1638997200,1
2021-12-09 00:00:00,4532117045436,Apollo,gas_transport,373.47,15.911563355443601,79.731758466065,15.69692080628367,79.5179789020737,1639008000,0
2021-12-09 03:00:00,4532117045436,Netflix,entertainment,163.52,15.92229087255516,79.73427214204179,16.35595109176536,79.55447283466661,1639018800,0
2021-12-09 06:00:00,4532117045436,Walmart,travel,565.67,15.916008449717715,79.74822490317204,16.16721895383444,80.03998502173354,1639029600,0
2021-12-09 09:00:00,4532117045436,Amazon,grocery_pos,349.04,15.913980019382294,79.74212381312576,16.020632363891018,80.62603670601145,1639040400,0
2021-12-09 12:00:00,4532117045436,Walmart,entertainment,530.32,15.912482675447013,79.73113945710644,16.537602643658744,79.065089997047,1639051200,0
2021-12-09 15:00:00,4532117045436,MakeMyTrip,gas_transport,780.33,15.903481754562966,79.72127728652977,15.244036177586704,79.63987206293487,1639062000,0
2021-12-09 18:00:00,4532117045436,Amazon,gas_transport,218.05,15.91289347457903,79.72813257186345,16.312126343067277,79.30697511675754,1639072800,0
2021-12-09 21:00:00,4532117045436,Amazon,travel,330.51,15.906434717801808,79.72246717523345,16.099713809812226,79.07080182613475,1639083600,0
2021-12-10 00:00:00,4532117045436,Walmart,grocery_pos,420.83,15.916365510270923,79.7487347565608,15.185439949213347,79.47608071698549,1639094400,0
2021-12-10 03:00:00,4532117045436,Zomato,entertainment,643.75,15.910811409504474,79.72940916579658,16.49606359087031,79.21371306316475,1639105200,0
2021-12-10 06:00:00,4532117045436,Amazon,entertainment,983.34,15.929543146214243,79.74680562842937,16.207831642196524,79.85629889613816,1639116000,0
2021-12-10 09:00:00,4532117045436,Walmart,grocery_pos,487.06,15.900280493077725,79.74543803223264,16.274570905196953,79.65869172489457,1639126800,0
2021-12-10 12:00:00,4532117045436,Amazon,entertainment,6632.2,15.881894816846247,79.75191588396315,28.528363383675035,78.72211215389913,1639137600,1
2021-12-10 15:00:00,4532117045436,Shell,health_fitness,398.17,15.915576630379245,79.73285342883679,16.29419466325555,79.893924901241,1639148400,0
2021-12-10 18:00:00,4532117045436,Zomato,grocery_pos,333.77,15.90646753410307,79.74404726014933,15.54743031896485,79.02411261143365,1639159200,0
2021-12-10 21:00:00,4532117045436,Netflix,shopping_net,558.24,15.91451060606413,79.74121683427133,15.240191047776408,79.23358478526471,1639170000,0
2021-12-11 00:00:00,4532117045436,Amazon,gas_transport,506.53,15.900543621765127,79.74124466650596,15.906372335256405,79.91754232294817,1639180800,0
2021-12-11 03:00:00,4532117045436,Shell,shopping_net,293.73,15.931989597412654,79.73980984047549,16.250404597104303,79.22824293062426,1639191600,0
2021-12-11 06:00:00,4532117045436,Netflix,health_fitness,324.98,15.909034887974205,79.7484191486777,16.420362802493806,78.71912961531558,1639202400,0
2021-12-11 09:00:00,4532117045436,Netflix,travel,395.99,15.905820544292064,79.74732564617867,15.988245387631526,80.54118688451129,1639213200,0
2021-12-11 12:00:00,4532117045436,MakeMyTrip,health_fitness,414.1,15.93180492161677,79.73997480065337,15.94966686052448,79.9110809299839,1639224000,0
2021-12-11 15:00:00,4532117045436,Amazon,food_dining,443.67,15.921303431504004,79.7354060178067,16.42006023302202,80.24804697845597,1639234800,0
2021-12-11 18:00:00,4532117045436,Walmart,food_dining,457.33,15.9267951064412,79.73425632467054,15.745931778973933,79.37733247164296,1639245600,0
2021-12-11 21:00:00,4532117045436,Amazon,food_dining,635.23,15.911178232389208,79.74035428147917,15.631837765200345,79.04873402043643,1639256400,0
2021-12-12 00:00:00,4532117045436,Shell,grocery_pos,390.57,15.913369098081649,79.74221822585267,16.722019406646822,79.88387120744832,1639267200,0
2021-12-12 03:00:00,4532117045436,Netflix,entertainment,368.46,15.906932737045008,79.73908539295643,15.774019305089904,79.18915649849724,1639278000,0
2021-12-12 06:00:00,4532117045436,Amazon,health_fitness,249.18,15.905765275810387,79.72708203775669,16.37120699407759,80.2496339607214,1639288800,0
2021-12-12 09:00:00,4532117045436,Walmart,shopping_net,416.42,15.91688238579059,79.73695341295422,16.59271518777819,79.85926275222036,1639299600,0
2021-12-12 12:00:00,4532117045436,MakeMyTrip,travel,488.43,15.909215476448276,79.73472918954599,16.017903005977026,79.83755213034219,1639310400,0
2021-12-12 15:00:00,4532117045436,Amazon,shopping_net,191.39,15.935108191203696,79.74015079494993,16.04482598918321,79.84301676178998,1639321200,0
2021-12-12 18:00:00,4532117045436,Zomato,shopping_net,398.64,15.921325253578303,79.76536158100872,16.811801981729207,80.75687970581058,1639332000,0
2021-12-12 21:00:00,4532117045436,MakeMyTrip,shopping_net,624.04,15.931732615668668,79.74430153809494,15.258913863940533,80.06744824644113,1639342800,0
2021-12-13 00:00:00,4532117045436,Walmart,travel,547.25,15.890613198155746,79.75262241357073,15.250434203070611,79.63871121048666,1639353600,0
2021-12-13 03:00:00,4532117045436,Shell,food_dining,506.01,15.931854210067872,79.73315916437839,16.32066936655964,79.80835237111083,1639364400,0
2021-12-13 06:00:00,4532117045436,Netflix,shopping_net,543.18,15.889050536189766,79.7402188729131,15.708522211908713,79.30504894939811,1639375200,0
2021-12-13 09:00:00,4532117045436,Amazon,travel,363.94,15.900290888643232,79.75228675815437,16.343647597153403,79.47790414312685,1639386000,0
2021-12-13 12:00:00,4532117045436,Walmart,travel,343.96,15.895373529838674,79.72419557669633,15.884686286030956,80.3657133022825,1639396800,0
2021-12-13 15:00:00,4532117045436,MakeMyTrip,entertainment,640.79,15.915330491403468,79.73766585177076,16.329286024923267,79.7612501327352,1639407600,0
2021-12-13 18:00:00,4532117045436,Zomato,travel,574.3,15.912718029524685,79.74620654611587,15.472169478691644,80.12136640388732,1639418400,0
2021-12-13 21:00:00,4532117045436,Walmart,food_dining,338.06,15.920849191942628,79.73927417882834,16.219461023803216,79.29523674564516,1639429200,0
2021-12-14 00:00:00,4532117045436,Apollo,shopping_net,168.19,15.912015357183659,79.73432106825524,15.662417320791594,80.16323897048532,1639440000,0
2021-12-14 03:00:00,4532117045436,Zomato,travel,341.17,15.92515100292468,79.73488277784166,16.273015363537635,79.64111278380685,1639450800,0
2021-12-14 06:00:00,4532117045436,MakeMyTrip,grocery_pos,531.53,15.903573067464691,79.7431539644051,17.095198243402734,79.85365934903284,1639461600,0
2021-12-14 09:00:00,4532117045436,Shell,travel,351.26,15.925381628112685,79.72429511869089,15.510653636977981,79.7702396931875,1639472400,0
2021-12-14 12:00:00,4532117045436,Netflix,gas_transport,499.51,15.912592593266393,79.74124627574852,15.735856032707524,79.83106451532015,1639483200,0
2021-12-14 15:00:00,4532117045436,MakeMyTrip,gas_transport,662.97,15.936458602006482,79.74725853651793,15.84902874293748,79.68537091423731,1639494000,0
2021-12-14 18:00:00,4532117045436,Shell,gas_transport,436.05,15.921619070099618,79.73637868443045,16.07427552686363,80.38212037918609,1639504800,0
2021-12-14 21:00:00,4532117045436,Amazon,travel,485.09,15.909863383304785,79.72440021797085,14.767224816856974,78.98744349947525,1639515600,0
2021-12-15 00:00:00,4532117045436,Walmart,food_dining,552.74,15.912559270415308,79.73487962647158,15.929519559210615,80.00673304359174,1639526400,0
2021-12-15 03:00:00,4532117045436,Apollo,shopping_net,287.69,15.902808841155844,79.73876234124828,15.803658515441294,79.40580297268397,1639537200,0
2021-12-15 06:00:00,4532117045436,Zomato,health_fitness,334.04,15.916493601630219,79.72923468302234,15.807178906179294,79.26187573042407,1639548000,0
2021-12-15 09:00:00,4532117045436,Zomato,health_fitness,558.92,15.90985803819619,79.74030632307223,16.06016723643676,80.80911533305841,1639558800,0
2021-12-15 12:00:00,4532117045436,Walmart,health_fitness,455.55,15.92014168288359,79.74172047220605,16.089936172620135,79.26451708346374,1639569600,0
2021-12-15 15:00:00,4532117045436,Apollo,food_dining,468.26,15.899520008424195,79.75202586550849,16.0821914552527,78.83137092007932,1639580400,0
2021-12-15 18:00:00,4532117045436,Walmart,entertainment,454.99,15.90960327204361,79.73835076421085,15.374377615359577,80.21793489728495,1639591200,0
2021-12-15 21:00:00,4532117045436,Amazon,grocery_pos,596.74,15.901304788539854,79.74111723730323,15.787703581210772,79.49333762013117,1639602000,0
2021-12-16 00:00:00,4532117045436,Shell,grocery_pos,5218.32,15.901926585761762,79.73449048520952,27.689764073372395,77.01858812621045,1639612800,1
2021-12-16 03:00:00,4532117045436,MakeMyTrip,gas_transport,517.32,15.918960501672657,79.73522826031353,16.17654669368977,78.61432337756874,1639623600,0
2021-12-16 06:00:00,4532117045436,Zomato,gas_transport,633.33,15.924145063381673,79.74704188744012,15.429855615979385,80.6668544334841,1639634400,0
2021-12-16 09:00:00,4532117045436,Amazon,travel,690.99,15.889574546587472,79.7376550384072,16.009584393317844,80.21171700092317,1639645200,0
2021-12-16 12:00:00,4532117045436,Shell,health_fitness,786.54,15.931518745314284,79.74826602274192,16.717328994481495,79.63599412402554,1639656000,0
2021-12-16 15:00:00,4532117045436,Amazon,travel,363.15,15.926940871437154,79.7395321136727,14.582468460213391,78.87368321826854,1639666800,0
2021-12-16 18:00:00,4532117045436,Apollo,health_fitness,820.41,15.899433242772634,79.7285616686122,15.827945208284337,79.07423870319715,1639677600,0
2021-12-16 21:00:00,4532117045436,Zomato,gas_transport,285.48,15.921168435274929,79.73307098204384,14.920483886760088,79.39434307787236,1639688400,0
2021-12-17 00:00:00,4532117045436,MakeMyTrip,shopping_net,740.29,15.908298140081754,79.76418389933231,15.91303691393392,80.096806369722,1639699200,0
2021-12-17 03:00:00,4532117045436,Walmart,entertainment,354.91,15.911918994330696,79.7389953838315,16.330631796208824,79.3090139380933,1639710000,0
2021-12-17 06:00:00,4532117045436,Walmart,travel,439.66,15.918920545576347,79.72384670721743,15.657443229664468,78.71491492173357,1639720800,0
2021-12-17 09:00:00,4532117045436,Shell,entertainment,452.79,15.917699958521391,79.72861691080497,16.375930033763282,79.8539394886513,1639731600,0
2021-12-17 12:00:00,4532117045436,MakeMyTrip,entertainment,319.95,15.90717003808733,79.73287143887755,16.593319550240054,80.23814766121902,1639742400,0
2021-12-17 15:00:00,4532117045436,Netflix,entertainment,463.01,15.907127676932333,79.73106714638637,16.113787476884884,80.83853286790584,1639753200,0
2021-12-17 18:00:00,4532117045436,Apollo,gas_transport,327.7,15.90771773495893,79.72900792878687,15.655413524805537,79.22715761506433,1639764000,0
2021-12-17 21:00:00,4532117045436,Shell,grocery_pos,264.76,15.924328275784164,79.75462365885437,16.180902135506155,79.2799439908556,1639774800,0
2021-12-18 00:00:00,4532117045436,Netflix,gas_transport,444.19,15.894281838285366,79.74664662568209,16.753345378615933,78.24304687116184,1639785600,0
2021-12-18 03:00:00,4532117045436,Amazon,entertainment,688.48,15.91128085946095,79.73800178348964,15.247329904863031,78.96626833758941,1639796400,0
2021-12-18 06:00:00,4532117045436,Apollo,gas_transport,411.9,15.928625469048612,79.73412730757228,16.46697711965271,79.20685461588228,1639807200,0
2021-12-18 09:00:00,4532117045436,Amazon,entertainment,591.15,15.919937035509081,79.73838305392948,15.268441719038334,79.29332795162811,1639818000,0
2021-12-18 12:00:00,4532117045436,MakeMyTrip,food_dining,323.15,15.923409640551665,79.75780774190338,15.154112753066045,79.47312363898585,1639828800,0
2021-12-18 15:00:00,4532117045436,Zomato,health_fitness,257.48,15.911419413877612,79.7313496155465,15.296140041523294,80.03589097724533,1639839600,0
2021-12-18 18:00:00,4532117045436,Apollo,grocery_pos,518.08,15.90126436820274,79.72422834710764,15.893206817539413,79.99574753049086,1639850400,0
2021-12-18 21:00:00,4532117045436,Netflix,food_dining,713.34,15.913456875570706,79.74667353310149,16.54439566903135,79.48311155500072,1639861200,0
2021-12-19 00:00:00,4532117045436,Zomato,shopping_net,481.34,15.906010644608324,79.75008133896166,14.907363744868048,79.74761271606985,1639872000,0
2021-12-19 03:00:00,4532117045436,Walmart,gas_transport,574.0,15.935206865127286,79.75451634279331,16.407670080074308,79.06111756919138,1639882800,0
2021-12-19 06:00:00,4532117045436,Netflix,shopping_net,674.27,15.911318231743927,79.7364766174152,15.836347718100724,79.45725048551778,1639893600,0
2021-12-19 09:00:00,4532117045436,Shell,travel,444.52,15.91927458993105,79.73658119588387,15.361455880386378,79.0939923334266,1639904400,0
2021-12-19 12:00:00,4532117045436,Walmart,gas_transport,427.19,15.929923920351479,79.76012281004743,16.208688018195044,79.3700892660803,1639915200,0
2021-12-19 15:00:00,4532117045436,Walmart,health_fitness,520.81,15.901932508173335,79.74595499728082,15.675484324264737,80.66784186891256,1639926000,0
2021-12-19 18:00:00,4532117045436,Shell,food_dining,547.5,15.89010270194864,79.73914923900702,17.04235142880246,79.81266071139481,1639936800,0
2021-12-19 21:00:00,4532117045436,Apollo,health_fitness,240.15,15.917800137494131,79.7450336708433,16.162131055135266,79.4428793433943,1639947600,0
2021-12-20 00:00:00,4532117045436,Walmart,travel,494.36,15.919683273957837,79.73564000163952,15.94087711884635,79.97892542544447,1639958400,0
2021-12-20 03:00:00,4532117045436,MakeMyTrip,entertainment,449.9,15.908759031989929,79.7430122481006,16.237009383187562,79.54257474271463,1639969200,0
2021-12-20 06:00:00,4532117045436,Netflix,health_fitness,331.57,15.901337467688569,79.74284990262151,16.584661679628983,80.58194485263034,1639980000,0
2021-12-20 09:00:00,4532117045436,Zomato,health_fitness,439.53,15.91599819105571,79.74834173463535,16.633314917217902,79.91631632996068,1639990800,0
2021-12-20 12:00:00,4532117045436,Walmart,entertainment,275.2,15.91266253337723,79.73015069644836,16.37691929678992,79.15965857445114,1640001600,0
2021-12-20 15:00:00,4532117045436,Netflix,gas_transport,223.36,15.916122014308323,79.74355427973549,16.60129977161804,80.39950836299631,1640012400,0
2021-12-20 18:00:00,4532117045436,Amazon,entertainment,460.03,15.901570441367786,79.72833411253468,16.514532489483354,80.04964504636146,1640023200,0
2021-12-20 21:00:00,4532117045436,Netflix,food_dining,585.31,15.916147955865046,79.75875519444816,16.36754553685307,79.97363568999836,1640034000,0
2021-12-21 00:00:00,4532117045436,Zomato,health_fitness,6043.89,15.921095353648125,79.73580795938983,29.489558778048067,75.64092792613692,1640044800,1
2021-12-21 03:00:00,4532117045436,Netflix,entertainment,305.89,15.89784111911015,79.72345105896574,16.541518724555367,80.1044531155804,1640055600,0
2021-12-21 06:00:00,4532117045436,Shell,travel,329.21,15.927504166086646,79.76777360856838,15.698580092656494,79.99596521680074,1640066400,0
2021-12-21 09:00:00,4532117045436,Zomato,travel,532.34,15.915444927742177,79.73478925144205,16.04468492278246,79.65924244476066,1640077200,0
2021-12-21 12:00:00,4532117045436,Apollo,health_fitness,700.11,15.921409444859151,79.74094964291231,15.724820905126759,80.19321740704503,1640088000,0
2021-12-21 15:00:00,4532117045436,Amazon,food_dining,565.57,15.900110693712675,79.7230465480841,16.24989073699531,79.6539020019616,1640098800,0
2021-12-21 18:00:00,4532117045436,Shell,shopping_net,645.12,15.919725849883775,79.73946992871743,16.552681340480216,80.4040879532668,1640109600,0
2021-12-21 21:00:00,4532117045436,Apollo,food_dining,292.86,15.896453582312954,79.75672713830508,15.709467287919567,79.9889866496327,1640120400,0
2021-12-22 00:00:00,4532117045436,Netflix,grocery_pos,438.91,15.90341753373335,79.7470494106649,15.20703477365454,79.83367829951918,1640131200,0
2021-12-22 03:00:00,4532117045436,Zomato,grocery_pos,602.8,15.915533674285028,79.72299164372912,16.418169221832922,80.05625936842517,1640142000,0
2021-12-22 06:00:00,4532117045436,Amazon,grocery_pos,240.12,15.910140498346077,79.7323682109851,16.430699533460803,79.81903041875233,1640152800,0
2021-12-22 09:00:00,4532117045436,Shell,health_fitness,351.24,15.913174971687722,79.74918181178309,16.695132451431384,80.37744101048594,1640163600,0
2021-12-22 12:00:00,4532117045436,Apollo,travel,591.3,15.932173868433711,79.74636642651198,16.359846217342273,80.21444135696304,1640174400,0
2021-12-22 15:00:00,4532117045436,Apollo,gas_transport,488.76,15.913018143173227,79.73513984739456,16.371385106390907,79.77645695761923,1640185200,0
2021-12-22 18:00:00,4532117045436,Amazon,travel,305.23,15.919997017188777,79.74397069026517,15.554190325199286,78.11065430079705,1640196000,0
2021-12-22 21:00:00,4532117045436,MakeMyTrip,gas_transport,205.38,15.912232340712041,79.72801842695144,16.281414486027842,80.1715567014859,1640206800,0
2021-12-23 00:00:00,4532117045436,Netflix,gas_transport,650.6,15.911936152968323,79.7269299171891,16.986313867419742,79.94830706810578,1640217600,0
2021-12-23 03:00:00,4532117045436,Amazon,travel,141.99,15.903117321732706,79.71506708485042,15.63640392063445,80.95359808007017,1640228400,0
2021-12-23 06:00:00,4532117045436,Apollo,health_fitness,544.86,15.916581222254731,79.74925387007342,15.303908744450526,79.09034046788773,1640239200,0
2021-12-23 09:00:00,4532117045436,Walmart,food_dining,370.04,15.938254794186859,79.73894824529897,15.983181236205313,79.63077372891428,1640250000,0
2021-12-23 12:00:00,4532117045436,Shell,gas_transport,607.06,15.913778629733432,79.74004222119758,16.381619857837297,78.96683815634127,1640260800,0
2021-12-23 15:00:00,4532117045436,Amazon,shopping_net,293.68,15.910229919987856,79.7093015992816,16.021155991591005,79.37604283636387,1640271600,0
2021-12-23 18:00:00,4532117045436,MakeMyTrip,travel,842.22,15.924301405600524,79.7395036626133,16.80478550664661,80.51897820546054,1640282400,0
2021-12-23 21:00:00,4532117045436,Apollo,travel,510.34,15.923128027499615,79.74551055507914,15.482709432512213,78.90769828753585,1640293200,0
2021-12-24 00:00:00,4532117045436,Netflix,grocery_pos,535.06,15.917290573971288,79.7191055321855,15.15511966584526,79.04378765178993,1640304000,0
2021-12-24 03:00:00,4532117045436,Apollo,food_dining,334.04,15.909816311860508,79.74044199918347,16.627400353595768,80.02998374597149,1640314800,0
2021-12-24 06:00:00,4532117045436,Netflix,grocery_pos,429.99,15.924344274596441,79.73933493454697,15.208930146171419,79.83684837545658,1640325600,0
2021-12-24 09:00:00,4532117045436,Amazon,travel,433.88,15.91410930001412,79.73534698161129,16.071460628906916,79.57536676278613,1640336400,0
2021-12-24 12:00:00,4532117045436,Netflix,travel,719.41,15.922037604021579,79.75307622793778,16.613810492869362,78.45699034114715,1640347200,0
2021-12-24 15:00:00,4532117045436,Zomato,gas_transport,510.09,15.904707025601835,79.75067677279948,16.021045452944826,80.37311449444782,1640358000,0
2021-12-24 18:00:00,4532117045436,Zomato,food_dining,531.57,15.907032900918512,79.77317687053984,15.563943416816912,79.6224496152402,1640368800,0
2021-12-24 21:00:00,4532117045436,Zomato,entertainment,6251.71,15.913868800078486,79.72787072524324,29.159377284639465,78.10459530856194,1640379600,1
2021-12-25 00:00:00,4532117045436,MakeMyTrip,shopping_net,544.29,15.900547927344816,79.744286414341,15.998291744244462,79.9007453587821,1640390400,0
2021-12-25 03:00:00,4532117045436,MakeMyTrip,gas_transport,241.58,15.90920098954532,79.75499873158627,15.802463123434801,80.36804477397177,1640401200,0
2021-12-25 06:00:00,4532117045436,Walmart,travel,757.39,15.90010461048688,79.73307804876993,16.73465365270224,79.6068725458079,1640412000,0
2021-12-25 09:00:00,4532117045436,MakeMyTrip,gas_transport,318.38,15.897452472848839,79.75691255854315,15.72482723287672,79.41534695536207,1640422800,0
2021-12-25 12:00:00,4532117045436,Amazon,shopping_net,444.24,15.937259926764664,79.74364903928013,15.613231294063834,79.7577549973957,1640433600,0
2021-12-25 15:00:00,4532117045436,Apollo,travel,679.72,15.90681025238814,79.72253303570555,15.461530101584366,79.93140345322223,1640444400,0
2021-12-25 18:00:00,4532117045436,Apollo,shopping_net,740.19,15.907689670714122,79.72714127381494,16.520920726154152,79.97804272099678,1640455200,0
2021-12-25 21:00:00,4532117045436,Walmart,entertainment,570.89,15.913702190989993,79.7341964545907,16.126723157523806,79.6170165568781,1640466000,0
2021-12-26 00:00:00,4532117045436,MakeMyTrip,gas_transport,374.3,15.90228262467585,79.7391176900044,15.669163238632471,80.3553136868835,1640476800,0
2021-12-26 03:00:00,4532117045436,Netflix,health_fitness,469.16,15.907883319271143,79.75238441032249,15.19340954500472,79.30107944638752,1640487600,0
2021-12-26 06:00:00,4532117045436,Walmart,gas_transport,475.05,15.931244091685015,79.73910330137214,16.617261171642113,79.6536180169406,1640498400,0
2021-12-26 09:00:00,4532117045436,Netflix,grocery_pos,480.36,15.916480995828913,79.75199293514854,15.67651183869232,79.65128622583846,1640509200,0
2021-12-26 12:00:00,4532117045436,Netflix,food_dining,265.49,15.922760817424322,79.74107951648169,15.003306138478626,78.96975741715508,1640520000,0
2021-12-26 15:00:00,4532117045436,Shell,food_dining,639.02,15.92863593033335,79.74012379668254,15.956573113320937,79.92151768684282,1640530800,0
2021-12-26 18:00:00,4532117045436,Apollo,grocery_pos,470.19,15.91500649486364,79.73708056698058,16.429239039478524,79.78670499711559,1640541600,0
2021-12-26 21:00:00,4532117045436,Zomato,travel,341.67,15.910687544934486,79.74982024560899,16.272965926609107,79.64462790470239,1640552400,0
2021-12-27 00:00:00,4532117045436,MakeMyTrip,food_dining,375.24,15.898561455423618,79.74129477723217,15.95349854294984,79.99299593265444,1640563200,0
2021-12-27 03:00:00,4532117045436,Netflix,shopping_net,490.48,15.909071065532254,79.73267445317674,15.692002194122642,79.6425295880004,1640574000,0
2021-12-27 06:00:00,4532117045436,Shell,food_dining,239.56,15.911275022356644,79.74332079605959,15.63258397897895,80.44500187944749,1640584800,0
2021-12-27 09:00:00,4532117045436,Apollo,food_dining,581.77,15.904827219903408,79.73542675289522,16.55088797941715,79.97528961956822,1640595600,0
2021-12-27 12:00:00,4532117045436,Zomato,grocery_pos,485.21,15.928352254093713,79.73487411329006,14.936497090127993,79.9274255527076,1640606400,0
2021-12-27 15:00:00,4532117045436,Netflix,travel,684.85,15.923922945628206,79.75182648528495,15.43831089999307,79.40302905382572,1640617200,0
2021-12-27 18:00:00,4532117045436,Netflix,entertainment,461.64,15.922755421740764,79.73840633714047,15.864984903960254,78.79594249064723,1640628000,0
2021-12-27 21:00:00,4532117045436,Walmart,food_dining,6669.99,15.911737973597413,79.76134595551422,29.537668511698712,77.68702693664343,1640638800,1
2021-12-28 00:00:00,4532117045436,Walmart,health_fitness,270.33,15.902569681493459,79.74735264379855,15.803924032135148,78.795781225936,1640649600,0
2021-12-28 03:00:00,4532117045436,Apollo,food_dining,391.39,15.92618001514217,79.73234221716689,15.299418610515662,79.60604449969844,1640660400,0
2021-12-28 06:00:00,4532117045436,Zomato,entertainment,407.26,15.916253612846745,79.73165571016578,16.15029626211512,80.18033367491145,1640671200,0
2021-12-28 09:00:00,4532117045436,Netflix,grocery_pos,364.91,15.920630823723544,79.72759240182363,15.626303043665875,79.30632833014677,1640682000,0
2021-12-28 12:00:00,4532117045436,Apollo,entertainment,469.27,15.919092473345831,79.74605942871177,15.71303602754458,79.50942430743105,1640692800,0
2021-12-28 15:00:00,4532117045436,Apollo,grocery_pos,361.1,15.916006272543573,79.73143384772688,15.591376648925367,79.04292079596628,1640703600,0
2021-12-28 18:00:00,4532117045436,Amazon,shopping_net,488.13,15.932896158165082,79.71734384233653,16.251011294394136,79.27902589017445,1640714400,0
2021-12-28 21:00:00,4532117045436,MakeMyTrip,grocery_pos,371.9,15.9063260632767,79.72348564196189,15.878444290867927,79.34238217387453,1640725200,0
2021-12-29 00:00:00,4532117045436,Walmart,shopping_net,544.76,15.909810704481588,79.72895860623797,16.385926785065728,79.50882652050936,1640736000,0
2021-12-29 03:00:00,4532117045436,Zomato,shopping_net,403.49,15.929311586017553,79.74336853416114,16.51687908797741,79.80463506341408,1640746800,0
2021-12-29 06:00:00,4532117045436,Netflix,grocery_pos,636.93,15.913720634155075,79.73917376802137,15.769377913870025,79.85568093526892,1640757600,0
2021-12-29 09:00:00,4532117045436,Apollo,health_fitness,547.84,15.911640665665205,79.74942842175332,15.564345845687527,80.46284530575322,1640768400,0
2021-12-29 12:00:00,4532117045436,Netflix,gas_transport,479.04,15.910369928652013,79.73092809376202,15.70342362150186,79.49680199511623,1640779200,0
2021-12-29 15:00:00,4532117045436,Amazon,grocery_pos,418.85,15.919693026129439,79.73675642817402,17.243811857584426,80.01832671801138,1640790000,0
2021-12-29 18:00:00,4532117045436,Zomato,food_dining,222.15,15.91060715173912,79.7574733346054,15.604160581169893,79.42221303366448,1640800800,0
2021-12-29 21:00:00,4532117045436,Apollo,health_fitness,662.03,15.909484466679837,79.73658820902175,15.825532222195294,80.57794673087747,1640811600,0
2021-12-30 00:00:00,4532117045436,Netflix,health_fitness,347.88,15.919528156164,79.74224454503641,16.020131867952593,79.80175963721904,1640822400,0
2021-12-30 03:00:00,4532117045436,Walmart,food_dining,463.61,15.91383257166388,79.73343705481913,16.186184326205957,79.63647969612617,1640833200,0
2021-12-30 06:00:00,4532117045436,MakeMyTrip,gas_transport,501.57,15.902805530097456,79.73774456307608,15.964583803267985,79.34416774700979,1640844000,0
2021-12-30 09:00:00,4532117045436,Amazon,health_fitness,422.47,15.913220164176353,79.74475268122114,16.799870789278376,80.1930327581594,1640854800,0
2021-12-30 12:00:00,4532117045436,Zomato,shopping_net,653.19,15.926845315019628,79.74657093522728,16.03088437026436,79.80487584391574,1640865600,0
2021-12-30 15:00:00,4532117045436,Amazon,gas_transport,266.79,15.920553061459117,79.74118129154083,15.838258030189884,79.84225160953373,1640876400,0
2021-12-30 18:00:00,4532117045436,Walmart,travel,710.09,15.928079796714236,79.73740164462508,16.390839398821768,79.21195075125948,1640887200,0
2021-12-30 21:00:00,4532117045436,Zomato,food_dining,550.73,15.905587000708575,79.74130205881224,15.469584410044684,79.34887265742316,1640898000,0
2021-12-31 00:00:00,4532117045436,Amazon,gas_transport,413.04,15.92360229774747,79.73263871429623,16.1824971489794,78.85916367204919,1640908800,0
2021-12-31 03:00:00,4532117045436,Shell,grocery_pos,414.72,15.90641483134036,79.73784502222539,15.727488391348421,79.48532479813011,1640919600,0
2021-12-31 06:00:00,4532117045436,Walmart,gas_transport,117.48,15.900576070789391,79.74332339402834,16.55571995933508,79.50029408967383,1640930400,0
2021-12-31 09:00:00,4532117045436,Walmart,shopping_net,322.77,15.904869362832615,79.74986991682466,16.59421127987466,79.06773284915367,1640941200,0
2021-12-31 12:00:00,4532117045436,Walmart,grocery_pos,396.91,15.914214102633945,79.73088482971043,15.825856231561202,79.70380717774205,1640952000,0
2021-12-31 15:00:00,4532117045436,Shell,entertainment,476.42,15.923179515498235,79.73822798760074,15.47770571617514,79.56588204497623,1640962800,0
2021-12-31 18:00:00,4532117045436,Shell,food_dining,638.94,15.916004156445867,79.72994918229813,14.981788665050574,79.37703359444984,1640973600,0
2021-12-31 21:00:00,4532117045436,Netflix,food_dining,755.63,15.911367183206332,79.73555557208986,16.025505242628363,79.31131196048385,1640984400,0
2022-01-01 00:00:00,4532117045436,Apollo,gas_transport,490.84,15.902577886000136,79.7500050417713,14.84658542107597,79.82288979918562,1640995200,0
2022-01-01 03:00:00,4532117045436,MakeMyTrip,health_fitness,480.84,15.919953313315663,79.73463473398826,15.870378494044925,79.35091398632815,1641006000,0
2022-01-01 06:00:00,4532117045436,Amazon,grocery_pos,376.45,15.922536226357893,79.73904004733811,15.632419948235784,80.56219884477942,1641016800,0
2022-01-01 09:00:00,4532117045436,Netflix,entertainment,192.73,15.915882836065265,79.72763206460128,16.191930701625452,79.64817451410123,1641027600,0
2022-01-01 12:00:00,4532117045436,Amazon,grocery_pos,359.13,15.902376813760105,79.73438879380183,15.9060794629563,80.19920718492502,1641038400,0
2022-01-01 15:00:00,4532117045436,MakeMyTrip,food_dining,419.17,15.920987091296857,79.72451631696565,15.629727411601499,79.16723118747117,1641049200,0
2022-01-01 18:00:00,4532117045436,Apollo,grocery_pos,596.31,15.925172447425949,79.74278732427199,16.337435011384635,79.6589317785164,1641060000,0
2022-01-01 21:00:00,4532117045436,Shell,entertainment,527.93,15.928230168719779,79.74368093505785,15.367251348321789,79.2634169246658,1641070800,0
2022-01-02 00:00:00,4532117045436,Apollo,health_fitness,483.23,15.908523029942744,79.74336889110918,16.194437985777554,79.9530366346988,1641081600,0
2022-01-02 03:00:00,4532117045436,Shell,gas_transport,362.88,15.917263048558013,79.74401102368802,16.94398796804815,79.70877988918187,1641092400,0
2022-01-02 06:00:00,4532117045436,MakeMyTrip,shopping_net,152.68,15.907554682419775,79.74338713307502,16.395685807559047,80.72929375318341,1641103200,0
2022-01-02 09:00:00,4532117045436,Apollo,grocery_pos,4565.16,15.903676385642216,79.72473710568944,28.907723802512844,77.34208144708906,1641114000,1
2022-01-02 12:00:00,4532117045436,Netflix,shopping_net,200.44,15.928732041782833,79.73212214853308,15.403738179147092,78.85982376368241,1641124800,0
2022-01-02 15:00:00,4532117045436,Zomato,food_dining,406.2,15.918545671946772,79.717562682401,16.380229734113314,79.71016495056507,1641135600,0
2022-01-02 18:00:00,4532117045436,Netflix,gas_transport,599.11,15.925827476316444,79.73536425553233,15.300744759994291,79.83891423613983,1641146400,0
2022-01-02 21:00:00,4532117045436,Amazon,travel,595.06,15.900651749099291,79.73129268357269,15.91590738113988,79.4268361519534,1641157200,0
2022-01-03 00:00:00,4532117045436,Netflix,gas_transport,569.06,15.915784190749092,79.73961311871311,16.275154459197054,79.36296080303245,1641168000,0
2022-01-03 03:00:00,4532117045436,MakeMyTrip,grocery_pos,372.74,15.917982990661498,79.76459462648083,15.408424587799455,79.14123933891481,1641178800,0
2022-01-03 06:00:00,4532117045436,Walmart,health_fitness,621.64,15.904578213771353,79.74782277479196,15.380833368447261,79.98073818111781,1641189600,0
2022-01-03 09:00:00,4532117045436,Amazon,gas_transport,310.34,15.927778384660252,79.75529579451033,15.253964719453743,80.03578445024536,1641200400,0
2022-01-03 12:00:00,4532117045436,Apollo,grocery_pos,578.01,15.910444798824456,79.74821415070546,16.710145453361168,80.95577931954708,1641211200,0
2022-01-03 15:00:00,4532117045436,Amazon,grocery_pos,198.81,15.917436352921175,79.73899924972459,16.762154037044834,79.65657924219826,1641222000,0
2022-01-03 18:00:00,4532117045436,Zomato,shopping_net,273.43,15.907397416173485,79.73990299762934,16.754709090105802,79.81635233142845,1641232800,0
2022-01-03 21:00:00,4532117045436,Shell,gas_transport,697.89,15.90095592482143,79.74864585243918,16.821609645300157,79.61910965182638,1641243600,0
2022-01-04 00:00:00,4532117045436,Apollo,grocery_pos,419.42,15.922030600941843,79.7424835099787,15.596382471419153,81.09346061259758,1641254400,0
2022-01-04 03:00:00,4532117045436,Amazon,shopping_net,347.85,15.916690710474045,79.73712039198475,15.006567591801648,80.04887653024741,1641265200,0
2022-01-04 06:00:00,4532117045436,Apollo,entertainment,615.41,15.915272516871198,79.75426465435473,16.76452380394454,79.74111348622641,1641276000,0
2022-01-04 09:00:00,4532117045436,Apollo,travel,632.61,15.91011831344902,79.74444730265847,16.377488584159657,80.79141437268885,1641286800,0
2022-01-04 12:00:00,4532117045436,Apollo,shopping_net,385.01,15.916418296433196,79.72574829020866,16.337288317334338,79.71024828049451,1641297600,0
2022-01-04 15:00:00,4532117045436,Shell,shopping_net,491.77,15.925562374376225,79.7381963075674,15.392889425669647,81.51104750671506,1641308400,0
2022-01-04 18:00:00,4532117045436,MakeMyTrip,grocery_pos,6645.03,15.90606190460861,79.74050237688526,28.666474156382776,78.84821093261174,1641319200,1
2022-01-04 21:00:00,4532117045436,Netflix,food_dining,25.93,15.91850272659989,79.73595631181782,15.992533511282902,79.72941795005201,1641330000,0
2022-01-05 00:00:00,4532117045436,Apollo,food_dining,240.62,15.91492490251009,79.73614839527636,15.881330876881744,79.99630720477441,1641340800,0
2022-01-05 03:00:00,4532117045436,Walmart,health_fitness,591.34,15.911055854263042,79.73582719270429,15.487768840987648,79.80345257453607,1641351600,0
2022-01-05 06:00:00,4532117045436,MakeMyTrip,food_dining,325.11,15.896444433605014,79.72215294624922,14.962441333973963,80.11702550090754,1641362400,0
2022-01-05 09:00:00,4532117045436,Zomato,shopping_net,3832.6,15.912780074864441,79.72037466517287,28.669344995205815,78.2455161397091,1641373200,1
2022-01-05 12:00:00,4532117045436,Shell,health_fitness,489.46,15.919626885246087,79.73346606738946,14.477167005761343,80.78839434154644,1641384000,0
2022-01-05 15:00:00,4532117045436,Amazon,grocery_pos,632.31,15.91613972419075,79.73599503261974,15.706460700601937,79.41363870302455,1641394800,0
2022-01-05 18:00:00,4532117045436,Shell,gas_transport,245.43,15.89851326002609,79.72660704458384,15.605400841567334,79.86734909251825,1641405600,0
2022-01-05 21:00:00,4532117045436,Amazon,travel,509.13,15.925370551474536,79.72975772274363,15.32903717923041,79.92367127183883,1641416400,0
2022-01-06 00:00:00,4532117045436,Shell,travel,440.19,15.929379201652948,79.73746870629795,16.113332967699126,79.58229138659452,1641427200,0
2022-01-06 03:00:00,4532117045436,Amazon,shopping_net,331.53,15.911805027010185,79.75031058546409,15.74121435796399,79.09543112786389,1641438000,0
2022-01-06 06:00:00,4532117045436,Apollo,shopping_net,330.48,15.936010763408252,79.74965299364713,15.777322521021532,79.86051169408772,1641448800,0
2022-01-06 09:00:00,4532117045436,Netflix,health_fitness,484.12,15.904604498050979,79.74998819207248,16.608395687700217,79.86387707950465,1641459600,0
2022-01-06 12:00:00,4532117045436,Amazon,grocery_pos,544.45,15.900179010172304,79.72989675484621,15.752362778920281,79.57557624079129,1641470400,0
2022-01-06 15:00:00,4532117045436,Amazon,entertainment,459.54,15.902751781976932,79.73777717552139,16.13978206137471,79.5952919210402,1641481200,0
2022-01-06 18:00:00,4532117045436,Walmart,shopping_net,464.21,15.915351387716447,79.75235643080816,15.371339112995301,79.81709306519481,1641492000,0
2022-01-06 21:00:00,4532117045436,Amazon,entertainment,375.23,15.89511651688823,79.72235308564831,16.04061647779034,80.36275072524029,1641502800,0
2022-01-07 00:00:00,4532117045436,Walmart,entertainment,385.17,15.909790871467909,79.73540551289467,15.8616244392563,80.32731314348624,1641513600,0
2022-01-07 03:00:00,4532117045436,Zomato,food_dining,331.13,15.942245503335252,79.74222167340993,15.959176269243391,79.9807893955488,1641524400,0
2022-01-07 06:00:00,4532117045436,Apollo,grocery_pos,372.21,15.897861755910004,79.72294870353068,15.300476338930482,79.52560305431041,1641535200,0
2022-01-07 09:00:00,4532117045436,Walmart,travel,539.2,15.907428904904167,79.74428860490325,15.348030702256732,79.56999148928314,1641546000,0
2022-01-07 12:00:00,4532117045436,Netflix,travel,555.96,15.902539316999261,79.75546993074579,15.739814190050954,79.61813622191146,1641556800,0
2022-01-07 15:00:00,4532117045436,MakeMyTrip,entertainment,258.62,15.91005182865716,79.75224584741589,16.578219600530854,79.51487550988446,1641567600,0
2022-01-07 18:00:00,4532117045436,Apollo,travel,315.53,15.909418428794405,79.73822243673641,15.192769479988783,79.18912148149116,1641578400,0
2022-01-07 21:00:00,4532117045436,Walmart,grocery_pos,343.44,15.90620438770267,79.74814395029479,16.753156882732704,79.35024407876934,1641589200,0
2022-01-08 00:00:00,4532117045436,Apollo,food_dining,440.39,15.911336952396306,79.7228366986953,15.559626152995273,80.04117955151897,1641600000,0
2022-01-08 03:00:00,4532117045436,Apollo,grocery_pos,197.53,15.919232055895515,79.74278352856247,15.954445040159328,79.41899151388252,1641610800,0
2022-01-08 06:00:00,4532117045436,Apollo,shopping_net,318.16,15.926753458398013,79.73695325663145,16.41420110455821,79.75801917789744,1641621600,0
2022-01-08 09:00:00,4532117045436,Zomato,entertainment,242.16,15.910055745138866,79.73850564900573,15.735067998689978,79.74054523336659,1641632400,0
2022-01-08 12:00:00,4532117045436,Netflix,grocery_pos,510.07,15.912957851610088,79.74103830027528,15.79109136302655,79.9694801361757,1641643200,0
2022-01-08 15:00:00,4532117045436,Shell,travel,445.55,15.917532558283797,79.74387631862004,16.636160057711326,79.40986999499998,1641654000,0
2022-01-08 18:00:00,4532117045436,Shell,gas_transport,380.62,15.900542215833696,79.72547910518885,16.461212639777177,78.08588525687044,1641664800,0
2022-01-08 21:00:00,4532117045436,Walmart,grocery_pos,290.51,15.91137348998838,79.73019542742176,16.26321537621775,79.43174778050229,1641675600,0
2022-01-09 00:00:00,4532117045436,Apollo,entertainment,382.94,15.907844695021874,79.73743738693008,15.839916914619423,79.2779601306244,1641686400,0
2022-01-09 03:00:00,4532117045436,Walmart,food_dining,365.3,15.92241932973759,79.72221338879639,15.874695725885262,78.68966805145787,1641697200,0
2022-01-09 06:00:00,4532117045436,Zomato,travel,695.2,15.930418254519859,79.74137249402882,15.376748147184104,79.46334104857227,1641708000,0
2022-01-09 09:00:00,4532117045436,Zomato,food_dining,599.55,15.90512937466837,79.74832718244943,15.770833158077915,79.39770692477332,1641718800,0
2022-01-09 12:00:00,4532117045436,Amazon,entertainment,346.39,15.925699902301208,79.75392142826253,15.946591058231519,79.72628172847875,1641729600,0
2022-01-09 15:00:00,4532117045436,Zomato,travel,7020.41,15.898316275568586,79.74096419630344,28.758385996874996,77.83153718774493,1641740400,1
2022-01-09 18:00:00,4532117045436,Amazon,shopping_net,591.63,15.914906736846426,79.7588638500865,16.060950049162564,80.6772799411517,1641751200,0
2022-01-09 21:00:00,4532117045436,Netflix,travel,346.35,15.915499968095727,79.7396495626558,16.468637226671717,79.78658834572812,1641762000,0
2022-01-10 00:00:00,4532117045436,Walmart,shopping_net,237.43,15.89806085556153,79.72743211711486,15.157216794982887,79.75505675938442,1641772800,0
2022-01-10 03:00:00,4532117045436,MakeMyTrip,food_dining,180.47,15.904615732184082,79.73944046138944,15.596276065973653,80.73894099745704,1641783600,0
2022-01-10 06:00:00,4532117045436,Netflix,food_dining,640.84,15.903642791545307,79.73794327128024,16.485122069773468,79.10548331779083,1641794400,0
2022-01-10 09:00:00,4532117045436,Zomato,entertainment,421.34,15.8997860077049,79.74516157636673,17.14600304133485,79.13848340064933,1641805200,0
2022-01-10 12:00:00,4532117045436,Netflix,shopping_net,493.7,15.886237820896763,79.74270626018425,15.376039330199449,80.04113753915104,1641816000,0
2022-01-10 15:00:00,4532117045436,Netflix,food_dining,363.86,15.910827505517688,79.74199274412517,15.600213818319952,80.39771584303953,1641826800,0
2022-01-10 18:00:00,4532117045436,Netflix,shopping_net,259.82,15.912032261651929,79.74966910159405,15.258582203202383,80.45601740854823,1641837600,0
2022-01-10 21:00:00,4532117045436,Zomato,food_dining,287.8,15.911953745273946,79.73570041728307,14.894628028287709,78.83771876951398,1641848400,0
2022-01-11 00:00:00,4532117045436,MakeMyTrip,travel,248.84,15.920557061044638,79.74538724520387,16.050141202618434,78.85220137216821,1641859200,0
2022-01-11 03:00:00,4532117045436,Apollo,grocery_pos,577.5,15.893521686804405,79.74280866519204,16.2100217633971,79.68144494092667,1641870000,0
2022-01-11 06:00:00,4532117045436,Netflix,gas_transport,673.88,15.90908949882121,79.74113945450645,15.763085563412501,80.09448179180244,1641880800,0
2022-01-11 09:00:00,4532117045436,Amazon,travel,455.59,15.938499779058544,79.73934295187694,15.767622296438747,79.54932933765488,1641891600,0
2022-01-11 12:00:00,4532117045436,Zomato,health_fitness,222.33,15.921767559129629,79.72728719456175,15.857345857421665,79.15143453290025,1641902400,0
2022-01-11 15:00:00,4532117045436,Netflix,grocery_pos,524.49,15.921824636692277,79.737460873644,15.628592402839061,79.10335886850372,1641913200,0
2022-01-11 18:00:00,4532117045436,MakeMyTrip,health_fitness,639.75,15.902734055381172,79.73810206134966,15.891110108116537,80.25807311240311,1641924000,0
2022-01-11 21:00:00,4532117045436,Apollo,food_dining,595.75,15.910940960956804,79.73277275310043,16.606346513994055,80.27327574467664,1641934800,0
2022-01-12 00:00:00,4532117045436,Zomato,gas_transport,445.63,15.889901393404026,79.72642114988506,15.499209778287913,80.05529281006622,1641945600,0
2022-01-12 03:00:00,4532117045436,Shell,gas_transport,414.83,15.918754823073042,79.73443475292102,15.77137881590035,79.71493961630583,1641956400,0
2022-01-12 06:00:00,4532117045436,Apollo,food_dining,444.43,15.926902990686898,79.73526574660283,15.84907779853836,79.30614085830972,1641967200,0
2022-01-12 09:00:00,4532117045436,Amazon,food_dining,633.79,15.898402023910581,79.72659687731078,15.629148288467402,78.78592472448972,1641978000,0
2022-01-12 12:00:00,4532117045436,Netflix,shopping_net,564.05,15.901311156777265,79.72658641815475,15.946862821659723,78.98884794396037,1641988800,0
2022-01-12 15:00:00,4532117045436,MakeMyTrip,food_dining,392.14,15.912579719664958,79.71908058327422,14.662920344698092,78.72093520782076,1641999600,0
2022-01-12 18:00:00,4532117045436,Shell,entertainment,388.36,15.914432940018811,79.7429507317218,16.19935702414586,79.5899057606473,1642010400,0
2022-01-12 21:00:00,4532117045436,MakeMyTrip,food_dining,377.75,15.907482745209528,79.74978036805085,15.426797396386018,79.97285419771514,1642021200,0
2022-01-13 00:00:00,4532117045436,Shell,entertainment,290.31,15.904746304208574,79.74016102245982,15.492576713636039,79.77289730398398,1642032000,0
2022-01-13 03:00:00,4532117045436,Zomato,food_dining,652.78,15.90485342736786,79.73595685356473,15.829152063293813,80.44807840328124,1642042800,0
2022-01-13 06:00:00,4532117045436,Shell,shopping_net,331.83,15.912409688061853,79.72609991135843,15.218051346898461,79.82940983453942,1642053600,0
2022-01-13 09:00:00,4532117045436,Amazon,entertainment,523.54,15.918761371934654,79.71795120932764,16.578503133090543,78.91804194309803,1642064400,0
2022-01-13 12:00:00,4532117045436,Amazon,grocery_pos,350.79,15.912406977556289,79.73967026546347,15.500976534425835,79.67163582614216,1642075200,0
2022-01-13 15:00:00,4532117045436,Walmart,entertainment,378.42,15.91145140207417,79.74615668444144,17.229245739731144,79.6868611998763,1642086000,0
2022-01-13 18:00:00,4532117045436,Amazon,travel,432.92,15.895307457237276,79.73167591526092,16.228000105259788,79.98976276575459,1642096800,0
2022-01-13 21:00:00,4532117045436,Apollo,shopping_net,531.79,15.921570586753717,79.75055409714892,15.628753067509713,80.16375712296973,1642107600,0
2022-01-14 00:00:00,4532117045436,Shell,health_fitness,411.12,15.912386098220031,79.73311111901499,15.759701429143535,79.97605637940416,1642118400,0
2022-01-14 03:00:00,4532117045436,Amazon,entertainment,279.12,15.908533737684134,79.75084998282853,15.987195536173521,79.49665221020167,1642129200,0
2022-01-14 06:00:00,4532117045436,Zomato,travel,452.86,15.915451383404378,79.73219204046254,16.762260227009616,80.43013439609646,1642140000,0
2022-01-14 09:00:00,4532117045436,MakeMyTrip,travel,335.0,15.904461901430452,79.71337067957286,16.388043118446255,80.15834958120723,1642150800,0
2022-01-14 12:00:00,4532117045436,MakeMyTrip,travel,681.58,15.908741407219244,79.74626355706086,16.35052722444367,78.44476251806338,1642161600,0
2022-01-14 15:00:00,4532117045436,Walmart,food_dining,411.01,15.91397587644075,79.73077153420104,15.760114686034793,80.12161610102746,1642172400,0
2022-01-14 18:00:00,4532117045436,MakeMyTrip,travel,349.8,15.906114453063287,79.7245753600925,15.629436790399,79.29729674680375,1642183200,0
2022-01-14 21:00:00,4532117045436,Shell,food_dining,746.22,15.896443246198263,79.74481593015126,16.231602504364176,78.86263756359222,1642194000,0
2022-01-15 00:00:00,4532117045436,Walmart,health_fitness,560.83,15.894815278165918,79.73110629959693,16.579685269962837,79.86591188631947,1642204800,0
2022-01-15 03:00:00,4532117045436,Shell,shopping_net,315.48,15.91735732821104,79.72587100094917,15.84388516487728,80.90171314045553,1642215600,0
2022-01-15 06:00:00,4532117045436,Zomato,gas_transport,331.36,15.912588912132195,79.75311409195653,15.570564777425853,79.713457535965,1642226400,0
2022-01-15 09:00:00,4532117045436,Walmart,food_dining,521.13,15.912235302686287,79.73795251972143,15.396252184669986,79.5954807560144,1642237200,0
2022-01-15 12:00:00,4532117045436,Netflix,travel,456.52,15.90128197274303,79.72564907575797,15.076145993635924,79.78827726767311,1642248000,0
2022-01-15 15:00:00,4532117045436,Apollo,travel,583.53,15.912694506648627,79.73536872046292,15.68949676990869,80.935230228576,1642258800,0
2022-01-15 18:00:00,4532117045436,Apollo,grocery_pos,350.6,15.908895454077902,79.76132563088626,15.785705064172705,79.60599025140023,1642269600,0
2022-01-15 21:00:00,4532117045436,Shell,travel,555.17,15.906899381217286,79.74112360541679,15.902868014974173,80.23169416346381,1642280400,0
2022-01-16 00:00:00,4532117045436,MakeMyTrip,shopping_net,114.26,15.912149492454798,79.73358154518954,16.1837196310475,79.54094701399633,1642291200,0
2022-01-16 03:00:00,4532117045436,Netflix,entertainment,426.83,15.91586430933193,79.74501376595737,15.678516119140967,79.44965069704529,1642302000,0
2022-01-16 06:00:00,4532117045436,Walmart,entertainment,357.42,15.930399029842043,79.7354566115081,16.81054224888037,80.44610531084646,1642312800,0
2022-01-16 09:00:00,4532117045436,Netflix,travel,381.74,15.918552933167183,79.73490592499687,15.343552745739894,79.18875591800204,1642323600,0
2022-01-16 12:00:00,4532117045436,Netflix,grocery_pos,2276.4,15.921475626820019,79.73343631467354,27.56306682505444,77.79569021655385,1642334400,1
2022-01-16 15:00:00,4532117045436,MakeMyTrip,food_dining,620.78,15.923946550703747,79.74853948956533,15.303120949412168,79.56911509858132,1642345200,0
2022-01-16 18:00:00,4532117045436,Walmart,shopping_net,276.89,15.905259773772311,79.74194754407213,15.487672271833778,79.3614109540389,1642356000,0
2022-01-16 21:00:00,4532117045436,Zomato,grocery_pos,121.79,15.909691154290329,79.75422243839131,16.053400399813995,79.53099868591119,1642366800,0
2022-01-17 00:00:00,4532117045436,MakeMyTrip,food_dining,294.29,15.90385089471818,79.74306885318957,16.434737182825746,78.61434535379843,1642377600,0
2022-01-17 03:00:00,4532117045436,Netflix,shopping_net,603.37,15.906081780976647,79.755276003802,15.773128276876253,79.21495369181007,1642388400,0
2022-01-17 06:00:00,4532117045436,Netflix,travel,203.25,15.908617575758722,79.7465008663711,15.955206986783883,79.80700575214983,1642399200,0
2022-01-17 09:00:00,4532117045436,Zomato,entertainment,364.21,15.905843447175805,79.73740051697929,16.544266145514662,79.61619583236126,1642410000,0
2022-01-17 12:00:00,4532117045436,Netflix,shopping_net,4422.99,15.915141024573957,79.73864624388466,28.301048684553326,77.89252253057096,1642420800,1
2022-01-17 15:00:00,4532117045436,Netflix,travel,441.24,15.917228431310399,79.75827872117173,16.297841367813618,80.48082908890264,1642431600,0
2022-01-17 18:00:00,4532117045436,Netflix,health_fitness,619.31,15.89983857334664,79.75303817251505,15.56836707213384,79.24330505530841,1642442400,0
2022-01-17 21:00:00,4532117045436,Apollo,gas_transport,144.77,15.909779181488158,79.75546757835198,16.034447889715494,80.45859110368426,1642453200,0
2022-01-18 00:00:00,4532117045436,MakeMyTrip,shopping_net,2386.21,15.90988868374222,79.72992549791933,29.984701481585013,76.74651296897468,1642464000,1
2022-01-18 03:00:00,4532117045436,Amazon,gas_transport,650.58,15.89817593671024,79.72124831133272,15.325028517715301,79.60830982566459,1642474800,0
2022-01-18 06:00:00,4532117045436,MakeMyTrip,shopping_net,280.97,15.90523854583777,79.73156833344183,15.539619974720447,79.78680536297342,1642485600,0
2022-01-18 09:00:00,4532117045436,Zomato,gas_transport,605.22,15.921634523311543,79.74165482432808,16.245828928642364,79.88683281299457,1642496400,0
2022-01-18 12:00:00,4532117045436,Netflix,health_fitness,414.65,15.9215057750948,79.73354437578482,15.782844712292974,79.26218311862196,1642507200,0
2022-01-18 15:00:00,4532117045436,MakeMyTrip,entertainment,7374.75,15.896608101543743,79.74027408527303,26.91254814539749,77.76896166700995,1642518000,1
2022-01-18 18:00:00,4532117045436,Apollo,food_dining,639.7,15.91762129007162,79.73548789691263,16.010266126400808,79.63980619589559,1642528800,0
2022-01-18 21:00:00,4532117045436,Zomato,gas_transport,514.48,15.898197126229979,79.72235300816176,15.373191149044509,79.95849913290496,1642539600,0
2022-01-19 00:00:00,4532117045436,Shell,health_fitness,361.31,15.90888517605936,79.74428895853957,15.321579648014175,80.07184742355413,1642550400,0
2022-01-19 03:00:00,4532117045436,MakeMyTrip,gas_transport,534.31,15.911926807023077,79.74030867374545,14.718712163681255,80.36274017902473,1642561200,0
2022-01-19 06:00:00,4532117045436,Shell,entertainment,350.73,15.920427753704832,79.75329352424073,16.092794981142195,79.12569803916085,1642572000,0
2022-01-19 09:00:00,4532117045436,Netflix,gas_transport,3670.64,15.91115412010003,79.74159855752438,28.3231403262918,77.4406598353984,1642582800,1
2022-01-19 12:00:00,4532117045436,Apollo,health_fitness,262.22,15.902761375659402,79.74782650046349,16.183195049410866,79.73352137244002,1642593600,0
2022-01-19 15:00:00,4532117045436,Apollo,travel,454.36,15.90106058459373,79.73180729027767,16.52382962524103,79.47360307206854,1642604400,0
2022-01-19 18:00:00,4532117045436,MakeMyTrip,health_fitness,628.39,15.914579886674566,79.74347008172678,15.792244272743204,80.74182887149509,1642615200,0
2022-01-19 21:00:00,4532117045436,Zomato,grocery_pos,405.18,15.90656200531006,79.7480857906439,15.878128097787505,79.9560465614579,1642626000,0
2022-01-20 00:00:00,4532117045436,Zomato,entertainment,614.05,15.908813063838897,79.74556365388975,16.084505852283765,80.45446578138039,1642636800,0
2022-01-20 03:00:00,4532117045436,Apollo,travel,914.01,15.92260464593476,79.73773451733754,15.627861277374096,78.05813696340137,1642647600,0
2022-01-20 06:00:00,4532117045436,Zomato,grocery_pos,445.66,15.917248979311495,79.7435044981125,15.184045488584431,80.26353415637561,1642658400,0
2022-01-20 09:00:00,4532117045436,Apollo,entertainment,542.13,15.928768958435883,79.74622746882477,15.337097689486715,80.00804265481935,1642669200,0
2022-01-20 12:00:00,4532117045436,MakeMyTrip,travel,521.53,15.90271802579323,79.75201388571551,15.89299159646265,80.09090954735117,1642680000,0
2022-01-20 15:00:00,4532117045436,Amazon,gas_transport,483.77,15.90580808527237,79.73438884509861,16.412795642530117,79.59348210092148,1642690800,0
2022-01-20 18:00:00,4532117045436,Apollo,travel,568.18,15.91473687329379,79.72883179868668,16.69656184634924,80.79534223474218,1642701600,0
2022-01-20 21:00:00,4532117045436,Shell,health_fitness,2782.47,15.931087975099166,79.73168688274534,29.040615455461992,78.37277630616126,1642712400,1
2022-01-21 00:00:00,4532117045436,Zomato,grocery_pos,350.62,15.90495134613954,79.74145401514568,15.996823047505302,79.73065039788199,1642723200,0
2022-01-21 03:00:00,4532117045436,Apollo,gas_transport,221.05,15.913284106462049,79.74004391097402,16.84830348945931,79.25082554861079,1642734000,0
2022-01-21 06:00:00,4532117045436,Apollo,health_fitness,7047.05,15.92611230092758,79.74627317429118,27.72230062479799,78.61134065320819,1642744800,1
2022-01-21 09:00:00,4532117045436,MakeMyTrip,entertainment,585.22,15.913399210151411,79.74830776744611,15.981508862011092,79.65270661949754,1642755600,0
2022-01-21 12:00:00,4532117045436,Zomato,travel,309.03,15.923100038546362,79.72114795148809,16.01797952838896,80.27602252246457,1642766400,0
2022-01-21 15:00:00,4532117045436,Amazon,health_fitness,487.0,15.932474894226857,79.73518926843143,16.203880641439493,80.05735162786615,1642777200,0
2022-01-21 18:00:00,4532117045436,MakeMyTrip,gas_transport,431.53,15.915851238363029,79.7421223377958,15.302750422440223,80.32665493842323,1642788000,0
2022-01-21 21:00:00,4532117045436,Amazon,grocery_pos,356.89,15.917484806238015,79.75115178856387,16.29317143151597,79.68611789739784,1642798800,0
2022-01-22 00:00:00,4532117045436,MakeMyTrip,grocery_pos,172.04,15.920329450628802,79.73946619451577,16.13245804480713,79.57032686475748,1642809600,0
2022-01-22 03:00:00,4532117045436,Zomato,travel,654.43,15.903856285021003,79.75365451945125,16.457018540194362,80.18206026226558,1642820400,0
2022-01-22 06:00:00,4532117045436,Walmart,health_fitness,527.58,15.898084332781261,79.74551379695052,16.159960753335376,79.81897465667576,1642831200,0
2022-01-22 09:00:00,4532117045436,Zomato,gas_transport,849.79,15.914484523915963,79.74380776098569,16.423524273514992,78.55984163014473,1642842000,0
2022-01-22 12:00:00,4532117045436,Zomato,shopping_net,611.91,15.906648706221755,79.73889775787286,15.451462167577926,79.51366746851578,1642852800,0
2022-01-22 15:00:00,4532117045436,Amazon,entertainment,651.08,15.923427582199636,79.73975389186027,15.614684907529341,78.64687621056811,1642863600,0
2022-01-22 18:00:00,4532117045436,Amazon,entertainment,187.6,15.916042971603693,79.74330782566096,15.98925348750755,79.33223275459626,1642874400,0
2022-01-22 21:00:00,4532117045436,Zomato,gas_transport,184.97,15.923258114033436,79.73804620196071,15.537294923288396,80.2530297203656,1642885200,0
2022-01-23 00:00:00,4532117045436,Zomato,shopping_net,456.35,15.900883511001522,79.75112561592597,16.34064316250928,79.5717618846138,1642896000,0
2022-01-23 03:00:00,4532117045436,Zomato,grocery_pos,277.78,15.922915364334937,79.74879577797289,15.205131255564714,79.60526108363273,1642906800,0
2022-01-23 06:00:00,4532117045436,Amazon,travel,347.81,15.88991241715244,79.75197994981296,15.833102586495336,79.6429188200208,1642917600,0
2022-01-23 09:00:00,4532117045436,Zomato,food_dining,828.94,15.901703898558058,79.72960102054314,15.6296529168479,79.74550039232768,1642928400,0
2022-01-23 12:00:00,4532117045436,Zomato,food_dining,628.48,15.919222384393418,79.72927258732463,15.541689470886993,79.57261223329242,1642939200,0
2022-01-23 15:00:00,4532117045436,Netflix,travel,309.65,15.907874385828915,79.74487904366853,15.227406338698946,80.64833325059922,1642950000,0
2022-01-23 18:00:00,4532117045436,Walmart,gas_transport,95.08,15.908836982553288,79.7391938369474,15.933800235955612,78.88831831618566,1642960800,0
2022-01-23 21:00:00,4532117045436,Shell,shopping_net,297.01,15.913972342775306,79.74258840708126,15.87134623726673,79.85445713610873,1642971600,0
2022-01-24 00:00:00,4532117045436,Walmart,shopping_net,366.42,15.927119550071305,79.72882579922599,16.865092540165076,80.01809324386637,1642982400,0
2022-01-24 03:00:00,4532117045436,Netflix,entertainment,401.81,15.893682305235046,79.72542032907812,17.15686020361745,79.2925986362984,1642993200,0
2022-01-24 06:00:00,4532117045436,Shell,grocery_pos,258.14,15.92538706362698,79.74232580071293,15.378916360691537,80.06282630278078,1643004000,0
2022-01-24 09:00:00,4532117045436,MakeMyTrip,health_fitness,619.48,15.925974601191415,79.73240115169727,14.961392797982452,79.40606207435171,1643014800,0
2022-01-24 12:00:00,4532117045436,Zomato,shopping_net,343.28,15.907856263780387,79.74714105932345,15.312571086044919,79.97991556298473,1643025600,0
2022-01-24 15:00:00,4532117045436,Netflix,travel,547.29,15.905951151930116,79.73384628657438,15.881970179970786,79.109083985248,1643036400,0
2022-01-24 18:00:00,4532117045436,MakeMyTrip,health_fitness,458.08,15.911720293235033,79.7311252722221,16.47548542493945,79.7837490437324,1643047200,0
2022-01-24 21:00:00,4532117045436,Zomato,food_dining,590.77,15.905738282973989,79.71733347762813,15.672168854028257,80.8548992547709,1643058000,0
2022-01-25 00:00:00,4532117045436,Amazon,health_fitness,414.31,15.91634776570453,79.75247546540314,16.202038901918748,79.28748286648693,1643068800,0
2022-01-25 03:00:00,4532117045436,Apollo,grocery_pos,311.25,15.917650122503519,79.74697550448877,15.513379609627297,79.53227851193422,1643079600,0
2022-01-25 06:00:00,4532117045436,Netflix,travel,360.21,15.897360904754226,79.72504302547665,15.669338777918709,80.56485038608548,1643090400,0
2022-01-25 09:00:00,4532117045436,Amazon,grocery_pos,362.33,15.90369643824529,79.72002543645837,15.996298310537162,80.35822939082404,1643101200,0
2022-01-25 12:00:00,4532117045436,Netflix,health_fitness,759.68,15.901048609709411,79.73402923338276,15.907332678821405,80.61426551368677,1643112000,0
2022-01-25 15:00:00,4532117045436,Netflix,gas_transport,461.48,15.915046874896976,79.74947321039703,15.894870813341218,79.55536305841395,1643122800,0
2022-01-25 18:00:00,4532117045436,Amazon,shopping_net,450.69,15.921623321094033,79.73472915956339,15.37200050196076,79.91345312400162,1643133600,0
2022-01-25 21:00:00,4532117045436,Shell,travel,582.3,15.902165645061674,79.73792883383501,16.525846904238758,79.97058513834045,1643144400,0
2022-01-26 00:00:00,4532117045436,Walmart,gas_transport,6234.68,15.921552761061763,79.74990586245313,26.75372484623821,77.14230724209,1643155200,1
2022-01-26 03:00:00,4532117045436,Zomato,health_fitness,7918.07,15.90365200494409,79.73011731889177,29.820087537706964,76.85265414686874,1643166000,1
2022-01-26 06:00:00,4532117045436,Netflix,shopping_net,394.19,15.920086219599627,79.73317883664062,15.574287824485138,79.1195670399284,1643176800,0
2022-01-26 09:00:00,4532117045436,Zomato,entertainment,378.95,15.910062685704741,79.7421958575734,15.972595107868925,79.48925080496895,1643187600,0
2022-01-26 12:00:00,4532117045436,Apollo,gas_transport,302.96,15.908482992942691,79.73719808032561,15.650462591770568,79.10107892588661,1643198400,0
2022-01-26 15:00:00,4532117045436,Amazon,gas_transport,727.51,15.924324505374768,79.73122807052751,15.425541646702097,79.40154751059202,1643209200,0
2022-01-26 18:00:00,4532117045436,Zomato,health_fitness,439.53,15.930776907310582,79.74707249477329,16.055381540122994,79.23708436285492,1643220000,0
2022-01-26 21:00:00,4532117045436,Amazon,food_dining,273.89,15.893482505584348,79.74517837442984,14.851730788439898,79.99609746246337,1643230800,0
2022-01-27 00:00:00,4532117045436,Zomato,health_fitness,479.52,15.918894356797745,79.74832177390718,16.33632007629538,79.93750183543725,1643241600,0
2022-01-27 03:00:00,4532117045436,Walmart,gas_transport,7223.59,15.914673342421683,79.73846697799229,27.787407927571437,77.72286267047977,1643252400,1
2022-01-27 06:00:00,4532117045436,Walmart,shopping_net,391.56,15.919478825075004,79.72239112668925,15.75639275230216,79.56916842972088,1643263200,0
2022-01-27 09:00:00,4532117045436,Walmart,food_dining,496.61,15.898514857356362,79.74010754658623,14.778338198896092,80.03775879157355,1643274000,0
2022-01-27 12:00:00,4532117045436,Walmart,health_fitness,678.15,15.902056793446366,79.72828202464291,16.81677880506,79.56254067088156,1643284800,0
2022-01-27 15:00:00,4532117045436,Walmart,travel,465.24,15.906185702749355,79.71973075654257,16.242012190671502,79.44230206356976,1643295600,0
2022-01-27 18:00:00,4532117045436,Walmart,health_fitness,343.34,15.915030657687014,79.73725286459677,15.955835883745415,79.07539814897595,1643306400,0
2022-01-27 21:00:00,4532117045436,Amazon,gas_transport,374.26,15.905573462495326,79.74101762747915,15.568834528403439,80.39269730685598,1643317200,0
2022-01-28 00:00:00,4532117045436,Netflix,gas_transport,548.47,15.909669771108064,79.75598277667748,15.380036632346092,78.92948112538403,1643328000,0
2022-01-28 03:00:00,4532117045436,Zomato,entertainment,156.25,15.921205279225497,79.72794395442443,15.812745347071045,79.58224165845758,1643338800,0
2022-01-28 06:00:00,4532117045436,Walmart,health_fitness,293.6,15.933388136190985,79.74677053004584,16.06400548212262,79.2973371311595,1643349600,0
2022-01-28 09:00:00,4532117045436,Amazon,gas_transport,2059.71,15.920492002593532,79.72401082639388,27.63939918486353,78.16454554991783,1643360400,1
2022-01-28 12:00:00,4532117045436,Amazon,travel,194.0,15.92149395204339,79.75270111673986,16.178359880521484,79.51631944031645,1643371200,0
2022-01-28 15:00:00,4532117045436,Amazon,grocery_pos,403.12,15.9110814895548,79.73299354169822,16.840764740344667,79.78188827470093,1643382000,0
2022-01-28 18:00:00,4532117045436,Netflix,food_dining,4136.28,15.903993965977286,79.73665168762824,29.29077398271961,77.18724903552561,1643392800,1
2022-01-28 21:00:00,4532117045436,Zomato,grocery_pos,581.62,15.909640420072716,79.73677980850137,16.03114302948001,79.51319557000244,1643403600,0
2022-01-29 00:00:00,4532117045436,Netflix,food_dining,412.46,15.912320977486122,79.74758958894591,16.78350790359906,79.06639857002871,1643414400,0
2022-01-29 03:00:00,4532117045436,Shell,travel,628.0,15.901298621852307,79.72549526590544,15.757523025940516,79.23586891712722,1643425200,0
2022-01-29 06:00:00,4532117045436,MakeMyTrip,health_fitness,461.83,15.921051206854528,79.73822594815633,15.843379342715604,79.50843966449727,1643436000,0
2022-01-29 09:00:00,4532117045436,Amazon,entertainment,716.47,15.928094505345689,79.73358685624763,16.143530026728296,79.82214533754944,1643446800,0
2022-01-29 12:00:00,4532117045436,Shell,gas_transport,241.88,15.914124219247173,79.76198047850252,16.25094864488137,79.6665187845768,1643457600,0
2022-01-29 15:00:00,4532117045436,Apollo,gas_transport,692.57,15.923740739772501,79.72915021644772,16.43778497488938,80.42181481618427,1643468400,0
2022-01-29 18:00:00,4532117045436,Walmart,gas_transport,388.33,15.924984321430456,79.71417935911903,15.967538917605788,78.98333804266576,1643479200,0
2022-01-29 21:00:00,4532117045436,MakeMyTrip,health_fitness,671.09,15.90255349776656,79.75694595387033,15.51547195605297,79.60920250575785,1643490000,0
2022-01-30 00:00:00,4532117045436,Walmart,food_dining,627.79,15.895521939664999,79.74491339105113,16.193281300439168,78.60351584446254,1643500800,0
2022-01-30 03:00:00,4532117045436,Netflix,travel,22.21,15.907909841648825,79.73212625114417,15.429442920014129,79.65689090863182,1643511600,0
2022-01-30 06:00:00,4532117045436,MakeMyTrip,gas_transport,521.88,15.913858826991282,79.73967789631965,16.07887892806426,79.40456591052991,1643522400,0
2022-01-30 09:00:00,4532117045436,Zomato,grocery_pos,599.64,15.900938682442268,79.73199006042634,15.951525596877936,79.48198189870479,1643533200,0
2022-01-30 12:00:00,4532117045436,Shell,gas_transport,6810.62,15.927122235826785,79.72043002264596,28.21989749690165,77.72875167783941,1643544000,1
2022-01-30 15:00:00,4532117045436,Zomato,health_fitness,273.5,15.932388015652506,79.73835725416112,15.871751284634197,79.9574564938012,1643554800,0
2022-01-30 18:00:00,4532117045436,Netflix,travel,538.55,15.914691969482273,79.73828564738521,16.413852579415817,79.87996996819928,1643565600,0
2022-01-30 21:00:00,4532117045436,Walmart,entertainment,479.26,15.903082026755941,79.74339347011386,16.221920556261182,79.13701911161627,1643576400,0
2022-01-31 00:00:00,4532117045436,MakeMyTrip,travel,514.71,15.917762953485058,79.7302700450623,16.26018403029449,79.62723416795697,1643587200,0
2022-01-31 03:00:00,4532117045436,Zomato,grocery_pos,599.84,15.903050597106482,79.73225272866291,15.681075851384769,78.97962570956963,1643598000,0
2022-01-31 06:00:00,4532117045436,Zomato,gas_transport,623.51,15.92433093549021,79.73623433514399,15.091860619637291,78.88614619324106,1643608800,0
2022-01-31 09:00:00,4532117045436,Walmart,gas_transport,351.64,15.91058568408753,79.7301915295338,15.71433819499332,79.94030870443203,1643619600,0
2022-01-31 12:00:00,4532117045436,MakeMyTrip,shopping_net,489.81,15.92017252856179,79.75136763087905,16.1307775000908,79.17137926650187,1643630400,0
2022-01-31 15:00:00,4532117045436,Shell,food_dining,456.17,15.921918972609896,79.748491226024,15.92909882149377,79.43302832182552,1643641200,0
2022-01-31 18:00:00,4532117045436,Walmart,grocery_pos,414.1,15.918279580138403,79.73484115102264,15.696512782556999,79.84963459912491,1643652000,0
2022-01-31 21:00:00,4532117045436,Zomato,shopping_net,428.43,15.930752807297717,79.74534583628898,16.023615458948036,79.7311883711114,1643662800,0
2022-02-01 00:00:00,4532117045436,Shell,travel,479.4,15.914682731160966,79.72761713065015,15.77930405963614,80.44190766544683,1643673600,0
2022-02-01 03:00:00,4532117045436,Shell,entertainment,359.7,15.907868046830508,79.73538648017413,15.93729963396543,79.11152983230987,1643684400,0
2022-02-01 06:00:00,4532117045436,Walmart,food_dining,582.46,15.891878104488486,79.75463578019514,14.91849725315332,80.34975186724226,1643695200,0
2022-02-01 09:00:00,4532117045436,Zomato,grocery_pos,640.4,15.890060387757359,79.74645874210835,16.29647191231862,80.02923961576485,1643706000,0
2022-02-01 12:00:00,4532117045436,Netflix,gas_transport,326.91,15.919420381052221,79.7428908218618,16.219311848506937,80.11998090143122,1643716800,0
2022-02-01 15:00:00,4532117045436,Zomato,travel,6468.34,15.911061559413293,79.73641452365885,28.331073257708486,76.96716217504279,1643727600,1
2022-02-01 18:00:00,4532117045436,Amazon,grocery_pos,5670.68,15.90474604193105,79.73958062169184,29.355532578119327,75.31790674234777,1643738400,1
2022-02-01 21:00:00,4532117045436,MakeMyTrip,gas_transport,584.67,15.901760948311106,79.72531611901135,15.66130344465439,79.7875621910347,1643749200,0
2022-02-02 00:00:00,4532117045436,Apollo,food_dining,647.47,15.920309543366715,79.73676612672956,16.000031892460633,79.26166062160638,1643760000,0
2022-02-02 03:00:00,4532117045436,Netflix,gas_transport,435.82,15.90306464954054,79.74376031061699,15.895845667215953,79.24565245556694,1643770800,0
2022-02-02 06:00:00,4532117045436,Shell,entertainment,328.43,15.929206609871422,79.73973578615718,16.702833226206693,79.81528035500784,1643781600,0
2022-02-02 09:00:00,4532117045436,Netflix,travel,361.7,15.936409866157346,79.73973585215342,15.708734379682957,80.26607219184572,1643792400,0
2022-02-02 12:00:00,4532117045436,MakeMyTrip,health_fitness,504.28,15.903899631880066,79.73345603267249,15.836038210423766,78.938057931681,1643803200,0
2022-02-02 15:00:00,4532117045436,Shell,gas_transport,4513.88,15.919598251454262,79.73092252413241,27.374001698458976,77.42652508164953,1643814000,1
2022-02-02 18:00:00,4532117045436,MakeMyTrip,entertainment,196.09,15.917300215935091,79.73000774771194,16.67471152096025,79.11918082277185,1643824800,0
2022-02-02 21:00:00,4532117045436,Shell,health_fitness,465.04,15.903023511897178,79.73748119864133,16.15649818663845,79.58673765336329,1643835600,0
2022-02-03 00:00:00,4532117045436,Netflix,travel,436.79,15.903080119233106,79.74734243583285,16.698342936089215,79.59455163592226,1643846400,0
2022-02-03 03:00:00,4532117045436,Shell,food_dining,381.52,15.911674087781456,79.73141466304257,17.37043171743129,79.49790620162483,1643857200,0
2022-02-03 06:00:00,4532117045436,Shell,food_dining,437.88,15.901516105683108,79.74040761161734,15.53149270465482,79.62154736440456,1643868000,0
2022-02-03 09:00:00,4532117045436,Amazon,travel,368.67,15.923812569609812,79.74015479360574,16.45199694804868,79.80714814626643,1643878800,0
2022-02-03 12:00:00,4532117045436,Zomato,travel,636.47,15.910438894861421,79.74930129915944,15.784531155136223,80.37623162134192,1643889600,0
2022-02-03 15:00:00,4532117045436,Zomato,grocery_pos,651.37,15.901693716336613,79.74013381909786,15.569079152890243,79.63898310085821,1643900400,0
2022-02-03 18:00:00,4532117045436,Apollo,entertainment,7459.43,15.912010106411167,79.72512150621768,28.86044410372292,77.08662701520844,1643911200,1
2022-02-03 21:00:00,4532117045436,Apollo,entertainment,428.83,15.917564233007424,79.76124877245479,16.97708322097354,79.2055454616118,1643922000,0
2022-02-04 00:00:00,4532117045436,Amazon,travel,376.04,15.90565552321955,79.74971690726238,16.413917457453632,79.89956290092334,1643932800,0
2022-02-04 03:00:00,4532117045436,Apollo,shopping_net,463.54,15.892969088080472,79.74483190920948,15.800185693147474,80.14869176470401,1643943600,0
2022-02-04 06:00:00,4532117045436,MakeMyTrip,shopping_net,727.17,15.914163677707624,79.73424503195685,16.22386725752275,79.41551842793481,1643954400,0
2022-02-04 09:00:00,4532117045436,Netflix,health_fitness,434.44,15.900730003672052,79.7368107002705,15.008412062404542,80.19827334431444,1643965200,0
2022-02-04 12:00:00,4532117045436,Walmart,health_fitness,324.09,15.904962516669555,79.72577612162125,15.865709574647427,80.82433827881765,1643976000,0
2022-02-04 15:00:00,4532117045436,MakeMyTrip,shopping_net,390.34,15.917591051698992,79.73666266738778,15.53194055080317,80.39971485011877,1643986800,0
2022-02-04 18:00:00,4532117045436,Walmart,travel,563.02,15.907021011043465,79.74175696499626,16.635685259895084,79.37776475298948,1643997600,0
2022-02-04 21:00:00,4532117045436,Walmart,travel,342.34,15.911488882132009,79.7397478990955,16.66929435412501,80.25564601102096,1644008400,0
2022-02-05 00:00:00,4532117045436,Amazon,health_fitness,444.94,15.927430510986373,79.75752556827626,16.35812583068128,80.20249303862086,1644019200,0
2022-02-05 03:00:00,4532117045436,MakeMyTrip,gas_transport,520.93,15.909379626646448,79.74670986735508,16.386581562473285,79.7715739246014,1644030000,0
2022-02-05 06:00:00,4532117045436,Amazon,travel,353.72,15.933113161425702,79.74973602688547,15.587966237582515,80.18863867672945,1644040800,0
2022-02-05 09:00:00,4532117045436,Shell,shopping_net,185.34,15.92029914644735,79.74540165696116,16.27137741329472,80.12036167804662,1644051600,0
2022-02-05 12:00:00,4532117045436,Walmart,entertainment,289.29,15.903586256981903,79.7416263895976,15.223208364439358,80.36367800084318,1644062400,0
2022-02-05 15:00:00,4532117045436,Netflix,travel,321.19,15.908136463855213,79.74454813488882,15.155818136710343,80.0294164037962,1644073200,0
2022-02-05 18:00:00,4532117045436,Apollo,travel,7286.86,15.900273571149595,79.72015874924668,27.839431663864442,78.41724498873485,1644084000,1
2022-02-05 21:00:00,4532117045436,Netflix,gas_transport,456.64,15.919274563999302,79.73739630777855,16.17799803055239,79.22983626060085,1644094800,0
2022-02-06 00:00:00,4532117045436,Apollo,health_fitness,573.56,15.926145145970885,79.726022307473,16.21196759358229,79.73893702783433,1644105600,0
2022-02-06 03:00:00,4532117045436,Walmart,travel,265.91,15.909316061603892,79.72820051929352,15.284389165630024,79.36505584987044,1644116400,0
2022-02-06 06:00:00,4532117045436,Walmart,food_dining,551.74,15.894286052460581,79.75193622785424,15.137113967643536,80.3377297630545,1644127200,0
2022-02-06 09:00:00,4532117045436,Walmart,grocery_pos,394.36,15.91650469769964,79.72923458011425,15.687126449189151,79.06096278691146,1644138000,0
2022-02-06 12:00:00,4532117045436,Amazon,shopping_net,182.17,15.904280171034284,79.72676343267929,15.474694406860719,78.64578256142875,1644148800,0
2022-02-06 15:00:00,4532117045436,MakeMyTrip,food_dining,452.04,15.90579330980888,79.74389579589128,16.218908783273488,79.0320592630213,1644159600,0
2022-02-06 18:00:00,4532117045436,Apollo,health_fitness,647.44,15.916015271660605,79.73931320812805,15.406468828341048,79.62611628522697,1644170400,0
2022-02-06 21:00:00,4532117045436,MakeMyTrip,entertainment,582.47,15.925219841203194,79.74446264451964,16.885051044022024,78.7282208666921,1644181200,0
2022-02-07 00:00:00,4532117045436,Amazon,grocery_pos,438.56,15.920295017281205,79.75755905354109,16.094080103172207,78.79351578354151,1644192000,0
2022-02-07 03:00:00,4532117045436,Amazon,food_dining,618.87,15.917195009882938,79.74572758695616,15.839436738762995,80.07246246145407,1644202800,0
2022-02-07 06:00:00,4532117045436,Zomato,grocery_pos,478.83,15.911327478974135,79.72449390090848,15.339235510722757,79.04348591831078,1644213600,0
2022-02-07 09:00:00,4532117045436,Netflix,shopping_net,597.18,15.899695640383445,79.74932897153245,15.252335747867464,80.24248025130014,1644224400,0
2022-02-07 12:00:00,4532117045436,Netflix,health_fitness,200.76,15.916379421169987,79.73780075950332,15.75244137913437,79.07904125669018,1644235200,0
2022-02-07 15:00:00,4532117045436,Shell,travel,262.55,15.920077299646925,79.7416794522638,15.62347983995896,78.67161890604591,1644246000,0
2022-02-07 18:00:00,4532117045436,Amazon,entertainment,559.36,15.906949176534404,79.7234658943894,15.046985680158574,79.22562087008174,1644256800,0
2022-02-07 21:00:00,4532117045436,Apollo,health_fitness,680.89,15.909236365379709,79.74503251474528,16.5987164907642,79.09593981998555,1644267600,0
2022-02-08 00:00:00,4532117045436,Zomato,grocery_pos,512.59,15.924000519241833,79.72698525256514,15.360290176303723,79.09339537610612,1644278400,0
2022-02-08 03:00:00,4532117045436,Zomato,food_dining,375.4,15.9089752448005,79.74534249344134,16.089206785520823,79.685235850921,1644289200,0
2022-02-08 06:00:00,4532117045436,MakeMyTrip,shopping_net,322.42,15.91019439351257,79.73277135195349,16.134002596813325,79.82511771587235,1644300000,0
2022-02-08 09:00:00,4532117045436,Netflix,shopping_net,402.7,15.912016001880065,79.74722164358657,15.103477842761988,80.43109243283622,1644310800,0
2022-02-08 12:00:00,4532117045436,Amazon,health_fitness,632.05,15.919555575829394,79.72704944874594,15.720542141707842,79.55867878454293,1644321600,0
2022-02-08 15:00:00,4532117045436,Shell,travel,7198.8,15.915833312042382,79.72439231773303,29.65242235410976,77.18672851665092,1644332400,1
2022-02-08 18:00:00,4532117045436,Amazon,food_dining,607.16,15.91509263000448,79.73458611785293,16.116699382390323,79.07539621930316,1644343200,0
2022-02-08 21:00:00,4532117045436,MakeMyTrip,travel,547.89,15.928078693130024,79.74266319701795,15.94415844876802,79.28612020344328,1644354000,0
2022-02-09 00:00:00,4532117045436,Walmart,travel,707.09,15.908804810766224,79.72854842197454,15.874258811136581,80.39010205254208,1644364800,0
2022-02-09 03:00:00,4532117045436,Amazon,food_dining,480.04,15.903394660968793,79.74203830734052,15.502813853149625,80.44232212825736,1644375600,0
2022-02-09 06:00:00,4532117045436,MakeMyTrip,grocery_pos,442.56,15.92312098054746,79.7487440618949,16.503418363597923,80.53372741417657,1644386400,0
2022-02-09 09:00:00,4532117045436,Walmart,health_fitness,614.65,15.915209316001413,79.72676393967566,15.723985410558274,79.67713059130759,1644397200,0
2022-02-09 12:00:00,4532117045436,Walmart,health_fitness,309.71,15.9070075380344,79.74205373996517,15.174226439831642,79.07783648864019,1644408000,0
2022-02-09 15:00:00,4532117045436,Shell,gas_transport,383.4,15.909301345862202,79.74539783966902,15.440754014606236,79.34935423249692,1644418800,0
2022-02-09 18:00:00,4532117045436,Apollo,health_fitness,198.0,15.900160699728696,79.73807121117318,14.909347222986707,79.57609053775543,1644429600,0
2022-02-09 21:00:00,4532117045436,Netflix,shopping_net,261.85,15.915216801827881,79.73917516238714,15.585727094632436,79.45742127332232,1644440400,0
2022-02-10 00:00:00,4532117045436,Amazon,grocery_pos,738.51,15.898285789640278,79.72591104464912,15.45837308083309,79.7966610650098,1644451200,0
2022-02-10 03:00:00,4532117045436,Walmart,food_dining,553.85,15.919720280576309,79.74437455951042,16.26018913218579,80.11564072679529,1644462000,0
2022-02-10 06:00:00,4532117045436,Amazon,health_fitness,5829.01,15.907675992846457,79.74061213072066,27.588757774483383,78.29628441759874,1644472800,1
2022-02-10 09:00:00,4532117045436,Apollo,grocery_pos,629.22,15.89895969198292,79.74150666497695,16.019230275179833,80.69874773675289,1644483600,0
2022-02-10 12:00:00,4532117045436,Netflix,health_fitness,344.45,15.923872487866912,79.76064674650584,16.386460448984582,79.77723522935973,1644494400,0
2022-02-10 15:00:00,4532117045436,Apollo,food_dining,546.14,15.9354639438778,79.73793334423807,15.323698431482722,80.41894223898862,1644505200,0
2022-02-10 18:00:00,4532117045436,Netflix,entertainment,543.9,15.917273205088387,79.74322654053022,16.07206009416811,79.95171224656961,1644516000,0
2022-02-10 21:00:00,4532117045436,Zomato,food_dining,699.75,15.910045791637225,79.75288112143856,15.193898414271992,80.81809765379757,1644526800,0
2022-02-11 00:00:00,4532117045436,Netflix,food_dining,369.34,15.90329931655183,79.7395170604496,15.674477319691414,79.1584305773866,1644537600,0
2022-02-11 03:00:00,4532117045436,Shell,food_dining,338.97,15.915518346121052,79.73283422622063,16.083492609245653,79.48314066473516,1644548400,0
2022-02-11 06:00:00,4532117045436,Apollo,health_fitness,46.64,15.919267327634,79.74398378419387,15.647018276170726,79.48478766506845,1644559200,0
2022-02-11 09:00:00,4532117045436,Walmart,gas_transport,431.73,15.912968931514957,79.7331499268529,16.729526910602804,79.83141380791486,1644570000,0
2022-02-11 12:00:00,4532117045436,Zomato,food_dining,558.8,15.921854379229934,79.7519934022229,15.738882070138363,79.80287348113293,1644580800,0
2022-02-11 15:00:00,4532117045436,Shell,shopping_net,579.3,15.928038896877041,79.74514719249055,16.31329422854086,79.934424783522,1644591600,0
2022-02-11 18:00:00,4532117045436,Amazon,shopping_net,637.86,15.900303117993433,79.73138938664225,15.780635838431788,79.80997938097799,1644602400,0
2022-02-11 21:00:00,4532117045436,Apollo,grocery_pos,493.47,15.91584049301719,79.7275282203976,15.97873350830516,80.01867880162888,1644613200,0
2022-02-12 00:00:00,4532117045436,MakeMyTrip,gas_transport,525.72,15.893866680005768,79.741563486999,15.730384326083234,79.49806465471657,1644624000,0
2022-02-12 03:00:00,4532117045436,MakeMyTrip,grocery_pos,460.22,15.904759511951752,79.74255498343804,16.00147274117141,79.97378781585437,1644634800,0
2022-02-12 06:00:00,4532117045436,Walmart,shopping_net,556.12,15.920098639579502,79.72755250185571,16.776223977354192,81.14750481628114,1644645600,0
2022-02-12 09:00:00,4532117045436,Netflix,travel,309.86,15.91243194924613,79.74785744047959,16.68447887178854,79.7422527194573,1644656400,0
2022-02-12 12:00:00,4532117045436,Walmart,shopping_net,238.73,15.896791015804336,79.74665250563302,15.66931563733783,79.01785722922305,1644667200,0
2022-02-12 15:00:00,4532117045436,MakeMyTrip,entertainment,325.69,15.923399111640105,79.74341562813974,15.798397334501244,79.42644786574434,1644678000,0
2022-02-12 18:00:00,4532117045436,Amazon,food_dining,482.04,15.907467662106184,79.74757807922909,15.938319566484031,79.51023401012392,1644688800,0
2022-02-12 21:00:00,4532117045436,Zomato,travel,254.94,15.921408872287582,79.7301028642208,16.23394352453754,79.29706593868663,1644699600,0
2022-02-13 00:00:00,4532117045436,Zomato,shopping_net,355.01,15.91802681974735,79.7306856470989,16.84014267601792,79.80111013833628,1644710400,0
2022-02-13 03:00:00,4532117045436,Apollo,health_fitness,359.81,15.90456872218926,79.73740270882608,16.55587135935394,80.13950249065194,1644721200,0
2022-02-13 06:00:00,4532117045436,Zomato,health_fitness,567.27,15.921589061178306,79.73365557410568,15.779521330805961,79.08992013449881,1644732000,0
2022-02-13 09:00:00,4532117045436,Apollo,grocery_pos,549.01,15.916086166401994,79.74502160252025,16.114403901190904,78.89283890918415,1644742800,0
2022-02-13 12:00:00,4532117045436,Apollo,travel,460.57,15.914650476832689,79.74805516417511,16.025761568825853,80.9769947209285,1644753600,0
2022-02-13 15:00:00,4532117045436,Apollo,grocery_pos,517.66,15.908218487759644,79.73296512784336,15.610016721096343,79.27115648617188,1644764400,0
2022-02-13 18:00:00,4532117045436,MakeMyTrip,food_dining,520.62,15.901872759605206,79.73132195988721,16.419672157076562,80.44671503192933,1644775200,0
2022-02-13 21:00:00,4532117045436,MakeMyTrip,food_dining,395.46,15.90871319936195,79.7485479791504,14.655891362059418,80.12057053630154,1644786000,0
2022-02-14 00:00:00,4532117045436,Netflix,entertainment,368.63,15.90849551653349,79.73018010420157,16.415964679577524,79.43821637010186,1644796800,0
2022-02-14 03:00:00,4532117045436,Shell,gas_transport,680.5,15.921416189687328,79.73714443118493,16.118834298895532,79.34609909182686,1644807600,0
2022-02-14 06:00:00,4532117045436,Apollo,grocery_pos,76.63,15.896410154419506,79.7299011949362,15.009670584916918,79.43773064900685,1644818400,0
2022-02-14 09:00:00,4532117045436,Apollo,food_dining,338.8,15.92760714889967,79.73408141394987,15.392015771513066,79.51900854691098,1644829200,0
2022-02-14 12:00:00,4532117045436,Shell,grocery_pos,419.43,15.928155954175551,79.72493619584938,14.879958438054516,80.04962705771678,1644840000,0
2022-02-14 15:00:00,4532117045436,Walmart,food_dining,533.99,15.906489961974764,79.75282175159616,16.761288098133285,79.0436497671066,1644850800,0
2022-02-14 18:00:00,4532117045436,Apollo,shopping_net,620.33,15.926915738106716,79.7501230884739,15.417078759903024,80.38092933520856,1644861600,0
2022-02-14 21:00:00,4532117045436,Netflix,grocery_pos,728.51,15.902844181129145,79.73192963142148,16.367998394879205,79.42041525278945,1644872400,0
2022-02-15 00:00:00,4532117045436,Zomato,shopping_net,436.24,15.924171255468403,79.74463059756128,16.385841654477613,79.00836656639842,1644883200,0
2022-02-15 03:00:00,4532117045436,Zomato,grocery_pos,446.29,15.904703409457003,79.72564281965889,15.852564577742708,79.83253067837119,1644894000,0
2022-02-15 06:00:00,4532117045436,Amazon,gas_transport,504.39,15.923234368908874,79.74621758123678,15.580614002723603,80.94175678141346,1644904800,0
2022-02-15 09:00:00,4532117045436,Amazon,entertainment,370.33,15.898526067698892,79.7311597490182,16.169282705340528,79.32017131088422,1644915600,0
2022-02-15 12:00:00,4532117045436,Zomato,health_fitness,272.36,15.923728522785156,79.75217576311357,16.020612929291858,79.80443380760838,1644926400,0
2022-02-15 15:00:00,4532117045436,Zomato,health_fitness,435.56,15.925785805721096,79.7451096145745,16.38101885071494,79.81070450084603,1644937200,0
2022-02-15 18:00:00,4532117045436,MakeMyTrip,health_fitness,561.81,15.89820426976232,79.73634450413333,15.326246985405582,80.68267037579635,1644948000,0
2022-02-15 21:00:00,4532117045436,Netflix,shopping_net,413.56,15.930472594429762,79.7359180332647,16.424116151218158,79.27069309853182,1644958800,0
2022-02-16 00:00:00,4532117045436,Shell,travel,512.02,15.923084965017248,79.7414448567124,16.58674011083976,80.20812490587983,1644969600,0
2022-02-16 03:00:00,4532117045436,Amazon,food_dining,6673.82,15.8929200792177,79.73076078922807,27.75999729669519,77.66933480079803,1644980400,1
2022-02-16 06:00:00,4532117045436,MakeMyTrip,health_fitness,452.76,15.908000397310202,79.75124909442923,15.434907973612308,79.85116063610549,1644991200,0
2022-02-16 09:00:00,4532117045436,MakeMyTrip,gas_transport,389.48,15.923276018056807,79.74305982552157,15.671257294783345,80.10843785386285,1645002000,0
2022-02-16 12:00:00,4532117045436,Shell,health_fitness,258.73,15.920131116118485,79.74964362730361,15.592834909798302,80.24196228123088,1645012800,0
2022-02-16 15:00:00,4532117045436,MakeMyTrip,grocery_pos,548.58,15.914017875698773,79.71550380125744,15.82248208711411,79.05589947074303,1645023600,0
2022-02-16 18:00:00,4532117045436,Netflix,shopping_net,726.85,15.922179646498993,79.74016078918845,15.54383415509672,78.7335345385652,1645034400,0
2022-02-16 21:00:00,4532117045436,Zomato,travel,598.49,15.904159708178168,79.74248064607369,16.14115392215768,79.6412759728333,1645045200,0
2022-02-17 00:00:00,4532117045436,Apollo,grocery_pos,608.06,15.913373629402141,79.7399654041944,16.231245688254788,79.45507758591587,1645056000,0
2022-02-17 03:00:00,4532117045436,Shell,travel,556.87,15.904444188017974,79.7402250217756,15.733399473844374,79.03028817204545,1645066800,0
2022-02-17 06:00:00,4532117045436,Zomato,grocery_pos,546.97,15.914248092601223,79.7367886752501,14.935661647565633,79.08718533169467,1645077600,0
2022-02-17 09:00:00,4532117045436,Zomato,grocery_pos,180.09,15.922910309580256,79.76257368254926,16.134413036554996,79.50095613743993,1645088400,0
2022-02-17 12:00:00,4532117045436,Walmart,entertainment,430.81,15.920715604796317,79.74243257892378,15.175336741357432,80.59459578799655,1645099200,0
2022-02-17 15:00:00,4532117045436,Shell,entertainment,526.3,15.915128897375514,79.74122473600343,16.03769431586007,79.12412893005441,1645110000,0
2022-02-17 18:00:00,4532117045436,MakeMyTrip,food_dining,529.71,15.922796937505959,79.74936571726005,15.948834029845775,80.18574851726041,1645120800,0
2022-02-17 21:00:00,4532117045436,Apollo,shopping_net,640.76,15.923781780137567,79.73440948287568,15.748414940940647,79.0043677749486,1645131600,0
2022-02-18 00:00:00,4532117045436,Shell,gas_transport,295.14,15.930873228714626,79.72712217152306,16.235316282125417,79.36318126052754,1645142400,0
2022-02-18 03:00:00,4532117045436,MakeMyTrip,gas_transport,541.09,15.924574682045476,79.74907179306837,16.09468252205979,78.97389389950182,1645153200,0
2022-02-18 06:00:00,4532117045436,Zomato,gas_transport,290.24,15.919464230180779,79.73666491985645,16.10674099063433,80.82635922584187,1645164000,0
2022-02-18 09:00:00,4532117045436,Apollo,grocery_pos,418.25,15.922240913546439,79.75360723575704,16.323410562478305,80.21821537144092,1645174800,0
2022-02-18 12:00:00,4532117045436,MakeMyTrip,entertainment,440.71,15.915335594142764,79.75298010840085,15.706489329599641,80.09068700584125,1645185600,0
2022-02-18 15:00:00,4532117045436,Netflix,shopping_net,579.39,15.910100505670068,79.71677353811107,15.699508643178358,80.06516747135653,1645196400,0
2022-02-18 18:00:00,4532117045436,MakeMyTrip,grocery_pos,561.74,15.921576088271035,79.74072333936037,16.45151162081151,79.33634085741066,1645207200,0
2022-02-18 21:00:00,4532117045436,Walmart,travel,6084.75,15.920471243357252,79.7507660648098,28.654229047731498,77.58998456062247,1645218000,1
2022-02-19 00:00:00,4532117045436,Zomato,entertainment,127.19,15.91581955272673,79.72244741200336,15.67805254784024,79.21734129209082,1645228800,0
2022-02-19 03:00:00,4532117045436,MakeMyTrip,entertainment,516.73,15.910954058058405,79.7436605959247,14.911030810109082,81.0870768460399,1645239600,0
2022-02-19 06:00:00,4532117045436,Amazon,health_fitness,409.85,15.91039946143953,79.74657897393665,16.10892084034125,79.1776514056716,1645250400,0
2022-02-19 09:00:00,4532117045436,Amazon,health_fitness,658.77,15.908812894722603,79.73945233303351,16.155853915122712,79.30970373905362,1645261200,0
2022-02-19 12:00:00,4532117045436,Walmart,shopping_net,623.02,15.92545707825585,79.73952456561732,15.306704001667828,80.54181820291775,1645272000,0
2022-02-19 15:00:00,4532117045436,Netflix,travel,6044.78,15.924684269584876,79.75198314108175,28.99652412402906,77.63219782677798,1645282800,1
2022-02-19 18:00:00,4532117045436,Zomato,shopping_net,537.33,15.924255018968587,79.72505472173138,15.708985788494868,80.04197586202203,1645293600,0
2022-02-19 21:00:00,4532117045436,Shell,shopping_net,5112.85,15.902381414077551,79.74831109959982,29.05558520316602,76.49944054785045,1645304400,1
2022-02-20 00:00:00,4532117045436,Walmart,grocery_pos,529.38,15.90930709160435,79.74459276161305,17.154688090554355,79.39532217388465,1645315200,0
2022-02-20 03:00:00,4532117045436,Netflix,food_dining,509.94,15.910326087252024,79.75301718032972,16.47175633160677,79.395768419806,1645326000,0
2022-02-20 06:00:00,4532117045436,Shell,shopping_net,544.52,15.906838555298398,79.73051859006186,15.158679101160772,80.17130185126872,1645336800,0
2022-02-20 09:00:00,4532117045436,Amazon,health_fitness,675.22,15.931525950986012,79.75476712757032,15.694793560092329,79.85368544627485,1645347600,0
2022-02-20 12:00:00,4532117045436,Amazon,food_dining,367.29,15.916904644555494,79.72611571246942,15.86563352396143,80.34150538434565,1645358400,0
2022-02-20 15:00:00,4532117045436,Shell,grocery_pos,314.13,15.916186091919037,79.73669599890219,16.16412746775738,80.33519982626225,1645369200,0
2022-02-20 18:00:00,4532117045436,Walmart,food_dining,567.41,15.908240796645885,79.72836815491571,15.506660733724807,80.0284935575761,1645380000,0
2022-02-20 21:00:00,4532117045436,Amazon,gas_transport,167.5,15.921520919871481,79.74724734819367,16.20516529282371,80.26384260100481,1645390800,0
2022-02-21 00:00:00,4532117045436,Zomato,travel,548.1,15.934815367596626,79.73238066866848,15.656377950744105,80.00855020005005,1645401600,0
2022-02-21 03:00:00,4532117045436,Apollo,food_dining,521.54,15.913709510223965,79.75134722510269,16.204367086298294,79.93022849858991,1645412400,0
2022-02-21 06:00:00,4532117045436,MakeMyTrip,shopping_net,98.17,15.910564851984551,79.72311888778157,15.950796849124906,79.5780306214861,1645423200,0
2022-02-21 09:00:00,4532117045436,Shell,grocery_pos,354.55,15.911994148572116,79.73554736976914,16.935616619176596,78.89392652030944,1645434000,0
2022-02-21 12:00:00,4532117045436,Shell,travel,686.4,15.909679480697053,79.7578596798657,16.402310853388833,79.42271631091744,1645444800,0
2022-02-21 15:00:00,4532117045436,Amazon,shopping_net,231.42,15.9128713393556,79.73239288345967,16.569843907957246,80.46360158818179,1645455600,0
2022-02-21 18:00:00,4532117045436,Walmart,travel,481.89,15.90678525988351,79.75059340302205,15.38406995701979,79.88416859454689,1645466400,0
2022-02-21 21:00:00,4532117045436,Zomato,health_fitness,299.26,15.904034511699104,79.74696309348685,15.646852170316274,79.53901977133975,1645477200,0
2022-02-22 00:00:00,4532117045436,Walmart,gas_transport,343.66,15.91268760942423,79.7269254446674,16.07648749220366,80.34085133841283,1645488000,0
2022-02-22 03:00:00,4532117045436,Netflix,health_fitness,737.45,15.913710986039119,79.74211366428085,15.29620248443767,79.51610991833469,1645498800,0
2022-02-22 06:00:00,4532117045436,Netflix,shopping_net,468.52,15.910168854369621,79.75528676869546,16.435591826010402,80.09388322831097,1645509600,0
2022-02-22 09:00:00,4532117045436,Apollo,shopping_net,527.54,15.927469782861964,79.73590006041984,15.978138341304213,80.40486589524969,1645520400,0
2022-02-22 12:00:00,4532117045436,Amazon,shopping_net,433.13,15.917054906503141,79.7331006463654,16.462864423871594,80.04366121843823,1645531200,0
2022-02-22 15:00:00,4532117045436,Amazon,entertainment,222.73,15.920324581478193,79.74328460640217,16.15406112482192,80.27088241045121,1645542000,0
2022-02-22 18:00:00,4532117045436,Amazon,gas_transport,272.26,15.920590223457838,79.73785229227062,15.93533151887618,79.97630842873934,1645552800,0
2022-02-22 21:00:00,4532117045436,Apollo,travel,626.76,15.91394645946081,79.72504034754719,15.851560201311484,78.7876188128155,1645563600,0
2022-02-23 00:00:00,4532117045436,Netflix,shopping_net,472.93,15.915086514650024,79.7377819370926,15.528472927323833,80.39540558624614,1645574400,0
2022-02-23 03:00:00,4532117045436,Walmart,shopping_net,334.46,15.904298323081584,79.73514688779548,15.498718183184335,80.14119022161469,1645585200,0
2022-02-23 06:00:00,4532117045436,Apollo,travel,446.69,15.919459828463793,79.73865956788073,16.357232990524473,79.58783293022142,1645596000,0
2022-02-23 09:00:00,4532117045436,Apollo,health_fitness,549.24,15.909566853052848,79.71596654454095,16.246909612288466,79.44623589051618,1645606800,0
2022-02-23 12:00:00,4532117045436,Walmart,health_fitness,518.17,15.906502486181862,79.743643257549,16.529935161240935,79.80180000985409,1645617600,0
2022-02-23 15:00:00,4532117045436,Amazon,shopping_net,334.53,15.92591965987395,79.7236605956682,15.640062885218414,79.14036028987196,1645628400,0
2022-02-23 18:00:00,4532117045436,Zomato,grocery_pos,213.7,15.89957758946214,79.74746693324089,16.47419439011876,80.21144486691595,1645639200,0
2022-02-23 21:00:00,4532117045436,Walmart,entertainment,388.94,15.930090757756671,79.75072108474096,15.824611984280216,79.66448563337595,1645650000,0
2022-02-24 00:00:00,4532117045436,Netflix,health_fitness,616.36,15.929299306563564,79.72014391541187,16.202867165826035,79.29040856680933,1645660800,0
2022-02-24 03:00:00,4532117045436,Shell,grocery_pos,578.16,15.910677589294878,79.75295017136801,16.558666706898965,80.07224456307569,1645671600,0
2022-02-24 06:00:00,4532117045436,Shell,entertainment,511.56,15.9307519907854,79.73883129081838,16.9484193337875,79.97737548316881,1645682400,0
2022-02-24 09:00:00,4532117045436,MakeMyTrip,shopping_net,424.37,15.904016573662142,79.7507696111922,16.449110328496197,80.14842581128485,1645693200,0
2022-02-24 12:00:00,4532117045436,MakeMyTrip,gas_transport,372.49,15.922840889445103,79.74931148531373,16.014308106839636,79.09775796087912,1645704000,0
2022-02-24 15:00:00,4532117045436,Apollo,food_dining,427.15,15.9130679963581,79.7255471999659,16.193378653242174,80.10839384993251,1645714800,0
2022-02-24 18:00:00,4532117045436,Shell,food_dining,567.27,15.894836061260518,79.73146914202637,16.53740363706219,80.63326991127686,1645725600,0
2022-02-24 21:00:00,4532117045436,Zomato,shopping_net,601.53,15.906589890439154,79.75614212255513,16.267850703285664,79.71857177448305,1645736400,0
2022-02-25 00:00:00,4532117045436,Amazon,health_fitness,410.73,15.911154973099745,79.72759427908849,15.713274807076694,79.68682171264129,1645747200,0
2022-02-25 03:00:00,4532117045436,Netflix,grocery_pos,830.43,15.920690063116993,79.74360924496389,16.22029422440752,79.044847915148,1645758000,0
2022-02-25 06:00:00,4532117045436,MakeMyTrip,gas_transport,463.86,15.908129175894166,79.73244107762446,16.56472111423864,79.78103822364793,1645768800,0
2022-02-25 09:00:00,4532117045436,Zomato,travel,397.96,15.910168547805897,79.73096015830096,16.81911499899775,79.22837894800837,1645779600,0
2022-02-25 12:00:00,4532117045436,Netflix,entertainment,671.35,15.91830983822202,79.7398132076568,15.943968235714024,80.32378696079456,1645790400,0
2022-02-25 15:00:00,4532117045436,Netflix,shopping_net,144.26,15.917780960017039,79.76191366295811,15.354520468197462,80.953207615979,1645801200,0
2022-02-25 18:00:00,4532117045436,Amazon,gas_transport,522.01,15.911982744143362,79.74768090432471,15.023062279271224,80.9658759425805,1645812000,0
2022-02-25 21:00:00,4532117045436,Apollo,gas_transport,7874.89,15.909871545728398,79.72946307176062,28.67527367767945,77.10630593035759,1645822800,1
2022-02-26 00:00:00,4532117045436,Shell,health_fitness,667.23,15.92229306463628,79.74195450013438,15.146184043056287,79.37115578501259,1645833600,0
2022-02-26 03:00:00,4532117045436,Amazon,entertainment,540.74,15.909815333496695,79.72140588672255,16.07292018448873,80.0425802778846,1645844400,0
2022-02-26 06:00:00,4532117045436,Zomato,gas_transport,470.87,15.901006139765347,79.71745283214764,16.45173872995726,79.62501864235934,1645855200,0
2022-02-26 09:00:00,4532117045436,Apollo,health_fitness,549.4,15.908955995506014,79.74169126823085,15.83131062833798,79.74700948153566,1645866000,0
2022-02-26 12:00:00,4532117045436,Zomato,grocery_pos,291.66,15.918368166708397,79.74714946686782,15.164928281095824,80.96717131131444,1645876800,0
2022-02-26 15:00:00,4532117045436,Apollo,health_fitness,595.02,15.911407093882568,79.7556101799561,15.282929320373569,79.19810881508421,1645887600,0
2022-02-26 18:00:00,4532117045436,MakeMyTrip,grocery_pos,248.31,15.90787236077636,79.7437291855614,15.452991795987685,79.87333304486395,1645898400,0
2022-02-26 21:00:00,4532117045436,Zomato,grocery_pos,503.77,15.900351968989124,79.74006392703086,15.850871730831834,79.93036832438527,1645909200,0
2022-02-27 00:00:00,4532117045436,Amazon,travel,455.34,15.91146063338851,79.73661104325087,16.514973690696458,80.26503054229863,1645920000,0
2022-02-27 03:00:00,4532117045436,Apollo,travel,185.54,15.915179128498531,79.74527800116451,15.918778385279051,79.30868570608293,1645930800,0
2022-02-27 06:00:00,4532117045436,Apollo,gas_transport,460.34,15.90282615587628,79.7278406274949,16.98954892463118,80.48170036067764,1645941600,0
2022-02-27 09:00:00,4532117045436,Netflix,health_fitness,492.3,15.911007128663522,79.73321722008778,16.433339625174764,79.87121719030002,1645952400,0
2022-02-27 12:00:00,4532117045436,Netflix,travel,2237.04,15.901961043581872,79.72818211735174,28.839450477778264,77.3774458859721,1645963200,1
2022-02-27 15:00:00,4532117045436,Walmart,grocery_pos,298.14,15.9116122169878,79.73475820175035,15.877121301781202,79.6496809265199,1645974000,0
2022-02-27 18:00:00,4532117045436,Zomato,travel,523.83,15.930154953621777,79.7327523531928,15.664066404614776,80.24126451056965,1645984800,0
2022-02-27 21:00:00,4532117045436,Netflix,entertainment,504.35,15.914617132745068,79.73207507677674,15.987546185647043,80.78130879725846,1645995600,0
2022-02-28 00:00:00,4532117045436,Walmart,gas_transport,484.02,15.897084266347541,79.73360123914,16.184078915696247,79.5643092143242,1646006400,0
2022-02-28 03:00:00,4532117045436,MakeMyTrip,health_fitness,451.33,15.916211302781447,79.74210807388697,16.073506448504016,80.79803244088906,1646017200,0
2022-02-28 06:00:00,4532117045436,MakeMyTrip,health_fitness,365.02,15.92601814183194,79.75268995975142,15.663595602271343,80.36117352524602,1646028000,0
2022-02-28 09:00:00,4532117045436,Netflix,food_dining,790.83,15.899059434887603,79.74288268353742,15.39693884236192,79.48467601318806,1646038800,0
2022-02-28 12:00:00,4532117045436,Zomato,health_fitness,405.25,15.902445067826827,79.73426732885163,16.844182874132247,80.04121818034132,1646049600,0
2022-02-28 15:00:00,4532117045436,Apollo,gas_transport,320.23,15.91548348477604,79.74438007225035,16.23002397927779,80.17603565978757,1646060400,0
2022-02-28 18:00:00,4532117045436,Shell,entertainment,458.16,15.912028845473477,79.74110234770386,16.090651343060493,79.62015400068177,1646071200,0
2022-02-28 21:00:00,4532117045436,Zomato,health_fitness,422.86,15.925011693703668,79.7416926873633,16.166093839693527,79.41781054749467,1646082000,0
2022-03-01 00:00:00,4532117045436,Amazon,food_dining,401.77,15.91109362947225,79.73976857109035,16.463581179513696,79.67320470410209,1646092800,0
2022-03-01 03:00:00,4532117045436,MakeMyTrip,gas_transport,731.14,15.921154474989892,79.75725742152108,15.678966732084003,79.54632557773367,1646103600,0
2022-03-01 06:00:00,4532117045436,Netflix,grocery_pos,280.54,15.92818103262713,79.74098796787479,15.848074732475416,79.87801579299894,1646114400,0
2022-03-01 09:00:00,4532117045436,Netflix,shopping_net,455.62,15.904224106492247,79.73438646492087,15.536649438032109,80.83131546803709,1646125200,0
2022-03-01 12:00:00,4532117045436,Apollo,shopping_net,290.6,15.92037672275278,79.73222798095951,15.909305340822172,79.9693444721094,1646136000,0
2022-03-01 15:00:00,4532117045436,Amazon,grocery_pos,368.85,15.90889138567429,79.74901420780535,15.574928598965286,80.64440768423917,1646146800,0
2022-03-01 18:00:00,4532117045436,Apollo,travel,710.42,15.890747642495745,79.72813533093722,15.40971318783829,80.02421527286448,1646157600,0
2022-03-01 21:00:00,4532117045436,Amazon,health_fitness,492.22,15.917663758378172,79.7535699150239,15.103057590791094,81.18667679236225,1646168400,0
2022-03-02 00:00:00,4532117045436,Shell,shopping_net,490.41,15.918894410354028,79.72083333830138,16.741918317089294,79.33321550646737,1646179200,0
2022-03-02 03:00:00,4532117045436,MakeMyTrip,travel,309.08,15.89740757301571,79.75226283005325,15.745628350382342,78.70715227030955,1646190000,0
2022-03-02 06:00:00,4532117045436,Netflix,shopping_net,386.31,15.90836070784529,79.74797230635343,16.156277644338378,79.87659510684104,1646200800,0
2022-03-02 09:00:00,4532117045436,Netflix,grocery_pos,723.47,15.906669948430016,79.73560435492443,15.961079215648663,79.9396629095355,1646211600,0
2022-03-02 12:00:00,4532117045436,Shell,health_fitness,524.9,15.920999877460973,79.73249799100304,16.161513072432236,80.52810514408368,1646222400,0
2022-03-02 15:00:00,4532117045436,Walmart,health_fitness,399.04,15.897408085664033,79.75232148970196,14.911145369722767,80.69223015603049,1646233200,0
2022-03-02 18:00:00,4532117045436,MakeMyTrip,travel,516.09,15.913967588042754,79.75799483242258,15.677956844809051,78.96044435644333,1646244000,0
2022-03-02 21:00:00,4532117045436,Apollo,grocery_pos,490.15,15.889503066169228,79.73386399748156,16.492670622102455,79.65388758220902,1646254800,0
2022-03-03 00:00:00,4532117045436,Shell,travel,324.08,15.916695097827754,79.74580437191034,16.884433911693797,79.80951020110354,1646265600,0
2022-03-03 03:00:00,4532117045436,Apollo,health_fitness,394.68,15.914151289642005,79.74979496889786,15.730642479276302,79.16318595395357,1646276400,0
2022-03-03 06:00:00,4532117045436,Zomato,health_fitness,788.18,15.907790393920068,79.74602936153565,15.788270715139117,79.67006145300701,1646287200,0
2022-03-03 09:00:00,4532117045436,Netflix,gas_transport,508.8,15.92718297225491,79.74054313158733,16.446107756448573,80.2854297594655,1646298000,0
2022-03-03 12:00:00,4532117045436,Apollo,travel,214.64,15.886668500944259,79.73610170152668,16.13326405497205,80.32118961153174,1646308800,0
2022-03-03 15:00:00,4532117045436,Amazon,gas_transport,526.53,15.912718450734083,79.7427801015228,15.927718786275658,79.92725098059759,1646319600,0
2022-03-03 18:00:00,4532117045436,Apollo,grocery_pos,645.46,15.924875985586162,79.71914287431302,15.880624253327781,80.58801124840072,1646330400,0
2022-03-03 21:00:00,4532117045436,Zomato,entertainment,314.34,15.914188085791274,79.75340744648965,15.627661766158745,79.91424596174213,1646341200,0
2022-03-04 00:00:00,4532117045436,MakeMyTrip,shopping_net,381.47,15.926560661476627,79.7229324318127,15.610174356977854,80.37957860507257,1646352000,0
2022-03-04 03:00:00,4532117045436,Netflix,gas_transport,668.07,15.908394265384148,79.73161511852422,15.9789201733425,79.32080864761367,1646362800,0
2022-03-04 06:00:00,4532117045436,Shell,shopping_net,455.24,15.911228394929502,79.73662678356781,16.071229905975255,79.35386824641108,1646373600,0
2022-03-04 09:00:00,4532117045436,Zomato,food_dining,428.57,15.9252325693172,79.73001321425966,16.09725281880221,80.77857277594532,1646384400,0
2022-03-04 12:00:00,4532117045436,Netflix,grocery_pos,249.59,15.92184553740525,79.72871750988787,15.570166213031664,79.49608056171749,1646395200,0
2022-03-04 15:00:00,4532117045436,Apollo,entertainment,610.58,15.936892533081569,79.75409476301346,16.579198659438955,80.2468212320565,1646406000,0
2022-03-04 18:00:00,4532117045436,MakeMyTrip,food_dining,421.73,15.913928167872543,79.75796359759052,15.102259626471708,79.47650933846825,1646416800,0
2022-03-04 21:00:00,4532117045436,Walmart,food_dining,124.35,15.914902464259393,79.75548516446298,16.177708092386684,79.93509394733891,1646427600,0
2022-03-05 00:00:00,4532117045436,MakeMyTrip,health_fitness,214.1,15.908285999249763,79.7483551765849,15.642933324678731,79.67210646011571,1646438400,0
2022-03-05 03:00:00,4532117045436,Walmart,food_dining,365.76,15.91085946212877,79.76464552720222,15.479954446352552,80.09806690648045,1646449200,0
2022-03-05 06:00:00,4532117045436,Amazon,grocery_pos,289.07,15.923680655633927,79.7373369806071,15.750486169931513,80.0954180408008,1646460000,0
2022-03-05 09:00:00,4532117045436,MakeMyTrip,gas_transport,312.61,15.912897346284227,79.73637723590912,15.117095020533892,79.40923170326958,1646470800,0
2022-03-05 12:00:00,4532117045436,Netflix,grocery_pos,801.7,15.904827085063861,79.74011265413594,16.09003725889813,80.11494667712795,1646481600,0
2022-03-05 15:00:00,4532117045436,Walmart,gas_transport,556.13,15.909139481846022,79.75429040604614,16.720142152242378,79.16875273756919,1646492400,0
2022-03-05 18:00:00,4532117045436,Shell,food_dining,63.4,15.911996714147513,79.74586025786707,15.590761045705843,80.6028860491915,1646503200,0
2022-03-05 21:00:00,4532117045436,Netflix,food_dining,402.85,15.90547488731372,79.75727472808138,17.088332359048174,79.9196195434873,1646514000,0
2022-03-06 00:00:00,4532117045436,Shell,entertainment,436.58,15.908320408568438,79.74065319549358,15.482469372243624,78.22609989696568,1646524800,0
2022-03-06 03:00:00,4532117045436,MakeMyTrip,gas_transport,228.46,15.90290205704969,79.72501431869543,15.701281832037322,79.08575307078804,1646535600,0
2022-03-06 06:00:00,4532117045436,Shell,food_dining,530.16,15.908673951984095,79.73326753822485,16.592805557768003,80.08219560354964,1646546400,0
2022-03-06 09:00:00,4532117045436,Walmart,health_fitness,143.79,15.924562091509749,79.75024731411797,15.31433716148435,80.22031555154801,1646557200,0
2022-03-06 12:00:00,4532117045436,Netflix,shopping_net,614.54,15.913383893952323,79.7350537950777,15.799590246668089,79.54463961378222,1646568000,0
2022-03-06 15:00:00,4532117045436,Apollo,entertainment,666.23,15.937513193936411,79.74095361538899,16.772425929760242,79.81851361675041,1646578800,0
2022-03-06 18:00:00,4532117045436,Zomato,grocery_pos,802.89,15.905261346070093,79.74246763673855,15.323438643092496,80.10281940577548,1646589600,0
2022-03-06 21:00:00,4532117045436,Walmart,entertainment,213.85,15.917754944953389,79.75808183690395,16.20817606466571,80.3955657761334,1646600400,0
2022-03-07 00:00:00,4532117045436,Walmart,shopping_net,244.37,15.915122058235815,79.74879451955726,16.168193061751634,80.19392678440393,1646611200,0
2022-03-07 03:00:00,4532117045436,Apollo,gas_transport,553.9,15.91940439512234,79.74683300076555,14.951531717234532,79.45980523862809,1646622000,0
2022-03-07 06:00:00,4532117045436,Netflix,grocery_pos,627.4,15.906839308080093,79.74157975418565,15.605116535377997,80.42214247383015,1646632800,0
2022-03-07 09:00:00,4532117045436,Netflix,grocery_pos,571.34,15.909215348290658,79.73169064311674,17.10364555066682,78.65333684631089,1646643600,0
2022-03-07 12:00:00,4532117045436,MakeMyTrip,gas_transport,611.96,15.916972557815475,79.74242594315142,16.024797685274894,79.60009373905073,1646654400,0
2022-03-07 15:00:00,4532117045436,Shell,travel,656.52,15.907853307435957,79.76175734527155,16.104817408917043,80.05002169952714,1646665200,0
2022-03-07 18:00:00,4532117045436,MakeMyTrip,travel,480.34,15.895165306003236,79.7451323247565,16.031867990861016,79.136970705676,1646676000,0
2022-03-07 21:00:00,4532117045436,Apollo,entertainment,418.12,15.926004515550435,79.73448581500702,16.93430050920325,79.76748365087411,1646686800,0
2022-03-08 00:00:00,4532117045436,MakeMyTrip,food_dining,3772.4,15.921780950643234,79.7358139547,29.100155074385075,76.38202466613636,1646697600,1
2022-03-08 03:00:00,4532117045436,Apollo,travel,405.28,15.908728626990303,79.75418633564252,15.573670223984726,79.35211091334828,1646708400,0
2022-03-08 06:00:00,4532117045436,Netflix,entertainment,428.27,15.915083171930704,79.73467504742446,15.857522300473889,79.83522403606905,1646719200,0
2022-03-08 09:00:00,4532117045436,Shell,travel,6378.19,15.922968305429132,79.73799198354945,28.771658892078833,77.53934378981134,1646730000,1
2022-03-08 12:00:00,4532117045436,MakeMyTrip,shopping_net,444.27,15.926342212327999,79.72858036405513,15.989754207694299,80.24281472753644,1646740800,0
2022-03-08 15:00:00,4532117045436,Walmart,health_fitness,290.64,15.913942593090155,79.73722059590845,16.003895162809123,80.00666932234691,1646751600,0
2022-03-08 18:00:00,4532117045436,Amazon,food_dining,617.0,15.907046406055226,79.74473004550488,15.636806721873565,80.10937028071699,1646762400,0
2022-03-08 21:00:00,4532117045436,Zomato,entertainment,513.87,15.92754268455555,79.73703483744892,16.216455524251693,79.70531393566388,1646773200,0
2022-03-09 00:00:00,4532117045436,Walmart,health_fitness,381.06,15.913847192541137,79.74024635552209,14.966761658351954,78.90702150993191,1646784000,0
2022-03-09 03:00:00,4532117045436,Netflix,health_fitness,478.33,15.911428019934924,79.72847065899587,15.639121380066799,79.67363578944948,1646794800,0
2022-03-09 06:00:00,4532117045436,Zomato,travel,284.24,15.91553213230362,79.73442952447508,15.502309175365584,80.60307410905848,1646805600,0
2022-03-09 09:00:00,4532117045436,Amazon,gas_transport,299.45,15.924447267197353,79.76132178524094,15.362281976988463,80.24818640436663,1646816400,0
2022-03-09 12:00:00,4532117045436,Amazon,shopping_net,354.92,15.912512012855585,79.73866032904233,15.022566459137694,80.61265176171048,1646827200,0
2022-03-09 15:00:00,4532117045436,Shell,shopping_net,421.21,15.922759992669363,79.74362925458722,16.029158068764662,79.76766032720447,1646838000,0
2022-03-09 18:00:00,4532117045436,Zomato,shopping_net,471.18,15.910814578454994,79.73197916700879,16.127697079992167,79.39404705470538,1646848800,0
2022-03-09 21:00:00,4532117045436,Shell,food_dining,471.77,15.918990553462441,79.74051723384767,16.13126234109118,80.03331008275727,1646859600,0
2022-03-10 00:00:00,4532117045436,Walmart,grocery_pos,252.18,15.903419116136222,79.73729362931736,16.38355081712823,79.64394683641399,1646870400,0
2022-03-10 03:00:00,4532117045436,Apollo,food_dining,437.89,15.923596094124566,79.75100285829082,16.470640722510513,79.46102221318756,1646881200,0
2022-03-10 06:00:00,4532117045436,Apollo,entertainment,327.29,15.90613958395897,79.7505279646622,14.893253224055194,78.87261949581958,1646892000,0
2022-03-10 09:00:00,4532117045436,Apollo,health_fitness,10.0,15.917492870976874,79.7515843382057,16.228365639706098,79.90713041643826,1646902800,0
2022-03-10 12:00:00,4532117045436,Zomato,health_fitness,911.34,15.898034317737402,79.74080295051368,16.00414638196542,80.20851222939909,1646913600,0
2022-03-10 15:00:00,4532117045436,Apollo,grocery_pos,330.2,15.913148143313165,79.7603984857474,15.998579092410623,79.15759311437544,1646924400,0
2022-03-10 18:00:00,4532117045436,Walmart,entertainment,338.53,15.914781231918615,79.74803785400997,15.850968365982851,80.4846052710911,1646935200,0
2022-03-10 21:00:00,4532117045436,Shell,grocery_pos,248.03,15.906086741790578,79.72570464213548,15.637703181926737,79.86482957508917,1646946000,0
2022-03-11 00:00:00,4532117045436,Zomato,health_fitness,291.38,15.911802253608998,79.75542479158764,16.176840936745624,79.79516896831224,1646956800,0
2022-03-11 03:00:00,4532117045436,Shell,travel,421.7,15.915521008365179,79.73994247673137,15.422706770233551,79.13030381113698,1646967600,0
2022-03-11 06:00:00,4532117045436,Zomato,food_dining,652.77,15.91853268652545,79.75138464257732,16.46432784061268,80.00375113197586,1646978400,0
2022-03-11 09:00:00,4532117045436,Shell,shopping_net,420.85,15.913901431085652,79.72947191886747,15.664068803601662,79.1636389753361,1646989200,0
2022-03-11 12:00:00,4532117045436,Amazon,health_fitness,401.47,15.926224438280784,79.73928783795176,14.892252692777978,79.2625334055576,1647000000,0
2022-03-11 15:00:00,4532117045436,Shell,gas_transport,630.04,15.9244826229558,79.74749955466154,15.96920419711864,78.90379581998452,1647010800,0
2022-03-11 18:00:00,4532117045436,Apollo,shopping_net,371.34,15.912593788686033,79.74243969847136,15.324196709644834,81.09020166019364,1647021600,0
2022-03-11 21:00:00,4532117045436,Amazon,health_fitness,453.17,15.899596691470533,79.73850589695068,15.313799834449298,79.71590338638441,1647032400,0
2022-03-12 00:00:00,4532117045436,Shell,food_dining,311.76,15.908029237851412,79.71541644010763,16.25479854384314,79.43515964158892,1647043200,0
2022-03-12 03:00:00,4532117045436,Zomato,grocery_pos,702.77,15.890608741039424,79.73260150420431,16.38024971075779,79.71907654809466,1647054000,0
2022-03-12 06:00:00,4532117045436,Zomato,travel,607.28,15.911068701387206,79.73022796559748,15.858389854171469,79.48898468198259,1647064800,0
2022-03-12 09:00:00,4532117045436,Zomato,travel,427.05,15.92691753442304,79.72138608676806,14.906491208547184,79.65041444175871,1647075600,0
2022-03-12 12:00:00,4532117045436,Netflix,shopping_net,390.08,15.920810087097733,79.73290580110529,16.17860959211592,79.92592330390072,1647086400,0
2022-03-12 15:00:00,4532117045436,Walmart,food_dining,445.22,15.91373510549901,79.75858715190526,15.753126014625831,79.53685574904448,1647097200,0
2022-03-12 18:00:00,4532117045436,Zomato,travel,429.24,15.905625356943261,79.7515761868105,16.60203110254594,79.80200226283384,1647108000,0
2022-03-12 21:00:00,4532117045436,Amazon,travel,217.98,15.914123042900886,79.73164818338664,16.896466090070774,80.9064772376754,1647118800,0
2022-03-13 00:00:00,4532117045436,Zomato,entertainment,612.4,15.934212274760988,79.7341167896504,15.16076467102544,78.82329592132474,1647129600,0
2022-03-13 03:00:00,4532117045436,Netflix,gas_transport,415.93,15.927776986038547,79.73413727174416,17.14919195669379,79.1708120084796,1647140400,0
2022-03-13 06:00:00,4532117045436,Apollo,shopping_net,734.75,15.911397047393988,79.74756052020751,15.13377298138546,79.98676816493871,1647151200,0
2022-03-13 09:00:00,4532117045436,Amazon,grocery_pos,513.27,15.898080529869274,79.74404998199182,15.643717954778994,80.42421711543416,1647162000,0
2022-03-13 12:00:00,4532117045436,Netflix,travel,7691.97,15.934980962955288,79.73287881464567,29.61824616057185,76.05861141588277,1647172800,1
2022-03-13 15:00:00,4532117045436,Apollo,entertainment,257.76,15.90561160041246,79.73403355587105,15.552074952997827,79.94725565948185,1647183600,0
2022-03-13 18:00:00,4532117045436,MakeMyTrip,food_dining,128.09,15.918200753375995,79.7508128679266,15.506233390082262,79.13047838104819,1647194400,0
2022-03-13 21:00:00,4532117045436,MakeMyTrip,travel,255.89,15.897312831343072,79.75524384569536,15.059676221791944,80.49266837826256,1647205200,0
2022-03-14 00:00:00,4532117045436,Amazon,gas_transport,204.96,15.90966915269806,79.73103386731003,15.24507308850718,79.80230094831649,1647216000,0
2022-03-14 03:00:00,4532117045436,Shell,grocery_pos,487.89,15.897272166033472,79.73882975402343,15.505730039494074,79.78297734955457,1647226800,0
2022-03-14 06:00:00,4532117045436,Walmart,food_dining,402.59,15.901281145640045,79.7412841378268,16.300100470076025,78.76853197247839,1647237600,0
2022-03-14 09:00:00,4532117045436,Walmart,food_dining,561.08,15.90365284500493,79.7381098998051,16.75215744783845,80.32426649185962,1647248400,0
2022-03-14 12:00:00,4532117045436,Netflix,shopping_net,444.29,15.917670045270151,79.75130263351878,15.533607643413832,79.27938963375992,1647259200,0
2022-03-14 15:00:00,4532117045436,Apollo,travel,413.95,15.911939098240026,79.73847713378211,15.712513768524001,80.02345070894256,1647270000,0
2022-03-14 18:00:00,4532117045436,Walmart,shopping_net,5442.88,15.940022591070491,79.75908134243682,29.318114701913906,77.83087007249101,1647280800,1
2022-03-14 21:00:00,4532117045436,Apollo,grocery_pos,483.42,15.924237973252621,79.75200977530845,15.14878837780728,79.83975011979594,1647291600,0
2022-03-15 00:00:00,4532117045436,Apollo,travel,437.92,15.924454910448775,79.73313626840793,15.150136569408287,79.76593855415939,1647302400,0
2022-03-15 03:00:00,4532117045436,Netflix,health_fitness,321.98,15.917936675387823,79.74066832441535,15.275146799706588,79.36297091993599,1647313200,0
2022-03-15 06:00:00,4532117045436,Netflix,travel,273.61,15.91566051982197,79.73023433297223,15.887856831283406,79.31948839005882,1647324000,0
2022-03-15 09:00:00,4532117045436,Netflix,health_fitness,565.58,15.924790573220628,79.73608500956215,15.598682736420187,80.21386567877178,1647334800,0
2022-03-15 12:00:00,4532117045436,Walmart,food_dining,556.6,15.88908778735064,79.74870684789492,15.72427688026199,79.73209704955131,1647345600,0
2022-03-15 15:00:00,4532117045436,MakeMyTrip,shopping_net,685.74,15.90667789016712,79.74245741668001,16.11130404365462,79.41257327974617,1647356400,0
2022-03-15 18:00:00,4532117045436,Netflix,gas_transport,521.84,15.899295056976515,79.76112524033485,15.866643151282181,79.4838092601261,1647367200,0
2022-03-15 21:00:00,4532117045436,Walmart,travel,391.03,15.894057108137016,79.7277805327287,15.330612642449047,80.08399725158777,1647378000,0
2022-03-16 00:00:00,4532117045436,Netflix,gas_transport,526.65,15.905213052645317,79.73967034353781,16.39153857069135,79.40095299727368,1647388800,0
2022-03-16 03:00:00,4532117045436,Zomato,travel,437.95,15.901422123922305,79.73494231613482,14.902231890216532,80.53794155264706,1647399600,0
2022-03-16 06:00:00,4532117045436,Apollo,food_dining,579.81,15.924841960897437,79.73683883833522,15.5259319862952,79.66219735445888,1647410400,0
2022-03-16 09:00:00,4532117045436,Netflix,shopping_net,7830.35,15.91381632028687,79.74041904834715,30.7430239025105,77.69429246715146,1647421200,1
2022-03-16 12:00:00,4532117045436,Amazon,grocery_pos,424.72,15.892800358901741,79.7332306330516,16.08315037200854,80.04893324941939,1647432000,0
2022-03-16 15:00:00,4532117045436,Apollo,grocery_pos,713.6,15.916040415293086,79.74957907445554,15.013784808139091,79.5979273344102,1647442800,0
2022-03-16 18:00:00,4532117045436,Apollo,grocery_pos,628.25,15.902778065810349,79.75751412198223,15.121242014234944,79.93085840570589,1647453600,0
2022-03-16 21:00:00,4532117045436,Netflix,travel,452.65,15.913522952312428,79.71664494803365,15.742935519090688,79.71217933430636,1647464400,0
2022-03-17 00:00:00,4532117045436,MakeMyTrip,travel,550.61,15.916837216834988,79.75392903518203,15.669591019210301,78.87202916209115,1647475200,0
2022-03-17 03:00:00,4532117045436,Shell,gas_transport,495.82,15.905395176112203,79.7651679184671,16.267435598925175,79.20635869010896,1647486000,0
2022-03-17 06:00:00,4532117045436,MakeMyTrip,shopping_net,453.3,15.915073598371384,79.74189719196205,16.47827448777188,79.88641325474335,1647496800,0
2022-03-17 09:00:00,4532117045436,Netflix,travel,736.97,15.916920734267475,79.73389375038462,15.655092344202265,79.51448869862888,1647507600,0
2022-03-17 12:00:00,4532117045436,Apollo,shopping_net,527.64,15.911257290042432,79.73427821148991,15.860227727055232,80.76938039317959,1647518400,0
2022-03-17 15:00:00,4532117045436,Amazon,gas_transport,323.85,15.905703754054686,79.73692207154652,15.39661672218002,79.34658966196294,1647529200,0
2022-03-17 18:00:00,4532117045436,Apollo,travel,295.8,15.912931424179998,79.7443040845843,15.833983305939716,79.08539453279373,1647540000,0
2022-03-17 21:00:00,4532117045436,MakeMyTrip,grocery_pos,301.94,15.911505139323049,79.73572577721973,15.400383462925621,79.75982498781761,1647550800,0
2022-03-18 00:00:00,4532117045436,Amazon,grocery_pos,523.43,15.916065207780333,79.73920141084258,15.92508954870849,79.86547442466428,1647561600,0
2022-03-18 03:00:00,4532117045436,Walmart,food_dining,398.77,15.91026226975099,79.73044098256582,15.599660555816333,80.18176915376144,1647572400,0
2022-03-18 06:00:00,4532117045436,Zomato,health_fitness,499.99,15.90097980216823,79.73543206455282,16.225718679330967,78.48750594602498,1647583200,0
2022-03-18 09:00:00,4532117045436,Apollo,entertainment,590.46,15.911209909699389,79.73587783658208,16.437603735307697,80.49374293840658,1647594000,0
2022-03-18 12:00:00,4532117045436,Netflix,health_fitness,754.31,15.916166776633734,79.7396431203781,16.559869601554226,79.085589981851,1647604800,0
2022-03-18 15:00:00,4532117045436,Walmart,travel,402.23,15.914751355208143,79.7254476204611,15.93094384265335,80.2846111166948,1647615600,0
2022-03-18 18:00:00,4532117045436,Zomato,shopping_net,238.72,15.911790737448522,79.73670144197627,16.216465002438593,80.71875265796717,1647626400,0
2022-03-18 21:00:00,4532117045436,Netflix,travel,718.86,15.908033870102965,79.73785521750855,15.663096577784259,80.11336017371505,1647637200,0
2022-03-19 00:00:00,4532117045436,Shell,shopping_net,231.43,15.907516574728227,79.74184776612186,15.492479003633829,79.16662120312526,1647648000,0
2022-03-19 03:00:00,4532117045436,Netflix,shopping_net,225.54,15.908554575945825,79.75398540159154,15.229175273624502,79.64350019560392,1647658800,0
2022-03-19 06:00:00,4532117045436,Amazon,health_fitness,714.97,15.923661601959124,79.73898651877063,16.092190582292446,80.11779594629425,1647669600,0
2022-03-19 09:00:00,4532117045436,Amazon,entertainment,609.93,15.903421493753374,79.72782742248111,14.887627700067668,79.75661260142874,1647680400,0
2022-03-19 12:00:00,4532117045436,Shell,food_dining,522.73,15.913809895967042,79.7413207313252,16.349376606471292,79.21540086579381,1647691200,0
2022-03-19 15:00:00,4532117045436,Walmart,health_fitness,442.51,15.900320021228485,79.73291212067383,15.733498577118016,79.78991964853394,1647702000,0
2022-03-19 18:00:00,4532117045436,Zomato,entertainment,414.12,15.920547322861692,79.73265324874549,15.76655985810033,79.481646198763,1647712800,0
2022-03-19 21:00:00,4532117045436,Netflix,grocery_pos,352.38,15.90753867286988,79.73704079396718,16.249896778830166,80.04097829574191,1647723600,0
2022-03-20 00:00:00,4532117045436,Amazon,grocery_pos,407.54,15.904643870425183,79.73480543456408,14.996004629229567,79.20913586851789,1647734400,0
2022-03-20 03:00:00,4532117045436,Walmart,shopping_net,442.89,15.915054485389083,79.72934956882216,15.80189807050432,78.77292570285239,1647745200,0
2022-03-20 06:00:00,4532117045436,Shell,gas_transport,243.83,15.888292518020634,79.73514799357918,16.702115769920702,79.23170969588313,1647756000,0
2022-03-20 09:00:00,4532117045436,MakeMyTrip,travel,326.97,15.899905229543146,79.74455698664599,15.770959732787347,78.88724437633869,1647766800,0
2022-03-20 12:00:00,4532117045436,Apollo,travel,133.21,15.916509090872603,79.74040535478164,15.25133544325628,79.42584391313187,1647777600,0
2022-03-20 15:00:00,4532117045436,MakeMyTrip,shopping_net,461.69,15.92304606096175,79.73007312817094,15.739624889089695,80.0755505547968,1647788400,0
2022-03-20 18:00:00,4532117045436,MakeMyTrip,gas_transport,461.72,15.917409373157003,79.73139568340662,16.567354903223496,79.54303044283525,1647799200,0
2022-03-20 21:00:00,4532117045436,Amazon,entertainment,716.78,15.914294329636297,79.74123254804091,15.530344612617053,79.72786094337386,1647810000,0
2022-03-21 00:00:00,4532117045436,Shell,grocery_pos,506.33,15.93700384157936,79.73012824045139,15.142943371359063,79.23749887753574,1647820800,0
2022-03-21 03:00:00,4532117045436,Netflix,travel,366.59,15.917814002795447,79.73103206199619,15.679456046093547,79.74992021737276,1647831600,0
2022-03-21 06:00:00,4532117045436,MakeMyTrip,health_fitness,419.95,15.902454870836022,79.7342898102334,15.210528576972411,79.26198841514116,1647842400,0
2022-03-21 09:00:00,4532117045436,MakeMyTrip,gas_transport,523.02,15.923146617972316,79.73028142789273,14.784768698023617,79.14560863399056,1647853200,0
2022-03-21 12:00:00,4532117045436,Zomato,entertainment,484.14,15.906489652715912,79.74100732791233,16.289735816382585,79.62708754216617,1647864000,0
2022-03-21 15:00:00,4532117045436,Amazon,grocery_pos,536.74,15.90581762362791,79.73692323203885,16.43692419344522,79.40179234036037,1647874800,0
2022-03-21 18:00:00,4532117045436,Amazon,health_fitness,506.56,15.899090671396213,79.7540424189059,16.122404828185477,78.33290564046344,1647885600,0
2022-03-21 21:00:00,4532117045436,Netflix,gas_transport,412.1,15.908785855578964,79.72838175702117,16.359641412786605,79.70033037586475,1647896400,0
2022-03-22 00:00:00,4532117045436,Apollo,shopping_net,369.63,15.900605050195475,79.751507752991,15.709718148198224,79.25285663133965,1647907200,0
2022-03-22 03:00:00,4532117045436,Walmart,shopping_net,6020.57,15.918474246050343,79.74237337774126,29.656231386762144,75.21278800245118,1647918000,1
2022-03-22 06:00:00,4532117045436,Zomato,shopping_net,311.21,15.911645844767348,79.75491054852216,15.59872236576155,80.43795471577883,1647928800,0
2022-03-22 09:00:00,4532117045436,Amazon,travel,287.68,15.899290460872054,79.75355359459371,15.913157838538785,80.16690781944402,1647939600,0
2022-03-22 12:00:00,4532117045436,Zomato,entertainment,725.77,15.912089566703385,79.73572925859465,15.491065874695254,79.92744865276822,1647950400,0
2022-03-22 15:00:00,4532117045436,Amazon,shopping_net,468.71,15.922838312603314,79.72591132665173,15.211842900048309,79.7701258460233,1647961200,0
2022-03-22 18:00:00,4532117045436,Zomato,travel,426.7,15.929122613720551,79.7385245108725,15.594972729115069,80.04293796738642,1647972000,0
2022-03-22 21:00:00,4532117045436,Shell,food_dining,375.62,15.89500384538752,79.72023355495018,17.027508504808505,79.54377332263131,1647982800,0
2022-03-23 00:00:00,4532117045436,MakeMyTrip,travel,514.33,15.90511654575416,79.74659659357079,16.679578355507047,79.77956647391055,1647993600,0
2022-03-23 03:00:00,4532117045436,Amazon,grocery_pos,630.55,15.900006497009658,79.74151566479121,16.30046056219346,79.53815479177301,1648004400,0
2022-03-23 06:00:00,4532117045436,Zomato,travel,558.49,15.916435510608483,79.73401061695002,15.69862392931447,79.79612816072917,1648015200,0
2022-03-23 09:00:00,4532117045436,Walmart,entertainment,588.24,15.898810895901192,79.73550437870912,15.687276643501916,79.88274034869406,1648026000,0
2022-03-23 12:00:00,4532117045436,Shell,health_fitness,362.02,15.923492350478776,79.72977881248319,16.76954948386728,79.8515788968111,1648036800,0
2022-03-23 15:00:00,4532117045436,Shell,travel,449.38,15.924936929134097,79.73968002291254,15.924056688912561,79.55626968052943,1648047600,0
2022-03-23 18:00:00,4532117045436,Walmart,shopping_net,363.99,15.921081187171552,79.73008049719803,16.308225574680137,80.08537282782946,1648058400,0
2022-03-23 21:00:00,4532117045436,Zomato,grocery_pos,466.05,15.905727126077943,79.73962888662177,15.636039896520879,79.6388008557192,1648069200,0
2022-03-24 00:00:00,4532117045436,Netflix,gas_transport,640.89,15.906356805678312,79.7435310077599,15.764241946645454,79.62592173002989,1648080000,0
2022-03-24 03:00:00,4532117045436,Walmart,shopping_net,515.91,15.908333527765773,79.74650026697977,16.30323473779742,78.82933428322326,1648090800,0
2022-03-24 06:00:00,4532117045436,Zomato,grocery_pos,694.01,15.9239507513987,79.74445469964843,15.545198391421737,79.31432745354068,1648101600,0
2022-03-24 09:00:00,4532117045436,Walmart,food_dining,406.72,15.895919677255208,79.73701788313986,16.08703492146552,80.17295345494479,1648112400,0
2022-03-24 12:00:00,4532117045436,Walmart,gas_transport,328.96,15.9167612411587,79.74444105966649,15.562738047116211,80.13182634717396,1648123200,0
2022-03-24 15:00:00,4532117045436,Amazon,food_dining,526.82,15.90356551239814,79.74135115672767,16.16799107888265,79.72899514376387,1648134000,0
2022-03-24 18:00:00,4532117045436,Zomato,health_fitness,467.83,15.908705792314159,79.74126818670611,15.547735123529655,79.46087977355175,1648144800,0
2022-03-24 21:00:00,4532117045436,Netflix,grocery_pos,498.41,15.920261434480329,79.72973539287163,16.7891826103039,79.8157380083672,1648155600,0
2022-03-25 00:00:00,4532117045436,MakeMyTrip,food_dining,475.98,15.897745536744347,79.72751707580858,15.88077891077766,78.54276687944491,1648166400,0
2022-03-25 03:00:00,4532117045436,Amazon,health_fitness,377.33,15.910122594911144,79.74257955851353,16.300145611891594,79.809853428135,1648177200,0
2022-03-25 06:00:00,4532117045436,Walmart,grocery_pos,479.36,15.911611628881198,79.7448633899377,15.902569547880475,79.11650272643367,1648188000,0
2022-03-25 09:00:00,4532117045436,MakeMyTrip,grocery_pos,596.01,15.912526076617002,79.73378938427311,15.66221482748622,79.69457916411892,1648198800,0
2022-03-25 12:00:00,4532117045436,Apollo,food_dining,611.42,15.911868189348349,79.75174237219406,16.20005201516061,79.84621487481253,1648209600,0
2022-03-25 15:00:00,4532117045436,MakeMyTrip,grocery_pos,376.57,15.918466582847097,79.76213410175627,16.489800743030898,79.56518774846018,1648220400,0
2022-03-25 18:00:00,4532117045436,Walmart,shopping_net,484.65,15.908380104437235,79.75753515335956,15.188723203777085,80.1132878493028,1648231200,0
2022-03-25 21:00:00,4532117045436,Walmart,grocery_pos,671.57,15.916553669371353,79.73733351848483,15.978417702155902,79.42398171256212,1648242000,0
2022-03-26 00:00:00,4532117045436,Zomato,entertainment,379.82,15.916198388340632,79.73566996519165,15.858854914053705,79.37569561774525,1648252800,0
2022-03-26 03:00:00,4532117045436,Zomato,health_fitness,352.58,15.915760685625685,79.747868310803,16.017785525048243,80.05215809599295,1648263600,0
2022-03-26 06:00:00,4532117045436,Amazon,grocery_pos,569.16,15.918178386892102,79.74678864327976,16.58982391837454,79.55992115538643,1648274400,0
2022-03-26 09:00:00,4532117045436,Netflix,entertainment,542.84,15.915720803989252,79.72886839597759,16.321038850091284,80.41336313677145,1648285200,0
2022-03-26 12:00:00,4532117045436,Amazon,grocery_pos,324.45,15.912003273410031,79.73757791392205,16.491224667934613,79.74676695395651,1648296000,0
2022-03-26 15:00:00,4532117045436,Shell,grocery_pos,240.08,15.900210527653618,79.74661552091408,16.044451459699992,80.01564111411874,1648306800,0
2022-03-26 18:00:00,4532117045436,Walmart,food_dining,481.73,15.926471868008004,79.73103726231444,15.696089945282358,80.20562967238007,1648317600,0
2022-03-26 21:00:00,4532117045436,MakeMyTrip,shopping_net,387.21,15.929846256085103,79.7325535017692,14.700502783289743,79.70419220334502,1648328400,0
2022-03-27 00:00:00,4532117045436,Apollo,health_fitness,197.39,15.909305928540064,79.7340631524489,16.620561332010055,78.97645186932967,1648339200,0
2022-03-27 03:00:00,4532117045436,Walmart,shopping_net,346.92,15.917464078513543,79.73600744131159,14.662833521977351,80.05374828404382,1648350000,0
2022-03-27 06:00:00,4532117045436,Walmart,gas_transport,540.39,15.907423871209744,79.72430738911561,16.70668476288658,80.3364141799124,1648360800,0
2022-03-27 09:00:00,4532117045436,Amazon,food_dining,427.29,15.905697802178167,79.74692921397477,16.283363846078235,79.60721765805397,1648371600,0
2022-03-27 12:00:00,4532117045436,Apollo,food_dining,684.92,15.913453158113374,79.73265864864294,16.89717661864489,80.23634028268462,1648382400,0
2022-03-27 15:00:00,4532117045436,Apollo,shopping_net,136.91,15.940974558320494,79.74202377077563,16.04575576680869,79.155987546484,1648393200,0
2022-03-27 18:00:00,4532117045436,Apollo,travel,650.7,15.92885347011003,79.74095088138331,16.163050043539595,79.81480859448196,1648404000,0
2022-03-27 21:00:00,4532117045436,Amazon,food_dining,398.41,15.927355335910176,79.72988280372003,15.82026965074208,79.59707017814085,1648414800,0
2022-03-28 00:00:00,4532117045436,Walmart,shopping_net,376.74,15.918087719143433,79.72233809287548,15.950795724246525,78.95155791429016,1648425600,0
2022-03-28 03:00:00,4532117045436,Amazon,food_dining,217.32,15.90372474918432,79.74089132305612,15.550533028784747,79.93913086939781,1648436400,0
2022-03-28 06:00:00,4532117045436,Zomato,grocery_pos,519.76,15.923268156538601,79.73564250164095,15.854189683247483,79.29595744357042,1648447200,0
2022-03-28 09:00:00,4532117045436,Zomato,shopping_net,3663.67,15.884477931229608,79.74455491048204,28.828597249703876,78.70586829799727,1648458000,1
2022-03-28 12:00:00,4532117045436,Amazon,shopping_net,572.69,15.916808746571315,79.74812221311088,15.936011977371367,79.24102893266956,1648468800,0
2022-03-28 15:00:00,4532117045436,Apollo,entertainment,223.0,15.923878779377192,79.7196125876128,15.90007622607535,78.90309555607526,1648479600,0
2022-03-28 18:00:00,4532117045436,Walmart,food_dining,246.64,15.91441484254745,79.73768935273169,15.902812294271559,79.38289112084472,1648490400,0
2022-03-28 21:00:00,4532117045436,Amazon,food_dining,271.32,15.929493723802805,79.75041750140845,15.86775187359093,80.25757332324758,1648501200,0
2022-03-29 00:00:00,4532117045436,Amazon,shopping_net,342.61,15.898641123246934,79.75437273296752,15.603867672523283,79.66003581642757,1648512000,0
2022-03-29 03:00:00,4532117045436,Amazon,grocery_pos,591.31,15.928906956572053,79.72167678504731,16.192673777404863,79.75783101751846,1648522800,0
2022-03-29 06:00:00,4532117045436,Shell,grocery_pos,675.59,15.911322882951643,79.7515197051707,16.070355195419268,79.8098158144456,1648533600,0
2022-03-29 09:00:00,4532117045436,Zomato,health_fitness,358.11,15.927407827782032,79.7299049484654,16.051036049220837,79.79086365703591,1648544400,0
2022-03-29 12:00:00,4532117045436,MakeMyTrip,grocery_pos,443.02,15.923101968724593,79.74705938136442,15.442009110874412,80.67710796535117,1648555200,0
2022-03-29 15:00:00,4532117045436,Apollo,food_dining,4391.31,15.92804070512055,79.73451091223264,27.801982887053878,77.2296805107498,1648566000,1
2022-03-29 18:00:00,4532117045436,Netflix,travel,400.6,15.922654655100432,79.74746688959935,15.531003800782026,78.78720133972254,1648576800,0
2022-03-29 21:00:00,4532117045436,MakeMyTrip,entertainment,517.61,15.919819349590188,79.7363823656773,15.651517087638364,79.55404456897318,1648587600,0
2022-03-30 00:00:00,4532117045436,Apollo,shopping_net,449.39,15.92656163752035,79.72561513628418,15.958772767513592,79.77416576405261,1648598400,0
2022-03-30 03:00:00,4532117045436,Netflix,gas_transport,411.98,15.91345479357483,79.73418567133457,16.487977761404526,79.10956750919728,1648609200,0
2022-03-30 06:00:00,4532117045436,Shell,entertainment,237.03,15.918923417159172,79.74540184472023,15.308987853612077,79.62100962676497,1648620000,0
2022-03-30 09:00:00,4532117045436,Amazon,travel,472.36,15.912863820494312,79.73577595538103,15.418570507254822,79.6273492676577,1648630800,0
2022-03-30 12:00:00,4532117045436,Shell,gas_transport,593.76,15.906041667908585,79.72926788953849,14.931452493756288,80.6279431735586,1648641600,0
2022-03-30 15:00:00,4532117045436,Shell,entertainment,333.26,15.918169462553653,79.72728615998665,16.16600575299786,79.40117350226909,1648652400,0
2022-03-30 18:00:00,4532117045436,MakeMyTrip,grocery_pos,154.76,15.914867458008995,79.73190635414507,15.744262164895172,80.21480704599153,1648663200,0
2022-03-30 21:00:00,4532117045436,Walmart,food_dining,402.07,15.925469742409039,79.73181983785645,16.1251061569108,79.66702068885346,1648674000,0
2022-03-31 00:00:00,4532117045436,MakeMyTrip,travel,676.47,15.910977456077855,79.74574204181071,16.08202058928785,80.17004766910709,1648684800,0
2022-03-31 03:00:00,4532117045436,Zomato,gas_transport,631.79,15.905293085520148,79.7360469889487,16.306916318643196,80.43784495819389,1648695600,0
2022-03-31 06:00:00,4532117045436,Netflix,travel,362.93,15.925330095301618,79.73701312099774,15.913619586061975,79.93060718298503,1648706400,0
2022-03-31 09:00:00,4532117045436,Amazon,entertainment,518.33,15.913533410870835,79.73820172478887,15.558248942569561,79.71125286351796,1648717200,0
2022-03-31 12:00:00,4532117045436,MakeMyTrip,food_dining,542.03,15.90498770861161,79.74540103130171,16.028906750451643,80.3142728582596,1648728000,0
2022-03-31 15:00:00,4532117045436,Netflix,travel,673.55,15.926790459867357,79.74637167995417,16.120178052270656,79.0083650580915,1648738800,0
2022-03-31 18:00:00,4532117045436,Apollo,gas_transport,5585.85,15.922167607075552,79.73473100895247,29.531931848727563,79.30828441377363,1648749600,1
2022-03-31 21:00:00,4532117045436,Netflix,shopping_net,289.68,15.93138832498765,79.73736033177516,15.958316854631716,79.11678762420263,1648760400,0
2022-04-01 00:00:00,4532117045436,Apollo,entertainment,148.54,15.909490853971107,79.74642482750009,15.240395622192251,80.13993055500127,1648771200,0
2022-04-01 03:00:00,4532117045436,MakeMyTrip,shopping_net,348.24,15.908091842125158,79.73304174947073,15.276653932316027,79.78918987964394,1648782000,0
2022-04-01 06:00:00,4532117045436,Zomato,grocery_pos,609.95,15.902034283899495,79.73452546204255,15.082679791024018,79.7038147156375,1648792800,0
2022-04-01 09:00:00,4532117045436,MakeMyTrip,shopping_net,366.04,15.907230949837132,79.74640400229407,16.05717907472817,79.55498766726517,1648803600,0
2022-04-01 12:00:00,4532117045436,Apollo,shopping_net,253.77,15.909036398730082,79.7342603539097,16.282882430441752,80.07835893966264,1648814400,0
2022-04-01 15:00:00,4532117045436,Netflix,health_fitness,484.0,15.919730014645346,79.74247568691608,15.200110622813265,78.84638757615411,1648825200,0
2022-04-01 18:00:00,4532117045436,Netflix,entertainment,487.86,15.903606302007407,79.72420361189361,15.993456780140278,80.69131422404445,1648836000,0
2022-04-01 21:00:00,4532117045436,Apollo,grocery_pos,297.44,15.906266631626107,79.74583753911921,16.13648053598233,79.66884783508958,1648846800,0
2022-04-02 00:00:00,4532117045436,Shell,shopping_net,374.09,15.929866573032433,79.73799145666473,15.713247555719338,79.0900563743531,1648857600,0
2022-04-02 03:00:00,4532117045436,Zomato,food_dining,472.59,15.883590687597641,79.74406817435381,16.713674463902905,78.42551945310025,1648868400,0
2022-04-02 06:00:00,4532117045436,Walmart,gas_transport,561.9,15.917702605927875,79.75119390243064,15.184330901883104,79.65586722841567,1648879200,0
2022-04-02 09:00:00,4532117045436,Amazon,shopping_net,352.67,15.899995833872246,79.73666300364356,15.724120452771746,79.85511062542083,1648890000,0
2022-04-02 12:00:00,4532117045436,Netflix,grocery_pos,6296.72,15.904847478610012,79.7246636852549,27.96789089182734,78.78321000384189,1648900800,1
2022-04-02 15:00:00,4532117045436,Amazon,shopping_net,736.88,15.927133617376306,79.73638117443828,16.085713587094215,79.01481257369623,1648911600,0
2022-04-02 18:00:00,4532117045436,Walmart,gas_transport,408.9,15.913615765442968,79.75214567139153,15.546937372477256,79.12505107645603,1648922400,0
2022-04-02 21:00:00,4532117045436,MakeMyTrip,grocery_pos,487.42,15.939470760862854,79.74169844897604,14.925044291056786,80.41805758283688,1648933200,0
2022-04-03 00:00:00,4532117045436,Amazon,entertainment,547.25,15.919168126272448,79.72935556519089,16.20990495515366,78.96371572564934,1648944000,0
2022-04-03 03:00:00,4532117045436,Walmart,grocery_pos,181.97,15.904603261252344,79.73806247820652,15.834468687538804,79.79565522201749,1648954800,0
2022-04-03 06:00:00,4532117045436,Apollo,entertainment,6991.06,15.918477390196648,79.74487805435793,28.65106726562969,78.01396489753331,1648965600,1
2022-04-03 09:00:00,4532117045436,Shell,grocery_pos,203.14,15.924199724153906,79.73874512739762,16.476619191198086,79.47203930180889,1648976400,0
2022-04-03 12:00:00,4532117045436,Netflix,travel,430.38,15.918119326787703,79.73847326893652,15.522285311323964,79.6030068978938,1648987200,0
2022-04-03 15:00:00,4532117045436,Walmart,gas_transport,655.97,15.910746390947088,79.7328632066254,16.234876298885585,79.47020472845375,1648998000,0
2022-04-03 18:00:00,4532117045436,Amazon,gas_transport,6915.8,15.895989426073713,79.73366592112276,27.38542873327842,78.1245767398481,1649008800,1
2022-04-03 21:00:00,4532117045436,Netflix,grocery_pos,200.04,15.909675540764638,79.74222459191104,15.631649266917327,80.23933616822328,1649019600,0
2022-04-04 00:00:00,4532117045436,Shell,travel,733.15,15.929576163422045,79.74492472246614,15.917134075242945,79.53810129212972,1649030400,0
2022-04-04 03:00:00,4532117045436,Apollo,shopping_net,277.94,15.9049328323446,79.738266901521,16.752271608289554,79.13068289414008,1649041200,0
2022-04-04 06:00:00,4532117045436,MakeMyTrip,gas_transport,225.21,15.90878178896396,79.7350604831396,15.408004327144813,79.69805922561888,1649052000,0
2022-04-04 09:00:00,4532117045436,Netflix,entertainment,692.85,15.922832892150895,79.7475636175102,16.19036538402213,79.21059060508637,1649062800,0
2022-04-04 12:00:00,4532117045436,MakeMyTrip,entertainment,272.03,15.91909702529663,79.73576312097074,15.943955565858216,79.19641365815328,1649073600,0
2022-04-04 15:00:00,4532117045436,Walmart,food_dining,696.74,15.899801003653392,79.74289313874155,16.548242360593406,80.46762360959103,1649084400,0
2022-04-04 18:00:00,4532117045436,Shell,health_fitness,491.11,15.911813832304313,79.74533018294657,15.896032859426887,79.6484116553483,1649095200,0
2022-04-04 21:00:00,4532117045436,Amazon,travel,642.59,15.92696969681933,79.7273590760877,16.25577652955589,79.10128686779494,1649106000,0
2022-04-05 00:00:00,4532117045436,Shell,health_fitness,477.91,15.913164785785357,79.74139735009298,15.112640619295686,79.68852970640694,1649116800,0
2022-04-05 03:00:00,4532117045436,Shell,health_fitness,611.96,15.927212310049432,79.71302521096916,14.8408170144022,79.77190886735232,1649127600,0
2022-04-05 06:00:00,4532117045436,Zomato,entertainment,312.23,15.927777757954173,79.73897631930389,15.38828053941058,79.63646356896203,1649138400,0
2022-04-05 09:00:00,4532117045436,Shell,food_dining,357.96,15.903623399394705,79.74579499728554,15.69212713844599,79.49576546444771,1649149200,0
2022-04-05 12:00:00,4532117045436,Shell,health_fitness,132.67,15.909949549469165,79.74336920372069,15.735813051730394,79.04636650643204,1649160000,0
2022-04-05 15:00:00,4532117045436,Netflix,health_fitness,595.77,15.919476035565955,79.74800004137701,16.459039540409208,79.53218208535549,1649170800,0
2022-04-05 18:00:00,4532117045436,Amazon,grocery_pos,512.94,15.897523139845857,79.74350454728508,15.716405763002241,79.34301270603973,1649181600,0
2022-04-05 21:00:00,4532117045436,Netflix,grocery_pos,298.9,15.910669505407155,79.73457662848121,15.924813106689454,79.67899427522516,1649192400,0
2022-04-06 00:00:00,4532117045436,Netflix,grocery_pos,187.66,15.918361863617175,79.72460785977394,15.982680479123072,79.95133340750343,1649203200,0
2022-04-06 03:00:00,4532117045436,Walmart,shopping_net,492.27,15.906677489488024,79.7411315306981,15.597149066228775,80.61570856702888,1649214000,0
2022-04-06 06:00:00,4532117045436,Netflix,health_fitness,701.39,15.918781070783309,79.74478804542521,15.903747133140623,80.12741037382466,1649224800,0
2022-04-06 09:00:00,4532117045436,Zomato,shopping_net,429.31,15.906898273241204,79.72242447611052,16.438480521265703,78.3826490076236,1649235600,0
2022-04-06 12:00:00,4532117045436,Zomato,food_dining,351.23,15.906787478821437,79.74403898523872,16.062495607954194,79.85118996521535,1649246400,0
2022-04-06 15:00:00,4532117045436,MakeMyTrip,travel,309.44,15.920341859187419,79.74087739333487,16.20950367798122,80.49788484547734,1649257200,0
2022-04-06 18:00:00,4532117045436,Walmart,entertainment,637.4,15.926580449332233,79.73635316037073,16.07951015031607,79.66876893946647,1649268000,0
2022-04-06 21:00:00,4532117045436,MakeMyTrip,health_fitness,3051.88,15.90579255381127,79.74439762141431,31.07062257712234,76.82186394349687,1649278800,1
2022-04-07 00:00:00,4532117045436,MakeMyTrip,entertainment,394.32,15.90078639648561,79.73724623814059,15.38669993267861,79.18767275992941,1649289600,0
2022-04-07 03:00:00,4532117045436,Apollo,travel,2306.07,15.912527435242547,79.73660532549873,28.38502626187876,76.61973147414449,1649300400,1
2022-04-07 06:00:00,4532117045436,Amazon,grocery_pos,545.62,15.91756901602477,79.72728710130397,16.411070935492123,79.65549214941225,1649311200,0
2022-04-07 09:00:00,4532117045436,Amazon,health_fitness,400.06,15.905692728708502,79.74404724808532,16.501969622692837,79.66690174274366,1649322000,0
2022-04-07 12:00:00,4532117045436,Netflix,gas_transport,345.15,15.929506887224177,79.72693920782251,16.567877231891867,80.15835580439884,1649332800,0
2022-04-07 15:00:00,4532117045436,Netflix,shopping_net,669.84,15.911431596679769,79.7331590054646,16.431071826484235,79.74096961715875,1649343600,0
2022-04-07 18:00:00,4532117045436,Apollo,shopping_net,282.54,15.905606318633522,79.74455790675373,15.267845172952416,79.68552140456356,1649354400,0
2022-04-07 21:00:00,4532117045436,Netflix,health_fitness,418.46,15.932217020790848,79.73832514985632,15.346396663697046,80.97814142624637,1649365200,0
2022-04-08 00:00:00,4532117045436,Amazon,travel,224.12,15.925565423446105,79.75709078511535,16.26250482392564,79.35120396305673,1649376000,0
2022-04-08 03:00:00,4532117045436,MakeMyTrip,grocery_pos,628.33,15.905625716738852,79.74592857310833,16.20168983586176,80.38433114235939,1649386800,0
2022-04-08 06:00:00,4532117045436,Shell,shopping_net,378.77,15.923571408196915,79.74751336652925,16.355800987838567,79.94780426233268,1649397600,0
2022-04-08 09:00:00,4532117045436,Zomato,grocery_pos,345.06,15.906341558626192,79.74853938798158,15.936222691835063,79.55672715362637,1649408400,0
2022-04-08 12:00:00,4532117045436,Shell,food_dining,549.25,15.92057576511693,79.73758691805554,15.254256518173792,79.86940892455311,1649419200,0
2022-04-08 15:00:00,4532117045436,Shell,entertainment,236.17,15.930673244273528,79.73468164157907,15.857836160309377,79.33123329472579,1649430000,0
2022-04-08 18:00:00,4532117045436,Amazon,travel,545.31,15.900811622543689,79.72786155805827,16.283581897398058,79.7831193668841,1649440800,0
2022-04-08 21:00:00,4532117045436,Shell,gas_transport,395.92,15.907522298498247,79.72546413676729,15.786314325787222,79.73801479854339,1649451600,0
2022-04-09 00:00:00,4532117045436,Apollo,entertainment,269.21,15.907741689095873,79.75147380568913,15.910521683219581,79.97816314315601,1649462400,0
2022-04-09 03:00:00,4532117045436,Walmart,entertainment,301.46,15.915556083940986,79.73377791230175,15.927926560031514,79.68162712246607,1649473200,0
2022-04-09 06:00:00,4532117045436,Netflix,food_dining,347.37,15.917633344993009,79.74893914109798,15.651896326005962,80.5730850861155,1649484000,0
2022-04-09 09:00:00,4532117045436,Walmart,shopping_net,383.39,15.912008999898097,79.7252812501957,15.505945431310646,79.29883978767954,1649494800,0
2022-04-09 12:00:00,4532117045436,MakeMyTrip,gas_transport,270.22,15.896081605644333,79.73817348850764,16.967087736916017,79.39567459555558,1649505600,0
2022-04-09 15:00:00,4532117045436,Zomato,shopping_net,494.18,15.900589893063726,79.75267703080702,16.692200022016728,79.85961421345301,1649516400,0
2022-04-09 18:00:00,4532117045436,Netflix,health_fitness,266.29,15.904064512690212,79.74266078319505,16.447971168343674,79.33719678092635,1649527200,0
2022-04-09 21:00:00,4532117045436,Shell,entertainment,95.23,15.918498967002527,79.74292504711524,16.120415547435158,80.07648347610721,1649538000,0
2022-04-10 00:00:00,4532117045436,Zomato,health_fitness,737.94,15.898948896561915,79.73413702237991,15.410549697050847,80.39718522480344,1649548800,0
2022-04-10 03:00:00,4532117045436,Netflix,grocery_pos,479.69,15.90376317080231,79.73097301597652,16.356551085364245,79.4802028065823,1649559600,0
2022-04-10 06:00:00,4532117045436,Apollo,entertainment,751.42,15.901563572470144,79.73955036848174,16.470554788187798,79.78406074216845,1649570400,0
2022-04-10 09:00:00,4532117045436,Apollo,shopping_net,293.45,15.916313045936265,79.72874327146299,15.740662431584624,80.06735106902143,1649581200,0
2022-04-10 12:00:00,4532117045436,Apollo,entertainment,521.97,15.924217420893806,79.73892542127729,15.37904966943406,80.18166135672709,1649592000,0
2022-04-10 15:00:00,4532117045436,Apollo,grocery_pos,584.19,15.914441540664253,79.74981236518813,16.126359938164956,81.47891127714173,1649602800,0
2022-04-10 18:00:00,4532117045436,Shell,food_dining,421.6,15.93283503275905,79.72732948770985,16.446857348533566,79.06121256512152,1649613600,0
2022-04-10 21:00:00,4532117045436,Walmart,health_fitness,233.33,15.91443948512674,79.74642178716311,15.592880261776875,80.48708959243146,1649624400,0
2022-04-11 00:00:00,4532117045436,Netflix,health_fitness,410.33,15.911958547088222,79.74995909755305,16.177254816976188,79.41875373187291,1649635200,0
2022-04-11 03:00:00,4532117045436,Shell,shopping_net,543.96,15.905058279579688,79.73739766130372,15.45918002166027,79.43991898410317,1649646000,0
2022-04-11 06:00:00,4532117045436,Apollo,entertainment,3803.49,15.914929897176695,79.74033363343914,30.399815050574052,77.81695233239134,1649656800,1
2022-04-11 09:00:00,4532117045436,MakeMyTrip,shopping_net,449.76,15.904632240491855,79.7352051606398,16.01533337671994,79.77105503621601,1649667600,0
2022-04-11 12:00:00,4532117045436,Walmart,food_dining,584.59,15.903110229082316,79.73689957975742,15.50570613913279,80.36541832006168,1649678400,0
2022-04-11 15:00:00,4532117045436,MakeMyTrip,entertainment,577.51,15.90282438516281,79.74818120249608,16.12794296647347,79.00474101639541,1649689200,0
2022-04-11 18:00:00,4532117045436,Zomato,entertainment,371.45,15.91065772537872,79.74724997116937,15.105183222380823,78.25197788452435,1649700000,0
2022-04-11 21:00:00,4532117045436,MakeMyTrip,shopping_net,221.94,15.90789897497263,79.74393434716256,15.484383209257336,80.70691284426059,1649710800,0
2022-04-12 00:00:00,4532117045436,Zomato,shopping_net,478.57,15.939447338974173,79.74607919933146,16.42745266343619,79.0199927774646,1649721600,0
2022-04-12 03:00:00,4532117045436,Zomato,grocery_pos,338.0,15.914993799527897,79.74200028116168,16.259157654205154,80.24252756699049,1649732400,0
2022-04-12 06:00:00,4532117045436,Apollo,travel,471.56,15.914829200749752,79.72773129882202,16.12242031603056,80.43737414280294,1649743200,0
2022-04-12 09:00:00,4532117045436,Zomato,travel,651.83,15.907380432867642,79.75063997446577,15.69015916625987,80.3073117782336,1649754000,0
2022-04-12 12:00:00,4532117045436,Amazon,food_dining,515.62,15.943554745270562,79.73106507749091,15.919754883650647,79.99571539685024,1649764800,0
2022-04-12 15:00:00,4532117045436,Netflix,travel,644.44,15.903660522181992,79.73899859689477,15.800519642016058,80.1129122935615,1649775600,0
2022-04-12 18:00:00,4532117045436,Netflix,grocery_pos,298.28,15.908162902615864,79.7485325068458,17.079787320313812,79.4786999693755,1649786400,0
2022-04-12 21:00:00,4532117045436,Apollo,health_fitness,613.12,15.922892107079043,79.72598766373706,16.071117705916905,78.78282583035433,1649797200,0
2022-04-13 00:00:00,4532117045436,Amazon,entertainment,701.49,15.914923513983114,79.7462453633957,15.529595438765009,79.56622129274336,1649808000,0
2022-04-13 03:00:00,4532117045436,MakeMyTrip,shopping_net,459.65,15.900169641051527,79.72807885554225,15.872443089434691,79.46818853574551,1649818800,0
2022-04-13 06:00:00,4532117045436,Shell,entertainment,798.31,15.913172923766588,79.74594741440146,15.072632487315435,79.26770864461253,1649829600,0
2022-04-13 09:00:00,4532117045436,MakeMyTrip,entertainment,321.39,15.919696846464207,79.75202667960625,14.961010910662576,79.76477755259097,1649840400,0
2022-04-13 12:00:00,4532117045436,Shell,gas_transport,354.17,15.91802019604298,79.73262471634864,16.644257001258804,78.76531224323165,1649851200,0
2022-04-13 15:00:00,4532117045436,Zomato,health_fitness,2247.06,15.919511842262658,79.731324023413,27.09015631789271,77.53529570934745,1649862000,1
2022-04-13 18:00:00,4532117045436,Walmart,gas_transport,458.17,15.934756978890883,79.74076036610654,15.687105893225642,79.70519213398816,1649872800,0
2022-04-13 21:00:00,4532117045436,Shell,travel,338.56,15.91561530092823,79.73100993141455,15.899639426878018,79.49296308423887,1649883600,0
2022-04-14 00:00:00,4532117045436,Walmart,entertainment,542.87,15.920856444585404,79.71822768951316,15.860816145785517,79.5852374643289,1649894400,0
2022-04-14 03:00:00,4532117045436,Netflix,shopping_net,503.33,15.888658219961721,79.73974694484893,15.946695053369702,79.66177937310785,1649905200,0
2022-04-14 06:00:00,4532117045436,Walmart,entertainment,362.06,15.931555649006873,79.74335118680827,16.486773848373158,79.22184733588313,1649916000,0
2022-04-14 09:00:00,4532117045436,Netflix,health_fitness,478.36,15.913549994058304,79.73671532417715,16.180618630727107,79.22002223773154,1649926800,0
2022-04-14 12:00:00,4532117045436,Amazon,gas_transport,563.85,15.904219943644893,79.74113086019001,15.70810790801286,79.08617288482377,1649937600,0
2022-04-14 15:00:00,4532117045436,Amazon,shopping_net,358.73,15.910947718552961,79.75048879906586,15.038459881502474,79.03034456478638,1649948400,0
2022-04-14 18:00:00,4532117045436,Apollo,entertainment,527.55,15.91952521869168,79.73642131219246,15.41174436609751,79.31196367026163,1649959200,0
2022-04-14 21:00:00,4532117045436,Apollo,food_dining,319.94,15.92324748525895,79.73773369524123,16.292128071351424,79.66633023869375,1649970000,0
2022-04-15 00:00:00,4532117045436,Zomato,health_fitness,348.93,15.911947526112126,79.73980263196312,16.693948812445914,80.29053240178456,1649980800,0
2022-04-15 03:00:00,4532117045436,Shell,health_fitness,616.74,15.918914419719234,79.73686029105184,15.47392686150961,78.95182421896752,1649991600,0
2022-04-15 06:00:00,4532117045436,Zomato,food_dining,542.06,15.910267829856004,79.73686287335546,15.398343986711703,80.19769573606526,1650002400,0
2022-04-15 09:00:00,4532117045436,Netflix,entertainment,166.97,15.917816273642233,79.75708608816272,15.696708611060894,78.93577508377501,1650013200,0
2022-04-15 12:00:00,4532117045436,Zomato,health_fitness,393.87,15.914962729921957,79.74125733030787,16.805103096560572,79.78822257541925,1650024000,0
2022-04-15 15:00:00,4532117045436,Walmart,shopping_net,523.45,15.915908260070456,79.73703190195715,15.986751006866546,78.98146609530069,1650034800,0
2022-04-15 18:00:00,4532117045436,Netflix,entertainment,470.83,15.9097903574221,79.75384301005452,15.531768909214556,79.10770181202783,1650045600,0
2022-04-15 21:00:00,4532117045436,Apollo,entertainment,542.73,15.916936583099796,79.75085393497397,15.732333999851672,79.89814794176452,1650056400,0
2022-04-16 00:00:00,4532117045436,Amazon,gas_transport,467.4,15.904634534001158,79.74624270177655,15.648807268649678,79.89242263204396,1650067200,0
2022-04-16 03:00:00,4532117045436,Apollo,health_fitness,430.11,15.9148461864787,79.73390298809677,16.264966646064952,80.11448590629529,1650078000,0
2022-04-16 06:00:00,4532117045436,Shell,health_fitness,425.53,15.90655532629455,79.76732362132825,16.889640867854574,79.27420898749811,1650088800,0
2022-04-16 09:00:00,4532117045436,Netflix,food_dining,613.68,15.90296336918449,79.72434234149878,15.978315926459949,80.23833750188585,1650099600,0
2022-04-16 12:00:00,4532117045436,Netflix,gas_transport,554.24,15.905844372010453,79.72218802421774,16.459777531043517,80.5216600991315,1650110400,0
2022-04-16 15:00:00,4532117045436,Walmart,travel,510.71,15.91081974777031,79.74382902284124,15.239865868934444,79.85657337372287,1650121200,0
2022-04-16 18:00:00,4532117045436,Shell,gas_transport,463.32,15.907615280300103,79.73643087005672,17.083402788454016,78.84662809271371,1650132000,0
2022-04-16 21:00:00,4532117045436,Amazon,health_fitness,367.68,15.916862863107424,79.7152291920419,15.243360326722504,78.7754558316598,1650142800,0
2022-04-17 00:00:00,4532117045436,MakeMyTrip,entertainment,403.99,15.913696919599856,79.73859214915649,16.51882341708718,79.81650613287214,1650153600,0
2022-04-17 03:00:00,4532117045436,Netflix,gas_transport,609.7,15.92304560449358,79.74078876955261,16.082210707731058,79.45388869687342,1650164400,0
2022-04-17 06:00:00,4532117045436,Netflix,food_dining,595.58,15.912055376460405,79.73831747738221,15.283847711556618,79.24217956954418,1650175200,0
2022-04-17 09:00:00,4532117045436,Walmart,gas_transport,352.71,15.914706870585324,79.74302222990491,16.330126101834278,79.65643563937645,1650186000,0
2022-04-17 12:00:00,4532117045436,Zomato,food_dining,464.99,15.931559212406126,79.73530220149915,15.898359659379347,79.56098342726715,1650196800,0
2022-04-17 15:00:00,4532117045436,Amazon,travel,524.77,15.908511645014125,79.7386136684965,15.457038481930134,79.65984324574673,1650207600,0
2022-04-17 18:00:00,4532117045436,Apollo,gas_transport,514.98,15.910048477296467,79.75308130391026,15.918266944940154,79.2997950745089,1650218400,0
2022-04-17 21:00:00,4532117045436,Shell,food_dining,513.82,15.924934884254284,79.74958834533457,15.08797159552457,80.72975376705455,1650229200,0
2022-04-18 00:00:00,4532117045436,Netflix,gas_transport,283.19,15.90333173118015,79.73791378761275,15.67172100272032,79.1963251383172,1650240000,0
2022-04-18 03:00:00,4532117045436,Netflix,travel,274.28,15.92605374242734,79.74548228280285,15.430683366217156,79.60538993030674,1650250800,0
2022-04-18 06:00:00,4532117045436,Apollo,gas_transport,625.53,15.910531025092952,79.74873625357398,15.821705117776363,78.71913476471553,1650261600,0
2022-04-18 09:00:00,4532117045436,Amazon,shopping_net,676.35,15.904566982474579,79.73062443680942,15.04750960208903,79.16177349760444,1650272400,0
2022-04-18 12:00:00,4532117045436,Zomato,food_dining,227.77,15.921952163290676,79.74330419630333,15.017412230928779,79.08928409753179,1650283200,0
2022-04-18 15:00:00,4532117045436,Netflix,travel,445.84,15.910388736945608,79.7415631963486,15.488353099453418,79.47096425895639,1650294000,0
2022-04-18 18:00:00,4532117045436,Amazon,food_dining,572.11,15.931142875053368,79.74657631358997,15.893745970132123,79.61555283849493,1650304800,0
2022-04-18 21:00:00,4532117045436,Apollo,food_dining,119.43,15.913711576520733,79.73056022028102,15.426273132705902,79.52908150703206,1650315600,0
2022-04-19 00:00:00,4532117045436,Walmart,grocery_pos,289.0,15.913638860092624,79.73965810215569,16.1436730243781,79.46648287237826,1650326400,0
2022-04-19 03:00:00,4532117045436,Zomato,travel,436.17,15.907038974782767,79.73245683042748,16.26394418472543,79.8471265880089,1650337200,0
2022-04-19 06:00:00,4532117045436,Shell,gas_transport,360.41,15.911432357030012,79.74332040392649,15.49083165472203,79.88548318560773,1650348000,0
2022-04-19 09:00:00,4532117045436,Netflix,food_dining,481.37,15.9101735619211,79.73174789771936,16.608134738362246,78.54915828399713,1650358800,0
2022-04-19 12:00:00,4532117045436,Amazon,health_fitness,670.57,15.926213823614274,79.73454694620338,15.761449780162849,80.26881881729099,1650369600,0
2022-04-19 15:00:00,4532117045436,Walmart,grocery_pos,322.08,15.915796025660466,79.74122638319885,16.82866652753157,79.8706185963301,1650380400,0
2022-04-19 18:00:00,4532117045436,Shell,shopping_net,457.54,15.91995550747386,79.73059753750479,15.783087977994658,78.76038454788186,1650391200,0
2022-04-19 21:00:00,4532117045436,MakeMyTrip,food_dining,398.28,15.913884969946622,79.7238420944276,15.352081870598294,80.18932519787907,1650402000,0
2022-04-20 00:00:00,4532117045436,Amazon,food_dining,470.45,15.908790479319855,79.75039177124727,16.526945680195976,80.24985258554354,1650412800,0
2022-04-20 03:00:00,4532117045436,Amazon,grocery_pos,450.87,15.916609909237959,79.73356595627595,15.392198662172055,78.74572781016666,1650423600,0
2022-04-20 06:00:00,4532117045436,Shell,gas_transport,845.58,15.928807467837267,79.72600226605387,16.4817521337457,79.58386513694744,1650434400,0
2022-04-20 09:00:00,4532117045436,Walmart,health_fitness,673.44,15.902416070637619,79.72891381392822,15.97321279213593,79.87188117276338,1650445200,0
2022-04-20 12:00:00,4532117045436,MakeMyTrip,shopping_net,212.86,15.917094812299379,79.73900247091677,15.634956830833241,80.27489271223169,1650456000,0
2022-04-20 15:00:00,4532117045436,Apollo,food_dining,314.98,15.927865814010655,79.75577081591415,15.528685803180277,79.98569993795023,1650466800,0
2022-04-20 18:00:00,4532117045436,Walmart,gas_transport,333.32,15.904752272234095,79.73860297053159,15.869777340930602,79.45844750144435,1650477600,0
2022-04-20 21:00:00,4532117045436,Zomato,travel,264.86,15.922120113252474,79.74582870138084,16.252824206788496,79.19873429803489,1650488400,0
2022-04-21 00:00:00,4532117045436,Netflix,health_fitness,244.75,15.922131708345772,79.73615801034391,15.89285503756387,79.00070466356873,1650499200,0
2022-04-21 03:00:00,4532117045436,Shell,travel,423.25,15.89995719338036,79.741858549717,16.652654262321306,79.27588318536479,1650510000,0
2022-04-21 06:00:00,4532117045436,Apollo,health_fitness,339.05,15.924004364690697,79.73793306646405,15.325014647237298,80.00888276224737,1650520800,0
2022-04-21 09:00:00,4532117045436,MakeMyTrip,shopping_net,316.38,15.906958819994376,79.74570088324221,15.864593363059805,80.20048760546092,1650531600,0
2022-04-21 12:00:00,4532117045436,Shell,entertainment,753.07,15.916488498899438,79.7286742461691,16.463230067042556,79.55137608322865,1650542400,0
2022-04-21 15:00:00,4532117045436,Shell,health_fitness,349.37,15.92314141182652,79.74075202236659,15.310950468511518,80.2882077923079,1650553200,0
2022-04-21 18:00:00,4532117045436,Walmart,entertainment,383.52,15.924900811889374,79.7415369751274,16.433031932867877,79.94390730864265,1650564000,0
2022-04-21 21:00:00,4532117045436,Netflix,travel,561.22,15.897541504853393,79.74395912451106,15.922798003275759,81.0040472011325,1650574800,0
2022-04-22 00:00:00,4532117045436,Zomato,health_fitness,383.02,15.930786025031246,79.72654198395578,15.96795922118053,78.82375590882536,1650585600,0
2022-04-22 03:00:00,4532117045436,Amazon,shopping_net,275.15,15.92707928227689,79.73524047422491,15.743123431854654,79.63071731276692,1650596400,0
2022-04-22 06:00:00,4532117045436,Amazon,grocery_pos,411.31,15.923419341203667,79.746010068743,15.308418379007286,79.84610129864731,1650607200,0
2022-04-22 09:00:00,4532117045436,Shell,shopping_net,751.31,15.916514779635959,79.74225828949487,15.873495386917005,80.66380127344135,1650618000,0
2022-04-22 12:00:00,4532117045436,Netflix,shopping_net,377.78,15.908543021200508,79.75733828962329,15.63500809787235,79.01262138983927,1650628800,0
2022-04-22 15:00:00,4532117045436,MakeMyTrip,grocery_pos,313.23,15.902068181658462,79.73470641868971,16.675052875209797,79.25699131389284,1650639600,0
2022-04-22 18:00:00,4532117045436,MakeMyTrip,grocery_pos,513.03,15.89666159661915,79.72012789112033,16.168111307298172,79.76751926761146,1650650400,0
2022-04-22 21:00:00,4532117045436,Apollo,gas_transport,404.11,15.919345360062346,79.73533670923429,15.93014939953364,79.12838981826673,1650661200,0
2022-04-23 00:00:00,4532117045436,Walmart,health_fitness,860.85,15.923414307561625,79.71338019840177,16.571769572928293,79.61574967386193,1650672000,0
2022-04-23 03:00:00,4532117045436,Netflix,travel,331.97,15.912053786781408,79.74702149774082,15.884843902533326,78.92228064774595,1650682800,0
2022-04-23 06:00:00,4532117045436,Netflix,gas_transport,710.06,15.90829025493619,79.73996822445527,16.26434030808058,80.3376102444839,1650693600,0
2022-04-23 09:00:00,4532117045436,Walmart,grocery_pos,624.51,15.91359912837498,79.74398306074013,16.49500589927728,80.57957989454044,1650704400,0
2022-04-23 12:00:00,4532117045436,MakeMyTrip,entertainment,392.8,15.906496117702828,79.74557611623058,15.776766713975753,80.59765334582357,1650715200,0
2022-04-23 15:00:00,4532117045436,MakeMyTrip,travel,449.47,15.913116096958733,79.75039928377441,16.130370608571003,79.8166290293962,1650726000,0
2022-04-23 18:00:00,4532117045436,MakeMyTrip,entertainment,295.52,15.90592234421437,79.71409015715517,15.694554498344194,79.82762870571119,1650736800,0
2022-04-23 21:00:00,4532117045436,Shell,shopping_net,369.23,15.919020393144761,79.71958001695269,16.485991531571425,79.73389387728199,1650747600,0
2022-04-24 00:00:00,4532117045436,Netflix,food_dining,391.73,15.925338695132183,79.7324459245954,15.899278238836521,80.17051316892338,1650758400,0
2022-04-24 03:00:00,4532117045436,Amazon,shopping_net,473.68,15.917985063752406,79.7369610211407,16.598209947890897,80.37068467720917,1650769200,0
2022-04-24 06:00:00,4532117045436,Walmart,shopping_net,5683.88,15.912095345353158,79.74199569126604,28.974463001735547,77.38279760774688,1650780000,1
2022-04-24 09:00:00,4532117045436,MakeMyTrip,food_dining,496.72,15.92279130711152,79.74124807116611,17.185831186797287,79.86129090208969,1650790800,0
2022-04-24 12:00:00,4532117045436,Apollo,health_fitness,428.12,15.913089063129929,79.74175627712681,15.559323444390763,80.09271110487816,1650801600,0
2022-04-24 15:00:00,4532117045436,MakeMyTrip,grocery_pos,509.72,15.922473487236543,79.72436961385932,16.342751016199507,79.73474575813553,1650812400,0
2022-04-24 18:00:00,4532117045436,MakeMyTrip,entertainment,3561.55,15.906538560392509,79.73205192936582,30.935917040081677,77.94963958952853,1650823200,1
2022-04-24 21:00:00,4532117045436,Zomato,shopping_net,416.11,15.907832625760552,79.73677579313096,15.800344087645659,79.44423402044558,1650834000,0
2022-04-25 00:00:00,4532117045436,Shell,food_dining,523.23,15.903011851596032,79.73849302429983,14.963880412244398,79.8464770258746,1650844800,0
2022-04-25 03:00:00,4532117045436,Walmart,gas_transport,436.92,15.908245242089833,79.73499558597544,15.949290960638479,79.3048081595238,1650855600,0
2022-04-25 06:00:00,4532117045436,Zomato,shopping_net,561.52,15.922713965648972,79.74254342126937,15.425764015603338,79.27013386636128,1650866400,0
2022-04-25 09:00:00,4532117045436,Zomato,entertainment,2937.34,15.90418252364711,79.72858772322436,28.14923009642147,76.95318429574759,1650877200,1
2022-04-25 12:00:00,4532117045436,Apollo,grocery_pos,477.16,15.889854399596258,79.73517413992408,15.445419786157366,80.08024683210198,1650888000,0
2022-04-25 15:00:00,4532117045436,Netflix,shopping_net,434.63,15.90875485393152,79.74502976049217,15.51232016134318,79.88784029169406,1650898800,0
2022-04-25 18:00:00,4532117045436,Apollo,shopping_net,644.37,15.90116270852757,79.74204458889616,15.376562988759881,79.49113247573924,1650909600,0
2022-04-25 21:00:00,4532117045436,Netflix,health_fitness,510.78,15.907855889328562,79.73626627360704,15.381721600166962,79.57117796623727,1650920400,0
2022-04-26 00:00:00,4532117045436,Netflix,food_dining,251.78,15.933968695239926,79.73649324400361,15.117314947018002,80.09002154091316,1650931200,0
2022-04-26 03:00:00,4532117045436,Walmart,gas_transport,379.21,15.904010305482641,79.73523919496226,16.10100657191239,79.2891723973804,1650942000,0
2022-04-26 06:00:00,4532117045436,MakeMyTrip,gas_transport,415.71,15.919235339319776,79.73664960190618,15.921948681225823,79.01255141031683,1650952800,0
2022-04-26 09:00:00,4532117045436,Walmart,travel,449.83,15.91209784744669,79.73496197355529,16.26679604777328,79.99359791293644,1650963600,0
2022-04-26 12:00:00,4532117045436,Shell,grocery_pos,476.51,15.916624806631948,79.73635594300274,15.716953793251816,79.6803000636699,1650974400,0
2022-04-26 15:00:00,4532117045436,Netflix,travel,308.37,15.907807396669714,79.74295700825628,15.583023538489117,80.39360803885074,1650985200,0
2022-04-26 18:00:00,4532117045436,Zomato,entertainment,439.8,15.924513463327084,79.74274849238498,15.86896696602698,79.20736882558738,1650996000,0
2022-04-26 21:00:00,4532117045436,MakeMyTrip,grocery_pos,402.88,15.917168473416535,79.72687070755498,16.26374991698914,80.27734307353468,1651006800,0
2022-04-27 00:00:00,4532117045436,Amazon,shopping_net,612.71,15.917446353930618,79.75791763350013,16.06281993707732,79.44810591434614,1651017600,0
2022-04-27 03:00:00,4532117045436,Shell,shopping_net,300.74,15.913888939590946,79.73456841886146,15.919370283835198,80.1310449325073,1651028400,0
2022-04-27 06:00:00,4532117045436,Walmart,gas_transport,447.39,15.925459612356379,79.74468879703366,16.245091529728416,79.09580316383527,1651039200,0
2022-04-27 09:00:00,4532117045436,Apollo,entertainment,347.19,15.91850151610675,79.72928342266364,15.915424827486014,78.93742945045847,1651050000,0
2022-04-27 12:00:00,4532117045436,Shell,food_dining,729.45,15.916609047162659,79.75462675752179,15.617136776738029,79.9154575653905,1651060800,0
2022-04-27 15:00:00,4532117045436,Shell,entertainment,638.49,15.919426451427906,79.74538192096297,16.36667010399657,79.60240961718743,1651071600,0
2022-04-27 18:00:00,4532117045436,MakeMyTrip,shopping_net,203.65,15.895300221082604,79.74382472446125,15.288719268516422,79.81966991999612,1651082400,0
2022-04-27 21:00:00,4532117045436,Shell,food_dining,330.57,15.914777605036887,79.7382111130787,15.202723857473032,79.25221528972868,1651093200,0
2022-04-28 00:00:00,4532117045436,Shell,entertainment,580.64,15.912259762496006,79.72159940774188,15.900428898288036,79.90403950148932,1651104000,0
2022-04-28 03:00:00,4532117045436,Amazon,entertainment,518.59,15.924585841770408,79.75662821733933,15.955816690854576,80.37695921308475,1651114800,0
2022-04-28 06:00:00,4532117045436,Apollo,food_dining,513.89,15.905889710026138,79.74853690598312,16.029411458692646,80.28833255972428,1651125600,0
2022-04-28 09:00:00,4532117045436,Apollo,shopping_net,2069.38,15.914911057599921,79.73678520883423,30.932624827479106,77.5735805121007,1651136400,1
2022-04-28 12:00:00,4532117045436,Apollo,entertainment,592.68,15.932138404953657,79.74478587326801,16.589442650345074,79.11186150584159,1651147200,0
2022-04-28 15:00:00,4532117045436,Netflix,food_dining,567.15,15.91264284959569,79.72689385315051,15.163627973201281,79.7384666664297,1651158000,0
2022-04-28 18:00:00,4532117045436,Zomato,health_fitness,406.42,15.899597262027067,79.72093452637861,15.980392177260171,80.16374115990625,1651168800,0
2022-04-28 21:00:00,4532117045436,Apollo,health_fitness,270.11,15.934639400510312,79.74016446930182,16.292223082994408,78.89594168339697,1651179600,0
2022-04-29 00:00:00,4532117045436,Shell,shopping_net,196.49,15.905744530628906,79.73202480970997,16.60507586802069,80.04470221773262,1651190400,0
2022-04-29 03:00:00,4532117045436,Shell,food_dining,434.45,15.902502220120986,79.73517392936455,16.580063863663774,80.7451413703863,1651201200,0
2022-04-29 06:00:00,4532117045436,Apollo,health_fitness,174.01,15.90289639737702,79.73947303460326,15.364806561860616,80.05982258934075,1651212000,0
2022-04-29 09:00:00,4532117045436,MakeMyTrip,food_dining,487.65,15.92017664493946,79.72812722494056,16.093969110447294,78.96224555482189,1651222800,0
2022-04-29 12:00:00,4532117045436,Apollo,entertainment,403.8,15.925877799736565,79.7391980972965,15.805877545460907,79.17362883047615,1651233600,0
2022-04-29 15:00:00,4532117045436,Shell,shopping_net,741.59,15.930504030139527,79.72895851075751,15.903425719258951,79.39502765774115,1651244400,0
2022-04-29 18:00:00,4532117045436,Netflix,health_fitness,501.47,15.913053201290612,79.75012472341477,16.479864999595282,79.66748914011283,1651255200,0
2022-04-29 21:00:00,4532117045436,Walmart,travel,445.62,15.903031263030048,79.73899662396215,16.86286475924175,79.91450580690311,1651266000,0
2022-04-30 00:00:00,4532117045436,Walmart,entertainment,207.57,15.907200550679848,79.74527558530546,16.043355397915498,80.10022696361122,1651276800,0
2022-04-30 03:00:00,4532117045436,Apollo,travel,260.65,15.913235840827292,79.72227426829367,14.92003614352589,79.59076245386547,1651287600,0
2022-04-30 06:00:00,4532117045436,Amazon,travel,552.2,15.912688150286394,79.74589757632533,15.078702203642088,79.86801418838684,1651298400,0
2022-04-30 09:00:00,4532117045436,Apollo,grocery_pos,403.04,15.925982981667122,79.75497223691171,15.889650153342263,79.19930093325952,1651309200,0
2022-04-30 12:00:00,4532117045436,MakeMyTrip,grocery_pos,830.31,15.899723863098673,79.74117610788038,16.411682276187122,79.3870043932834,1651320000,0
2022-04-30 15:00:00,4532117045436,Apollo,shopping_net,437.54,15.901745238480547,79.74522141108775,15.520182258380418,80.18248039821005,1651330800,0
2022-04-30 18:00:00,4532117045436,Walmart,health_fitness,475.34,15.90980190212838,79.73761915435922,15.817312324198712,79.96607140315048,1651341600,0
2022-04-30 21:00:00,4532117045436,Shell,health_fitness,252.47,15.916592041424911,79.74375287622624,16.7218542509436,80.02847462554978,1651352400,0
2022-05-01 00:00:00,4532117045436,Apollo,health_fitness,592.11,15.908473437331208,79.75601182512624,15.714659969737978,79.22034724076586,1651363200,0
2022-05-01 03:00:00,4532117045436,Shell,food_dining,311.14,15.907659170908497,79.76246257846904,16.78932486454125,79.72104758993507,1651374000,0
2022-05-01 06:00:00,4532117045436,Shell,entertainment,528.66,15.92463746419307,79.74317180562049,15.697761820752145,79.78267214525505,1651384800,0
2022-05-01 09:00:00,4532117045436,Amazon,health_fitness,571.77,15.91761953056388,79.72980318821838,16.36503511581155,79.90147826467306,1651395600,0
2022-05-01 12:00:00,4532117045436,Shell,entertainment,464.28,15.90305277222528,79.74623306954825,15.951326766096907,80.2486311968795,1651406400,0
2022-05-01 15:00:00,4532117045436,Walmart,shopping_net,713.55,15.90780291699147,79.72762357220779,16.30121720362954,79.76256269593519,1651417200,0
2022-05-01 18:00:00,4532117045436,Netflix,travel,358.39,15.918068170347235,79.73375581523983,16.917220520450023,80.53516643856828,1651428000,0
2022-05-01 21:00:00,4532117045436,Netflix,health_fitness,701.33,15.900289776542119,79.73489813502084,16.1227353174181,78.75738568328124,1651438800,0
2022-05-02 00:00:00,4532117045436,Zomato,shopping_net,259.36,15.918007331209186,79.76041174866037,16.543436798894245,79.58585705996488,1651449600,0
2022-05-02 03:00:00,4532117045436,MakeMyTrip,health_fitness,569.85,15.90946201913749,79.75428709157381,15.465584289019974,80.25619133526541,1651460400,0
2022-05-02 06:00:00,4532117045436,Apollo,grocery_pos,428.64,15.916528082765527,79.75221626546548,15.447186101685459,79.36679547293427,1651471200,0
2022-05-02 09:00:00,4532117045436,MakeMyTrip,gas_transport,343.78,15.914098644777551,79.7482077201687,15.096683227752935,80.1568655884919,1651482000,0
2022-05-02 12:00:00,4532117045436,Walmart,shopping_net,200.81,15.901726456853908,79.73091590486524,15.385076596790682,79.78894047452539,1651492800,0
2022-05-02 15:00:00,4532117045436,Shell,health_fitness,410.9,15.90653380293113,79.74236217104956,16.671533326020185,80.6891110258963,1651503600,0
2022-05-02 18:00:00,4532117045436,Netflix,gas_transport,401.43,15.927374009983499,79.75837917614638,16.078631074217803,79.66441657592877,1651514400,0
2022-05-02 21:00:00,4532117045436,MakeMyTrip,shopping_net,475.94,15.936613218080879,79.7444753677073,15.779198962354807,79.67041755263648,1651525200,0
2022-05-03 00:00:00,4532117045436,Walmart,food_dining,558.72,15.895427578123147,79.75030147461797,16.01499750643828,80.64059541341601,1651536000,0
2022-05-03 03:00:00,4532117045436,Netflix,health_fitness,328.73,15.923331231160002,79.7239017215324,16.252998277210242,79.55927280463865,1651546800,0
2022-05-03 06:00:00,4532117045436,Shell,food_dining,713.74,15.915856167387853,79.74721875824905,16.302152992192195,80.26812594447522,1651557600,0
2022-05-03 09:00:00,4532117045436,MakeMyTrip,grocery_pos,369.22,15.933722832564744,79.72945666915969,16.02218869761157,79.8937903645279,1651568400,0
2022-05-03 12:00:00,4532117045436,Netflix,health_fitness,540.33,15.907314881559104,79.73779097991144,16.60425871634438,80.2835843740078,1651579200,0
2022-05-03 15:00:00,4532117045436,Apollo,travel,463.53,15.921882838005505,79.75422031622028,15.427519278534302,79.56546318819615,1651590000,0
2022-05-03 18:00:00,4532117045436,Apollo,grocery_pos,420.19,15.909873567536437,79.74347163030932,15.737567063086672,79.68673523551655,1651600800,0
2022-05-03 21:00:00,4532117045436,Zomato,gas_transport,456.01,15.925714032104725,79.74815015916487,16.49803138743556,79.55623756609954,1651611600,0
2022-05-04 00:00:00,4532117045436,Zomato,shopping_net,308.96,15.936012878648194,79.73815019260807,16.39107865175881,78.75307437485323,1651622400,0
2022-05-04 03:00:00,4532117045436,Netflix,entertainment,391.87,15.915030652209788,79.7207398693316,16.09831443729179,79.60746859093062,1651633200,0
2022-05-04 06:00:00,4532117045436,Walmart,grocery_pos,249.04,15.901510376174022,79.7306471701257,15.6414416184489,81.34100067854692,1651644000,0
2022-05-04 09:00:00,4532117045436,Apollo,entertainment,367.61,15.9270387277293,79.74680242932162,16.30668372424513,79.37383178585782,1651654800,0
2022-05-04 12:00:00,4532117045436,Walmart,entertainment,380.0,15.918554821696805,79.74334713710417,15.458319219468015,79.81298340573719,1651665600,0
2022-05-04 15:00:00,4532117045436,Walmart,shopping_net,576.78,15.916680327533586,79.75662434938333,16.503907784854434,80.33558268245122,1651676400,0
2022-05-04 18:00:00,4532117045436,Netflix,gas_transport,400.21,15.928732386080588,79.74126603182444,16.673761449754284,80.00076257037426,1651687200,0
2022-05-04 21:00:00,4532117045436,Walmart,shopping_net,382.79,15.901523635301336,79.7310719572382,15.624840792804331,79.70121603115322,1651698000,0
2022-05-05 00:00:00,4532117045436,Apollo,health_fitness,483.01,15.905738180551653,79.73974175390994,17.207064655166437,79.2928809551266,1651708800,0
2022-05-05 03:00:00,4532117045436,Shell,grocery_pos,477.13,15.918842653450096,79.74997827607592,15.414232711879153,80.46117344204575,1651719600,0
2022-05-05 06:00:00,4532117045436,Zomato,entertainment,361.34,15.905515215729743,79.7224290456403,15.818385954444228,80.29431008884184,1651730400,0
2022-05-05 09:00:00,4532117045436,Shell,shopping_net,509.13,15.909739906245127,79.7434564793722,15.806078380180951,80.4492699862734,1651741200,0
2022-05-05 12:00:00,4532117045436,Walmart,shopping_net,423.2,15.925647676952781,79.7273950622328,15.8609929514213,80.39926843863252,1651752000,0
2022-05-05 15:00:00,4532117045436,Shell,shopping_net,361.1,15.917229535655286,79.74162713254792,16.625314893585738,79.02623963118181,1651762800,0
2022-05-05 18:00:00,4532117045436,Apollo,grocery_pos,375.68,15.90111172410835,79.74726443933179,16.131765087007384,79.56409868990616,1651773600,0
2022-05-05 21:00:00,4532117045436,Apollo,gas_transport,5465.85,15.91698035817576,79.74551873705185,28.777068035120422,76.42002771139506,1651784400,1
2022-05-06 00:00:00,4532117045436,Walmart,travel,380.19,15.92529073207632,79.75340388523713,15.967417828810978,79.26440801227466,1651795200,0
2022-05-06 03:00:00,4532117045436,Netflix,shopping_net,489.17,15.914615380625165,79.74250730663147,16.24450640503014,79.42491867346942,1651806000,0
2022-05-06 06:00:00,4532117045436,Shell,grocery_pos,257.64,15.921617985314837,79.74513582077039,16.173311592992995,80.06028803206533,1651816800,0
2022-05-06 09:00:00,4532117045436,Netflix,entertainment,617.3,15.907729897598163,79.74548553962592,16.523991058252577,80.03967393767867,1651827600,0
2022-05-06 12:00:00,4532117045436,Netflix,health_fitness,362.55,15.915498783464821,79.73030275397991,15.957594656985734,80.62043926753847,1651838400,0
2022-05-06 15:00:00,4532117045436,Amazon,travel,510.04,15.897132357074206,79.73872521262795,16.312698188486028,79.37938177003684,1651849200,0
2022-05-06 18:00:00,4532117045436,Walmart,food_dining,412.26,15.919197322796636,79.7154101164599,15.841726661196358,79.27498911657061,1651860000,0
2022-05-06 21:00:00,4532117045436,Zomato,travel,508.33,15.916501305894752,79.7437688081837,15.589519649273466,80.78907233309101,1651870800,0
2022-05-07 00:00:00,4532117045436,Apollo,travel,516.52,15.899997342787627,79.71248420276011,15.342216039733428,79.61713641879082,1651881600,0
2022-05-07 03:00:00,4532117045436,Apollo,grocery_pos,428.3,15.928108792618405,79.74849095861107,16.696143076226164,78.78991665205187,1651892400,0
2022-05-07 06:00:00,4532117045436,Walmart,food_dining,170.11,15.918611343550209,79.75653311569138,15.15847870447024,79.93982494745981,1651903200,0
2022-05-07 09:00:00,4532117045436,MakeMyTrip,shopping_net,613.65,15.905973253819136,79.74498726776281,16.039922965677604,79.2024983003453,1651914000,0
2022-05-07 12:00:00,4532117045436,MakeMyTrip,shopping_net,429.01,15.919461275961629,79.74653076260337,16.117721844244272,79.54686159857185,1651924800,0
2022-05-07 15:00:00,4532117045436,MakeMyTrip,travel,505.2,15.903055646662258,79.75204871992197,15.422556030723605,79.03117848285264,1651935600,0
2022-05-07 18:00:00,4532117045436,Zomato,grocery_pos,553.76,15.904438623553698,79.73565167664582,16.363375268589056,80.29573692559332,1651946400,0
2022-05-07 21:00:00,4532117045436,Apollo,food_dining,381.42,15.903107686798435,79.72727505778346,15.2376605221072,79.94410532716745,1651957200,0
2022-05-08 00:00:00,4532117045436,Walmart,shopping_net,527.57,15.9028189819662,79.73914012639845,15.623057658407845,79.09515648147425,1651968000,0
2022-05-08 03:00:00,4532117045436,Apollo,entertainment,337.86,15.917276128442012,79.73237075147783,16.395245210403093,79.83917409078096,1651978800,0
2022-05-08 06:00:00,4532117045436,Netflix,gas_transport,508.13,15.913845245498122,79.74076762025348,15.26251923562067,80.07554802401869,1651989600,0
2022-05-08 09:00:00,4532117045436,Shell,gas_transport,452.96,15.920382212191694,79.74254738063017,16.321389959286023,79.63417202531551,1652000400,0
2022-05-08 12:00:00,4532117045436,Shell,shopping_net,386.63,15.884703141233038,79.73521781997779,16.470791642930564,80.56769022992579,1652011200,0
2022-05-08 15:00:00,4532117045436,Apollo,food_dining,457.05,15.90898460602167,79.73286281034625,16.449461889553437,80.26074534688759,1652022000,0
2022-05-08 18:00:00,4532117045436,Amazon,health_fitness,291.72,15.90912595254077,79.71845868406079,16.10008817599807,79.49909424542459,1652032800,0
2022-05-08 21:00:00,4532117045436,Zomato,shopping_net,496.36,15.91342634289169,79.73831184162417,15.493626357810749,79.62664827181926,1652043600,0
2022-05-09 00:00:00,4532117045436,MakeMyTrip,health_fitness,511.92,15.913167717385823,79.73563152956143,15.417784134312141,79.12169019505131,1652054400,0
2022-05-09 03:00:00,4532117045436,Zomato,health_fitness,501.85,15.915180852948094,79.7363406166945,15.661213215424437,78.89168579770002,1652065200,0
2022-05-09 06:00:00,4532117045436,Zomato,food_dining,675.33,15.913788146662045,79.74731635511557,14.380110454888332,79.30482414492843,1652076000,0
2022-05-09 09:00:00,4532117045436,Netflix,health_fitness,435.75,15.908312024928554,79.75965275392414,15.924507029958532,79.38862288906434,1652086800,0
2022-05-09 12:00:00,4532117045436,Zomato,entertainment,446.08,15.908904537423135,79.73643120610909,15.855338569988518,80.40323718928317,1652097600,0
2022-05-09 15:00:00,4532117045436,Shell,food_dining,274.46,15.91237180803021,79.74386053289174,15.950842753860746,79.0526226825323,1652108400,0
2022-05-09 18:00:00,4532117045436,Netflix,shopping_net,685.87,15.917946433208861,79.74254039066462,15.792793057486122,79.78867489805315,1652119200,0
2022-05-09 21:00:00,4532117045436,Walmart,travel,225.28,15.913750978973152,79.7513464986443,16.00124684171325,79.84725606788095,1652130000,0
2022-05-10 00:00:00,4532117045436,Zomato,entertainment,3012.42,15.905048150996267,79.73088222025825,27.400015043551644,77.66314862784184,1652140800,1
2022-05-10 03:00:00,4532117045436,Zomato,grocery_pos,357.78,15.904518736840208,79.73058708329462,15.182858251604012,80.24974894033325,1652151600,0
2022-05-10 06:00:00,4532117045436,Walmart,gas_transport,459.35,15.917998955592521,79.7317522154063,16.052877249217023,79.58371527751639,1652162400,0
2022-05-10 09:00:00,4532117045436,Zomato,shopping_net,253.79,15.920473927118993,79.71732491053402,15.902355613056953,79.4436712731695,1652173200,0
2022-05-10 12:00:00,4532117045436,Walmart,shopping_net,583.75,15.923610142364407,79.73953995075408,15.049992638957585,80.56116167233625,1652184000,0
2022-05-10 15:00:00,4532117045436,Netflix,shopping_net,306.72,15.90799073919332,79.7294735131001,16.36031281323011,79.3190179915275,1652194800,0
2022-05-10 18:00:00,4532117045436,Shell,entertainment,624.94,15.894123163963597,79.74251177692304,15.763753155907585,80.12923949400196,1652205600,0
2022-05-10 21:00:00,4532117045436,Walmart,grocery_pos,310.86,15.91671644795441,79.71607587905547,16.230715199165584,79.4561222566033,1652216400,0
2022-05-11 00:00:00,4532117045436,Amazon,travel,596.28,15.905743681487543,79.73942990866524,15.890755282186419,79.13240472303184,1652227200,0
2022-05-11 03:00:00,4532117045436,Walmart,food_dining,325.36,15.911866296402787,79.73743829451371,15.022798289362727,79.57478540992899,1652238000,0
2022-05-11 06:00:00,4532117045436,Zomato,grocery_pos,357.81,15.91438229887189,79.73455037374923,16.0381593698792,80.917876754589,1652248800,0
2022-05-11 09:00:00,4532117045436,MakeMyTrip,entertainment,449.72,15.918436496640222,79.74998204981385,16.161103716761843,79.01810468965984,1652259600,0
2022-05-11 12:00:00,4532117045436,MakeMyTrip,shopping_net,3238.29,15.921831988471798,79.73195391180758,28.42704419200185,77.08580953323727,1652270400,1
2022-05-11 15:00:00,4532117045436,Netflix,gas_transport,318.39,15.924596348936454,79.74303731621667,16.372371350504245,80.35454471793517,1652281200,0
2022-05-11 18:00:00,4532117045436,Apollo,shopping_net,324.55,15.926093185186417,79.73368169310103,16.51205839476878,79.2700915849938,1652292000,0
2022-05-11 21:00:00,4532117045436,Netflix,food_dining,497.83,15.913940464252716,79.75659041023101,16.281073026807004,79.4390386421787,1652302800,0
2022-05-12 00:00:00,4532117045436,Apollo,health_fitness,449.93,15.896013572654313,79.73863040385294,15.667077261528926,79.80733396996351,1652313600,0
2022-05-12 03:00:00,4532117045436,MakeMyTrip,gas_transport,457.89,15.906804595311652,79.74675807975676,15.678885994115758,79.62757156675082,1652324400,0
2022-05-12 06:00:00,4532117045436,MakeMyTrip,shopping_net,401.31,15.926981260863514,79.74609691514144,16.407368940644634,79.99443015178977,1652335200,0
2022-05-12 09:00:00,4532117045436,Walmart,travel,532.3,15.914387595579482,79.75145628776171,15.71870126414682,79.60862832799872,1652346000,0
2022-05-12 12:00:00,4532117045436,Shell,gas_transport,607.51,15.934683746100236,79.74146083259116,16.17781797513336,79.74288833815773,1652356800,0
2022-05-12 15:00:00,4532117045436,Amazon,health_fitness,536.34,15.909110146028157,79.72682539105813,16.767570069212297,79.67463434904482,1652367600,0
2022-05-12 18:00:00,4532117045436,Netflix,grocery_pos,418.65,15.936028630356741,79.74442981729506,15.603940050634105,79.33119646938356,1652378400,0
2022-05-12 21:00:00,4532117045436,Zomato,entertainment,266.88,15.912884916147311,79.74277138644766,16.27705070523998,78.81492015767827,1652389200,0
2022-05-13 00:00:00,4532117045436,Apollo,shopping_net,153.44,15.908702467183987,79.7096382189304,15.51138192505733,80.70094472472003,1652400000,0
2022-05-13 03:00:00,4532117045436,Zomato,food_dining,440.27,15.905783334603907,79.72328076226604,16.20610140513591,79.32575482890405,1652410800,0
2022-05-13 06:00:00,4532117045436,Shell,grocery_pos,151.02,15.919498539770203,79.74705941349751,16.71974652855736,79.35566540639654,1652421600,0
2022-05-13 09:00:00,4532117045436,Apollo,shopping_net,420.1,15.898769460472135,79.75420394494795,16.582281329385204,79.83919783084067,1652432400,0
2022-05-13 12:00:00,4532117045436,Netflix,grocery_pos,660.39,15.907402442700834,79.73917300246873,15.720349188159668,79.22279236367362,1652443200,0
2022-05-13 15:00:00,4532117045436,Walmart,food_dining,276.98,15.912374183178347,79.74809231953587,16.699766534166518,80.19787038833852,1652454000,0
2022-05-13 18:00:00,4532117045436,Zomato,shopping_net,257.08,15.89032163211458,79.74109159940244,15.80052245905758,79.86730517361643,1652464800,0
2022-05-13 21:00:00,4532117045436,Shell,health_fitness,545.54,15.911925641239987,79.74036407406639,17.05713750378567,79.60438244120874,1652475600,0
2022-05-14 00:00:00,4532117045436,Netflix,health_fitness,29.14,15.930104965238904,79.73856821230103,15.929110564298265,79.49016207099788,1652486400,0
2022-05-14 03:00:00,4532117045436,MakeMyTrip,food_dining,507.27,15.917219550304898,79.74080722485203,16.244315045846317,79.1397709127668,1652497200,0
2022-05-14 06:00:00,4532117045436,MakeMyTrip,gas_transport,670.28,15.906319543455027,79.74388405667396,16.22911839484436,79.89666572062163,1652508000,0
2022-05-14 09:00:00,4532117045436,Netflix,food_dining,319.13,15.908121246945733,79.7359828461675,15.365940103758389,79.80809888535285,1652518800,0
2022-05-14 12:00:00,4532117045436,Netflix,gas_transport,293.36,15.916271454144725,79.75246699825016,16.601033104585298,79.41699516850818,1652529600,0
2022-05-14 15:00:00,4532117045436,Netflix,shopping_net,538.5,15.907792528650813,79.72999794774914,16.02267200481244,80.00204403895017,1652540400,0
2022-05-14 18:00:00,4532117045436,Apollo,gas_transport,274.39,15.91758559799082,79.75701144765192,15.634950451003032,80.53026463094005,1652551200,0
2022-05-14 21:00:00,4532117045436,Netflix,shopping_net,571.62,15.907510247914832,79.73784508473251,15.537253189656033,79.74734967424602,1652562000,0
2022-05-15 00:00:00,4532117045436,Zomato,shopping_net,286.6,15.902657073144924,79.73947965569374,15.611553369734212,79.61638150581399,1652572800,0
2022-05-15 03:00:00,4532117045436,Shell,travel,715.26,15.924707954288097,79.7337233285867,15.874423992644248,79.25968244503426,1652583600,0
2022-05-15 06:00:00,4532117045436,Apollo,entertainment,549.35,15.919990397677031,79.74409422211544,15.379297910066908,79.66045211164315,1652594400,0
2022-05-15 09:00:00,4532117045436,Netflix,shopping_net,455.71,15.89401570530569,79.7362334042819,15.50470756412987,79.53030056786355,1652605200,0
2022-05-15 12:00:00,4532117045436,Amazon,gas_transport,706.61,15.909531418257956,79.73524574770283,15.04882182983884,79.21673132377754,1652616000,0
2022-05-15 15:00:00,4532117045436,Amazon,entertainment,604.73,15.923329391794871,79.7461297112197,15.508256092063293,79.96562269851668,1652626800,0
2022-05-15 18:00:00,4532117045436,Shell,entertainment,505.29,15.911238593600691,79.7516117770106,16.59508804709861,79.87669907104626,1652637600,0
2022-05-15 21:00:00,4532117045436,MakeMyTrip,shopping_net,170.52,15.907094507282212,79.72957894424245,16.513533021605326,79.77819783052713,1652648400,0
2022-05-16 00:00:00,4532117045436,Walmart,food_dining,344.78,15.91037455877785,79.74825578246593,16.04793017994545,79.55889378439464,1652659200,0
2022-05-16 03:00:00,4532117045436,Walmart,food_dining,612.81,15.914009174079942,79.7524789167042,16.9660571659952,80.2007187660981,1652670000,0
2022-05-16 06:00:00,4532117045436,MakeMyTrip,health_fitness,254.98,15.911103642985116,79.72235007033854,16.5203196064689,78.86484785308997,1652680800,0
2022-05-16 09:00:00,4532117045436,Apollo,entertainment,2877.5,15.912073233231402,79.7315392603018,29.201591866852826,75.49068072925631,1652691600,1
2022-05-16 12:00:00,4532117045436,Apollo,shopping_net,4103.85,15.911400602202326,79.75223831554668,28.315285236932684,77.76523321499229,1652702400,1
2022-05-16 15:00:00,4532117045436,Apollo,travel,510.35,15.903163815892354,79.74373155600564,15.957296018712611,80.37219172687293,1652713200,0
2022-05-16 18:00:00,4532117045436,Walmart,food_dining,594.54,15.902648404348495,79.75709290670684,15.283221254065523,79.8002602999271,1652724000,0
2022-05-16 21:00:00,4532117045436,Amazon,travel,594.69,15.902000439738627,79.73822690445128,15.779646395556018,79.80354943900842,1652734800,0
2022-05-17 00:00:00,4532117045436,Walmart,shopping_net,322.08,15.913814995104575,79.7347396853921,14.615602808202492,79.21639403917294,1652745600,0
2022-05-17 03:00:00,4532117045436,Zomato,shopping_net,508.3,15.918727655308686,79.75361362818704,15.3657107427076,78.6677631349858,1652756400,0
2022-05-17 06:00:00,4532117045436,Netflix,entertainment,315.02,15.903486968330274,79.7316438624927,16.60689408418303,79.25268292098703,1652767200,0
2022-05-17 09:00:00,4532117045436,Apollo,travel,418.42,15.897898801698089,79.73755936348621,15.951611180970858,80.06214046513645,1652778000,0
2022-05-17 12:00:00,4532117045436,Amazon,health_fitness,2968.98,15.904186809038295,79.74559483479302,30.498929612005803,74.46778776808237,1652788800,1
2022-05-17 15:00:00,4532117045436,Shell,entertainment,5773.21,15.926924035423657,79.74658463718008,28.369818637934713,77.12348696446668,1652799600,1
2022-05-17 18:00:00,4532117045436,Shell,grocery_pos,127.59,15.909768911339848,79.73202347419952,16.215082657934737,78.95691114557876,1652810400,0
2022-05-17 21:00:00,4532117045436,Netflix,travel,464.8,15.910759150533744,79.74260684236486,16.683932429115846,79.28739420492514,1652821200,0
2022-05-18 00:00:00,4532117045436,Amazon,food_dining,661.09,15.904922870208933,79.73709096541096,16.802040415822653,80.30997737872258,1652832000,0
2022-05-18 03:00:00,4532117045436,Walmart,food_dining,484.83,15.918617058065859,79.72317273155099,16.303511765236,79.43703715470045,1652842800,0
2022-05-18 06:00:00,4532117045436,Walmart,food_dining,462.39,15.911666642816261,79.73538920025644,15.155584989654082,80.19718060593898,1652853600,0
2022-05-18 09:00:00,4532117045436,Zomato,gas_transport,365.55,15.905633611217981,79.72365711620004,17.053080326746077,79.44948512795271,1652864400,0
2022-05-18 12:00:00,4532117045436,Zomato,shopping_net,657.11,15.902590893728156,79.73340541056784,16.589592494785933,80.46060439963694,1652875200,0
2022-05-18 15:00:00,4532117045436,Walmart,entertainment,372.48,15.91667847589616,79.72798401888168,16.337498972252444,79.91452641562019,1652886000,0
2022-05-18 18:00:00,4532117045436,Shell,food_dining,434.98,15.915539851545995,79.74773824903355,15.90456366490864,79.50962904268309,1652896800,0
2022-05-18 21:00:00,4532117045436,Apollo,grocery_pos,379.47,15.900517193115265,79.74300363942815,15.137979084546137,79.65908255398068,1652907600,0
2022-05-19 00:00:00,4532117045436,Shell,food_dining,466.23,15.92517382188363,79.75538621874026,15.63288576282137,79.01922782974843,1652918400,0
2022-05-19 03:00:00,4532117045436,Zomato,health_fitness,663.85,15.906481116253584,79.73078234906198,15.88744381862823,79.4844881759286,1652929200,0
2022-05-19 06:00:00,4532117045436,Netflix,shopping_net,314.08,15.890652466519619,79.74123275716715,15.712448631011886,80.45028374802723,1652940000,0
2022-05-19 09:00:00,4532117045436,Walmart,travel,466.88,15.928186344158295,79.72897026594873,16.459628046539216,79.9196541232841,1652950800,0
2022-05-19 12:00:00,4532117045436,Zomato,shopping_net,508.66,15.911874578014666,79.73368417978142,15.874639396716157,78.69612007278677,1652961600,0
2022-05-19 15:00:00,4532117045436,Zomato,travel,2248.51,15.917244706000274,79.73600533310565,28.156615343400304,77.84021122316993,1652972400,1
2022-05-19 18:00:00,4532117045436,Apollo,travel,441.15,15.929622862453385,79.75973647453017,16.16326279033916,79.82402984664846,1652983200,0
2022-05-19 21:00:00,4532117045436,Walmart,entertainment,727.7,15.902873785506237,79.7436389015251,15.498288290147034,80.11528382330391,1652994000,0
2022-05-20 00:00:00,4532117045436,Apollo,gas_transport,184.73,15.917693354494414,79.73872237212098,15.097033501720519,79.55257433960476,1653004800,0
2022-05-20 03:00:00,4532117045436,Walmart,travel,386.82,15.924653283441499,79.75079009675362,16.167617444915948,79.67997590502407,1653015600,0
2022-05-20 06:00:00,4532117045436,Apollo,travel,4335.33,15.90355489323395,79.746729952174,30.711717098408467,75.51199832984013,1653026400,1
2022-05-20 09:00:00,4532117045436,Shell,entertainment,393.61,15.927506568358409,79.73943917013574,15.991309415520332,79.61837407439383,1653037200,0
2022-05-20 12:00:00,4532117045436,Netflix,food_dining,882.94,15.898808403202812,79.74675193979306,16.601017770364834,79.37565075978424,1653048000,0
2022-05-20 15:00:00,4532117045436,Netflix,health_fitness,532.3,15.911946350582163,79.73694241414601,16.03839199867356,80.15786981592774,1653058800,0
2022-05-20 18:00:00,4532117045436,Walmart,grocery_pos,293.34,15.902146631457416,79.76985639811035,16.197496961762855,80.16721183185581,1653069600,0
2022-05-20 21:00:00,4532117045436,Amazon,entertainment,99.49,15.919858429170025,79.75220012823664,15.921479054132513,78.65958848890175,1653080400,0
2022-05-21 00:00:00,4532117045436,MakeMyTrip,gas_transport,501.04,15.903246057150847,79.73593407320631,16.31788883598274,79.86946832321502,1653091200,0
2022-05-21 03:00:00,4532117045436,Zomato,entertainment,336.66,15.906726909769429,79.74759242484241,14.846751982076022,79.2363121434346,1653102000,0
2022-05-21 06:00:00,4532117045436,Zomato,shopping_net,643.33,15.904110345863575,79.74548890482116,15.525724506470347,79.93995566237577,1653112800,0
2022-05-21 09:00:00,4532117045436,Walmart,food_dining,408.77,15.900880640683802,79.74283109636742,15.71981863254611,80.21629299445934,1653123600,0
2022-05-21 12:00:00,4532117045436,Apollo,food_dining,364.75,15.905230348828498,79.74514785370216,15.673182812012621,80.0496226681912,1653134400,0
2022-05-21 15:00:00,4532117045436,Amazon,travel,362.21,15.912446683414116,79.7318756432413,15.51709348600413,80.0989723377488,1653145200,0
2022-05-21 18:00:00,4532117045436,Shell,food_dining,597.98,15.911897841169816,79.73564942230327,15.87190703557259,79.40982086698563,1653156000,0
2022-05-21 21:00:00,4532117045436,Apollo,food_dining,512.34,15.910735268706016,79.75658691464025,15.845060282295794,79.51121220993141,1653166800,0
2022-05-22 00:00:00,4532117045436,Apollo,food_dining,713.39,15.906234568893657,79.74204018898793,15.871653551026341,80.03634409129474,1653177600,0
2022-05-22 03:00:00,4532117045436,Walmart,food_dining,417.73,15.909339666923369,79.73299749495474,16.013129250997387,79.77546730119091,1653188400,0
2022-05-22 06:00:00,4532117045436,Walmart,grocery_pos,579.34,15.89704414118276,79.73859818411205,16.161795334837535,78.96828248723646,1653199200,0
2022-05-22 09:00:00,4532117045436,Zomato,gas_transport,581.91,15.90591013228883,79.73465821480465,15.52492125788801,80.18570816870567,1653210000,0
2022-05-22 12:00:00,4532117045436,Walmart,travel,551.07,15.910682383303676,79.74897726311809,15.651728018303407,79.00829652064448,1653220800,0
2022-05-22 15:00:00,4532117045436,Walmart,food_dining,373.52,15.915843569393852,79.73439161262749,16.374264534936355,79.90238185165546,1653231600,0
2022-05-22 18:00:00,4532117045436,Walmart,travel,521.01,15.914622627582004,79.74044134448864,15.441927752484018,79.84363435993188,1653242400,0
2022-05-22 21:00:00,4532117045436,Zomato,gas_transport,435.41,15.900620201886223,79.7333748131787,15.508929132456073,80.33078870704045,1653253200,0
2022-05-23 00:00:00,4532117045436,Shell,health_fitness,431.47,15.917177872656378,79.76207907967985,15.526417251544554,79.6221131156876,1653264000,0
2022-05-23 03:00:00,4532117045436,Shell,food_dining,329.13,15.914122502313775,79.74629218965556,15.812958469914323,78.72551858096045,1653274800,0
2022-05-23 06:00:00,4532117045436,MakeMyTrip,travel,131.95,15.9273016698518,79.74589594329238,16.411968018110276,79.81164711220354,1653285600,0
2022-05-23 09:00:00,4532117045436,MakeMyTrip,entertainment,637.26,15.897955990604771,79.74697827390402,16.17484938552817,79.9063011145814,1653296400,0
2022-05-23 12:00:00,4532117045436,Walmart,travel,514.73,15.911535230907043,79.73605379806332,15.476434491178368,80.27681215592482,1653307200,0
2022-05-23 15:00:00,4532117045436,MakeMyTrip,food_dining,248.52,15.923213063853257,79.75521268103873,16.81951660359583,79.47604764542349,1653318000,0
2022-05-23 18:00:00,4532117045436,Zomato,shopping_net,557.66,15.909935741279744,79.73932318799372,15.565076074263263,80.091597445134,1653328800,0
2022-05-23 21:00:00,4532117045436,Shell,grocery_pos,640.22,15.903765441798207,79.7577280546592,15.102288508929952,80.18851683326727,1653339600,0
2022-05-24 00:00:00,4532117045436,Apollo,entertainment,566.65,15.90473939013829,79.73675195571953,16.824994708558275,79.3739222438263,1653350400,0
2022-05-24 03:00:00,4532117045436,Shell,entertainment,316.25,15.920747906543035,79.7471548038409,15.494474024994497,79.89850082456324,1653361200,0
2022-05-24 06:00:00,4532117045436,Shell,shopping_net,340.2,15.897419119746393,79.74166822292867,15.857448354459295,79.00401425942043,1653372000,0
2022-05-24 09:00:00,4532117045436,Zomato,food_dining,367.82,15.909567696028414,79.74267645178253,15.845907679580533,80.0220516142571,1653382800,0
2022-05-24 12:00:00,4532117045436,MakeMyTrip,grocery_pos,579.16,15.904139305004895,79.72329982386114,16.203777068583403,79.85119342941297,1653393600,0
2022-05-24 15:00:00,4532117045436,Apollo,entertainment,521.84,15.904890642763037,79.73016800023099,14.994412393434839,79.12065191951652,1653404400,0
2022-05-24 18:00:00,4532117045436,Zomato,grocery_pos,868.54,15.917316008598332,79.75509955195663,15.762556467901263,79.54153286978219,1653415200,0
2022-05-24 21:00:00,4532117045436,Walmart,entertainment,3476.11,15.908947072231395,79.72711180958218,28.546492554351257,77.14793996540094,1653426000,1
2022-05-25 00:00:00,4532117045436,Netflix,food_dining,442.11,15.915230340782655,79.74892030468322,16.619755895387485,79.83992419080951,1653436800,0
2022-05-25 03:00:00,4532117045436,Shell,health_fitness,160.84,15.900479927840603,79.76599979209243,15.641120489327552,79.3986019127027,1653447600,0
2022-05-25 06:00:00,4532117045436,Netflix,entertainment,539.5,15.921198985904644,79.7455301071315,15.752530437906831,79.35610808432418,1653458400,0
2022-05-25 09:00:00,4532117045436,Zomato,health_fitness,610.03,15.915026740161418,79.76126747862111,16.292979765087303,80.24158239091417,1653469200,0
2022-05-25 12:00:00,4532117045436,Zomato,entertainment,666.32,15.92528007967669,79.74692112719522,16.168600031793485,79.49448056812983,1653480000,0
2022-05-25 15:00:00,4532117045436,Zomato,gas_transport,478.28,15.908830495841729,79.74262857301999,15.550878397872083,79.85030740511472,1653490800,0
2022-05-25 18:00:00,4532117045436,Netflix,food_dining,163.0,15.917395626610846,79.74374645166914,16.12710304629911,79.53351288636804,1653501600,0
2022-05-25 21:00:00,4532117045436,Zomato,shopping_net,442.48,15.920733969163546,79.7382262224017,15.544210724603975,78.63390059954752,1653512400,0
2022-05-26 00:00:00,4532117045436,Walmart,health_fitness,515.52,15.91719895034705,79.73791891265951,16.314516528117384,79.41338164481363,1653523200,0
2022-05-26 03:00:00,4532117045436,Zomato,shopping_net,299.23,15.929877891907358,79.73474839181533,15.83278826447229,80.30898230604838,1653534000,0
2022-05-26 06:00:00,4532117045436,Amazon,food_dining,410.25,15.896267816989527,79.74423197507858,15.28457541710303,80.81197390713284,1653544800,0
2022-05-26 09:00:00,4532117045436,MakeMyTrip,travel,258.44,15.91464650917898,79.76200385161906,14.84123968111002,79.35331468021661,1653555600,0
2022-05-26 12:00:00,4532117045436,Netflix,shopping_net,358.09,15.908841455803234,79.75424472628765,15.724890880935265,79.90666273706225,1653566400,0
2022-05-26 15:00:00,4532117045436,Amazon,food_dining,586.87,15.9081231014511,79.74204875156458,15.521051552274509,80.90437326815359,1653577200,0
2022-05-26 18:00:00,4532117045436,Zomato,shopping_net,552.02,15.92783534509823,79.74614209694157,15.793089759247662,80.34047674841915,1653588000,0
2022-05-26 21:00:00,4532117045436,Walmart,health_fitness,6671.39,15.906697878655066,79.73914606339386,27.298730861580058,77.07925438159322,1653598800,1
2022-05-27 00:00:00,4532117045436,Shell,gas_transport,344.25,15.921428265125181,79.75421460382726,14.956026557565169,79.6077073178296,1653609600,0
2022-05-27 03:00:00,4532117045436,Apollo,shopping_net,458.56,15.90235916246804,79.72367702078655,15.547963510621267,79.8688413286943,1653620400,0
2022-05-27 06:00:00,4532117045436,MakeMyTrip,health_fitness,483.98,15.92309513438053,79.75930593077693,15.848216099966463,80.37635630612382,1653631200,0
2022-05-27 09:00:00,4532117045436,Apollo,entertainment,350.57,15.912675482718159,79.73454751810814,15.962923339433484,79.13837563288493,1653642000,0
2022-05-27 12:00:00,4532117045436,Zomato,food_dining,521.47,15.910072394842938,79.73615950758271,16.312014134827184,80.12710827090918,1653652800,0
2022-05-27 15:00:00,4532117045436,MakeMyTrip,grocery_pos,444.71,15.897532454518078,79.72777277962632,16.398172603543372,80.09178331876524,1653663600,0
2022-05-27 18:00:00,4532117045436,MakeMyTrip,travel,63.51,15.910093174091509,79.74154751305768,15.793574034189847,79.58800917625815,1653674400,0
2022-05-27 21:00:00,4532117045436,Walmart,grocery_pos,364.25,15.906032463673645,79.73319137409045,15.838961967027952,80.81207395000399,1653685200,0
2022-05-28 00:00:00,4532117045436,MakeMyTrip,food_dining,359.97,15.93037662555631,79.75163486079505,15.672560838170984,79.28430969475679,1653696000,0
2022-05-28 03:00:00,4532117045436,Netflix,gas_transport,551.74,15.913416657357024,79.74675131538318,16.240776353326794,79.92204814386817,1653706800,0
2022-05-28 06:00:00,4532117045436,Amazon,shopping_net,554.41,15.906935035929811,79.73306347656874,15.720643964227202,79.83970117426483,1653717600,0
2022-05-28 09:00:00,4532117045436,Amazon,gas_transport,199.18,15.906511533013825,79.73123047728942,15.429489361282744,79.92800350021423,1653728400,0
2022-05-28 12:00:00,4532117045436,Amazon,grocery_pos,515.77,15.89930104880047,79.73358027044422,15.081648193150373,80.31773921925208,1653739200,0
2022-05-28 15:00:00,4532117045436,Netflix,travel,5582.22,15.928122791306558,79.73054349348726,28.7412926175542,75.67396160695719,1653750000,1
2022-05-28 18:00:00,4532117045436,Apollo,health_fitness,468.96,15.925462792155162,79.7372045103285,15.779965023556642,79.81926166771598,1653760800,0
2022-05-28 21:00:00,4532117045436,Walmart,travel,357.93,15.91223080890332,79.73159280924025,16.402678807901555,80.72476601380693,1653771600,0
2022-05-29 00:00:00,4532117045436,MakeMyTrip,food_dining,440.73,15.934693453990457,79.7516827091945,15.935656681423952,80.13911955041293,1653782400,0
2022-05-29 03:00:00,4532117045436,Netflix,food_dining,622.55,15.912768995952682,79.73501651716732,15.97014185513171,79.4095638526355,1653793200,0
2022-05-29 06:00:00,4532117045436,Amazon,gas_transport,466.83,15.923864331284049,79.74575701724945,15.914586773915332,79.33999345482054,1653804000,0
2022-05-29 09:00:00,4532117045436,Zomato,health_fitness,443.64,15.91856161356202,79.74583918365899,16.552808484403876,79.9988877043481,1653814800,0
2022-05-29 12:00:00,4532117045436,Shell,gas_transport,378.12,15.907155020516308,79.72146887302212,16.16683165360597,79.49534351011985,1653825600,0
2022-05-29 15:00:00,4532117045436,MakeMyTrip,shopping_net,607.84,15.91472359017747,79.74713448150914,15.905544020051401,79.66859153274164,1653836400,0
2022-05-29 18:00:00,4532117045436,Netflix,entertainment,257.88,15.91662724027256,79.722931200907,15.613566909661087,79.36827058513613,1653847200,0
2022-05-29 21:00:00,4532117045436,Netflix,health_fitness,329.7,15.89985732625621,79.73166159329617,15.282653208664359,80.7769784921646,1653858000,0
2022-05-30 00:00:00,4532117045436,Walmart,entertainment,249.27,15.915779755419143,79.74667366208865,16.739126573215064,79.91322719574715,1653868800,0
2022-05-30 03:00:00,4532117045436,Walmart,travel,7988.22,15.924309445323534,79.74124836807707,29.354329017248894,77.1514514048816,1653879600,1
2022-05-30 06:00:00,4532117045436,Netflix,shopping_net,626.96,15.905984698837932,79.7365955822189,15.816200930527211,78.92379713196505,1653890400,0
2022-05-30 09:00:00,4532117045436,Amazon,entertainment,400.68,15.91079578433891,79.72217022142233,16.80987859035811,79.32724249428651,1653901200,0
2022-05-30 12:00:00,4532117045436,Shell,grocery_pos,289.59,15.901803964192236,79.74964638620534,15.90908636054127,79.70952712356797,1653912000,0
2022-05-30 15:00:00,4532117045436,MakeMyTrip,travel,695.47,15.908072021574359,79.7443409918856,15.504526677130007,79.71012520616443,1653922800,0
2022-05-30 18:00:00,4532117045436,Walmart,entertainment,517.69,15.90884796599133,79.73143538193084,16.52373079163944,80.57044570892465,1653933600,0
2022-05-30 21:00:00,4532117045436,MakeMyTrip,shopping_net,491.63,15.928681624846936,79.73038459656372,15.272404622460101,79.80188874941472,1653944400,0
2022-05-31 00:00:00,4532117045436,Amazon,entertainment,421.47,15.909728101308513,79.75026882886141,15.712451318715967,80.25914930772575,1653955200,0
2022-05-31 03:00:00,4532117045436,MakeMyTrip,food_dining,550.35,15.90759678747993,79.74300404258382,15.312571639363826,79.8296498814787,1653966000,0
2022-05-31 06:00:00,4532117045436,Zomato,gas_transport,489.28,15.91196043439905,79.7263970075348,15.513225026931579,80.17050325622498,1653976800,0
2022-05-31 09:00:00,4532117045436,Walmart,grocery_pos,377.81,15.895823139588632,79.73269602173589,16.012815047940425,78.90601405862611,1653987600,0
2022-05-31 12:00:00,4532117045436,Amazon,food_dining,402.93,15.889312861516443,79.75957291257365,16.081495352495587,79.11175080725633,1653998400,0
2022-05-31 15:00:00,4532117045436,Amazon,food_dining,297.02,15.899078847620569,79.75002237763933,15.361803843071288,80.20190371005859,1654009200,0
2022-05-31 18:00:00,4532117045436,Shell,shopping_net,278.32,15.916141029515932,79.74000571275225,16.817480081033136,80.48827035411558,1654020000,0
2022-05-31 21:00:00,4532117045436,Shell,gas_transport,405.5,15.9128732309419,79.74022370918439,14.86833128908718,78.88677072242027,1654030800,0
2022-06-01 00:00:00,4532117045436,Zomato,gas_transport,623.13,15.921591051213946,79.71824619090424,15.977685439664416,79.74609888177548,1654041600,0
2022-06-01 03:00:00,4532117045436,Amazon,health_fitness,294.88,15.897696289676457,79.75306624447019,15.990475862991051,78.99021839122335,1654052400,0
2022-06-01 06:00:00,4532117045436,Apollo,travel,575.46,15.910859368039208,79.73548581256213,16.04464125531348,79.40791554223496,1654063200,0
2022-06-01 09:00:00,4532117045436,Amazon,grocery_pos,330.16,15.896981779477693,79.73191331853015,16.352564513274135,78.78957802131437,1654074000,0
2022-06-01 12:00:00,4532117045436,Shell,travel,182.01,15.915573205093782,79.74749972846669,14.388151187039265,79.68078006253488,1654084800,0
2022-06-01 15:00:00,4532117045436,Apollo,shopping_net,531.99,15.899121015334668,79.73370046358305,15.525874784988098,79.64775621364484,1654095600,0
2022-06-01 18:00:00,4532117045436,Walmart,grocery_pos,694.32,15.910466317030425,79.7217703407334,15.988533932551523,79.64169660034707,1654106400,0
2022-06-01 21:00:00,4532117045436,Walmart,health_fitness,321.64,15.914963968896771,79.74409809445405,16.764438393313224,79.593672677288,1654117200,0
2022-06-02 00:00:00,4532117045436,MakeMyTrip,entertainment,214.52,15.908988008165988,79.72484537734434,15.621989875581491,80.05745545018775,1654128000,0
2022-06-02 03:00:00,4532117045436,Netflix,food_dining,518.24,15.890280496952466,79.73941205160445,15.816698430712163,80.59723040731865,1654138800,0
2022-06-02 06:00:00,4532117045436,Shell,grocery_pos,311.52,15.929523327448548,79.74317608871746,16.275629149046956,79.1356165173127,1654149600,0
2022-06-02 09:00:00,4532117045436,Netflix,travel,530.5,15.907926241269571,79.73722159835377,15.308117890952536,79.31974585474907,1654160400,0
2022-06-02 12:00:00,4532117045436,Apollo,food_dining,622.72,15.896804927025766,79.73726632805223,15.924122786794204,79.80469742494179,1654171200,0
2022-06-02 15:00:00,4532117045436,Shell,shopping_net,499.59,15.920511960007959,79.75550923655807,15.860332606242165,79.60598466104153,1654182000,0
2022-06-02 18:00:00,4532117045436,Zomato,travel,571.47,15.920885697342715,79.75565298633569,15.608288501315586,79.58168963047842,1654192800,0
2022-06-02 21:00:00,4532117045436,Amazon,entertainment,572.49,15.909878190992995,79.73082459550263,16.164420370289758,79.08378451688283,1654203600,0
2022-06-03 00:00:00,4532117045436,Zomato,shopping_net,598.49,15.928262482255597,79.73405243416272,16.991357631921442,79.51213464063238,1654214400,0
2022-06-03 03:00:00,4532117045436,Apollo,entertainment,456.78,15.905493040624615,79.73460132569707,15.999755887170274,79.51714080337152,1654225200,0
2022-06-03 06:00:00,4532117045436,Shell,entertainment,566.86,15.91465648588295,79.73968560974201,14.795447417493797,79.84940447990549,1654236000,0
2022-06-03 09:00:00,4532117045436,Apollo,food_dining,474.66,15.918008016394234,79.7391801736228,15.477341607385615,79.28626901459546,1654246800,0
2022-06-03 12:00:00,4532117045436,Amazon,shopping_net,508.7,15.928039982184565,79.75717082656142,16.65255471804424,80.1861808217988,1654257600,0
2022-06-03 15:00:00,4532117045436,Walmart,shopping_net,907.76,15.893466906236196,79.73814467939215,15.793129502662886,79.1076486946605,1654268400,0
2022-06-03 18:00:00,4532117045436,Walmart,grocery_pos,486.24,15.935818055777249,79.72969734534986,15.326439189877119,80.51709119114209,1654279200,0
2022-06-03 21:00:00,4532117045436,Apollo,travel,225.34,15.924638726998259,79.7341198431293,16.29017436239099,79.33113718754619,1654290000,0
2022-06-04 00:00:00,4532117045436,Netflix,shopping_net,420.39,15.917394559945441,79.74373380234921,15.593566323737678,80.46114054444088,1654300800,0
2022-06-04 03:00:00,4532117045436,Shell,grocery_pos,403.42,15.904903477474955,79.73742875390207,15.930428431775391,79.36504478413153,1654311600,0
2022-06-04 06:00:00,4532117045436,Shell,gas_transport,410.28,15.904063312513165,79.74313604731182,15.347048941428778,80.15528590088265,1654322400,0
2022-06-04 09:00:00,4532117045436,Walmart,gas_transport,593.02,15.915778313284507,79.73755825032754,15.703870068248253,79.55757525464159,1654333200,0
2022-06-04 12:00:00,4532117045436,MakeMyTrip,gas_transport,619.59,15.917837999974484,79.74724797845407,15.897823568859419,79.78029428362167,1654344000,0
2022-06-04 15:00:00,4532117045436,Zomato,health_fitness,434.15,15.916548679999893,79.73911734585798,15.86250478604821,80.04091811402581,1654354800,0
2022-06-04 18:00:00,4532117045436,MakeMyTrip,shopping_net,241.22,15.914497527459561,79.72783596744394,16.100223996276174,79.5732189249324,1654365600,0
2022-06-04 21:00:00,4532117045436,Amazon,health_fitness,464.86,15.917219627637824,79.7365314581094,16.013503519479276,78.78833491351884,1654376400,0
2022-06-05 00:00:00,4532117045436,Zomato,travel,368.49,15.891043774064755,79.7621140586435,15.403665298918979,79.42201037615783,1654387200,0
2022-06-05 03:00:00,4532117045436,Zomato,shopping_net,481.56,15.910238955860946,79.7523622474779,16.755808493188493,79.48724002504314,1654398000,0
2022-06-05 06:00:00,4532117045436,Apollo,grocery_pos,431.86,15.899067682033449,79.72838332058457,15.834514872220254,80.60426390078777,1654408800,0
2022-06-05 09:00:00,4532117045436,Walmart,health_fitness,632.45,15.912494613632022,79.7577839258966,15.237630865538076,79.71639372551029,1654419600,0
2022-06-05 12:00:00,4532117045436,MakeMyTrip,health_fitness,491.22,15.925964656962705,79.74137102617118,14.801742043375853,79.82530467510004,1654430400,0
2022-06-05 15:00:00,4532117045436,MakeMyTrip,travel,368.97,15.90381313109325,79.73511616357548,15.950491165492627,79.68219074283921,1654441200,0
2022-06-05 18:00:00,4532117045436,Walmart,health_fitness,242.17,15.905807104300273,79.73718418192422,15.44976716436836,79.84896107960331,1654452000,0
2022-06-05 21:00:00,4532117045436,MakeMyTrip,entertainment,442.8,15.904404831687579,79.74056822368964,16.199302563513584,79.12111112809262,1654462800,0
2022-06-06 00:00:00,4532117045436,Walmart,grocery_pos,443.33,15.905740928944759,79.75084064247007,15.937079789732614,79.39647502972481,1654473600,0
2022-06-06 03:00:00,4532117045436,Apollo,gas_transport,410.63,15.918440527008421,79.74190028794077,17.882151488541293,80.07126565032698,1654484400,0
2022-06-06 06:00:00,4532117045436,Netflix,grocery_pos,566.3,15.920771971805047,79.74333402483524,15.282468536158452,79.62839615083615,1654495200,0
2022-06-06 09:00:00,4532117045436,Zomato,entertainment,242.58,15.92759200680127,79.75211330030237,16.44174336842578,79.68934941932811,1654506000,0
2022-06-06 12:00:00,4532117045436,Apollo,travel,335.62,15.902848705984356,79.73600909901457,15.368100823461056,79.72990386964412,1654516800,0
2022-06-06 15:00:00,4532117045436,Shell,travel,457.94,15.919739395206609,79.74302431547198,16.328378408325626,80.08404570284215,1654527600,0
2022-06-06 18:00:00,4532117045436,Amazon,shopping_net,366.07,15.921403691928452,79.74438875998563,16.624460715458532,79.41958452383332,1654538400,0
2022-06-06 21:00:00,4532117045436,Netflix,grocery_pos,396.49,15.929432963487953,79.7413472845977,15.740705776817755,79.78996217269234,1654549200,0
2022-06-07 00:00:00,4532117045436,Shell,travel,440.96,15.903595120654622,79.74499002630762,15.548299355573432,78.6633766073246,1654560000,0
2022-06-07 03:00:00,4532117045436,Zomato,health_fitness,552.89,15.892864201251284,79.73308792640925,15.834608965897628,78.9340799869128,1654570800,0
2022-06-07 06:00:00,4532117045436,MakeMyTrip,travel,434.91,15.910126142337788,79.74979998463262,15.541397210064643,79.61566648963378,1654581600,0
2022-06-07 09:00:00,4532117045436,Walmart,travel,154.55,15.940986874504384,79.73446144843813,16.718207683811407,79.18737595336768,1654592400,0
2022-06-07 12:00:00,4532117045436,Zomato,travel,359.58,15.901947372163471,79.74454655158357,15.814110210672698,80.23163476596129,1654603200,0
2022-06-07 15:00:00,4532117045436,Apollo,travel,524.37,15.91776924947212,79.74210390390064,16.132665668482883,79.20594673524121,1654614000,0
2022-06-07 18:00:00,4532117045436,Amazon,gas_transport,4476.01,15.89073471403425,79.73313387181615,27.915090206611335,78.15372816029428,1654624800,1
2022-06-07 21:00:00,4532117045436,Apollo,gas_transport,572.68,15.931048399179195,79.75622461156603,16.358994323379974,80.14121407056399,1654635600,0
2022-06-08 00:00:00,4532117045436,Netflix,shopping_net,615.18,15.894117954621965,79.75716563327111,15.686894640910058,79.98663607880191,1654646400,0
2022-06-08 03:00:00,4532117045436,Netflix,travel,467.77,15.88898870403887,79.73079165968926,16.296591990049308,79.46763298949321,1654657200,0
2022-06-08 06:00:00,4532117045436,Amazon,grocery_pos,489.47,15.91388869089132,79.74799294621349,16.563586614728774,79.54505450044783,1654668000,0
2022-06-08 09:00:00,4532117045436,Shell,entertainment,297.91,15.914083695461317,79.73877461545425,15.835061032331536,79.97734321700266,1654678800,0
2022-06-08 12:00:00,4532117045436,Shell,shopping_net,123.81,15.927092894501328,79.7332616866899,15.24640113190965,80.14344258952997,1654689600,0
2022-06-08 15:00:00,4532117045436,Netflix,grocery_pos,237.36,15.921394613239906,79.74368509712477,16.59719740160126,80.48846759667612,1654700400,0
2022-06-08 18:00:00,4532117045436,Netflix,travel,344.72,15.892894239216371,79.74833791114621,15.9997202957752,80.14260067843604,1654711200,0
2022-06-08 21:00:00,4532117045436,MakeMyTrip,food_dining,3148.3,15.911381304612052,79.74161082907032,28.27901996473541,79.01565192378393,1654722000,1
2022-06-09 00:00:00,4532117045436,Walmart,travel,406.06,15.90592910740822,79.73636501778964,16.251281247998833,79.91130377117337,1654732800,0
2022-06-09 03:00:00,4532117045436,MakeMyTrip,gas_transport,380.69,15.899549476800585,79.75329423393345,16.62749073403892,79.80042940448818,1654743600,0
2022-06-09 06:00:00,4532117045436,MakeMyTrip,entertainment,590.67,15.917236725805823,79.75365397798323,15.801910988778372,79.55454485846948,1654754400,0
2022-06-09 09:00:00,4532117045436,Shell,health_fitness,304.63,15.923329809624716,79.7331710857789,16.540720813711477,79.98922710331419,1654765200,0
2022-06-09 12:00:00,4532117045436,Amazon,entertainment,471.09,15.904847041873438,79.74090887946853,15.948951568241762,79.62177431869615,1654776000,0
2022-06-09 15:00:00,4532117045436,Shell,health_fitness,387.03,15.909571497349983,79.72421034580545,16.224801767480255,80.08824186724026,1654786800,0
2022-06-09 18:00:00,4532117045436,Walmart,entertainment,299.01,15.910238137676897,79.74835342037309,15.609429104484308,80.10117793119747,1654797600,0
2022-06-09 21:00:00,4532117045436,Apollo,gas_transport,340.84,15.906289148708463,79.75327500129347,15.785987441554724,79.97511348159252,1654808400,0
2022-06-10 00:00:00,4532117045436,Netflix,health_fitness,142.31,15.908626159643429,79.74389544432329,16.45523824304267,79.42886390904076,1654819200,0
2022-06-10 03:00:00,4532117045436,Netflix,grocery_pos,562.25,15.906282741601379,79.72964612032604,14.93072006938558,79.69585767218622,1654830000,0
2022-06-10 06:00:00,4532117045436,Walmart,health_fitness,660.34,15.914146342019945,79.75615296671639,16.2631237844947,80.28192692254937,1654840800,0
2022-06-10 09:00:00,4532117045436,MakeMyTrip,shopping_net,409.88,15.907035572818497,79.7603041629208,16.10266050302175,78.8865442399471,1654851600,0
2022-06-10 12:00:00,4532117045436,Amazon,grocery_pos,454.36,15.917170924607623,79.7356812395344,16.743411453756078,79.83503892218734,1654862400,0
2022-06-10 15:00:00,4532117045436,Netflix,shopping_net,405.62,15.906998915938672,79.74445460924086,16.415948941115616,80.11852779696704,1654873200,0
2022-06-10 18:00:00,4532117045436,Zomato,travel,3713.41,15.919367405786977,79.74816673615419,28.601112342018467,76.81765030623302,1654884000,1
2022-06-10 21:00:00,4532117045436,MakeMyTrip,entertainment,555.74,15.906783154194928,79.7478737760971,15.276980116999376,80.77468064087428,1654894800,0
2022-06-11 00:00:00,4532117045436,Netflix,grocery_pos,497.86,15.918957362818942,79.74048194454488,15.622609243563955,78.93406984064097,1654905600,0
2022-06-11 03:00:00,4532117045436,Zomato,entertainment,13.18,15.90441408733681,79.7579787397952,15.799439906876648,79.14817675016921,1654916400,0
2022-06-11 06:00:00,4532117045436,Walmart,travel,294.81,15.921753625426113,79.72434704466593,16.658912347478864,79.83116017580883,1654927200,0
2022-06-11 09:00:00,4532117045436,Walmart,food_dining,142.04,15.895119750341589,79.72447509280101,16.313283603311444,80.2059809159566,1654938000,0
2022-06-11 12:00:00,4532117045436,MakeMyTrip,entertainment,683.31,15.912841536949502,79.73984315250328,15.515383261022073,79.7686822274174,1654948800,0
2022-06-11 15:00:00,4532117045436,Netflix,travel,424.23,15.907228490098685,79.75743562807243,16.114304552985192,80.39899761480686,1654959600,0
2022-06-11 18:00:00,4532117045436,Shell,entertainment,486.11,15.912438186790574,79.75159693204341,15.683516492085072,79.45137780389067,1654970400,0
2022-06-11 21:00:00,4532117045436,Zomato,travel,397.01,15.901040112134083,79.72506672644086,15.589991199429223,79.60356844176796,1654981200,0
2022-06-12 00:00:00,4532117045436,Amazon,shopping_net,615.4,15.910954030635995,79.76843449814423,16.227184519296596,80.1213423565974,1654992000,0
2022-06-12 03:00:00,4532117045436,Netflix,travel,579.11,15.90180646346829,79.74554343296694,15.840694079637133,79.56312870591658,1655002800,0
2022-06-12 06:00:00,4532117045436,Amazon,health_fitness,417.68,15.910518295933846,79.72847780496076,15.330769288246033,80.20844189965064,1655013600,0
2022-06-12 09:00:00,4532117045436,Netflix,food_dining,707.7,15.909588480622263,79.73907878733915,16.326366012865147,80.08737965313392,1655024400,0
2022-06-12 12:00:00,4532117045436,Shell,entertainment,477.8,15.916199228067843,79.74967145191745,15.988900831398412,79.53183270363992,1655035200,0
2022-06-12 15:00:00,4532117045436,Shell,travel,230.98,15.913558093134165,79.75252475370982,15.729723051882969,79.88977876364478,1655046000,0
2022-06-12 18:00:00,4532117045436,MakeMyTrip,travel,2289.38,15.93168302393605,79.73934023828102,27.1183928893595,78.94422755551848,1655056800,1
2022-06-12 21:00:00,4532117045436,MakeMyTrip,entertainment,527.62,15.90780065244585,79.74522164488367,16.44496209573514,79.29387184987998,1655067600,0
2022-06-13 00:00:00,4532117045436,Shell,food_dining,430.02,15.91157371357229,79.73875218156063,15.973698825879135,79.54434196485205,1655078400,0
2022-06-13 03:00:00,4532117045436,Apollo,food_dining,388.28,15.944743065686096,79.73934148972849,15.05693049631548,79.65028205344996,1655089200,0
2022-06-13 06:00:00,4532117045436,Shell,travel,714.65,15.910664480702033,79.74724787978326,16.468162049872916,79.79585852173894,1655100000,0
2022-06-13 09:00:00,4532117045436,Walmart,grocery_pos,272.12,15.922432213689174,79.75440714597772,15.671189447720952,79.6856627633617,1655110800,0
2022-06-13 12:00:00,4532117045436,Walmart,shopping_net,35.44,15.918665498614526,79.72862536930211,15.833964440230591,78.86249601614202,1655121600,0
2022-06-13 15:00:00,4532117045436,Apollo,food_dining,692.86,15.936247795202913,79.73767212554883,15.761536505297567,80.23542659633252,1655132400,0
2022-06-13 18:00:00,4532117045436,Zomato,food_dining,266.09,15.898593542823624,79.7339806323781,15.265094240504844,78.88886744049955,1655143200,0
2022-06-13 21:00:00,4532117045436,Amazon,gas_transport,407.01,15.897454192832145,79.7299199546609,16.139153080296452,79.83441753405297,1655154000,0
2022-06-14 00:00:00,4532117045436,Netflix,health_fitness,393.39,15.901721203786074,79.72940957916813,15.491564878344958,79.36951269043476,1655164800,0
2022-06-14 03:00:00,4532117045436,Netflix,food_dining,634.76,15.914627791090206,79.74024950981699,16.113243413420573,79.8130248467918,1655175600,0
2022-06-14 06:00:00,4532117045436,Apollo,shopping_net,665.23,15.90286597686666,79.72927440029005,15.444863392182176,79.62792629692703,1655186400,0
2022-06-14 09:00:00,4532117045436,Walmart,health_fitness,256.14,15.891565581404276,79.72893534516372,15.685728540408293,79.91386230430783,1655197200,0
2022-06-14 12:00:00,4532117045436,MakeMyTrip,health_fitness,653.54,15.903656423649158,79.73820647606398,16.095458284281605,80.00022645804803,1655208000,0
2022-06-14 15:00:00,4532117045436,Netflix,entertainment,650.76,15.916585833404781,79.73020552382975,15.974679255379954,80.25895297527117,1655218800,0
2022-06-14 18:00:00,4532117045436,Walmart,entertainment,452.9,15.903864044609804,79.74508594313066,16.22375208611586,80.126571429518,1655229600,0
2022-06-14 21:00:00,4532117045436,Zomato,entertainment,589.88,15.924324121350647,79.73520854185992,16.261510392510186,79.76069311275056,1655240400,0
2022-06-15 00:00:00,4532117045436,Amazon,entertainment,604.92,15.901646152612615,79.72805484961098,16.579064136920703,80.21160162500281,1655251200,0
2022-06-15 03:00:00,4532117045436,Zomato,gas_transport,412.14,15.913041439460251,79.76325720398692,15.912527592471742,79.48559160779693,1655262000,0
2022-06-15 06:00:00,4532117045436,Apollo,food_dining,426.37,15.908990749025959,79.71867241910965,16.516389569004602,80.58045300313158,1655272800,0
2022-06-15 09:00:00,4532117045436,Shell,entertainment,538.4,15.914784801584926,79.74856304649556,15.751697547992237,79.44280841861118,1655283600,0
2022-06-15 12:00:00,4532117045436,Shell,travel,205.72,15.915788541489347,79.74346101144947,16.301831103199262,79.50511276359367,1655294400,0
2022-06-15 15:00:00,4532117045436,Shell,grocery_pos,396.93,15.928751963453903,79.7351525486932,16.474681982914433,78.83152011402674,1655305200,0
2022-06-15 18:00:00,4532117045436,Zomato,entertainment,269.95,15.919798459638193,79.73092285724812,16.472798783572618,79.40612684524594,1655316000,0
2022-06-15 21:00:00,4532117045436,Netflix,food_dining,663.54,15.908692337005874,79.75728419666234,15.18349516425381,79.60647233582793,1655326800,0
2022-06-16 00:00:00,4532117045436,Amazon,entertainment,395.16,15.919028627402485,79.76123894714405,14.340418838517813,79.6038432866638,1655337600,0
2022-06-16 03:00:00,4532117045436,Shell,gas_transport,491.46,15.92040248303386,79.73707189770617,16.190440503850322,80.58145079711626,1655348400,0
2022-06-16 06:00:00,4532117045436,Apollo,shopping_net,417.24,15.933349658787414,79.73561764451964,15.91415775774248,80.03249805039516,1655359200,0
2022-06-16 09:00:00,4532117045436,Apollo,shopping_net,407.48,15.911328667537783,79.75128746155944,16.05310804471854,80.20950442301611,1655370000,0
2022-06-16 12:00:00,4532117045436,Shell,food_dining,3779.05,15.912070849470034,79.73753997498092,27.802248273668827,76.18916885916403,1655380800,1
2022-06-16 15:00:00,4532117045436,Shell,travel,340.4,15.926022992962823,79.74583454625552,15.743280351953471,79.38945729753317,1655391600,0
2022-06-16 18:00:00,4532117045436,Amazon,shopping_net,420.23,15.892914793237335,79.74558015125633,16.199191969083756,80.82944767970096,1655402400,0
2022-06-16 21:00:00,4532117045436,Shell,shopping_net,419.12,15.910853620183273,79.74037324766387,16.082371462839827,79.68953852679829,1655413200,0
2022-06-17 00:00:00,4532117045436,Amazon,grocery_pos,386.52,15.91984333173684,79.7416509893557,15.860498007704315,80.06223758545742,1655424000,0
2022-06-17 03:00:00,4532117045436,Apollo,food_dining,508.66,15.923372128249557,79.74369593815504,15.927368935606642,79.26623309625245,1655434800,0
2022-06-17 06:00:00,4532117045436,Shell,travel,382.95,15.89080648514744,79.72911416203027,16.221347639080555,79.15469296398909,1655445600,0
2022-06-17 09:00:00,4532117045436,Zomato,food_dining,691.67,15.899517324285615,79.73320267819142,15.615809881263687,80.48791076436565,1655456400,0
2022-06-17 12:00:00,4532117045436,MakeMyTrip,shopping_net,544.34,15.887973097786661,79.74225761261144,15.35704123707557,79.95625176707142,1655467200,0
2022-06-17 15:00:00,4532117045436,Zomato,shopping_net,247.6,15.921629390105256,79.73545720754286,15.349332251655024,79.62877335027287,1655478000,0
2022-06-17 18:00:00,4532117045436,Apollo,shopping_net,532.63,15.91494456688051,79.76777352610917,15.65861710364838,79.64568371853603,1655488800,0
2022-06-17 21:00:00,4532117045436,Amazon,health_fitness,346.58,15.927090138221576,79.74132578499507,16.655122159624927,79.2224457960296,1655499600,0
2022-06-18 00:00:00,4532117045436,Zomato,gas_transport,470.35,15.913191674396442,79.7226180495995,15.979284705845185,79.45947000944477,1655510400,0
2022-06-18 03:00:00,4532117045436,Amazon,entertainment,340.32,15.935309840526442,79.71186055681932,15.573390035151526,79.95285822898762,1655521200,0
2022-06-18 06:00:00,4532117045436,Zomato,gas_transport,120.84,15.90346969654407,79.74821060135639,16.01405139117042,79.76282499052154,1655532000,0
2022-06-18 09:00:00,4532117045436,Zomato,food_dining,446.74,15.909228608638884,79.74141263081285,15.3907546834624,80.11640613061506,1655542800,0
2022-06-18 12:00:00,4532117045436,Amazon,grocery_pos,234.84,15.917028304456965,79.75440680529117,15.819983018980032,78.36962841558487,1655553600,0
2022-06-18 15:00:00,4532117045436,Netflix,entertainment,512.96,15.905772462102922,79.73356000557158,15.70768924830855,79.82715016402825,1655564400,0
2022-06-18 18:00:00,4532117045436,Zomato,grocery_pos,5041.52,15.917071660298229,79.73879411180062,27.869768094779143,76.84945637259723,1655575200,1
2022-06-18 21:00:00,4532117045436,Shell,travel,359.42,15.911793473170475,79.74279213366924,16.459515267431758,78.6369226307525,1655586000,0
2022-06-19 00:00:00,4532117045436,MakeMyTrip,health_fitness,723.83,15.911210777284383,79.738449395235,15.724586686074092,79.22299661893683,1655596800,0
2022-06-19 03:00:00,4532117045436,Apollo,food_dining,264.11,15.911647170820892,79.73762258192565,15.893682759205985,79.01697739803745,1655607600,0
2022-06-19 06:00:00,4532117045436,Netflix,health_fitness,356.35,15.919954000299741,79.74725598751385,16.261307014719506,80.38826423587544,1655618400,0
2022-06-19 09:00:00,4532117045436,Amazon,food_dining,281.9,15.90947109618388,79.73166220465347,16.088792401244678,79.77604718332684,1655629200,0
2022-06-19 12:00:00,4532117045436,Netflix,grocery_pos,756.2,15.901700531381737,79.74535680823537,15.951501258740493,79.81056778747929,1655640000,0
2022-06-19 15:00:00,4532117045436,Walmart,grocery_pos,7813.65,15.913571689962344,79.75828508243013,30.746545531703312,76.79452845378617,1655650800,1
2022-06-19 18:00:00,4532117045436,Walmart,grocery_pos,236.68,15.906560841534434,79.756551381338,16.276995675881555,79.6845971728716,1655661600,0
2022-06-19 21:00:00,4532117045436,Zomato,food_dining,326.16,15.902907882354071,79.72194123004252,15.909290806318678,79.41507290736062,1655672400,0
2022-06-20 00:00:00,4532117045436,Zomato,shopping_net,331.25,15.895590138868865,79.73510218673383,15.984992224525257,79.82560287216612,1655683200,0
2022-06-20 03:00:00,4532117045436,Shell,grocery_pos,367.39,15.922211322270877,79.74290571786092,16.469339667222975,79.95511235888563,1655694000,0
2022-06-20 06:00:00,4532117045436,MakeMyTrip,health_fitness,293.58,15.919524988822978,79.75277894899168,16.497662564049758,79.17457842798873,1655704800,0
2022-06-20 09:00:00,4532117045436,Apollo,travel,359.14,15.92697412917965,79.74209897983916,16.04726039548598,80.52320726084652,1655715600,0
2022-06-20 12:00:00,4532117045436,Netflix,entertainment,600.73,15.912927750498321,79.75279770153772,15.965205467829495,78.79337844549343,1655726400,0
2022-06-20 15:00:00,4532117045436,Walmart,food_dining,742.04,15.923685517463197,79.73330619768196,16.240809718051374,79.9032274005173,1655737200,0
2022-06-20 18:00:00,4532117045436,Zomato,health_fitness,218.34,15.903463321850209,79.743297968734,15.787071939197997,80.57685303190806,1655748000,0
2022-06-20 21:00:00,4532117045436,Apollo,gas_transport,293.83,15.893818876083508,79.74354965256079,15.78838373374324,79.80051857336976,1655758800,0
2022-06-21 00:00:00,4532117045436,Netflix,travel,482.03,15.905383441098897,79.75313343635351,15.881557384132032,78.71256802482675,1655769600,0
2022-06-21 03:00:00,4532117045436,Zomato,gas_transport,212.95,15.910840563382898,79.74908555803658,15.40366919193261,80.4832994153747,1655780400,0
2022-06-21 06:00:00,4532117045436,Zomato,entertainment,485.91,15.916504556774308,79.7469000143942,17.094091999881798,79.49939290506876,1655791200,0
2022-06-21 09:00:00,4532117045436,Walmart,shopping_net,531.02,15.92570853603103,79.74849329832882,15.713050196994542,80.1304395002108,1655802000,0
2022-06-21 12:00:00,4532117045436,Walmart,grocery_pos,555.1,15.91612080379381,79.72790399159409,16.146715637641343,79.94946252429527,1655812800,0
2022-06-21 15:00:00,4532117045436,Zomato,food_dining,526.82,15.93547396758082,79.7382853825985,15.904434591630402,79.73188995724219,1655823600,0
2022-06-21 18:00:00,4532117045436,Amazon,health_fitness,369.71,15.914098200236312,79.72995092613719,16.256876519211488,78.71053492339415,1655834400,0
2022-06-21 21:00:00,4532117045436,Zomato,grocery_pos,422.75,15.91390735450104,79.7334687999901,15.720869542759411,79.94347693152993,1655845200,0
2022-06-22 00:00:00,4532117045436,Apollo,health_fitness,273.07,15.916282026388712,79.73826255469523,16.021304965262278,80.10905052893246,1655856000,0
2022-06-22 03:00:00,4532117045436,Zomato,food_dining,519.65,15.916689524851192,79.71743602842339,15.487790569083293,78.93950963799294,1655866800,0
2022-06-22 06:00:00,4532117045436,Shell,gas_transport,690.5,15.916545885044668,79.73862319810122,16.520000048681037,80.57729162849488,1655877600,0
2022-06-22 09:00:00,4532117045436,MakeMyTrip,grocery_pos,519.33,15.900577480049252,79.73217181736428,16.24367987294073,79.54691230564309,1655888400,0
2022-06-22 12:00:00,4532117045436,Shell,entertainment,345.75,15.92142192748496,79.72943895350751,15.204717389978418,80.64820106066504,1655899200,0
2022-06-22 15:00:00,4532117045436,Shell,shopping_net,599.22,15.937956853177026,79.740958568803,15.919968905125698,80.07351116125642,1655910000,0
2022-06-22 18:00:00,4532117045436,Amazon,entertainment,804.85,15.904070160184924,79.73611265978222,15.217660977929638,79.75183643746973,1655920800,0
2022-06-22 21:00:00,4532117045436,Amazon,shopping_net,486.47,15.912487614843629,79.74341501739674,15.513152027974328,79.79237934231867,1655931600,0
2022-06-23 00:00:00,4532117045436,Zomato,travel,533.17,15.899172091586207,79.73351177523914,16.37339241444533,80.23241632613873,1655942400,0
2022-06-23 03:00:00,4532117045436,Shell,health_fitness,551.66,15.920419213094037,79.7382440025138,14.66987697789358,80.50399298235021,1655953200,0
2022-06-23 06:00:00,4532117045436,Amazon,grocery_pos,209.33,15.920409605607489,79.76458684374336,16.435529670318708,79.25406707105724,1655964000,0
2022-06-23 09:00:00,4532117045436,Walmart,grocery_pos,388.33,15.897859666347893,79.7462310119081,16.102298113078326,79.44071427978679,1655974800,0
2022-06-23 12:00:00,4532117045436,Zomato,travel,372.92,15.899775478571948,79.73153927786706,15.872840510818788,80.5690145734839,1655985600,0
2022-06-23 15:00:00,4532117045436,Apollo,shopping_net,575.23,15.892083354711763,79.75239432186697,16.351846232584652,79.298917893127,1655996400,0
2022-06-23 18:00:00,4532117045436,MakeMyTrip,gas_transport,557.76,15.928603795745834,79.7554840831301,17.264301415141983,79.75107128128508,1656007200,0
2022-06-23 21:00:00,4532117045436,Netflix,food_dining,431.89,15.904512834171841,79.74598681696654,15.248285546865022,79.39635592184675,1656018000,0
2022-06-24 00:00:00,4532117045436,Zomato,entertainment,363.92,15.911557887985708,79.73218043555246,16.759656503256036,80.10960722078143,1656028800,0
2022-06-24 03:00:00,4532117045436,Netflix,travel,197.01,15.909233459473025,79.75032980342753,16.396103633644596,78.50815700401402,1656039600,0
2022-06-24 06:00:00,4532117045436,Shell,health_fitness,447.69,15.922784480218459,79.73422687750626,15.560506765040541,80.10733216600156,1656050400,0
2022-06-24 09:00:00,4532117045436,MakeMyTrip,travel,306.81,15.919502224383985,79.75350846920401,16.17529419854469,80.3201788734046,1656061200,0
2022-06-24 12:00:00,4532117045436,Netflix,entertainment,288.22,15.918968209247007,79.73759081218812,15.35683752838633,80.06873425879236,1656072000,0
2022-06-24 15:00:00,4532117045436,Shell,entertainment,588.94,15.904779438081228,79.73720484960906,15.666594390947136,79.32427795302361,1656082800,0
2022-06-24 18:00:00,4532117045436,Walmart,health_fitness,5488.35,15.919712312759344,79.74524057352446,29.826134865852307,76.91338146679125,1656093600,1
2022-06-24 21:00:00,4532117045436,Netflix,health_fitness,376.71,15.922184373909475,79.75410265840968,15.238611502948189,79.40125926614883,1656104400,0
2022-06-25 00:00:00,4532117045436,MakeMyTrip,grocery_pos,214.64,15.919416970347807,79.76368218375391,16.103749140755568,80.06588899595239,1656115200,0
2022-06-25 03:00:00,4532117045436,Zomato,entertainment,326.13,15.90000937868372,79.74027014625767,16.14801125301739,79.72771880106694,1656126000,0
2022-06-25 06:00:00,4532117045436,Shell,food_dining,598.99,15.901602563342689,79.7359032672528,16.142475839998347,80.17940404124273,1656136800,0
2022-06-25 09:00:00,4532117045436,Zomato,food_dining,520.16,15.93027123856849,79.73179329214044,16.23098986281684,79.62938584997323,1656147600,0
2022-06-25 12:00:00,4532117045436,MakeMyTrip,shopping_net,379.23,15.932339458970006,79.72518125473178,15.97212619930433,79.60408228621196,1656158400,0
2022-06-25 15:00:00,4532117045436,Amazon,travel,458.81,15.912200228296545,79.72993963226422,16.25207761142583,80.54009367827074,1656169200,0
2022-06-25 18:00:00,4532117045436,Shell,health_fitness,138.78,15.912187287676515,79.74235639648585,16.449448539835235,79.39476249198172,1656180000,0
2022-06-25 21:00:00,4532117045436,Netflix,grocery_pos,127.42,15.91447414806533,79.75054651492512,16.036102325529473,80.06327832563412,1656190800,0
2022-06-26 00:00:00,4532117045436,Shell,food_dining,746.57,15.918690040339802,79.73096259666352,15.695712118262907,80.13204576617863,1656201600,0
2022-06-26 03:00:00,4532117045436,Zomato,gas_transport,525.98,15.898474968956766,79.74787131784453,15.840208655847983,80.92569420590225,1656212400,0
2022-06-26 06:00:00,4532117045436,Walmart,grocery_pos,450.25,15.915204188343637,79.73138098008275,15.494775547367205,80.56784909891233,1656223200,0
2022-06-26 09:00:00,4532117045436,Shell,grocery_pos,390.46,15.902592485052931,79.73259658911883,16.3385970014085,80.01451349497648,1656234000,0
2022-06-26 12:00:00,4532117045436,Netflix,food_dining,185.72,15.912697585253115,79.72930451557531,15.110174314787857,80.09487287161377,1656244800,0
2022-06-26 15:00:00,4532117045436,Amazon,gas_transport,598.98,15.904061697271711,79.75331840160223,15.833220687514094,80.37093984026006,1656255600,0
2022-06-26 18:00:00,4532117045436,Apollo,shopping_net,279.47,15.906417162906969,79.75606404341477,16.197467740350294,79.41920406849516,1656266400,0
2022-06-26 21:00:00,4532117045436,Walmart,food_dining,555.63,15.91471587410708,79.73270887100779,15.40286066219001,80.62071818587302,1656277200,0
2022-06-27 00:00:00,4532117045436,Amazon,gas_transport,469.8,15.906726963299812,79.7319085913869,15.213900038505093,79.72440193622866,1656288000,0
2022-06-27 03:00:00,4532117045436,Shell,grocery_pos,442.19,15.901911504389993,79.74622571321642,14.773080797525125,80.08086956886794,1656298800,0
2022-06-27 06:00:00,4532117045436,Zomato,gas_transport,254.65,15.92743509301955,79.75728031197036,15.770736362979834,79.9207406192749,1656309600,0
2022-06-27 09:00:00,4532117045436,MakeMyTrip,grocery_pos,256.64,15.902054572230087,79.7561391909977,15.341145122644832,79.36149202412882,1656320400,0
2022-06-27 12:00:00,4532117045436,Zomato,travel,508.49,15.889795432611448,79.73614940130017,16.351275093481732,79.54950691244221,1656331200,0
2022-06-27 15:00:00,4532117045436,Netflix,food_dining,461.88,15.918587647962498,79.73816452033644,15.137118803022107,79.34130907152642,1656342000,0
2022-06-27 18:00:00,4532117045436,Zomato,health_fitness,457.08,15.910003200900297,79.72768458452619,16.177237167482158,79.84963985676733,1656352800,0
2022-06-27 21:00:00,4532117045436,Walmart,food_dining,492.91,15.912606623947138,79.73603662282875,15.261880292757818,78.9740597709112,1656363600,0
2022-06-28 00:00:00,4532117045436,Zomato,travel,159.49,15.91448183002797,79.74096631801164,15.1563482658524,79.24552000987644,1656374400,0
2022-06-28 03:00:00,4532117045436,Netflix,entertainment,602.27,15.925606548776924,79.72650223733238,15.311151042203855,79.51831252129544,1656385200,0
2022-06-28 06:00:00,4532117045436,Apollo,entertainment,396.62,15.93153798199902,79.7345501223823,16.45056675835112,79.66113324243032,1656396000,0
2022-06-28 09:00:00,4532117045436,Shell,entertainment,625.45,15.915434446490885,79.74222214428633,15.311486936427835,80.46792020076022,1656406800,0
2022-06-28 12:00:00,4532117045436,MakeMyTrip,food_dining,148.75,15.901142729382975,79.72480025434726,16.48386133422506,80.23748255644816,1656417600,0
2022-06-28 15:00:00,4532117045436,Shell,shopping_net,535.35,15.914359635084178,79.74469059514296,16.01422583814418,79.68134839265888,1656428400,0
2022-06-28 18:00:00,4532117045436,Zomato,food_dining,533.94,15.918791821503703,79.75020394349215,15.653712518398596,80.64720247933249,1656439200,0
2022-06-28 21:00:00,4532117045436,Amazon,travel,227.08,15.92293635643469,79.74570030093754,15.386766061664655,79.90780472218054,1656450000,0
2022-06-29 00:00:00,4532117045436,Shell,travel,354.11,15.914272938753493,79.73503207530416,16.865115666574336,80.07706153320123,1656460800,0
2022-06-29 03:00:00,4532117045436,Apollo,health_fitness,291.07,15.907294589198722,79.75171996727462,15.618724425364093,78.79444587437592,1656471600,0
2022-06-29 06:00:00,4532117045436,Zomato,gas_transport,579.48,15.90383212246043,79.75387446723373,15.6208082483873,79.26912534934496,1656482400,0
2022-06-29 09:00:00,4532117045436,MakeMyTrip,food_dining,496.33,15.91173445914464,79.74317788965362,16.638483142441547,80.26382442737055,1656493200,0
2022-06-29 12:00:00,4532117045436,Netflix,food_dining,689.83,15.897889955521014,79.74149038422401,16.727102394931713,80.06738131402138,1656504000,0
2022-06-29 15:00:00,4532117045436,Apollo,grocery_pos,480.44,15.91684380860579,79.73380292950132,15.84292658167938,80.63761078296314,1656514800,0
2022-06-29 18:00:00,4532117045436,Zomato,travel,559.84,15.914673161454735,79.73593323242031,16.505017475067415,80.59875028051258,1656525600,0
2022-06-29 21:00:00,4532117045436,Apollo,grocery_pos,625.8,15.914623462271047,79.75072175263172,15.606633792268799,79.47464921865641,1656536400,0
2022-06-30 00:00:00,4532117045436,Shell,grocery_pos,533.16,15.920076268178176,79.75849386684268,17.036386204238102,80.31555818207718,1656547200,0
2022-06-30 03:00:00,4532117045436,MakeMyTrip,food_dining,392.37,15.9274097095874,79.73585022685384,15.257266375177704,79.24871403899837,1656558000,0
2022-06-30 06:00:00,4532117045436,Netflix,shopping_net,364.46,15.912195687729547,79.73828701328623,15.455864401070926,78.9459755548738,1656568800,0
2022-06-30 09:00:00,4532117045436,Zomato,gas_transport,438.04,15.913669332757797,79.7335276180335,16.569269300935222,79.89953789040808,1656579600,0
2022-06-30 12:00:00,4532117045436,Walmart,gas_transport,569.49,15.909203346520242,79.7356918725945,15.768265681229147,80.12269246263052,1656590400,0
2022-06-30 15:00:00,4532117045436,Netflix,travel,5784.67,15.918415112398502,79.727419963836,27.50060868751215,76.7172619601322,1656601200,1
2022-06-30 18:00:00,4532117045436,Walmart,health_fitness,547.82,15.91282383665921,79.74429163993449,15.679803628139396,80.2180830727613,1656612000,0
2022-06-30 21:00:00,4532117045436,Apollo,travel,498.39,15.92445059667719,79.72731886362048,16.242531804522354,79.44919045327939,1656622800,0
2022-07-01 00:00:00,4532117045436,Amazon,shopping_net,262.0,15.924240469275318,79.73451756438553,15.566404044699446,80.24940668848124,1656633600,0
2022-07-01 03:00:00,4532117045436,Netflix,shopping_net,540.53,15.91606075006742,79.7393887137025,15.875028346946296,79.48004742602939,1656644400,0
2022-07-01 06:00:00,4532117045436,Apollo,gas_transport,471.29,15.912103885606404,79.7268595916808,15.27264978092627,80.93441239405621,1656655200,0
2022-07-01 09:00:00,4532117045436,Walmart,entertainment,367.42,15.910167525525274,79.73226135663728,15.88896978861396,80.16802598209182,1656666000,0
2022-07-01 12:00:00,4532117045436,Shell,grocery_pos,469.11,15.917703665241207,79.72874642469014,15.473992231489133,80.52866503879078,1656676800,0
2022-07-01 15:00:00,4532117045436,Shell,grocery_pos,373.25,15.917730266590576,79.75099610737307,16.94917539000489,79.11777269564762,1656687600,0
2022-07-01 18:00:00,4532117045436,Amazon,gas_transport,487.15,15.910163672601566,79.75424675388872,15.75255478448241,79.52964943150212,1656698400,0
2022-07-01 21:00:00,4532117045436,Netflix,travel,424.81,15.915784432257281,79.73210689767804,15.314070314631564,79.69714495433472,1656709200,0
2022-07-02 00:00:00,4532117045436,Netflix,shopping_net,220.51,15.90515778057845,79.76763314672385,16.258820765815507,79.15916506916005,1656720000,0
2022-07-02 03:00:00,4532117045436,Netflix,travel,429.29,15.917409291195455,79.73065963217444,15.308958013203306,80.54731484399456,1656730800,0
2022-07-02 06:00:00,4532117045436,Apollo,health_fitness,383.6,15.905998099461081,79.73576738989064,16.351390003843647,79.76837193524555,1656741600,0
2022-07-02 09:00:00,4532117045436,MakeMyTrip,entertainment,545.34,15.920620356474235,79.74492913577545,15.633947382422802,78.9852089271556,1656752400,0
2022-07-02 12:00:00,4532117045436,MakeMyTrip,gas_transport,581.97,15.909732856688606,79.74587290396204,15.89404026855576,79.49165983806947,1656763200,0
2022-07-02 15:00:00,4532117045436,Amazon,grocery_pos,373.65,15.92963844259768,79.73680979338648,15.818029845678025,79.17834877105689,1656774000,0
2022-07-02 18:00:00,4532117045436,Netflix,food_dining,331.59,15.913290979956004,79.75094243293843,15.7860207697106,80.11258854940945,1656784800,0
2022-07-02 21:00:00,4532117045436,Apollo,travel,197.98,15.915279648918998,79.75198713519464,15.94401716773257,80.04350717151598,1656795600,0
2022-07-03 00:00:00,4532117045436,Shell,shopping_net,327.89,15.898913380948771,79.73992325060478,15.581289571141633,80.06380094282456,1656806400,0
2022-07-03 03:00:00,4532117045436,Walmart,food_dining,401.51,15.926965431471768,79.73849897200118,15.366893704540468,80.2303301417116,1656817200,0
2022-07-03 06:00:00,4532117045436,Apollo,health_fitness,249.11,15.912520653043725,79.73389457318622,15.932319386560208,80.83860434643957,1656828000,0
2022-07-03 09:00:00,4532117045436,MakeMyTrip,gas_transport,583.97,15.930295045965382,79.72959752576321,15.714027752084046,80.6472669084197,1656838800,0
2022-07-03 12:00:00,4532117045436,MakeMyTrip,travel,489.32,15.913382436880843,79.73199538495182,15.273419312269027,79.51605195620938,1656849600,0
2022-07-03 15:00:00,4532117045436,Shell,grocery_pos,431.94,15.910758730817312,79.74544531558406,16.220036300159695,80.80471356097688,1656860400,0
2022-07-03 18:00:00,4532117045436,Shell,travel,447.5,15.907785263437257,79.74000703323603,15.904728119685771,79.63985685295225,1656871200,0
2022-07-03 21:00:00,4532117045436,Walmart,entertainment,495.91,15.919321827950995,79.737557946685,15.369559895373767,79.79245979032697,1656882000,0
2022-07-04 00:00:00,4532117045436,Shell,food_dining,2022.23,15.918107567733815,79.73428975780547,29.32155804782822,77.10313727592484,1656892800,1
2022-07-04 03:00:00,4532117045436,Amazon,entertainment,571.35,15.899559653711815,79.73450598314845,15.84062545770141,80.07234951677782,1656903600,0
2022-07-04 06:00:00,4532117045436,Walmart,health_fitness,7058.94,15.907211095903767,79.73954851824838,29.36647149538653,78.35638608488848,1656914400,1
2022-07-04 09:00:00,4532117045436,Shell,grocery_pos,428.71,15.92012484243566,79.73875885739885,17.494108642467783,79.75245243779617,1656925200,0
2022-07-04 12:00:00,4532117045436,Zomato,food_dining,475.95,15.906455242297847,79.73998959787599,15.909005744950887,79.88767876277869,1656936000,0
2022-07-04 15:00:00,4532117045436,Apollo,health_fitness,422.59,15.904729630690172,79.73555379372226,15.802940301188714,78.89759881142864,1656946800,0
2022-07-04 18:00:00,4532117045436,Shell,entertainment,580.85,15.914862438502354,79.73329187590154,17.131341020207714,78.88828643688464,1656957600,0
2022-07-04 21:00:00,4532117045436,Amazon,entertainment,634.1,15.913771450027166,79.74008424470695,16.141192807833527,79.32713596438798,1656968400,0
2022-07-05 00:00:00,4532117045436,Netflix,food_dining,501.61,15.908260127152689,79.74649796992868,16.51727220678354,79.36973430893488,1656979200,0
2022-07-05 03:00:00,4532117045436,Shell,grocery_pos,313.77,15.930573863326595,79.73491407851691,15.960049345643913,79.76144621721268,1656990000,0
2022-07-05 06:00:00,4532117045436,MakeMyTrip,entertainment,526.26,15.911409893836815,79.71612641871725,15.94501718191849,79.67346387439288,1657000800,0
2022-07-05 09:00:00,4532117045436,MakeMyTrip,gas_transport,507.55,15.90025005843739,79.72632526415806,15.485248968081999,80.32700776391768,1657011600,0
2022-07-05 12:00:00,4532117045436,MakeMyTrip,health_fitness,301.19,15.896710883030275,79.75074251109557,16.247343045849526,79.55001690182777,1657022400,0
2022-07-05 15:00:00,4532117045436,Netflix,food_dining,507.39,15.923124761275862,79.7499373801628,16.837246853648946,79.5593406588548,1657033200,0
2022-07-05 18:00:00,4532117045436,MakeMyTrip,shopping_net,368.37,15.90192607252691,79.74646757781434,16.7014517287058,80.2419461213907,1657044000,0
2022-07-05 21:00:00,4532117045436,Zomato,shopping_net,561.91,15.913204415594281,79.74512663878363,15.307605908506282,78.78865394757517,1657054800,0
2022-07-06 00:00:00,4532117045436,Shell,grocery_pos,525.04,15.90416022467732,79.75017708264933,16.842680594690528,80.62680157600606,1657065600,0
2022-07-06 03:00:00,4532117045436,MakeMyTrip,gas_transport,483.45,15.911878884328834,79.73656839933459,15.499211967023605,78.97873923243692,1657076400,0
2022-07-06 06:00:00,4532117045436,Walmart,entertainment,455.78,15.916379869077987,79.74138915046777,15.442588503626027,80.25043007394528,1657087200,0
2022-07-06 09:00:00,4532117045436,Netflix,shopping_net,129.99,15.899244581445293,79.7322823915639,15.469968422124799,80.162079532032,1657098000,0
2022-07-06 12:00:00,4532117045436,Zomato,grocery_pos,267.86,15.908342983910263,79.73824665795824,15.717386835924536,80.52261624031061,1657108800,0
2022-07-06 15:00:00,4532117045436,Walmart,health_fitness,430.38,15.906164097125608,79.75896257908839,14.946562633096326,79.3827990567618,1657119600,0
2022-07-06 18:00:00,4532117045436,Walmart,gas_transport,677.91,15.903246305337102,79.73173375456464,15.939272092119046,79.76103570497234,1657130400,0
2022-07-06 21:00:00,4532117045436,Walmart,gas_transport,534.7,15.909143338808043,79.72834835722183,15.783120526080976,79.16416819409115,1657141200,0
2022-07-07 00:00:00,4532117045436,Walmart,travel,722.11,15.906661997079356,79.73806366561999,15.933659119647128,79.70934850688666,1657152000,0
2022-07-07 03:00:00,4532117045436,Shell,grocery_pos,462.45,15.921629879859083,79.73600116211306,15.664900285885468,79.68879503512566,1657162800,0
2022-07-07 06:00:00,4532117045436,MakeMyTrip,grocery_pos,445.37,15.90574222906186,79.74265979318109,15.116902506853561,80.51681140043557,1657173600,0
2022-07-07 09:00:00,4532117045436,Apollo,travel,663.77,15.917408232784668,79.74792869690158,15.782687806486134,80.00878040307687,1657184400,0
2022-07-07 12:00:00,4532117045436,Shell,entertainment,426.12,15.917058269831148,79.73625470796843,16.523102033597965,79.72305128319125,1657195200,0
2022-07-07 15:00:00,4532117045436,Shell,grocery_pos,302.03,15.8978889300837,79.76106778788767,15.407813948052807,79.71658490626945,1657206000,0
2022-07-07 18:00:00,4532117045436,Zomato,travel,497.51,15.907843004845512,79.75230697041737,15.474254057731136,79.51042603882773,1657216800,0
2022-07-07 21:00:00,4532117045436,Zomato,entertainment,618.38,15.911799378482554,79.73236473101647,16.14033950216222,79.62045939896315,1657227600,0
2022-07-08 00:00:00,4532117045436,MakeMyTrip,entertainment,326.11,15.915554118521227,79.73920911320253,15.293888099685246,79.78106511280207,1657238400,0
2022-07-08 03:00:00,4532117045436,Apollo,food_dining,538.36,15.910536306767973,79.74528402909135,16.02580593890289,80.70944958924079,1657249200,0
2022-07-08 06:00:00,4532117045436,Zomato,gas_transport,436.01,15.923319143254208,79.73171086360263,16.13492071889681,79.94089749138453,1657260000,0
2022-07-08 09:00:00,4532117045436,MakeMyTrip,health_fitness,517.7,15.913947459782477,79.71935304553348,15.631388359984419,79.22233194899515,1657270800,0
2022-07-08 12:00:00,4532117045436,MakeMyTrip,gas_transport,497.03,15.917355145370642,79.7592937876397,15.538025673666336,81.04402152283399,1657281600,0
2022-07-08 15:00:00,4532117045436,Amazon,gas_transport,387.85,15.906978265465648,79.72892995176896,15.20837589005844,80.257236219328,1657292400,0
2022-07-08 18:00:00,4532117045436,Apollo,food_dining,434.07,15.917500797510176,79.7485242440079,15.517369147946123,80.22598673108806,1657303200,0
2022-07-08 21:00:00,4532117045436,Zomato,entertainment,397.02,15.932263896059037,79.7470042932074,16.196783949341587,79.63199984849936,1657314000,0
2022-07-09 00:00:00,4532117045436,Apollo,entertainment,467.81,15.918165853628894,79.73184150079608,16.33202773928485,80.13876040324249,1657324800,0
2022-07-09 03:00:00,4532117045436,Shell,grocery_pos,323.09,15.923930154746696,79.75959904154004,15.944736380995147,79.8921501314964,1657335600,0
2022-07-09 06:00:00,4532117045436,Shell,food_dining,358.94,15.909984505179937,79.74064589160216,15.605673536861437,79.06035927352121,1657346400,0
2022-07-09 09:00:00,4532117045436,Apollo,grocery_pos,387.91,15.922142460040314,79.74137768294055,15.94955492223332,79.96681977489465,1657357200,0
2022-07-09 12:00:00,4532117045436,Amazon,food_dining,508.76,15.923015686238399,79.72461743940899,15.50373820744095,79.1125304355336,1657368000,0
2022-07-09 15:00:00,4532117045436,Amazon,grocery_pos,237.67,15.915354486208546,79.71888010740147,16.002447400542213,79.88902141722355,1657378800,0
2022-07-09 18:00:00,4532117045436,Apollo,shopping_net,433.93,15.912152490629122,79.73757425410417,16.28633104831,79.93566184721759,1657389600,0
2022-07-09 21:00:00,4532117045436,Zomato,travel,343.77,15.89794912748033,79.75297262458386,15.680222694627934,79.28384194997533,1657400400,0
2022-07-10 00:00:00,4532117045436,Netflix,gas_transport,388.29,15.912576155262354,79.72138173258816,15.51135208138226,79.79878210450077,1657411200,0
2022-07-10 03:00:00,4532117045436,Amazon,gas_transport,350.97,15.918552234729237,79.74145353798058,15.669041155937014,80.03722951788792,1657422000,0
2022-07-10 06:00:00,4532117045436,Walmart,health_fitness,479.19,15.90524757037364,79.7408160424814,16.456655553801045,79.48371606940756,1657432800,0
2022-07-10 09:00:00,4532117045436,Shell,travel,426.43,15.900199170660292,79.75241027333774,17.308564975947647,79.96858103534322,1657443600,0
2022-07-10 12:00:00,4532117045436,Apollo,entertainment,556.74,15.913919516788992,79.75016479969386,16.23719178519195,80.3761527680633,1657454400,0
2022-07-10 15:00:00,4532117045436,Walmart,health_fitness,510.26,15.915206659199336,79.74140281532941,15.87632143431598,80.16107655596493,1657465200,0
2022-07-10 18:00:00,4532117045436,Apollo,shopping_net,219.44,15.899426287587604,79.7390643646169,15.426145016002478,79.58504632984321,1657476000,0
2022-07-10 21:00:00,4532117045436,MakeMyTrip,health_fitness,306.0,15.913307716915265,79.73280140990892,15.395116086371985,80.4665946124587,1657486800,0
2022-07-11 00:00:00,4532117045436,Shell,gas_transport,424.03,15.915799275586089,79.72854564649758,16.126727002483765,80.11645090296564,1657497600,0
2022-07-11 03:00:00,4532117045436,Shell,entertainment,443.56,15.92611303699202,79.733736002108,15.522999111516171,79.65544555795445,1657508400,0
2022-07-11 06:00:00,4532117045436,Amazon,shopping_net,319.23,15.908134808647615,79.72893188062531,16.42414204694792,79.43160495085826,1657519200,0
2022-07-11 09:00:00,4532117045436,Amazon,gas_transport,645.6,15.93376421715063,79.73894897092694,15.611243962300374,80.0493622463696,1657530000,0
2022-07-11 12:00:00,4532117045436,Walmart,travel,579.7,15.913438852208337,79.73965267737738,16.62443199590577,80.28268052923138,1657540800,0
2022-07-11 15:00:00,4532117045436,MakeMyTrip,grocery_pos,203.29,15.900880574677618,79.73725319177844,15.708236104229343,80.30704296509646,1657551600,0
2022-07-11 18:00:00,4532117045436,Apollo,food_dining,501.81,15.909598144387685,79.74109352242108,16.479620331682955,80.0481520725518,1657562400,0
2022-07-11 21:00:00,4532117045436,MakeMyTrip,shopping_net,443.13,15.901771536299462,79.73540810520244,16.249408963788916,79.56952098279281,1657573200,0
2022-07-12 00:00:00,4532117045436,Shell,entertainment,636.58,15.911227621077145,79.74841661171654,16.336366733929506,80.02406266372257,1657584000,0
2022-07-12 03:00:00,4532117045436,Walmart,health_fitness,214.52,15.917584664170112,79.74228715254304,15.878633238519068,79.3095803158971,1657594800,0
2022-07-12 06:00:00,4532117045436,Netflix,travel,758.98,15.915581885639641,79.73515978147452,15.580788564439942,79.88501463814089,1657605600,0
2022-07-12 09:00:00,4532117045436,Walmart,health_fitness,323.56,15.901598747559468,79.72833465950984,16.417652504091887,80.63915240747902,1657616400,0
2022-07-12 12:00:00,4532117045436,Zomato,shopping_net,506.78,15.900355069474628,79.73918420561236,16.809470642927206,79.23626920927344,1657627200,0
2022-07-12 15:00:00,4532117045436,Walmart,travel,359.05,15.917093890415291,79.75141148632227,15.411713874987193,79.46325654413882,1657638000,0
2022-07-12 18:00:00,4532117045436,MakeMyTrip,entertainment,393.58,15.919340989799693,79.74589444315737,16.15067454543726,80.21338106663063,1657648800,0
2022-07-12 21:00:00,4532117045436,Zomato,shopping_net,196.59,15.908010695045965,79.74758169733005,16.148777013189225,79.30180510023229,1657659600,0
2022-07-13 00:00:00,4532117045436,Zomato,entertainment,629.53,15.88752327817951,79.74724048874923,15.995801318625398,80.5073625776163,1657670400,0
2022-07-13 03:00:00,4532117045436,Zomato,health_fitness,409.55,15.901316009730989,79.75215661792676,16.628463985248256,80.22806201357217,1657681200,0
2022-07-13 06:00:00,4532117045436,Netflix,gas_transport,419.75,15.922763003686617,79.74862110857518,15.52512439453047,80.24892484487658,1657692000,0
2022-07-13 09:00:00,4532117045436,Walmart,travel,6788.11,15.905514697124147,79.74149070869244,29.403690865070356,74.97572794623532,1657702800,1
2022-07-13 12:00:00,4532117045436,MakeMyTrip,grocery_pos,593.92,15.909427679750978,79.73592924526622,15.774221432874079,79.093793655648,1657713600,0
2022-07-13 15:00:00,4532117045436,Walmart,gas_transport,349.75,15.918433396533777,79.74875975496631,14.744668327878856,79.19917858868446,1657724400,0
2022-07-13 18:00:00,4532117045436,Netflix,grocery_pos,358.46,15.90983729991193,79.71580898701484,15.184174014414708,80.4000506509844,1657735200,0
2022-07-13 21:00:00,4532117045436,Shell,health_fitness,488.97,15.926874228608233,79.75267392338647,15.93074498087226,79.58654460778432,1657746000,0
2022-07-14 00:00:00,4532117045436,Amazon,travel,565.61,15.909165634755992,79.74690010161963,16.522941138426276,79.7038569599292,1657756800,0
2022-07-14 03:00:00,4532117045436,MakeMyTrip,gas_transport,712.87,15.904293465218533,79.7563860022118,16.453559835852055,80.09394569117833,1657767600,0
2022-07-14 06:00:00,4532117045436,MakeMyTrip,gas_transport,208.79,15.924722722030177,79.72880408998036,15.965585579605516,79.81565333486238,1657778400,0
2022-07-14 09:00:00,4532117045436,Walmart,shopping_net,559.05,15.913378060933836,79.75162029602227,15.340251972492638,80.280342977029,1657789200,0
2022-07-14 12:00:00,4532117045436,Amazon,food_dining,583.15,15.90211602151463,79.74663560596018,15.309100727507412,80.02924896880663,1657800000,0
2022-07-14 15:00:00,4532117045436,Apollo,health_fitness,331.57,15.917618243726855,79.73392529241798,16.123166261347134,79.64111532256968,1657810800,0
2022-07-14 18:00:00,4532117045436,Apollo,entertainment,395.96,15.909956728365156,79.73863647264137,15.891763092665093,79.69252831304128,1657821600,0
2022-07-14 21:00:00,4532117045436,Netflix,health_fitness,205.45,15.901441360429018,79.7379372902338,16.39838049486965,79.8691737363798,1657832400,0
2022-07-15 00:00:00,4532117045436,Apollo,entertainment,374.87,15.913851157729795,79.73635032653844,15.746863374626896,79.93497605234842,1657843200,0
2022-07-15 03:00:00,4532117045436,MakeMyTrip,travel,484.81,15.911319034976376,79.72651351524603,15.526922240312388,80.14236569289639,1657854000,0
2022-07-15 06:00:00,4532117045436,Apollo,entertainment,689.12,15.896025811201213,79.75174336165654,15.773798267994854,79.82277741679279,1657864800,0
2022-07-15 09:00:00,4532117045436,Shell,grocery_pos,702.95,15.902306760048594,79.73053667475054,15.906357582327999,79.69771264245666,1657875600,0
2022-07-15 12:00:00,4532117045436,Shell,entertainment,4979.5,15.931553456664613,79.72950247296454,26.919859054690562,76.81416247735001,1657886400,1
2022-07-15 15:00:00,4532117045436,Shell,entertainment,668.68,15.91371309572357,79.75199164268318,16.14936537297912,79.52393786370332,1657897200,0
2022-07-15 18:00:00,4532117045436,Apollo,shopping_net,157.6,15.926366704763957,79.72597296885839,15.9842505144269,80.54240819274493,1657908000,0
2022-07-15 21:00:00,4532117045436,Netflix,gas_transport,362.26,15.915988182001676,79.73697364812142,16.386415827166523,79.30339297850453,1657918800,0
2022-07-16 00:00:00,4532117045436,Zomato,health_fitness,404.73,15.925271359842341,79.73005733892586,16.302901831213084,79.10977015328199,1657929600,0
2022-07-16 03:00:00,4532117045436,Zomato,health_fitness,487.77,15.918457486341103,79.75636729970938,16.45454657450548,80.18569599748989,1657940400,0
2022-07-16 06:00:00,4532117045436,Amazon,travel,465.98,15.903436710264128,79.75143754917366,16.753249155920486,79.98069972369642,1657951200,0
2022-07-16 09:00:00,4532117045436,Zomato,travel,504.85,15.918968251124413,79.73178321745716,15.982679647332699,80.77220076125246,1657962000,0
2022-07-16 12:00:00,4532117045436,Zomato,entertainment,5146.13,15.903372228439956,79.73002957900894,29.16652885092352,77.30757938897273,1657972800,1
2022-07-16 15:00:00,4532117045436,Shell,food_dining,593.94,15.922193690354993,79.74767239422322,16.343520770243114,79.7255121552913,1657983600,0
2022-07-16 18:00:00,4532117045436,Shell,health_fitness,6749.59,15.915077240517594,79.74433349811724,28.34009716526652,77.87782097494599,1657994400,1
2022-07-16 21:00:00,4532117045436,Apollo,travel,406.57,15.91308772523839,79.73645918757892,15.799194393471211,79.7903677373224,1658005200,0
2022-07-17 00:00:00,4532117045436,Amazon,entertainment,576.36,15.908514689693803,79.73553442791557,14.904626212888244,78.87310521849729,1658016000,0
2022-07-17 03:00:00,4532117045436,Walmart,travel,760.27,15.920884433023684,79.73766125181143,16.432827199658384,78.79611547845299,1658026800,0
2022-07-17 06:00:00,4532117045436,MakeMyTrip,grocery_pos,349.01,15.911323473209166,79.74901932789086,15.903227447894887,79.46830166047326,1658037600,0
2022-07-17 09:00:00,4532117045436,Amazon,grocery_pos,701.3,15.89380104831655,79.75570707485326,15.245602336305884,79.77315995637765,1658048400,0
2022-07-17 12:00:00,4532117045436,Amazon,travel,362.48,15.895757485831227,79.75822721358792,15.779168936392791,79.44651894990044,1658059200,0
2022-07-17 15:00:00,4532117045436,Netflix,grocery_pos,661.55,15.900207276813896,79.73265556268447,15.910444096992222,79.45074906230785,1658070000,0
2022-07-17 18:00:00,4532117045436,Apollo,travel,368.11,15.920741802103793,79.74058020455182,15.779002428281325,78.98584881700873,1658080800,0
2022-07-17 21:00:00,4532117045436,Netflix,entertainment,564.85,15.921502505865181,79.75343513335103,15.660146425195341,80.05577845427628,1658091600,0
2022-07-18 00:00:00,4532117045436,Amazon,shopping_net,476.94,15.916149977253266,79.73129432872206,16.38887215822817,79.38366907491796,1658102400,0
2022-07-18 03:00:00,4532117045436,Amazon,food_dining,182.21,15.916044087951871,79.73317921706607,16.58847275376157,80.56976912309379,1658113200,0
2022-07-18 06:00:00,4532117045436,Amazon,entertainment,737.33,15.927361346371901,79.74796870078958,16.878865697210976,79.70537509405463,1658124000,0
2022-07-18 09:00:00,4532117045436,Zomato,shopping_net,315.68,15.9163284839208,79.73531316491564,15.411037101078414,79.21428168256377,1658134800,0
2022-07-18 12:00:00,4532117045436,MakeMyTrip,shopping_net,7386.56,15.919281095655023,79.72524591366428,27.567522940724047,77.96201346158932,1658145600,1
2022-07-18 15:00:00,4532117045436,MakeMyTrip,health_fitness,354.08,15.912792526633151,79.73173082644058,16.008348938643866,79.12592728358545,1658156400,0
2022-07-18 18:00:00,4532117045436,Netflix,entertainment,829.69,15.908289449860053,79.74990299122652,16.100795004786224,79.70830308852123,1658167200,0
2022-07-18 21:00:00,4532117045436,Amazon,entertainment,261.94,15.910097650697496,79.74249033386543,16.520104343515857,78.55184255388592,1658178000,0
2022-07-19 00:00:00,4532117045436,MakeMyTrip,travel,476.74,15.933407688192885,79.72437761392247,15.887952445862728,79.34372965716824,1658188800,0
2022-07-19 03:00:00,4532117045436,Shell,shopping_net,281.53,15.902032814374452,79.73391063295153,15.821638999890748,79.47393978772669,1658199600,0
2022-07-19 06:00:00,4532117045436,MakeMyTrip,shopping_net,307.24,15.916043115954134,79.75822724243794,15.56613392933571,79.36990310714904,1658210400,0
2022-07-19 09:00:00,4532117045436,Apollo,shopping_net,210.09,15.89774611142206,79.73930511877163,15.329585665035696,79.44774734931214,1658221200,0
2022-07-19 12:00:00,4532117045436,Apollo,travel,497.28,15.90679483449705,79.73756602039121,15.596689485485326,79.50731074468841,1658232000,0
2022-07-19 15:00:00,4532117045436,MakeMyTrip,health_fitness,425.82,15.92063826085966,79.74008208936405,15.998449968648254,79.3474324426048,1658242800,0
2022-07-19 18:00:00,4532117045436,Shell,entertainment,280.3,15.894800380691297,79.74205131030885,15.887754122038832,80.47496776791026,1658253600,0
2022-07-19 21:00:00,4532117045436,Apollo,shopping_net,580.98,15.921947392879744,79.73609183866685,15.722591144202946,79.43162849182788,1658264400,0
2022-07-20 00:00:00,4532117045436,Zomato,grocery_pos,596.81,15.933375436094392,79.75340539178545,15.73802116384597,78.42592326231134,1658275200,0
2022-07-20 03:00:00,4532117045436,MakeMyTrip,entertainment,511.08,15.916551605168186,79.73529036032438,16.438571867630877,78.92186704871267,1658286000,0
2022-07-20 06:00:00,4532117045436,Zomato,travel,625.6,15.92551914094543,79.74993766766791,16.000717172367658,80.04096149905665,1658296800,0
2022-07-20 09:00:00,4532117045436,MakeMyTrip,health_fitness,397.65,15.915380380788578,79.75822444802837,15.416209433707863,79.96522028568224,1658307600,0
2022-07-20 12:00:00,4532117045436,Walmart,grocery_pos,498.36,15.920010888542079,79.74377723229935,15.941850401958245,79.47743435238878,1658318400,0
2022-07-20 15:00:00,4532117045436,Walmart,travel,398.23,15.917437662599841,79.72952357513843,16.220948154310452,79.03434177114259,1658329200,0
2022-07-20 18:00:00,4532117045436,Walmart,gas_transport,223.9,15.907799441923364,79.7418824201628,16.391122252037004,80.0957380441588,1658340000,0
2022-07-20 21:00:00,4532117045436,Apollo,entertainment,482.89,15.906903173824073,79.73436234183146,16.194969812992966,78.94644846065839,1658350800,0
2022-07-21 00:00:00,4532117045436,Zomato,gas_transport,473.8,15.924714570574846,79.7489807916077,16.33716672999895,79.92681331139512,1658361600,0
2022-07-21 03:00:00,4532117045436,Zomato,travel,445.47,15.912477861419761,79.74207247281764,16.165929767515863,79.52543379873072,1658372400,0
2022-07-21 06:00:00,4532117045436,Zomato,travel,506.08,15.91148227865506,79.73880946227479,14.90945974856391,79.98981295268835,1658383200,0
2022-07-21 09:00:00,4532117045436,Shell,travel,661.79,15.911275129824284,79.7299163707825,15.832758742798852,79.48673846819312,1658394000,0
2022-07-21 12:00:00,4532117045436,Zomato,shopping_net,419.34,15.915964067698395,79.72139060128515,15.867770775891811,80.47013525523401,1658404800,0
2022-07-21 15:00:00,4532117045436,Shell,health_fitness,306.42,15.901044794871412,79.73188459176882,16.93258167747303,78.81755428007068,1658415600,0
2022-07-21 18:00:00,4532117045436,Walmart,shopping_net,412.84,15.911078564084344,79.74651046375305,16.29258857589643,80.02765142365483,1658426400,0
2022-07-21 21:00:00,4532117045436,Walmart,health_fitness,429.47,15.916005592838648,79.7518280008169,15.767426420485087,79.56693920705169,1658437200,0
2022-07-22 00:00:00,4532117045436,Apollo,food_dining,597.54,15.900109143541988,79.73689898045942,15.526547869452305,79.38806958319581,1658448000,0
2022-07-22 03:00:00,4532117045436,MakeMyTrip,shopping_net,466.0,15.914992317279058,79.73055312344195,15.740878914648945,80.36758592933523,1658458800,0
2022-07-22 06:00:00,4532117045436,Walmart,gas_transport,277.77,15.903923734582229,79.74189727252332,15.508703127998082,79.23119983175245,1658469600,0
2022-07-22 09:00:00,4532117045436,MakeMyTrip,health_fitness,570.82,15.916024374623163,79.74688503097678,17.00282178393904,79.85706708468373,1658480400,0
2022-07-22 12:00:00,4532117045436,MakeMyTrip,shopping_net,546.77,15.934485119669134,79.74777191912176,15.9052657479472,79.80101846401008,1658491200,0
2022-07-22 15:00:00,4532117045436,Apollo,entertainment,466.07,15.911691365311261,79.74194540456926,16.325315049188283,79.12483007540405,1658502000,0
2022-07-22 18:00:00,4532117045436,Amazon,travel,592.24,15.902113664624416,79.7607027802959,16.170568096333064,80.1527778030117,1658512800,0
2022-07-22 21:00:00,4532117045436,Amazon,health_fitness,617.34,15.915270837200282,79.75268882647518,16.24156717852711,80.75052269328725,1658523600,0
2022-07-23 00:00:00,4532117045436,Netflix,health_fitness,393.38,15.917642101124823,79.72777213885328,15.472576980959502,80.5498465389737,1658534400,0
2022-07-23 03:00:00,4532117045436,Apollo,shopping_net,314.98,15.903530770165132,79.72532529012697,16.58153679447653,79.93856920832658,1658545200,0
2022-07-23 06:00:00,4532117045436,Netflix,food_dining,448.22,15.895715199738294,79.72869672300946,15.868739681527604,79.62599515223026,1658556000,0
2022-07-23 09:00:00,4532117045436,Netflix,shopping_net,530.49,15.903561406324712,79.75168361489291,16.66310057740843,80.14814414397605,1658566800,0
2022-07-23 12:00:00,4532117045436,Amazon,gas_transport,434.2,15.912416483165227,79.7229074180909,16.125734300598044,80.22401720676702,1658577600,0
2022-07-23 15:00:00,4532117045436,Apollo,gas_transport,301.74,15.908346864563708,79.74457559707513,16.78989006253982,79.7854841211128,1658588400,0
2022-07-23 18:00:00,4532117045436,Amazon,health_fitness,474.4,15.92367493950356,79.73829997708445,16.21305885192804,78.545136317832,1658599200,0
2022-07-23 21:00:00,4532117045436,Netflix,health_fitness,144.97,15.918071130736855,79.72755207554648,15.820094319682193,78.96185371039869,1658610000,0
2022-07-24 00:00:00,4532117045436,Apollo,shopping_net,5921.91,15.913919856889628,79.74248844216685,27.793485922100096,78.28213931581729,1658620800,1
2022-07-24 03:00:00,4532117045436,Netflix,gas_transport,577.67,15.89545040780723,79.73823556008666,15.982055149262141,79.90234628732536,1658631600,0
2022-07-24 06:00:00,4532117045436,Zomato,gas_transport,585.82,15.919204024058558,79.74806936176064,16.181941885899764,79.50903092789163,1658642400,0
2022-07-24 09:00:00,4532117045436,MakeMyTrip,food_dining,10.0,15.93269177267709,79.72373014445871,15.95752616610859,79.87728003957798,1658653200,0
2022-07-24 12:00:00,4532117045436,Apollo,entertainment,421.11,15.921523063844147,79.73106438514853,15.642431896668972,79.00781301187202,1658664000,0
2022-07-24 15:00:00,4532117045436,Apollo,food_dining,539.89,15.906323053379383,79.73126462450416,15.83318864927587,79.65044618120943,1658674800,0
2022-07-24 18:00:00,4532117045436,MakeMyTrip,grocery_pos,273.59,15.911536476403342,79.74661645802514,16.26872535521801,79.57200798772672,1658685600,0
2022-07-24 21:00:00,4532117045436,Netflix,travel,394.21,15.917490800585025,79.73762365824932,16.3989830547516,78.75797061666671,1658696400,0
2022-07-25 00:00:00,4532117045436,Zomato,food_dining,631.16,15.926766612026439,79.75180797851954,14.903082164721571,79.783642041591,1658707200,0
2022-07-25 03:00:00,4532117045436,Shell,shopping_net,377.38,15.90584248865155,79.7360120569758,16.07305730299904,78.97727196239587,1658718000,0
2022-07-25 06:00:00,4532117045436,MakeMyTrip,entertainment,689.8,15.908244858550999,79.74220650609756,15.873949609858762,80.17792634474391,1658728800,0
2022-07-25 09:00:00,4532117045436,Amazon,shopping_net,338.82,15.912468334460508,79.75484240174053,15.227827534298468,79.90736346295414,1658739600,0
2022-07-25 12:00:00,4532117045436,Netflix,travel,661.48,15.911593172884078,79.72227068236907,16.341655558827547,79.40590472769466,1658750400,0
2022-07-25 15:00:00,4532117045436,MakeMyTrip,grocery_pos,455.03,15.920823595706413,79.74028998164513,16.81622112490306,79.23112012588133,1658761200,0
2022-07-25 18:00:00,4532117045436,MakeMyTrip,entertainment,318.25,15.915522976866704,79.73968426137343,16.653736113698898,79.04411541685293,1658772000,0
2022-07-25 21:00:00,4532117045436,Apollo,health_fitness,661.98,15.898928232427975,79.73212156799411,14.746255948214165,79.50202133166518,1658782800,0
2022-07-26 00:00:00,4532117045436,Amazon,gas_transport,269.03,15.906332179651912,79.73836137421588,16.075164776648435,80.12628181061828,1658793600,0
2022-07-26 03:00:00,4532117045436,Amazon,food_dining,330.6,15.90662002727056,79.7431217987188,15.588068137604116,79.5707557646468,1658804400,0
2022-07-26 06:00:00,4532117045436,Amazon,shopping_net,523.49,15.890750832955103,79.73253757991215,15.688784951182933,79.65396929688376,1658815200,0
2022-07-26 09:00:00,4532117045436,MakeMyTrip,grocery_pos,462.12,15.922196366727183,79.74055407679329,15.786809912131568,79.18736973342865,1658826000,0
2022-07-26 12:00:00,4532117045436,Shell,gas_transport,491.09,15.914224250426727,79.72980264858742,14.801579534400364,79.48746232007977,1658836800,0
2022-07-26 15:00:00,4532117045436,Walmart,food_dining,394.75,15.907493206572221,79.7379569048268,14.883791737343431,79.62710033476053,1658847600,0
2022-07-26 18:00:00,4532117045436,Netflix,gas_transport,270.09,15.921926101579352,79.74928701471933,15.955497707201028,79.80205547603963,1658858400,0
2022-07-26 21:00:00,4532117045436,Walmart,food_dining,352.16,15.915913294031736,79.7497549236238,16.036751141912553,79.65202386036523,1658869200,0
2022-07-27 00:00:00,4532117045436,MakeMyTrip,health_fitness,648.06,15.900038788380385,79.75172767611427,15.815213137099928,79.96437618729139,1658880000,0
2022-07-27 03:00:00,4532117045436,Walmart,entertainment,249.45,15.918995924562065,79.73898359477558,15.288538955381144,80.0674757684311,1658890800,0
2022-07-27 06:00:00,4532117045436,MakeMyTrip,gas_transport,696.67,15.926629630139232,79.73673276618281,15.710868335358548,80.50423169176429,1658901600,0
2022-07-27 09:00:00,4532117045436,Walmart,gas_transport,497.38,15.911501032449825,79.7473795758117,16.635620059177022,79.84995432176495,1658912400,0
2022-07-27 12:00:00,4532117045436,Amazon,gas_transport,360.48,15.912229508071656,79.75166879390996,15.731518714227972,79.9504125745819,1658923200,0
2022-07-27 15:00:00,4532117045436,Zomato,entertainment,149.69,15.913977601741127,79.74083440010091,15.661501950311617,79.47868721598407,1658934000,0
2022-07-27 18:00:00,4532117045436,Amazon,grocery_pos,169.4,15.900721057233838,79.75512164685254,16.531334590805063,80.50934606018176,1658944800,0
2022-07-27 21:00:00,4532117045436,Amazon,food_dining,396.62,15.914314197485718,79.74710584171001,15.805026947166715,79.50480069797705,1658955600,0
2022-07-28 00:00:00,4532117045436,Apollo,health_fitness,378.44,15.903985026405518,79.73428989225103,16.253116546247053,80.04102205055064,1658966400,0
2022-07-28 03:00:00,4532117045436,Apollo,gas_transport,467.66,15.912834743775791,79.7355002947015,16.143326539361222,79.49355568492247,1658977200,0
2022-07-28 06:00:00,4532117045436,Walmart,travel,707.87,15.914558915307412,79.73959521579866,15.466776284086833,79.66777770274408,1658988000,0
2022-07-28 09:00:00,4532117045436,MakeMyTrip,entertainment,7099.73,15.918207896972511,79.72429547748291,28.14237476909494,75.88036326361318,1658998800,1
2022-07-28 12:00:00,4532117045436,Amazon,grocery_pos,430.7,15.918575574104114,79.73446559983199,15.238945063815475,78.76322688727168,1659009600,0
2022-07-28 15:00:00,4532117045436,Walmart,food_dining,632.53,15.90362308137168,79.75140814582213,15.408053787925867,79.83919671176082,1659020400,0
2022-07-28 18:00:00,4532117045436,Apollo,entertainment,472.6,15.914776133714168,79.75345133381848,16.326395581247215,79.69987996481842,1659031200,0
2022-07-28 21:00:00,4532117045436,Zomato,health_fitness,689.96,15.922460910631832,79.74286031193567,15.502000183673088,79.40306884823809,1659042000,0
2022-07-29 00:00:00,4532117045436,Netflix,health_fitness,349.19,15.90136616600895,79.74454368056972,15.843945303677332,79.23770068431453,1659052800,0
2022-07-29 03:00:00,4532117045436,Walmart,food_dining,277.83,15.93035103271342,79.73690080548937,15.772072018180095,79.41965067302243,1659063600,0
2022-07-29 06:00:00,4532117045436,Zomato,gas_transport,149.95,15.90317579674069,79.73359850462307,16.102698132048825,79.20867301360732,1659074400,0
2022-07-29 09:00:00,4532117045436,Netflix,health_fitness,434.19,15.92917442953165,79.74570306529874,15.230534478853025,79.48978977123534,1659085200,0
2022-07-29 12:00:00,4532117045436,Shell,grocery_pos,264.8,15.903351619031966,79.73560191005086,16.46192586585611,79.40526345832053,1659096000,0
2022-07-29 15:00:00,4532117045436,Walmart,entertainment,262.68,15.912337796011458,79.7569033517932,16.63100050829913,79.56579618676867,1659106800,0
2022-07-29 18:00:00,4532117045436,Walmart,grocery_pos,605.15,15.910970950739772,79.74408591645687,15.900323149803425,80.120754880254,1659117600,0
2022-07-29 21:00:00,4532117045436,Shell,gas_transport,191.68,15.899231956048876,79.74445271681999,14.79309004178371,79.28544428024422,1659128400,0
2022-07-30 00:00:00,4532117045436,Shell,grocery_pos,465.53,15.9198819369988,79.72940481864494,15.483352836043515,79.44826182327677,1659139200,0
2022-07-30 03:00:00,4532117045436,Walmart,grocery_pos,437.52,15.920395343822644,79.71681408925426,16.07090529270586,79.79832086143358,1659150000,0
2022-07-30 06:00:00,4532117045436,Shell,shopping_net,463.82,15.919097413875066,79.74445127557503,16.098973213013604,79.24984985309248,1659160800,0
2022-07-30 09:00:00,4532117045436,Amazon,grocery_pos,657.62,15.91041521376135,79.73503097238077,15.784011183437563,80.12103471899997,1659171600,0
2022-07-30 12:00:00,4532117045436,Netflix,food_dining,326.15,15.905882436925648,79.7498397104775,16.463208308667078,79.25755794737329,1659182400,0
2022-07-30 15:00:00,4532117045436,Netflix,entertainment,4349.34,15.923891564828564,79.73087256161853,27.763918418247385,78.04758537406775,1659193200,1
2022-07-30 18:00:00,4532117045436,Netflix,shopping_net,185.97,15.91503443998867,79.73468788701318,16.40495338940768,80.2709952314678,1659204000,0
2022-07-30 21:00:00,4532117045436,Amazon,entertainment,547.61,15.905337133505247,79.75119457754715,15.91340222140744,79.24819648130526,1659214800,0
2022-07-31 00:00:00,4532117045436,MakeMyTrip,entertainment,671.46,15.915045370228366,79.74436793316077,15.629857508075627,79.34017037270677,1659225600,0
2022-07-31 03:00:00,4532117045436,Shell,gas_transport,7947.79,15.896152971125519,79.72998678149598,27.59716890853118,77.6077442448992,1659236400,1
2022-07-31 06:00:00,4532117045436,Zomato,gas_transport,444.69,15.913977866727876,79.74034007169463,15.890943354728376,79.74958780185229,1659247200,0
2022-07-31 09:00:00,4532117045436,Shell,shopping_net,432.49,15.91945774175289,79.75903730227645,16.356637317769,79.67487819793104,1659258000,0
2022-07-31 12:00:00,4532117045436,Walmart,health_fitness,460.78,15.911105916063352,79.74143631396241,17.366085793986816,79.73143106711778,1659268800,0
2022-07-31 15:00:00,4532117045436,Apollo,travel,7083.21,15.9200090680978,79.73851960602133,27.840120242705677,76.6309876048376,1659279600,1
2022-07-31 18:00:00,4532117045436,Netflix,gas_transport,335.46,15.921032204721678,79.74895232969453,16.353295684664527,79.64637638331297,1659290400,0
2022-07-31 21:00:00,4532117045436,Shell,travel,272.32,15.915653155567469,79.74352273754317,16.231875694664733,79.0072569078186,1659301200,0
2022-08-01 00:00:00,4532117045436,Zomato,gas_transport,461.87,15.930580700014604,79.75443666275633,16.802555184338118,80.37674416363002,1659312000,0
2022-08-01 03:00:00,4532117045436,Walmart,gas_transport,618.65,15.926439557651179,79.74755097569646,16.369973853160825,79.9556869513787,1659322800,0
2022-08-01 06:00:00,4532117045436,Amazon,entertainment,533.8,15.919173326442143,79.749065438266,16.699368876944778,79.10309433694376,1659333600,0
2022-08-01 09:00:00,4532117045436,MakeMyTrip,shopping_net,455.15,15.916451277246036,79.75492308526125,15.421010022334105,79.64784451596365,1659344400,0
2022-08-01 12:00:00,4532117045436,Amazon,entertainment,415.62,15.910336293964406,79.73700947590119,15.275109701839536,80.13268113637085,1659355200,0
2022-08-01 15:00:00,4532117045436,Zomato,food_dining,148.96,15.906428372782585,79.73401236551376,15.44258866477086,79.28576829397413,1659366000,0
2022-08-01 18:00:00,4532117045436,Walmart,entertainment,537.88,15.92087485769577,79.72654269557074,15.834477558452829,80.20221345765188,1659376800,0
2022-08-01 21:00:00,4532117045436,Netflix,travel,555.8,15.91090846838984,79.73789152227839,16.604157059523263,79.2558052882457,1659387600,0
2022-08-02 00:00:00,4532117045436,Shell,travel,346.15,15.902759090618224,79.72691391647176,16.715773144496033,79.95486976079525,1659398400,0
2022-08-02 03:00:00,4532117045436,Walmart,food_dining,380.29,15.904878410902855,79.74365485590678,15.730488323630595,78.45920940300665,1659409200,0
2022-08-02 06:00:00,4532117045436,MakeMyTrip,grocery_pos,292.77,15.90619810089414,79.73386511323531,15.856786115158684,80.2116133951316,1659420000,0
2022-08-02 09:00:00,4532117045436,Amazon,grocery_pos,580.22,15.930435523272262,79.74962334260879,15.32691947165522,78.79666875822238,1659430800,0
2022-08-02 12:00:00,4532117045436,MakeMyTrip,food_dining,395.12,15.921378278540677,79.7477867814621,15.949283903677134,80.33558421297532,1659441600,0
2022-08-02 15:00:00,4532117045436,MakeMyTrip,food_dining,427.6,15.913242758326575,79.73610400150518,15.81379491579836,79.15712854213392,1659452400,0
2022-08-02 18:00:00,4532117045436,Zomato,entertainment,544.39,15.917039501828073,79.7497629218671,15.81523585460043,80.68176792882949,1659463200,0
2022-08-02 21:00:00,4532117045436,Zomato,food_dining,499.05,15.918200299258634,79.7414923573318,16.50326347166884,79.7914576026094,1659474000,0
2022-08-03 00:00:00,4532117045436,Shell,shopping_net,534.49,15.90421408595648,79.72228738292006,16.1153046630055,80.24840497050914,1659484800,0
2022-08-03 03:00:00,4532117045436,Zomato,grocery_pos,476.23,15.901224328828558,79.73011367849395,15.25918511968329,79.64679780500511,1659495600,0
2022-08-03 06:00:00,4532117045436,Zomato,grocery_pos,479.57,15.923415425111862,79.73275836982073,14.637799228953044,78.97898094012791,1659506400,0
2022-08-03 09:00:00,4532117045436,Walmart,health_fitness,478.15,15.899402770899567,79.74010243776287,16.1888865724945,79.27249115660416,1659517200,0
2022-08-03 12:00:00,4532117045436,Netflix,food_dining,517.94,15.91272567505817,79.73570942035624,16.0290864829129,79.97301591670092,1659528000,0
2022-08-03 15:00:00,4532117045436,Shell,gas_transport,525.23,15.905682715111316,79.7347101833123,16.101725307055112,81.19018091631274,1659538800,0
2022-08-03 18:00:00,4532117045436,Walmart,gas_transport,266.29,15.915109902477491,79.7458097024108,16.029151585227627,80.46111228898027,1659549600,0
2022-08-03 21:00:00,4532117045436,Netflix,food_dining,360.42,15.910369479186683,79.74786916404938,15.340620503721777,79.78407097930872,1659560400,0
2022-08-04 00:00:00,4532117045436,MakeMyTrip,shopping_net,419.5,15.918239824060322,79.73381448080713,15.818013070278406,80.21234597005329,1659571200,0
2022-08-04 03:00:00,4532117045436,Walmart,gas_transport,517.77,15.889788361553249,79.73150265165944,15.7600766776281,79.84862205779498,1659582000,0
2022-08-04 06:00:00,4532117045436,Apollo,health_fitness,689.61,15.924106702235903,79.75264201423592,15.872267305929691,79.62398240459487,1659592800,0
2022-08-04 09:00:00,4532117045436,Walmart,travel,328.02,15.920253837965683,79.76726079175015,16.352079785137455,79.76888851908471,1659603600,0
2022-08-04 12:00:00,4532117045436,Zomato,food_dining,581.8,15.923015453608546,79.7305809902378,15.62420240087485,79.4556899560213,1659614400,0
2022-08-04 15:00:00,4532117045436,Netflix,shopping_net,364.66,15.921863874081543,79.74891139725881,15.334901223109084,79.77504904275254,1659625200,0
2022-08-04 18:00:00,4532117045436,Shell,shopping_net,655.58,15.916037980967369,79.73860974129289,16.582873650666244,79.91957027562812,1659636000,0
2022-08-04 21:00:00,4532117045436,Shell,entertainment,736.85,15.906486508196023,79.74675985174194,15.547769152891002,79.70644318229124,1659646800,0
2022-08-05 00:00:00,4532117045436,Netflix,shopping_net,187.8,15.917284315259675,79.73047050605533,16.489116944117956,79.50073856123512,1659657600,0
2022-08-05 03:00:00,4532117045436,Zomato,gas_transport,401.05,15.915795368366439,79.72748252065405,16.988630849903913,79.47361368972639,1659668400,0
2022-08-05 06:00:00,4532117045436,Amazon,travel,97.46,15.921665621147985,79.7287725657649,16.666448516881754,79.60045640356442,1659679200,0
2022-08-05 09:00:00,4532117045436,Walmart,gas_transport,196.52,15.919116498618681,79.73435861782653,16.245147105036388,79.79396296376926,1659690000,0
2022-08-05 12:00:00,4532117045436,Zomato,food_dining,205.87,15.913842306473043,79.73765291683056,15.813808829986314,79.49488417526176,1659700800,0
2022-08-05 15:00:00,4532117045436,Apollo,travel,543.61,15.917231282274225,79.74945127443159,16.36944046974792,80.00117405048047,1659711600,0
2022-08-05 18:00:00,4532117045436,MakeMyTrip,food_dining,515.55,15.918117302171966,79.73166536113254,15.901445058085885,78.92157430148609,1659722400,0
2022-08-05 21:00:00,4532117045436,Netflix,shopping_net,570.19,15.92378330082719,79.73362171047441,16.620612898009608,79.8427904143458,1659733200,0
2022-08-06 00:00:00,4532117045436,Walmart,health_fitness,6728.92,15.930258808994902,79.7608051867438,27.217801030011977,77.2799944379715,1659744000,1
2022-08-06 03:00:00,4532117045436,Shell,grocery_pos,3463.14,15.91887082115935,79.74053375731026,29.543535003495844,76.8752716361038,1659754800,1
2022-08-06 06:00:00,4532117045436,MakeMyTrip,travel,466.78,15.9181637313512,79.74285317537267,15.937529438408022,79.70063157206637,1659765600,0
2022-08-06 09:00:00,4532117045436,Amazon,entertainment,430.37,15.910670036284966,79.74745306591554,15.665819865490628,80.06308593016342,1659776400,0
2022-08-06 12:00:00,4532117045436,Apollo,grocery_pos,602.94,15.909466818353787,79.73476160991709,15.91177042659265,79.84261968376082,1659787200,0
2022-08-06 15:00:00,4532117045436,Shell,shopping_net,451.84,15.905641775703987,79.73981655335892,16.059312084963068,80.24737310474295,1659798000,0
2022-08-06 18:00:00,4532117045436,Netflix,shopping_net,528.78,15.880902394376365,79.73677543233755,15.784427352082247,79.61696501604462,1659808800,0
2022-08-06 21:00:00,4532117045436,Walmart,grocery_pos,100.46,15.904507874884757,79.73916960906847,16.06190680279889,79.98495105814351,1659819600,0
2022-08-07 00:00:00,4532117045436,Netflix,entertainment,273.74,15.911172705695222,79.74843242678202,16.405703383830044,78.65385441572502,1659830400,0
2022-08-07 03:00:00,4532117045436,MakeMyTrip,travel,597.03,15.909837394426141,79.746746659834,16.051685318265704,80.23147555086442,1659841200,0
2022-08-07 06:00:00,4532117045436,Walmart,travel,349.73,15.917466041785529,79.71717719253245,15.645695280273346,79.80007146734667,1659852000,0
2022-08-07 09:00:00,4532117045436,Zomato,grocery_pos,240.7,15.904859784549389,79.74997878306132,14.535075663716619,79.38886685173853,1659862800,0
2022-08-07 12:00:00,4532117045436,Amazon,food_dining,546.19,15.905299962227854,79.7365427426656,16.51977988501279,79.87429917246158,1659873600,0
2022-08-07 15:00:00,4532117045436,Zomato,gas_transport,450.2,15.891762956100594,79.74394803704885,15.857611302962582,80.44306192565527,1659884400,0
2022-08-07 18:00:00,4532117045436,Zomato,health_fitness,388.96,15.91761429495557,79.7359243474461,16.01313171823596,79.25735396387758,1659895200,0
2022-08-07 21:00:00,4532117045436,Netflix,food_dining,676.37,15.904021645511715,79.73948195031514,16.18539640389875,79.28905705462478,1659906000,0
2022-08-08 00:00:00,4532117045436,MakeMyTrip,travel,650.62,15.905739933906531,79.75315290114747,16.185524049109606,78.92183037667456,1659916800,0
2022-08-08 03:00:00,4532117045436,Amazon,gas_transport,3675.37,15.91854747355157,79.7433607560599,28.99566523622296,77.37854695867871,1659927600,1
2022-08-08 06:00:00,4532117045436,Walmart,health_fitness,558.36,15.904072698834787,79.75264171274092,16.41731590948647,79.25936324035733,1659938400,0
2022-08-08 09:00:00,4532117045436,Walmart,health_fitness,114.19,15.916703375914468,79.73949031040782,16.29067008510451,79.63800357003299,1659949200,0
2022-08-08 12:00:00,4532117045436,Apollo,health_fitness,614.0,15.900833749231028,79.738450913254,14.354383841324562,79.76064121334595,1659960000,0
2022-08-08 15:00:00,4532117045436,Shell,shopping_net,287.01,15.912688757498609,79.74012178065158,16.109389880585912,79.03516672309654,1659970800,0
2022-08-08 18:00:00,4532117045436,Apollo,health_fitness,232.18,15.906803481742928,79.72730523233544,16.040397735251034,79.89567036987683,1659981600,0
2022-08-08 21:00:00,4532117045436,Apollo,entertainment,182.21,15.910237052864261,79.71308991397308,15.786499497032576,79.86358753981145,1659992400,0
2022-08-09 00:00:00,4532117045436,Walmart,grocery_pos,170.62,15.928016800037431,79.73219264107136,16.15266543218703,79.85234891735489,1660003200,0
2022-08-09 03:00:00,4532117045436,Netflix,travel,612.05,15.89650712262354,79.7502723343992,15.923025578328462,79.30030692848612,1660014000,0
2022-08-09 06:00:00,4532117045436,Zomato,entertainment,544.67,15.927124107092768,79.7542053755602,15.628921084272758,80.70003588853518,1660024800,0
2022-08-09 09:00:00,4532117045436,MakeMyTrip,grocery_pos,335.12,15.903712245097887,79.71997636141225,16.531273893027166,80.05467916901345,1660035600,0
2022-08-09 12:00:00,4532117045436,Zomato,food_dining,578.23,15.92159081773266,79.75286677327784,16.086794017113874,79.06862535922144,1660046400,0
2022-08-09 15:00:00,4532117045436,Zomato,food_dining,360.75,15.923573169551748,79.73407676145355,15.999147068324532,78.94168322336702,1660057200,0
2022-08-09 18:00:00,4532117045436,Amazon,grocery_pos,498.55,15.91720462215552,79.72573599974433,14.871128720020991,79.3345928121374,1660068000,0
2022-08-09 21:00:00,4532117045436,Walmart,entertainment,377.65,15.900715563881121,79.75059226709236,16.977216110157418,79.78389295011883,1660078800,0
2022-08-10 00:00:00,4532117045436,MakeMyTrip,grocery_pos,432.01,15.915624296836436,79.73494556174558,14.9807375282379,80.46161360377809,1660089600,0
2022-08-10 03:00:00,4532117045436,Netflix,health_fitness,313.77,15.938495622503233,79.76615535162739,16.175001928458308,79.40067365675752,1660100400,0
2022-08-10 06:00:00,4532117045436,Amazon,shopping_net,336.03,15.913012357012402,79.73326757376408,16.269386513564246,78.96456994402868,1660111200,0
2022-08-10 09:00:00,4532117045436,Shell,travel,531.61,15.91189183238303,79.7372364503254,16.735109048694937,79.88344372227309,1660122000,0
2022-08-10 12:00:00,4532117045436,Netflix,food_dining,2391.48,15.910929434692795,79.73023508017825,29.080165717310912,76.48321362985556,1660132800,1
2022-08-10 15:00:00,4532117045436,Apollo,travel,387.88,15.918055633670733,79.7414990052352,15.508514065230475,79.79380676957155,1660143600,0
2022-08-10 18:00:00,4532117045436,Netflix,shopping_net,221.17,15.912028191616676,79.7479706497147,16.313088299689312,79.65723909715825,1660154400,0
2022-08-10 21:00:00,4532117045436,Netflix,health_fitness,820.69,15.915745905096932,79.72269724476179,16.23836449886523,79.60391837264488,1660165200,0
2022-08-11 00:00:00,4532117045436,Zomato,health_fitness,455.5,15.9099767664469,79.74655798670163,16.7637995135033,80.2519920286,1660176000,0
2022-08-11 03:00:00,4532117045436,Netflix,food_dining,496.82,15.902537551286953,79.73591337531256,16.456605671289875,80.03378893113872,1660186800,0
2022-08-11 06:00:00,4532117045436,Apollo,food_dining,260.8,15.936120691006844,79.73139091418678,15.743697448204786,79.84663238617505,1660197600,0
2022-08-11 09:00:00,4532117045436,Apollo,health_fitness,632.29,15.911933486984074,79.72598771728329,15.857372258845675,78.66232880050093,1660208400,0
2022-08-11 12:00:00,4532117045436,Walmart,gas_transport,655.18,15.94488398193292,79.74978623500357,16.174410762901726,79.61273116837825,1660219200,0
2022-08-11 15:00:00,4532117045436,Netflix,travel,193.79,15.91714915246047,79.74286687679854,15.148672097059341,80.17129797904889,1660230000,0
2022-08-11 18:00:00,4532117045436,Zomato,shopping_net,434.64,15.918899822025756,79.73417921256865,16.193444060730577,79.25221610066194,1660240800,0
2022-08-11 21:00:00,4532117045436,Netflix,travel,422.93,15.909807154304783,79.74779459000706,16.229613549241474,79.62486780245634,1660251600,0
2022-08-12 00:00:00,4532117045436,Shell,shopping_net,808.27,15.906970426786248,79.74529826143616,15.507872183483228,79.71204439557759,1660262400,0
2022-08-12 03:00:00,4532117045436,Shell,gas_transport,666.54,15.910033298809363,79.74867847404401,15.806407544274254,79.85227006156492,1660273200,0
2022-08-12 06:00:00,4532117045436,Zomato,entertainment,232.38,15.904576873359655,79.75640598896307,14.92189170116748,79.53410058754118,1660284000,0
2022-08-12 09:00:00,4532117045436,Walmart,shopping_net,340.79,15.903653191816492,79.74217518385011,16.377345675871243,79.94743796792324,1660294800,0
2022-08-12 12:00:00,4532117045436,Walmart,travel,2982.98,15.93074601055414,79.75932375771816,28.70946573185378,76.64524614685686,1660305600,1
2022-08-12 15:00:00,4532117045436,Apollo,grocery_pos,505.75,15.92089752605668,79.75427579605655,15.259608750059366,79.28130235577248,1660316400,0
2022-08-12 18:00:00,4532117045436,Apollo,health_fitness,685.83,15.92788185124354,79.74783441420628,15.38287059727024,79.34458664991506,1660327200,0
2022-08-12 21:00:00,4532117045436,Amazon,health_fitness,466.38,15.924148996896387,79.72308769422514,15.695601635245525,79.8250290712853,1660338000,0
2022-08-13 00:00:00,4532117045436,Zomato,gas_transport,525.17,15.90688628435498,79.74109792080769,16.33754622956673,80.47113147665806,1660348800,0
2022-08-13 03:00:00,4532117045436,Netflix,shopping_net,350.35,15.897503141664956,79.7424632559781,16.165167946454826,80.23996823791828,1660359600,0
2022-08-13 06:00:00,4532117045436,MakeMyTrip,entertainment,524.37,15.908298568293032,79.74215571155526,15.501784256742368,79.45566503605757,1660370400,0
2022-08-13 09:00:00,4532117045436,Zomato,shopping_net,379.21,15.913818318190117,79.73890192532828,15.616262817056672,79.3372929933443,1660381200,0
2022-08-13 12:00:00,4532117045436,Amazon,health_fitness,5326.63,15.924343431184594,79.74646049912901,29.239784682176932,78.73922597982572,1660392000,1
2022-08-13 15:00:00,4532117045436,Apollo,food_dining,514.63,15.912353953523215,79.74779155846741,15.512566252840024,80.50694450490509,1660402800,0
2022-08-13 18:00:00,4532117045436,Zomato,grocery_pos,448.52,15.94256365795176,79.72327828712251,15.652676600405083,79.73174038677477,1660413600,0
2022-08-13 21:00:00,4532117045436,Zomato,gas_transport,285.42,15.908573040094302,79.75354840236083,16.258834498974537,79.8306933808419,1660424400,0
2022-08-14 00:00:00,4532117045436,Apollo,food_dining,7008.75,15.918810576024482,79.72523548068752,27.357623034982787,77.67900805191228,1660435200,1
2022-08-14 03:00:00,4532117045436,Amazon,travel,335.03,15.906914091082044,79.73594100912379,15.841716433503295,79.75151755522667,1660446000,0
2022-08-14 06:00:00,4532117045436,Apollo,entertainment,541.37,15.916962823858224,79.73112422339834,15.804517454834413,78.98015218328419,1660456800,0
2022-08-14 09:00:00,4532117045436,Walmart,food_dining,395.62,15.911644265685945,79.73278236243122,15.891472172766731,79.04661487662216,1660467600,0
2022-08-14 12:00:00,4532117045436,Netflix,travel,681.54,15.910413390427541,79.7508653303315,16.045005563325866,79.7796406472431,1660478400,0
2022-08-14 15:00:00,4532117045436,Apollo,food_dining,414.36,15.906712078971042,79.74121619804338,16.220194628530283,79.85509133805186,1660489200,0
2022-08-14 18:00:00,4532117045436,Amazon,entertainment,6529.65,15.914375424064312,79.74682599131262,30.219984067643995,76.38260393575062,1660500000,1
2022-08-14 21:00:00,4532117045436,Shell,food_dining,571.5,15.921261729264677,79.74632015838446,15.740928291212217,79.89886799279948,1660510800,0
2022-08-15 00:00:00,4532117045436,Walmart,gas_transport,680.93,15.903149336357949,79.7208495438689,15.837184412700353,79.09367016487231,1660521600,0
2022-08-15 03:00:00,4532117045436,Shell,health_fitness,385.86,15.912414270050279,79.73442258436513,16.088378164304913,79.56592600863802,1660532400,0
2022-08-15 06:00:00,4532117045436,MakeMyTrip,shopping_net,551.83,15.917831340706558,79.74748572481735,16.00297038035371,79.42016328960379,1660543200,0
2022-08-15 09:00:00,4532117045436,Apollo,food_dining,469.41,15.91972891107673,79.74656837983123,16.198253218570994,79.69619751189387,1660554000,0
2022-08-15 12:00:00,4532117045436,Walmart,gas_transport,392.59,15.931530278471838,79.72243323936594,16.13774622905969,79.58758318102922,1660564800,0
2022-08-15 15:00:00,4532117045436,Netflix,shopping_net,576.11,15.918686784460503,79.75030027125179,15.500963617850259,80.87241637425763,1660575600,0
2022-08-15 18:00:00,4532117045436,Apollo,travel,329.99,15.90889977902765,79.74616055945918,16.850123381285137,79.2633658648833,1660586400,0
2022-08-15 21:00:00,4532117045436,Netflix,shopping_net,454.87,15.907219984415901,79.73037207696538,15.914738349314216,79.73756739040765,1660597200,0
2022-08-16 00:00:00,4532117045436,Zomato,travel,488.6,15.907097418256384,79.74408628278253,16.26275195356878,81.1336732818769,1660608000,0
2022-08-16 03:00:00,4532117045436,Shell,food_dining,483.16,15.906540232233981,79.73770888234897,16.218193797889363,80.0454897755977,1660618800,0
2022-08-16 06:00:00,4532117045436,Walmart,gas_transport,333.69,15.915057360186074,79.74491965391627,16.048862717004265,79.72028209635292,1660629600,0
2022-08-16 09:00:00,4532117045436,Netflix,health_fitness,758.94,15.917105502447098,79.7219976389899,16.044068181269267,80.14786910346498,1660640400,0
2022-08-16 12:00:00,4532117045436,Amazon,food_dining,639.34,15.921145448153869,79.73647395137257,16.37656650064321,80.05519996558796,1660651200,0
2022-08-16 15:00:00,4532117045436,Netflix,travel,598.56,15.919549947266352,79.75180716902402,15.808754609117047,79.18805766490641,1660662000,0
2022-08-16 18:00:00,4532117045436,Amazon,entertainment,664.98,15.925361071546444,79.7453881917217,16.300701331018608,78.9654296253512,1660672800,0
2022-08-16 21:00:00,4532117045436,Apollo,shopping_net,460.31,15.906210791561406,79.74791640864713,16.16411184944704,79.78833809621548,1660683600,0
2022-08-17 00:00:00,4532117045436,Walmart,food_dining,394.31,15.929264841856332,79.7376645875379,16.50079527962708,79.50031321433528,1660694400,0
2022-08-17 03:00:00,4532117045436,Netflix,travel,286.64,15.906603441016603,79.7456434594964,15.664697996133313,80.87692242793705,1660705200,0
2022-08-17 06:00:00,4532117045436,MakeMyTrip,shopping_net,344.49,15.916379323581753,79.73836910993579,15.955054098848784,80.29957647725851,1660716000,0
2022-08-17 09:00:00,4532117045436,Netflix,travel,297.9,15.910952413210168,79.73075159854342,15.485274969655036,80.29939207041149,1660726800,0
2022-08-17 12:00:00,4532117045436,MakeMyTrip,gas_transport,370.78,15.912661042123904,79.73747844878842,16.467786190679476,78.55496546061599,1660737600,0
2022-08-17 15:00:00,4532117045436,Walmart,grocery_pos,491.47,15.919622887632173,79.75454040044902,15.54327063775798,79.44500303894127,1660748400,0
2022-08-17 18:00:00,4532117045436,Netflix,food_dining,587.1,15.898515798306812,79.7513232135978,16.078924854549186,79.7348213443357,1660759200,0
2022-08-17 21:00:00,4532117045436,Amazon,health_fitness,582.95,15.904592757369462,79.73007798110481,15.68605449469435,79.37242972445902,1660770000,0
2022-08-18 00:00:00,4532117045436,Netflix,food_dining,274.27,15.92039226735247,79.73582658629498,16.483492444831864,79.42745759162082,1660780800,0
2022-08-18 03:00:00,4532117045436,Shell,shopping_net,553.37,15.912878473838088,79.73075761782435,15.883634451343461,79.6114923879794,1660791600,0
2022-08-18 06:00:00,4532117045436,Apollo,gas_transport,621.58,15.91033382182685,79.74179523173866,16.238469951526845,79.80225857740243,1660802400,0
2022-08-18 09:00:00,4532117045436,Zomato,travel,411.86,15.901690594383366,79.74997272823114,15.370980500875977,81.09310027029937,1660813200,0
2022-08-18 12:00:00,4532117045436,Amazon,entertainment,629.66,15.910403891876697,79.76031793417292,15.597298066554643,79.40401830075533,1660824000,0
2022-08-18 15:00:00,4532117045436,Shell,health_fitness,581.37,15.91970946941567,79.72572547801154,16.21642072936194,80.16282691311098,1660834800,0
2022-08-18 18:00:00,4532117045436,MakeMyTrip,gas_transport,260.31,15.907265268808544,79.7485834734535,16.558376301001356,80.47180938026199,1660845600,0
2022-08-18 21:00:00,4532117045436,Apollo,food_dining,778.76,15.926540633468585,79.7399231437242,16.175936249503817,79.24242899388793,1660856400,0
2022-08-19 00:00:00,4532117045436,Walmart,entertainment,342.65,15.923668849308028,79.73632863025968,17.104392408548062,80.74620728804221,1660867200,0
2022-08-19 03:00:00,4532117045436,Amazon,gas_transport,593.61,15.909399470954813,79.7306470818508,16.308639969295697,79.85775489188818,1660878000,0
2022-08-19 06:00:00,4532117045436,Zomato,grocery_pos,588.18,15.906956512672101,79.757798609371,15.920910073698222,78.49237061848983,1660888800,0
2022-08-19 09:00:00,4532117045436,Apollo,health_fitness,266.4,15.885255216644259,79.72371135771847,15.752400966048308,80.3508989570095,1660899600,0
2022-08-19 12:00:00,4532117045436,MakeMyTrip,shopping_net,476.85,15.902131389580587,79.73510244847051,16.821434198504615,78.93122046406893,1660910400,0
2022-08-19 15:00:00,4532117045436,Zomato,gas_transport,586.34,15.901516636634401,79.74367296906615,16.316623856015582,80.46894901474397,1660921200,0
2022-08-19 18:00:00,4532117045436,Walmart,gas_transport,264.81,15.898590335690654,79.74453288392273,15.655186259470177,80.22668119045754,1660932000,0
2022-08-19 21:00:00,4532117045436,Walmart,grocery_pos,464.94,15.912540235223235,79.75246797819035,15.583456443307737,79.21986501327044,1660942800,0
2022-08-20 00:00:00,4532117045436,MakeMyTrip,food_dining,598.9,15.916020805603262,79.731193194313,15.581030609451275,79.54496305809168,1660953600,0
2022-08-20 03:00:00,4532117045436,Amazon,travel,608.59,15.931046553422735,79.74624386894197,16.168525825809013,80.08224941344825,1660964400,0
2022-08-20 06:00:00,4532117045436,MakeMyTrip,travel,390.44,15.913564906614008,79.73937065480933,15.153825580850086,79.46252660974245,1660975200,0
2022-08-20 09:00:00,4532117045436,Netflix,health_fitness,681.66,15.89256446212155,79.74040217108676,15.657429212164708,80.61005231508247,1660986000,0
2022-08-20 12:00:00,4532117045436,Walmart,health_fitness,645.83,15.905422559686635,79.73540422768167,16.061663506937858,80.1973461111173,1660996800,0
2022-08-20 15:00:00,4532117045436,Apollo,shopping_net,486.18,15.919005642755424,79.74161866425321,15.926706012996034,78.99262234964701,1661007600,0
2022-08-20 18:00:00,4532117045436,Netflix,gas_transport,351.16,15.912085872530884,79.7385761367165,15.685403294176192,79.65229089557357,1661018400,0
2022-08-20 21:00:00,4532117045436,Shell,entertainment,275.12,15.921468280095946,79.73643745023793,16.26031235328686,79.99986807298886,1661029200,0
2022-08-21 00:00:00,4532117045436,Zomato,gas_transport,506.63,15.907762510264355,79.73474797065339,16.257753810078164,79.35020081844308,1661040000,0
2022-08-21 03:00:00,4532117045436,Netflix,travel,669.68,15.92442037319465,79.7437249554883,15.804667599123443,80.28583795447341,1661050800,0
2022-08-21 06:00:00,4532117045436,Zomato,shopping_net,427.93,15.915360300742178,79.72669109301447,15.647186558712804,80.04725320479454,1661061600,0
2022-08-21 09:00:00,4532117045436,MakeMyTrip,gas_transport,4850.54,15.915614775839316,79.73807651813533,28.357826112643497,76.41213348899731,1661072400,1
2022-08-21 12:00:00,4532117045436,Netflix,grocery_pos,573.74,15.914399548875696,79.73232282546634,15.833539178529922,79.58248600452232,1661083200,0
2022-08-21 15:00:00,4532117045436,MakeMyTrip,travel,476.18,15.905248438796889,79.73877090266481,15.919924132941286,79.2306160225461,1661094000,0
2022-08-21 18:00:00,4532117045436,Shell,gas_transport,527.39,15.912328094451592,79.73889796249587,16.30432335044441,80.34878614540861,1661104800,0
2022-08-21 21:00:00,4532117045436,Walmart,gas_transport,371.21,15.915837609175535,79.74866852729131,15.362875411574928,80.62020136907513,1661115600,0
2022-08-22 00:00:00,4532117045436,Shell,travel,394.52,15.898893453913571,79.74659015119394,15.653774243514007,80.25658386933729,1661126400,0
2022-08-22 03:00:00,4532117045436,Walmart,entertainment,370.5,15.913695942527635,79.7429179583529,15.782440507957343,80.18558456658128,1661137200,0
2022-08-22 06:00:00,4532117045436,MakeMyTrip,travel,524.88,15.925048779184985,79.74172731144418,16.866474050031286,79.77122211050457,1661148000,0
2022-08-22 09:00:00,4532117045436,Walmart,grocery_pos,399.09,15.917238181333701,79.73809137581085,15.286596800394005,79.38574678383846,1661158800,0
2022-08-22 12:00:00,4532117045436,Zomato,grocery_pos,538.86,15.926572901497693,79.73790653259356,15.932790057755303,80.11080783040421,1661169600,0
2022-08-22 15:00:00,4532117045436,Apollo,gas_transport,7189.12,15.916977273233059,79.7225213584778,29.0103264217843,76.83614722868901,1661180400,1
2022-08-22 18:00:00,4532117045436,Shell,health_fitness,524.63,15.903923691024326,79.74733749299175,17.067508437726254,80.24096494207251,1661191200,0
2022-08-22 21:00:00,4532117045436,Netflix,entertainment,555.57,15.920807597608377,79.74266526140009,16.04630849704223,79.8760298885364,1661202000,0
2022-08-23 00:00:00,4532117045436,Shell,gas_transport,499.73,15.901489738816974,79.75200374192269,15.43633614146981,79.00160144217004,1661212800,0
2022-08-23 03:00:00,4532117045436,Zomato,travel,587.56,15.91081562810272,79.73445437090187,15.08991080829025,79.76799592991011,1661223600,0
2022-08-23 06:00:00,4532117045436,Walmart,gas_transport,377.78,15.910140036426828,79.75260369701009,16.218904617788226,79.11843994806325,1661234400,0
2022-08-23 09:00:00,4532117045436,Zomato,shopping_net,553.9,15.906117216041942,79.73808178339091,16.00945998729428,79.04468113870304,1661245200,0
2022-08-23 12:00:00,4532117045436,Amazon,shopping_net,485.0,15.936689672218543,79.7342683977997,16.230763767565627,78.63223131055669,1661256000,0
2022-08-23 15:00:00,4532117045436,Amazon,health_fitness,328.54,15.912173546919549,79.75545444622358,15.409610783523382,79.06575270084296,1661266800,0
2022-08-23 18:00:00,4532117045436,Netflix,entertainment,163.95,15.931000617105394,79.74363892880413,16.84704112500882,79.14534880983615,1661277600,0
2022-08-23 21:00:00,4532117045436,Zomato,food_dining,196.03,15.91633590480513,79.7567100709236,15.953849333169293,80.37574661853574,1661288400,0
2022-08-24 00:00:00,4532117045436,MakeMyTrip,shopping_net,118.75,15.904690781892732,79.7417048840256,16.12510072722229,80.02689698156075,1661299200,0
2022-08-24 03:00:00,4532117045436,Netflix,food_dining,513.92,15.908804122360964,79.7480742270382,16.22486159671928,80.7395901158015,1661310000,0
2022-08-24 06:00:00,4532117045436,MakeMyTrip,grocery_pos,401.28,15.912515186721867,79.75028704655737,15.964239199111919,79.64254717961595,1661320800,0
2022-08-24 09:00:00,4532117045436,Netflix,shopping_net,463.08,15.909481916744255,79.73718629348906,16.56567698918436,79.09252280737186,1661331600,0
2022-08-24 12:00:00,4532117045436,Amazon,shopping_net,422.94,15.910160477786098,79.74346067097126,15.64793309129059,79.73557751485644,1661342400,0
2022-08-24 15:00:00,4532117045436,Netflix,entertainment,537.25,15.918637439605213,79.7415421758589,16.424061612059457,79.52761979867441,1661353200,0
2022-08-24 18:00:00,4532117045436,Amazon,health_fitness,541.64,15.916553700544341,79.74832323081557,16.57947095111026,79.95154632020403,1661364000,0
2022-08-24 21:00:00,4532117045436,Walmart,food_dining,456.44,15.919799937227308,79.72934644457544,16.431219579249095,79.02802751419019,1661374800,0
2022-08-25 00:00:00,4532117045436,MakeMyTrip,travel,465.51,15.928166845775259,79.74601132826781,16.630072900817858,79.763844709742,1661385600,0
2022-08-25 03:00:00,4532117045436,Zomato,shopping_net,471.5,15.908185141672195,79.74920465877364,15.5477225695098,80.41392225958911,1661396400,0
2022-08-25 06:00:00,4532117045436,Netflix,shopping_net,658.77,15.92403892584528,79.73317124960684,16.161221296788526,80.4215852487031,1661407200,0
2022-08-25 09:00:00,4532117045436,Amazon,entertainment,149.31,15.926836019292944,79.73118553078218,16.12160998912349,80.33493491868926,1661418000,0
2022-08-25 12:00:00,4532117045436,Shell,entertainment,349.42,15.925839007935373,79.72341725144356,15.950349997314213,80.0155844586937,1661428800,0
2022-08-25 15:00:00,4532117045436,MakeMyTrip,health_fitness,579.79,15.89530069189593,79.76078467810686,16.226363467947227,80.21004643041488,1661439600,0
2022-08-25 18:00:00,4532117045436,Netflix,food_dining,616.19,15.93087686530463,79.7326831915505,16.51640992674982,79.72065692528813,1661450400,0
2022-08-25 21:00:00,4532117045436,Apollo,grocery_pos,514.08,15.906536010189447,79.75417952948709,15.551719902769594,79.950342477409,1661461200,0
2022-08-26 00:00:00,4532117045436,Walmart,travel,422.38,15.894493276961835,79.73792017835034,15.309347757165373,79.67557053352252,1661472000,0
2022-08-26 03:00:00,4532117045436,Walmart,health_fitness,729.23,15.93063110090786,79.75098207726411,15.81039275695407,79.46656632675148,1661482800,0
2022-08-26 06:00:00,4532117045436,Shell,grocery_pos,476.67,15.91803404368174,79.74580940254074,14.670659593516412,79.86853799775973,1661493600,0
2022-08-26 09:00:00,4532117045436,Amazon,gas_transport,454.62,15.91844704932504,79.76102148462445,15.878211310799966,80.59042052946849,1661504400,0
2022-08-26 12:00:00,4532117045436,Netflix,shopping_net,649.77,15.90957927644088,79.75445818038877,16.627727115310478,79.87938835133016,1661515200,0
2022-08-26 15:00:00,4532117045436,MakeMyTrip,food_dining,7665.19,15.91472097912497,79.74213100190043,30.8951280914013,78.45652282470951,1661526000,1
2022-08-26 18:00:00,4532117045436,Amazon,health_fitness,590.97,15.911506834791536,79.7430983473767,15.704057062667678,80.12867338585926,1661536800,0
2022-08-26 21:00:00,4532117045436,Walmart,shopping_net,2655.33,15.906657971891704,79.74679119879316,27.990543303684998,76.67486993358368,1661547600,1
2022-08-27 00:00:00,4532117045436,Amazon,food_dining,394.13,15.913129908474009,79.76681304650327,16.111255853884245,79.62992740650644,1661558400,0
2022-08-27 03:00:00,4532117045436,Walmart,food_dining,715.16,15.914031382072979,79.74067734150037,16.231316729346812,80.13044611898206,1661569200,0
2022-08-27 06:00:00,4532117045436,Amazon,food_dining,80.68,15.899683659914034,79.72707320499289,15.923612981091246,79.37371023608148,1661580000,0
2022-08-27 09:00:00,4532117045436,Shell,shopping_net,2621.24,15.913456321254861,79.74244712729583,28.31818905333943,77.21568278364026,1661590800,1
2022-08-27 12:00:00,4532117045436,Zomato,health_fitness,347.97,15.895024751281328,79.73359334189774,16.008034264936562,80.37006208441106,1661601600,0
2022-08-27 15:00:00,4532117045436,Shell,travel,386.5,15.932103514021172,79.74211277977537,16.531531249652247,79.71634933896453,1661612400,0
2022-08-27 18:00:00,4532117045436,Shell,entertainment,504.39,15.911874186397592,79.75151152863268,16.357741657167132,79.40897055627248,1661623200,0
2022-08-27 21:00:00,4532117045436,Zomato,shopping_net,346.58,15.902185046146682,79.74504080992924,15.709465943992795,80.8071593947519,1661634000,0
2022-08-28 00:00:00,4532117045436,Zomato,food_dining,448.21,15.918032182006897,79.73406796065066,15.750812120488188,79.38914957725468,1661644800,0
2022-08-28 03:00:00,4532117045436,Netflix,health_fitness,7589.89,15.90543300613858,79.73797105389988,29.252515522638248,76.9778823435904,1661655600,1
2022-08-28 06:00:00,4532117045436,MakeMyTrip,travel,750.67,15.912607426638573,79.72933768259797,16.15811320433864,78.73534194727827,1661666400,0
2022-08-28 09:00:00,4532117045436,MakeMyTrip,gas_transport,329.25,15.917455011510919,79.75275633317256,15.221970852270866,80.42763767096098,1661677200,0
2022-08-28 12:00:00,4532117045436,Netflix,grocery_pos,197.54,15.902733092167974,79.74820613295978,16.184244364797674,79.02215644542339,1661688000,0
2022-08-28 15:00:00,4532117045436,Shell,food_dining,5050.69,15.932397093254371,79.7291165710361,27.76763297813278,77.20983389170623,1661698800,1
2022-08-28 18:00:00,4532117045436,Shell,gas_transport,342.91,15.933349144687822,79.7652102069796,15.78042476473187,79.89209401677493,1661709600,0
2022-08-28 21:00:00,4532117045436,Walmart,entertainment,436.25,15.907645466737616,79.73783040791466,15.547560961351207,79.7009644716311,1661720400,0
2022-08-29 00:00:00,4532117045436,Walmart,travel,353.07,15.901666738191953,79.74295528837041,16.278537884229618,79.46890949063537,1661731200,0
2022-08-29 03:00:00,4532117045436,MakeMyTrip,travel,560.58,15.907599918379026,79.73662476328643,15.616537768144017,79.96032077557508,1661742000,0
2022-08-29 06:00:00,4532117045436,Netflix,food_dining,243.86,15.90813445916304,79.74420092250683,15.433212063994148,80.61136909863782,1661752800,0
2022-08-29 09:00:00,4532117045436,Apollo,travel,30.12,15.924003504939618,79.74094054672969,15.623329114341956,79.6135616068808,1661763600,0
2022-08-29 12:00:00,4532117045436,Apollo,gas_transport,644.36,15.907772868300448,79.7260238643817,15.37183361034384,78.91221225467343,1661774400,0
2022-08-29 15:00:00,4532117045436,Netflix,food_dining,487.12,15.901283388027304,79.75173509342076,16.343746806741088,78.83433619897981,1661785200,0
2022-08-29 18:00:00,4532117045436,Walmart,shopping_net,610.9,15.913915735055722,79.73171861737674,15.361518455719422,79.64587487171718,1661796000,0
2022-08-29 21:00:00,4532117045436,MakeMyTrip,health_fitness,639.33,15.897991464076519,79.7491711046964,15.891272016259826,79.5118029588973,1661806800,0
2022-08-30 00:00:00,4532117045436,MakeMyTrip,gas_transport,312.53,15.923579950665534,79.73768138637125,15.587582153216676,79.65442510272044,1661817600,0
2022-08-30 03:00:00,4532117045436,Walmart,health_fitness,459.1,15.918899926819657,79.74063324818134,16.697171844943984,79.88301142619527,1661828400,0
2022-08-30 06:00:00,4532117045436,Apollo,shopping_net,6003.72,15.90690110398166,79.74482112911711,28.947349555869046,79.0191470166301,1661839200,1
2022-08-30 09:00:00,4532117045436,Amazon,shopping_net,433.76,15.907992788745243,79.74137268133764,15.598285694037703,81.12007065261832,1661850000,0
2022-08-30 12:00:00,4532117045436,Amazon,health_fitness,403.18,15.915387350740723,79.74743822221721,15.99867163536954,79.93122453321554,1661860800,0
2022-08-30 15:00:00,4532117045436,Walmart,gas_transport,417.95,15.901869535525236,79.7329180079833,15.45820765400649,80.19097508001693,1661871600,0
2022-08-30 18:00:00,4532117045436,Amazon,health_fitness,612.53,15.905021042943222,79.75036884877284,16.248638272231094,79.66179815419417,1661882400,0
2022-08-30 21:00:00,4532117045436,Zomato,health_fitness,411.15,15.910645869031313,79.72969467134766,15.996754637396224,79.6652055308879,1661893200,0
2022-08-31 00:00:00,4532117045436,Netflix,grocery_pos,540.03,15.899712173623294,79.730871658369,16.122390073954,79.44309446394007,1661904000,0
2022-08-31 03:00:00,4532117045436,Netflix,gas_transport,502.03,15.908356614002845,79.7457901510912,15.436096238242916,79.77763398056638,1661914800,0
2022-08-31 06:00:00,4532117045436,Walmart,grocery_pos,4217.64,15.902169410808868,79.75049546521689,27.545059687159174,75.49966828256781,1661925600,1
2022-08-31 09:00:00,4532117045436,Shell,food_dining,495.3,15.927161991603194,79.74283822584489,15.081139026911277,78.9366865405044,1661936400,0
2022-08-31 12:00:00,4532117045436,Apollo,travel,219.2,15.908865642939642,79.75492198626662,15.11901760247423,79.42992826597217,1661947200,0
2022-08-31 15:00:00,4532117045436,Walmart,health_fitness,510.21,15.903431759459854,79.73166413668562,15.91834288528407,79.26681259810167,1661958000,0
2022-08-31 18:00:00,4532117045436,Amazon,food_dining,4296.2,15.919644495914163,79.72834697335107,28.355163098171207,76.0431349949151,1661968800,1
2022-08-31 21:00:00,4532117045436,Apollo,gas_transport,618.21,15.906615141405018,79.74838249574843,15.713273986008806,79.5717197534533,1661979600,0
2022-09-01 00:00:00,4532117045436,Shell,health_fitness,307.1,15.901875142962306,79.74122301124434,15.623523087014004,79.59548142167556,1661990400,0
2022-09-01 03:00:00,4532117045436,Amazon,travel,369.58,15.92177529919058,79.74806154904401,15.885772732604845,80.1463095451379,1662001200,0
2022-09-01 06:00:00,4532117045436,MakeMyTrip,food_dining,492.61,15.909668584618673,79.7297197093385,15.519796248695155,80.12649056634426,1662012000,0
2022-09-01 09:00:00,4532117045436,Zomato,entertainment,378.61,15.92131021304226,79.73556779183151,15.27199824349314,79.72568291122445,1662022800,0
2022-09-01 12:00:00,4532117045436,Amazon,shopping_net,160.67,15.912749461289984,79.75742786151379,15.585620476442072,80.73259843477379,1662033600,0
2022-09-01 15:00:00,4532117045436,Zomato,health_fitness,368.75,15.914191987854466,79.73798984291142,15.799421290558483,79.50670961315501,1662044400,0
2022-09-01 18:00:00,4532117045436,Apollo,travel,492.03,15.918531787896796,79.75426504142341,16.84260178348474,80.15617471709197,1662055200,0
2022-09-01 21:00:00,4532117045436,Zomato,shopping_net,610.13,15.906551726396232,79.74776795281832,15.668645831113759,79.99282877690028,1662066000,0
2022-09-02 00:00:00,4532117045436,Apollo,grocery_pos,3050.18,15.904797854331889,79.73714536653108,27.671551915321153,77.42715459842078,1662076800,1
2022-09-02 03:00:00,4532117045436,Apollo,food_dining,468.74,15.924918368060613,79.75411758135142,15.22692983287503,79.67502157676904,1662087600,0
2022-09-02 06:00:00,4532117045436,Apollo,grocery_pos,534.97,15.918689193065864,79.74326354959814,16.259836121091336,79.5194313913183,1662098400,0
2022-09-02 09:00:00,4532117045436,Apollo,travel,594.12,15.912225020177502,79.74013530088415,15.543250737394175,80.11932151706749,1662109200,0
2022-09-02 12:00:00,4532117045436,Apollo,health_fitness,142.42,15.920857009124235,79.73920135445252,15.348208564002311,80.36439788093811,1662120000,0
2022-09-02 15:00:00,4532117045436,Amazon,shopping_net,297.12,15.918301597088702,79.74438829004306,15.398853780328528,79.75828904595777,1662130800,0
2022-09-02 18:00:00,4532117045436,Apollo,shopping_net,465.38,15.92233302867019,79.72871690189004,15.591938718226311,78.80630555880047,1662141600,0
2022-09-02 21:00:00,4532117045436,Amazon,food_dining,683.39,15.901471654571196,79.74899014819832,15.334835504963014,80.01309515417203,1662152400,0
2022-09-03 00:00:00,4532117045436,Apollo,health_fitness,544.46,15.91225820959631,79.74441413507657,16.05854216403554,79.6504591121739,1662163200,0
2022-09-03 03:00:00,4532117045436,Zomato,entertainment,499.45,15.924198029999916,79.7342882527471,15.370725984488779,79.2124620781259,1662174000,0
2022-09-03 06:00:00,4532117045436,MakeMyTrip,entertainment,415.78,15.92967227076037,79.72731527850546,16.235827495172153,79.77764404162474,1662184800,0
2022-09-03 09:00:00,4532117045436,Apollo,food_dining,514.02,15.907540617531867,79.73749327653914,15.658590070720383,79.56605207432905,1662195600,0
2022-09-03 12:00:00,4532117045436,Shell,health_fitness,360.53,15.914491653848112,79.74250168403633,15.454418039306567,79.19177332185777,1662206400,0
2022-09-03 15:00:00,4532117045436,Apollo,food_dining,333.03,15.913093358185847,79.74155973494454,15.57126766105895,79.62937575889532,1662217200,0
2022-09-03 18:00:00,4532117045436,Apollo,health_fitness,346.06,15.900458187842899,79.74149812540867,15.40509448390542,80.44551191871079,1662228000,0
2022-09-03 21:00:00,4532117045436,Zomato,travel,651.07,15.910024401935761,79.74673801569874,15.923692265832084,79.81088745540083,1662238800,0
2022-09-04 00:00:00,4532117045436,Netflix,travel,323.96,15.897113073212736,79.7284931394594,15.640292068801822,79.75287038972694,1662249600,0
2022-09-04 03:00:00,4532117045436,Zomato,grocery_pos,390.18,15.91122678390679,79.73934586754378,16.468588885249112,79.96336258031438,1662260400,0
2022-09-04 06:00:00,4532117045436,Shell,food_dining,520.65,15.902519811232155,79.74297840225628,14.760248547829274,79.85772389963996,1662271200,0
2022-09-04 09:00:00,4532117045436,Netflix,health_fitness,317.97,15.914599147814823,79.7446070135039,16.496958441742834,79.59964004746358,1662282000,0
2022-09-04 12:00:00,4532117045436,Walmart,entertainment,483.92,15.909801027796968,79.74898835653383,15.576579361299306,79.83752475933433,1662292800,0
2022-09-04 15:00:00,4532117045436,Walmart,health_fitness,483.87,15.909641849202185,79.73796501647168,16.71310570461866,79.78206045013586,1662303600,0
2022-09-04 18:00:00,4532117045436,Shell,travel,356.33,15.92843421486403,79.74053304820022,15.973143994816626,78.66622221067799,1662314400,0
2022-09-04 21:00:00,4532117045436,Zomato,health_fitness,411.18,15.913608091688538,79.73258456300451,16.512749402748593,80.00460441479005,1662325200,0
2022-09-05 00:00:00,4532117045436,Amazon,food_dining,308.46,15.931682223854208,79.7438824458044,15.874838031228078,79.76248566327926,1662336000,0
2022-09-05 03:00:00,4532117045436,Shell,grocery_pos,657.41,15.917363715332158,79.73129549334472,15.844115895800497,80.01070829521554,1662346800,0
2022-09-05 06:00:00,4532117045436,MakeMyTrip,grocery_pos,488.64,15.921055528599261,79.74573723898173,15.438466225685946,79.73046035833283,1662357600,0
2022-09-05 09:00:00,4532117045436,Netflix,grocery_pos,292.7,15.904204776315956,79.75181141791444,15.867164978339337,79.56461400608912,1662368400,0
2022-09-05 12:00:00,4532117045436,Netflix,grocery_pos,3188.59,15.90596321357069,79.74468284909159,28.379162182986125,76.09632711993572,1662379200,1
2022-09-05 15:00:00,4532117045436,Apollo,travel,475.74,15.913072638792592,79.75283297926657,16.006552182027132,79.82058775016617,1662390000,0
2022-09-05 18:00:00,4532117045436,Walmart,gas_transport,113.51,15.925030752367201,79.73546518155126,15.993568760849447,79.81856222230755,1662400800,0
2022-09-05 21:00:00,4532117045436,Netflix,food_dining,651.07,15.90927045978846,79.72801290693276,15.851578590174334,80.4148827788486,1662411600,0
2022-09-06 00:00:00,4532117045436,Shell,shopping_net,301.56,15.89858547708771,79.73838222005654,16.531388264199236,79.49850982107586,1662422400,0
2022-09-06 03:00:00,4532117045436,Netflix,food_dining,763.53,15.916879903585471,79.73385957876947,16.161701317410618,80.27825503441872,1662433200,0
2022-09-06 06:00:00,4532117045436,Shell,gas_transport,569.29,15.913539783102802,79.7350656693601,15.452832288085695,80.13733131040807,1662444000,0
2022-09-06 09:00:00,4532117045436,Amazon,grocery_pos,280.98,15.90738989922663,79.717781792943,16.197082493893493,79.35534577076446,1662454800,0
2022-09-06 12:00:00,4532117045436,Apollo,gas_transport,402.86,15.909169362130363,79.74175623952648,16.38891632013368,79.04837184148506,1662465600,0
2022-09-06 15:00:00,4532117045436,Walmart,entertainment,588.39,15.904189263291048,79.74021507361785,14.715577567161427,80.24733755877725,1662476400,0
2022-09-06 18:00:00,4532117045436,Netflix,entertainment,414.34,15.922139067512628,79.74843071954346,15.371405095422697,79.96961909563409,1662487200,0
2022-09-06 21:00:00,4532117045436,Shell,travel,626.74,15.913133240969914,79.74553097588786,15.678362524034336,80.15031204585088,1662498000,0
2022-09-07 00:00:00,4532117045436,Zomato,food_dining,393.59,15.915304773898916,79.73824656725036,15.505946812071148,79.81437132883855,1662508800,0
2022-09-07 03:00:00,4532117045436,Walmart,food_dining,438.2,15.906935735077926,79.74912852111576,16.23196336068689,79.22874706133234,1662519600,0
2022-09-07 06:00:00,4532117045436,Amazon,shopping_net,592.52,15.926262272496247,79.74886643359632,15.46971420141499,79.83007320396007,1662530400,0
2022-09-07 09:00:00,4532117045436,Shell,travel,540.51,15.915107966869448,79.73513010378292,15.415668205029709,80.06568915085175,1662541200,0
2022-09-07 12:00:00,4532117045436,MakeMyTrip,shopping_net,311.22,15.8914886428403,79.74196105735398,16.032266670701425,78.62691929336154,1662552000,0
2022-09-07 15:00:00,4532117045436,MakeMyTrip,entertainment,515.11,15.917499815948071,79.75510495930823,15.797402646921778,79.97986927503435,1662562800,0
2022-09-07 18:00:00,4532117045436,Apollo,grocery_pos,475.12,15.910256793083308,79.74326533201474,16.474161571276557,80.1542682506259,1662573600,0
2022-09-07 21:00:00,4532117045436,Apollo,gas_transport,313.24,15.91126054911903,79.7317782777544,16.09836687306748,80.20588857296073,1662584400,0
2022-09-08 00:00:00,4532117045436,Amazon,shopping_net,241.43,15.92283690952093,79.72877518983275,17.614268826063956,79.96856319204093,1662595200,0
2022-09-08 03:00:00,4532117045436,Amazon,health_fitness,160.29,15.913785716178145,79.72528681487707,15.367547618786311,79.52955611652904,1662606000,0
2022-09-08 06:00:00,4532117045436,Apollo,shopping_net,405.84,15.930023423249777,79.7195225000621,15.148411159482162,79.70745298694493,1662616800,0
2022-09-08 09:00:00,4532117045436,Netflix,grocery_pos,441.9,15.91395593138151,79.7351592009123,16.600775425355835,79.001282973109,1662627600,0
2022-09-08 12:00:00,4532117045436,Netflix,grocery_pos,525.69,15.908233829890408,79.73825436693724,17.44624925001957,80.26528827709431,1662638400,0
2022-09-08 15:00:00,4532117045436,Shell,food_dining,2797.03,15.894767120523756,79.7302367275257,30.01624485241413,78.61192030935628,1662649200,1
2022-09-08 18:00:00,4532117045436,Zomato,gas_transport,387.92,15.905721300520481,79.73315765699238,15.753806422836112,79.57288757017301,1662660000,0
2022-09-08 21:00:00,4532117045436,Shell,grocery_pos,437.54,15.90967754879031,79.73045934747714,15.97654216639685,80.03830408004089,1662670800,0
2022-09-09 00:00:00,4532117045436,Zomato,travel,336.19,15.927562881723393,79.72420076890005,15.486595749142287,80.05047827506331,1662681600,0
2022-09-09 03:00:00,4532117045436,Amazon,shopping_net,463.09,15.908294456692872,79.73830125784148,14.940375135166304,79.19131480786149,1662692400,0
2022-09-09 06:00:00,4532117045436,Walmart,shopping_net,595.28,15.929320119936408,79.74668691061449,16.034336464351,80.75770614274319,1662703200,0
2022-09-09 09:00:00,4532117045436,Shell,entertainment,465.17,15.901416899486309,79.73490025795425,15.917680126875652,79.32031365820046,1662714000,0
2022-09-09 12:00:00,4532117045436,Shell,grocery_pos,624.5,15.905175319733805,79.75136101363447,15.221119378489107,78.67991642165794,1662724800,0
2022-09-09 15:00:00,4532117045436,Zomato,health_fitness,592.77,15.9241697698735,79.74153132751285,15.604271382122528,79.94114518984338,1662735600,0
2022-09-09 18:00:00,4532117045436,Amazon,food_dining,668.65,15.906948779789928,79.74893009485778,15.209757144593011,79.90847923333888,1662746400,0
2022-09-09 21:00:00,4532117045436,Amazon,gas_transport,469.38,15.923892286456939,79.74031695367081,16.098658716530014,79.54254241594359,1662757200,0
2022-09-10 00:00:00,4532117045436,MakeMyTrip,health_fitness,370.14,15.904636984829105,79.74671182315083,15.899450716403454,79.84500903853797,1662768000,0
2022-09-10 03:00:00,4532117045436,Zomato,food_dining,543.19,15.905639098418408,79.72589073994544,15.99391704812526,79.34769541272746,1662778800,0
2022-09-10 06:00:00,4532117045436,Amazon,shopping_net,394.06,15.91931848933957,79.74842460054114,16.172823039934737,78.88644832225225,1662789600,0
2022-09-10 09:00:00,4532117045436,Apollo,health_fitness,538.48,15.904776986513175,79.7400650274511,16.461012485954928,80.22765638245117,1662800400,0
2022-09-10 12:00:00,4532117045436,Netflix,food_dining,350.58,15.91015595654415,79.75097925715235,16.001897463589017,79.89264340736624,1662811200,0
2022-09-10 15:00:00,4532117045436,MakeMyTrip,shopping_net,325.74,15.916847786256895,79.73747752646692,16.220488449783073,79.55426707505895,1662822000,0
2022-09-10 18:00:00,4532117045436,Apollo,shopping_net,632.47,15.910373942708427,79.75741696652018,16.822426920018746,80.61261607795055,1662832800,0
2022-09-10 21:00:00,4532117045436,Walmart,shopping_net,298.11,15.907274215973503,79.74533710058276,16.396176135363227,79.59251057086423,1662843600,0
2022-09-11 00:00:00,4532117045436,Shell,shopping_net,603.34,15.900827720940207,79.73094735460532,16.02201321140757,80.0362638754429,1662854400,0
2022-09-11 03:00:00,4532117045436,MakeMyTrip,travel,537.9,15.927393286079518,79.75128125130729,15.991269888314259,79.25023061334825,1662865200,0
2022-09-11 06:00:00,4532117045436,Walmart,shopping_net,464.14,15.929261122418152,79.72942150731653,15.498297270374955,78.63673413950525,1662876000,0
2022-09-11 09:00:00,4532117045436,Shell,entertainment,166.1,15.916193356628721,79.72886226946547,15.58968031839023,80.04724240145964,1662886800,0
2022-09-11 12:00:00,4532117045436,Netflix,health_fitness,3380.59,15.910578828510536,79.75288766866957,28.21198747322581,76.58478632451592,1662897600,1
2022-09-11 15:00:00,4532117045436,Amazon,food_dining,309.77,15.911128282409722,79.74335452250499,15.7361021466711,80.69729850888687,1662908400,0
2022-09-11 18:00:00,4532117045436,Apollo,entertainment,592.97,15.921221929081362,79.74072392063505,16.855638838526367,79.17771289142229,1662919200,0
2022-09-11 21:00:00,4532117045436,Zomato,travel,346.36,15.92321782025644,79.73496052638738,16.09932962365592,78.90128584744008,1662930000,0
2022-09-12 00:00:00,4532117045436,Apollo,entertainment,334.33,15.907498471451477,79.74831699786994,16.05818378933742,79.43299202378624,1662940800,0
2022-09-12 03:00:00,4532117045436,Netflix,grocery_pos,550.29,15.923646081737333,79.73728254090935,16.49948871190745,80.01696620020871,1662951600,0
2022-09-12 06:00:00,4532117045436,Walmart,grocery_pos,530.77,15.919050889841493,79.74201637294031,16.004430142130254,78.64520580224622,1662962400,0
2022-09-12 09:00:00,4532117045436,Zomato,grocery_pos,278.24,15.923472237417686,79.72872758001611,15.774975619301678,79.77985809790847,1662973200,0
2022-09-12 12:00:00,4532117045436,Amazon,gas_transport,665.51,15.896882230549258,79.73942329292815,16.042065820932056,79.50886853411794,1662984000,0
2022-09-12 15:00:00,4532117045436,Netflix,grocery_pos,419.09,15.908707965298511,79.74175252307414,16.116143755624275,79.54038417174992,1662994800,0
2022-09-12 18:00:00,4532117045436,Zomato,food_dining,460.34,15.911170985831019,79.74534313623211,16.612989612201297,79.30140009489038,1663005600,0
2022-09-12 21:00:00,4532117045436,Netflix,entertainment,405.44,15.908210463035882,79.7433778090556,15.234170867589409,80.29510995592906,1663016400,0
2022-09-13 00:00:00,4532117045436,Netflix,food_dining,284.59,15.932073229941375,79.73666456139513,15.543260026636169,78.94278289687682,1663027200,0
2022-09-13 03:00:00,4532117045436,Amazon,health_fitness,560.28,15.908801323628833,79.74284723637086,15.876442070329434,80.21415519420077,1663038000,0
2022-09-13 06:00:00,4532117045436,MakeMyTrip,grocery_pos,493.43,15.917583924202349,79.74980712352121,16.381513416367213,79.98191360484745,1663048800,0
2022-09-13 09:00:00,4532117045436,Shell,travel,329.24,15.914428399157243,79.72515902590588,16.306522468203084,79.5009005765143,1663059600,0
2022-09-13 12:00:00,4532117045436,Zomato,gas_transport,591.62,15.909997728023749,79.73834524046217,15.967068430417523,80.510547865067,1663070400,0
2022-09-13 15:00:00,4532117045436,Amazon,health_fitness,458.23,15.90581359772394,79.7420872230751,16.422550223220185,78.79603992544835,1663081200,0
2022-09-13 18:00:00,4532117045436,Netflix,travel,461.46,15.933458485322014,79.73077736765632,15.575962852058346,80.23946249129608,1663092000,0
2022-09-13 21:00:00,4532117045436,Amazon,gas_transport,716.48,15.91068127671718,79.74929716857281,16.85457879557117,79.18963393628361,1663102800,0
2022-09-14 00:00:00,4532117045436,MakeMyTrip,health_fitness,208.8,15.921655845824217,79.74599500785983,15.495050696553786,79.51101742208705,1663113600,0
2022-09-14 03:00:00,4532117045436,Shell,entertainment,7999.34,15.912803516670493,79.74998121340694,28.222077013678565,76.42216728893338,1663124400,1
2022-09-14 06:00:00,4532117045436,Apollo,food_dining,240.6,15.908312783384169,79.76159694182354,16.215488027683474,80.26318652938465,1663135200,0
2022-09-14 09:00:00,4532117045436,Zomato,shopping_net,504.54,15.913982915774552,79.74330138399019,15.19625646470951,79.26209972967848,1663146000,0
2022-09-14 12:00:00,4532117045436,Shell,food_dining,396.14,15.91598113716643,79.73716830292123,15.658452279944692,80.02524108366319,1663156800,0
2022-09-14 15:00:00,4532117045436,Walmart,grocery_pos,408.07,15.908204142818967,79.74938575366409,15.841315449839005,79.52058678386054,1663167600,0
2022-09-14 18:00:00,4532117045436,Zomato,travel,308.64,15.90525379381835,79.7341203670343,16.12034443948715,79.3128689645833,1663178400,0
2022-09-14 21:00:00,4532117045436,Shell,shopping_net,4556.68,15.917661740090045,79.74464121213626,29.494078956453546,79.13025474489028,1663189200,1
2022-09-15 00:00:00,4532117045436,Netflix,gas_transport,750.15,15.914063672649698,79.75036828257643,15.238055696391319,79.55014218635324,1663200000,0
2022-09-15 03:00:00,4532117045436,Zomato,entertainment,584.84,15.906379421863463,79.7483219131177,15.350138546429294,79.09995873689063,1663210800,0
2022-09-15 06:00:00,4532117045436,Zomato,entertainment,223.91,15.903515646552426,79.75407345256048,17.61966298964997,79.12882094041505,1663221600,0
2022-09-15 09:00:00,4532117045436,Amazon,gas_transport,7757.75,15.91639278834716,79.7372678514455,29.638987308573665,78.44628238614027,1663232400,1
2022-09-15 12:00:00,4532117045436,Netflix,grocery_pos,574.12,15.893719193351753,79.74709055788789,15.091223387989858,79.62112738046145,1663243200,0
2022-09-15 15:00:00,4532117045436,Walmart,gas_transport,443.13,15.910294001713728,79.74092807353242,15.408620265694676,79.46575016530355,1663254000,0
2022-09-15 18:00:00,4532117045436,Apollo,health_fitness,585.33,15.914250883235507,79.74253239564403,15.649183131452066,79.77468306274929,1663264800,0
2022-09-15 21:00:00,4532117045436,MakeMyTrip,travel,637.17,15.930276723829074,79.74253288507508,15.915393251836775,80.58254774739147,1663275600,0
2022-09-16 00:00:00,4532117045436,Shell,travel,2342.35,15.913004811598434,79.74538910446203,27.607565792131904,77.9921511403425,1663286400,1
2022-09-16 03:00:00,4532117045436,Amazon,grocery_pos,351.77,15.909888086425214,79.73966576411104,16.729842839801087,79.29323424047307,1663297200,0
2022-09-16 06:00:00,4532117045436,Shell,shopping_net,462.19,15.915745608513255,79.72579558839848,15.500662880379604,79.27201460943176,1663308000,0
2022-09-16 09:00:00,4532117045436,Walmart,gas_transport,383.89,15.905734592443093,79.74154215183073,15.628911917021474,78.34663758720124,1663318800,0
2022-09-16 12:00:00,4532117045436,Walmart,grocery_pos,149.88,15.910710637634018,79.74361760978762,15.987153408149249,79.42262665623794,1663329600,0
2022-09-16 15:00:00,4532117045436,Zomato,travel,3828.75,15.913193020281179,79.73958133303483,30.011144481558055,77.89467836501987,1663340400,1
2022-09-16 18:00:00,4532117045436,MakeMyTrip,shopping_net,534.52,15.91919512357867,79.74435483619784,16.509314670068985,79.77497848787408,1663351200,0
2022-09-16 21:00:00,4532117045436,Walmart,gas_transport,367.98,15.906169998097155,79.73876519536898,17.14625801077477,79.53783680596045,1663362000,0
2022-09-17 00:00:00,4532117045436,Shell,entertainment,210.29,15.912842761690971,79.73728857437078,15.923566778960305,80.00281450056492,1663372800,0
2022-09-17 03:00:00,4532117045436,Netflix,gas_transport,392.38,15.894989844786412,79.75391086907786,16.0771139390869,79.52509014760474,1663383600,0
2022-09-17 06:00:00,4532117045436,Netflix,food_dining,559.67,15.918066805191726,79.76257039875343,15.619918803559532,80.35923093350486,1663394400,0
2022-09-17 09:00:00,4532117045436,Zomato,gas_transport,650.6,15.910595599887932,79.74879610949205,16.080772851383962,79.67749901447428,1663405200,0
2022-09-17 12:00:00,4532117045436,Apollo,food_dining,343.11,15.931743168439766,79.73425433171855,15.382811714400283,80.4393706319796,1663416000,0
2022-09-17 15:00:00,4532117045436,Shell,shopping_net,616.15,15.91641335351066,79.7422500240315,15.438343672639771,79.87130617387908,1663426800,0
2022-09-17 18:00:00,4532117045436,Shell,gas_transport,543.37,15.904230084259604,79.74150049605882,15.004427871457866,80.00473171064175,1663437600,0
2022-09-17 21:00:00,4532117045436,Walmart,shopping_net,511.99,15.90196314137789,79.74670720709376,16.32086114763371,79.66383360567245,1663448400,0
